"model","Country","screen_tech","watts_on","kwh_year","star_rating","tuner","watts_passive_standby","Act_stnd_power (#1)","Brand","inches","screen_m2","cost_aud_year","watts_per_m2","kwh_per_m2","size_band","stars"
"24HFL3011T/12","Poland","LCD (LED)",17.38,65,6,"Analogue/Digital","","","PHILIPS",23,0.152,23,114.3,428,"32in & under",6
"43HFL5011T/12","Poland","LCD (LED)",43.23,160,6,"Analogue/Digital","","","PHILIPS",43,0.498,56,86.8,321,"33-43in",6
"49HFL5011T/12","Poland","LCD (LED)",47.37,175,7,"Analogue/Digital","","","PHILIPS",48,0.648,61,73.1,270,"44-50in",7
"55HFL5011T/12","Poland","LCD (LED)",54.84,202,7,"Analogue/Digital","","","PHILIPS",55,0.825,71,66.5,245,"51-55in",7
"65HFL7111T/12","Poland","LCD (LED)",131.3,483,4.5,"Analogue/Digital","","","PHILIPS",64,1.145,169,114.7,422,"56-65in",4
"55HFL7011T/12","Poland","LCD (LED)",140.3,514,3,"Analogue/Digital","","","PHILIPS",55,0.823,180,170.5,625,"51-55in",3
"65U9G","China","LCD (LED)",152.07,649,3.5,"Analogue/Digital","0.33","0.0","HISENSE",65,1.148,227,132.5,565,"56-65in",4
"70A6G","China","LCD (LED)",106.02,422,6,"Analogue/Digital","0.32","0.0","HISENSE",70,1.312,148,80.8,322,"66-75in",6
"PL6521OS","China","LCD (LED)",95.274,367,6,"Analogue/Digital","0.3594","0.361848","POLAROID",65,1.148,128,83,320,"56-65in",6
"AK3221S6WOS","China","LCD (LED)",25.5,98,6,"Digital","0.36","0.0","AKAI",32,0.274,34,93.1,358,"32in & under",6
"50HFL5214U/97","China","LCD (LED)",62.33,253,5.5,"Analogue/Digital","0.39","0.0","PHILIPS",50,0.676,89,92.2,374,"44-50in",6
"50BFL2214/97","China","LCD (LED)",62.33,253,5.5,"Analogue/Digital","0.39","0.0","PHILIPS",50,0.676,89,92.2,374,"44-50in",6
"65HFL5214U/97","China","LCD (LED)",94.45,382,5.5,"Analogue/Digital","0.41","0.0","PHILIPS",65,1.148,134,82.3,333,"56-65in",6
"65BFL2214/97","China","LCD (LED)",94.45,382,5.5,"Analogue/Digital","0.41","0.0","PHILIPS",65,1.148,134,82.3,333,"56-65in",6
"55HFL5214U/97","China","LCD (LED)",70.66,286,5.5,"Analogue/Digital","0.4","0.0","PHILIPS",55,0.823,100,85.9,348,"51-55in",6
"55BFL2214/97","China","LCD (LED)",70.66,286,5.5,"Analogue/Digital","0.4","0.0","PHILIPS",55,0.823,100,85.9,348,"51-55in",6
"PL3221OS","China","LCD (LED)",25.5,98,6,"Digital","0.36","0.0","POLAROID",32,0.274,34,93.1,358,"32in & under",6
"QA55Q95TDW","Vietnam","LCD (LED)",140,514,3,"Digital","0.5","0.0","SAMSUNG",55,0.823,180,170.1,625,"51-55in",3
"QA55Q95TDS","Vietnam","LCD (LED)",140,514,3,"Digital","0.5","0.0","SAMSUNG",55,0.823,180,170.1,625,"51-55in",3
"QA65Q95TDW","Vietnam","LCD (LED)",205,751,2.5,"Digital","0.5","0.0","SAMSUNG",65,1.148,263,178.6,654,"56-65in",2
"QA65Q95TDS","Vietnam","LCD (LED)",205,751,2.5,"Digital","0.5","0.0","SAMSUNG",65,1.148,263,178.6,654,"56-65in",2
"QA75Q95TDW","Vietnam","LCD (LED)",237,868,3,"Digital","0.5","0.0","SAMSUNG",75,1.532,304,154.7,567,"66-75in",3
"ST1922G","China","LCD",28.1,106,3,"Digital","0.25","0.0","SHARETV",21,0.126,37,223,841,"32in & under",3
"KAQLED55XQ9610STA","China","LCD",113,415,4,"Analogue/Digital","0.4","0.0","KOGAN",55,0.822,145,137.5,505,"51-55in",4
"55OLED706/75","China","LCD (LED)",148,596,2.5,"Analogue/Digital","0.29","0.0","PHILIPS",55,0.823,209,179.8,724,"51-55in",2
"55OLED706/79","China","LCD (LED)",148,596,2.5,"Analogue/Digital","0.29","0.0","PHILIPS",55,0.823,209,179.8,724,"51-55in",2
"BP4000F","China","LCD (LED)",57.3,211,4.5,"Analogue/Digital","0.28","0.0","BLAUPUNKT",40,0.426,74,134.5,495,"33-43in",4
"VN40WOS2021","China","LCD (LED)",47.3,175,5,"Analogue/Digital","0.408","0.408","VEON",40,0.427,61,110.8,410,"33-43in",5
"75PUT7906/79","China","LCD (LED)",169.26,682,4.5,"Analogue/Digital","0.41","0.0","PHILIPS",75,1.531,239,110.6,445,"66-75in",4
"75PUT7906/75","China","LCD (LED)",169.26,682,4.5,"Analogue/Digital","0.41","0.0","PHILIPS",75,1.531,239,110.6,445,"66-75in",4
"K32HSW","China","LCD (LED)",36.2,135,4.5,"Analogue/Digital","0.39","0.0","EKO",32,0.274,47,132.1,493,"32in & under",4
"KALED43XT9610STA","China","LCD",65,240,4.5,"Analogue/Digital","0.45","0.0","KOGAN",42,0.498,84,130.5,482,"33-43in",4
"65PML9506/79","China","LCD (LED)",180,725,3,"Analogue/Digital","0.28","0.0","PHILIPS",65,1.148,254,156.8,632,"56-65in",3
"65PML9506/75","China","LCD (LED)",180,725,3,"Analogue/Digital","0.28","0.0","PHILIPS",65,1.148,254,156.8,632,"56-65in",3
"HG43AJ690YK","Vietnam","LCD (LED)",69,255,4,"Digital","0.5","0.0","SAMSUNG",43,0.498,89,138.6,512,"33-43in",4
"HG55AJ690YK","Vietnam","LCD (LED)",91,335,5,"Digital","0.5","0.0","SAMSUNG",55,0.823,117,110.6,407,"51-55in",5
"HG50AJ690YK","Vietnam","LCD (LED)",85,313,4.5,"Digital","0.5","0.0","SAMSUNG",49,0.675,110,125.9,464,"44-50in",4
"HG65AJ690YK","Vietnam","LCD (LED)",116,426,5,"Digital","0.5","0.0","SAMSUNG",65,1.148,149,101,371,"56-65in",5
"HG75AJ690YK","Vietnam","LCD (LED)",154,565,5,"Digital","0.5","0.0","SAMSUNG",75,1.532,198,100.5,369,"66-75in",5
"UA50AU7002S","China","LCD (LED)",71,262,5,"Digital","0.5","0.0","SAMSUNG",49,0.675,92,105.2,388,"44-50in",5
"43D210N","Bangladesh","LCD (LED)",36.4,140,7,"Digital","","","WALTON",43,0.513,49,71,273,"33-43in",7
"W43D210N","Bangladesh","LCD (LED)",36.4,140,7,"Digital","","","WALTON",43,0.513,49,71,273,"33-43in",7
"W43D210NAU","Bangladesh","LCD (LED)",36.4,140,7,"Digital","","","WALTON",43,0.513,49,71,273,"33-43in",7
"KAQLED75XQ9610STA","China","LCD",182,667,4.5,"Analogue/Digital","0.45","0.0","KOGAN",75,1.531,233,118.9,436,"66-75in",4
"43HFL6214U/12","China","LCD (LED)",53.2,216,5,"Analogue/Digital","0.31","0.62","PHILIPS",43,0.498,76,106.8,434,"33-43in",5
"50HFL6214U/12","China","LCD (LED)",64.01,259,5,"Analogue/Digital","0.28","0.61","PHILIPS",50,0.676,91,94.7,383,"44-50in",5
"75HFL6214U/12","China","LCD (LED)",109.86,443,6,"Analogue/Digital","0.28","0.69","PHILIPS",75,1.531,155,71.8,289,"66-75in",6
"75PML9506/79","China","LCD (LED)",195,785,3.5,"Analogue/Digital","0.28","0.0","PHILIPS",75,1.531,275,127.4,513,"66-75in",4
"75PML9506/75","China","LCD (LED)",195,785,3.5,"Analogue/Digital","0.28","0.0","PHILIPS",75,1.531,275,127.4,513,"66-75in",4
"58HFL6214U/12","China","LCD (LED)",72.81,294,6,"Analogue/Digital","0.28","0.65","PHILIPS",58,0.916,103,79.5,321,"56-65in",6
"65HFL6214U/12","China","LCD (LED)",94.36,381,5.5,"Analogue/Digital","0.28","0.61","PHILIPS",65,1.148,133,82.2,332,"56-65in",6
"KALED24EH7520SVA","China","LCD (LED)",18.4,84,5,"Analogue/Digital","0.6","0.66","KOGAN",24,0.153,29,120.3,549,"32in & under",5
"UR-LED2402NS","China","LCD (LED)",20.12,85,5,"Digital","0.32","0.0","MYVI",24,0.155,30,129.8,548,"32in & under",5
"UA55AU7002S","China","LCD (LED)",77,284,5.5,"Digital","0.5","0.0","SAMSUNG",55,0.823,99,93.6,345,"51-55in",6
"LE-40V1","China","LCD (LED)",38.92,151,6,"Digital","0.34","0.48","CAIXUN",40,0.426,53,91.4,354,"33-43in",6
"U75F8T","China","LCD (LED)",138,506,5.5,"unknown","","","CHIQ",75,1.531,177,90.1,331,"66-75in",6
"TV185CLEARA","China","LCD (LED)",16.1569,60,5,"Analogue/Digital","0.26","0.0","STAN CASH",18,0.093,21,173.7,645,"32in & under",5
"KAQLED65XQ9610STA","China","LCD",156,572,4,"Analogue/Digital","0.43","0.0","KOGAN",64,1.147,200,136,499,"56-65in",4
"K58USG","China","LCD",94.12,346,5,"Digital","0.35","0.0","EKO",58,0.916,121,102.8,378,"56-65in",5
"K75USW","China","LCD",206.62,756,4,"Digital","0.34","0.0","EKO",75,1.531,265,135,494,"66-75in",4
"K700USG","China","LCD",126.96,465,5.5,"Digital","0.31","0.0","EKO",70,1.338,163,94.9,348,"66-75in",6
"K70USW","China","LCD",167.26,612,4,"Digital","0.29","0.0","EKO",70,1.338,214,125,457,"66-75in",4
"LEQ65W722","China","LCD (LED)",100.64,369,6,"Analogue/Digital","","","SHENZHEN XINCHAODA TECHNOLOGY CO., LTD",65,1.148,129,87.7,321,"56-65in",6
"LEQ55A722","China","LCD (LED)",103.61,381,4.5,"Analogue/Digital","","","SHENZHEN XINCHAODA TECHNOLOGY CO., LTD",55,0.823,133,125.9,463,"51-55in",4
"LEQ55W722","China","LCD (LED)",98.45,362,4.5,"Analogue/Digital","","","SHENZHEN XINCHAODA TECHNOLOGY CO., LTD",55,0.823,127,119.6,440,"51-55in",4
"LEQ65A722","China","LCD (LED)",109.48,402,5.5,"Analogue/Digital","","","SHENZHEN XINCHAODA TECHNOLOGY CO., LTD",65,1.148,141,95.4,350,"56-65in",6
"50UR767H3VC","Indonesia","LCD (LED)",78,287,4.5,"Analogue/Digital","0.4","0.0","LG",49,0.675,100,115.6,425,"44-50in",4
"55UR767H3VC","Indonesia","LCD (LED)",101,371,4.5,"Analogue/Digital","0.4","0.0","LG",55,0.823,130,122.7,451,"51-55in",4
"65UR767H3VC","Indonesia","LCD (LED)",118,433,5,"Analogue/Digital","0.4","0.0","LG",65,1.148,152,102.8,377,"56-65in",5
"KALED40RF9220STB","China","LCD (LED)",40,149,6,"Analogue/Digital","0.3","0.0","KOGAN",39,0.426,52,93.9,350,"33-43in",6
"KALED40RF9210STB","China","LCD (LED)",40,149,6,"Analogue/Digital","0.3","0.0","KOGAN",39,0.426,52,93.9,350,"33-43in",6
"AK6521S6WOS","China","LCD (LED)",95.274,367,6,"Analogue/Digital","0.3594","0.361848","AKAI",65,1.148,128,83,320,"56-65in",6
"LS65UHDNF","China","LCD (LED)",95.274,367,6,"Analogue/Digital","0.3594","0.361848","LINSAR",65,1.148,128,83,320,"56-65in",6
"19HFL5214W/12","China","LCD (LED)",15.12,62,5,"Analogue/Digital","0.32","0.0","PHILIPS",19,0.094,22,160.9,660,"32in & under",5
"LT-32N3115AM","China","LCD",32.7,130,5,"Analogue/Digital","0.31","0.31","JVC",31,0.272,46,120.2,478,"32in & under",5
"KD-43X75K","Vietnam","LCD (LED)",70,261,4,"Analogue/Digital","0.5","10.0","SONY",42,0.498,91,140.6,524,"33-43in",4
"KD-50X75K","Vietnam","LCD (LED)",84,312,4.5,"Analogue/Digital","0.5","10.1","SONY",49,0.675,109,124.4,462,"44-50in",4
"LT-42N5125A","China","LCD",57.6,230,4.5,"Analogue/Digital","0.36","0.36","JVC",41,0.468,80,123.1,491,"33-43in",4
"LT-55NQ7105AM","China","LCD",100.2,400,4,"Analogue/Digital","0.374","0.374","JVC",55,0.823,140,121.7,486,"51-55in",4
"LT-50NQ7115A","China","LCD",84.4,354,4,"Analogue/Digital","0.411","0.411","JVC",49,0.671,124,125.8,528,"44-50in",4
"KALED43RT9220SVA","China","LCD (LED)",47.23,194,5.5,"Analogue/Digital","","","KOGAN",43,0.498,68,94.8,390,"33-43in",6
"KALED43RT9220SVB","China","LCD (LED)",47.23,194,5.5,"Analogue/Digital","","","KOGAN",43,0.498,68,94.8,390,"33-43in",6
"KALED43RT9220SVC","China","LCD (LED)",47.23,194,5.5,"Analogue/Digital","","","KOGAN",43,0.498,68,94.8,390,"33-43in",6
"KALED43RT9220SVD","China","LCD (LED)",47.23,194,5.5,"Analogue/Digital","","","KOGAN",43,0.498,68,94.8,390,"33-43in",6
"KALED50RT9220SVA","China","LCD (LED)",50.6,210,6,"Analogue/Digital","","","KOGAN",50,0.675,74,75,311,"44-50in",6
"KALED50RT9220SVB","China","LCD (LED)",50.6,210,6,"Analogue/Digital","","","KOGAN",50,0.675,74,75,311,"44-50in",6
"KALED50RT9220SVC","China","LCD (LED)",50.6,210,6,"Analogue/Digital","","","KOGAN",50,0.675,74,75,311,"44-50in",6
"KALED50RT9220SVD","China","LCD (LED)",50.6,210,6,"Analogue/Digital","","","KOGAN",50,0.675,74,75,311,"44-50in",6
"LE-50series","China","LCD (LED)",50.6,210,6,"Analogue/Digital","","","KOGAN",50,0.675,74,75,311,"44-50in",6
"KAQLED55RQ9510SVA","China","LCD (LED)",53.64,247,6,"Analogue/Digital","","","KOGAN",55,0.823,86,65.2,300,"51-55in",6
"KAQLED55RQ9510SVB","China","LCD (LED)",53.64,247,6,"Analogue/Digital","","","KOGAN",55,0.823,86,65.2,300,"51-55in",6
"KAQLED55RQ9510SVC","China","LCD (LED)",53.64,247,6,"Analogue/Digital","","","KOGAN",55,0.823,86,65.2,300,"51-55in",6
"KAQLED55RQ9510SVD","China","LCD (LED)",53.64,247,6,"Analogue/Digital","","","KOGAN",55,0.823,86,65.2,300,"51-55in",6
"KALED58RT9220SVA","China","LCD (LED)",65.21,271,6,"Analogue/Digital","","","KOGAN",58,0.916,95,71.2,296,"56-65in",6
"KALED58RT9220SVB","China","LCD (LED)",65.21,271,6,"Analogue/Digital","","","KOGAN",58,0.916,95,71.2,296,"56-65in",6
"KALED58RT9220SVC","China","LCD (LED)",65.21,271,6,"Analogue/Digital","","","KOGAN",58,0.916,95,71.2,296,"56-65in",6
"KALED58RT9220SVD","China","LCD (LED)",65.21,271,6,"Analogue/Digital","","","KOGAN",58,0.916,95,71.2,296,"56-65in",6
"LE-58series","China","LCD (LED)",65.21,271,6,"Analogue/Digital","","","KOGAN",58,0.916,95,71.2,296,"56-65in",6
"BP3200HDV7100","China","LCD",34.48,128,5,"Digital","0.27","0.0","BLAUPUNKT",32,0.274,45,125.8,467,"32in & under",5
"LE-55series","China","LCD (LED)",53.64,247,6,"Analogue/Digital","","","KOGAN",55,0.823,86,65.2,300,"51-55in",6
"LE-43series","China","LCD (LED)",47.23,194,5.5,"Analogue/Digital","","","KOGAN",43,0.498,68,94.8,390,"33-43in",6
"KALED40RT9220SVA","China","LCD (LED)",34.52,151,6,"Analogue/Digital","","","KOGAN",40,0.426,53,81,354,"33-43in",6
"KALED40RT9220SVB","China","LCD (LED)",34.52,151,6,"Analogue/Digital","","","KOGAN",40,0.426,53,81,354,"33-43in",6
"KALED40RT9220SVC","China","LCD (LED)",34.52,151,6,"Analogue/Digital","","","KOGAN",40,0.426,53,81,354,"33-43in",6
"KALED40RT9220SVD","China","LCD (LED)",34.52,151,6,"Analogue/Digital","","","KOGAN",40,0.426,53,81,354,"33-43in",6
"*****40*****","China","LCD (LED)",34.52,151,6,"Analogue/Digital","","","KOGAN",40,0.426,53,81,354,"33-43in",6
"55UP801C0TB","Indonesia","LCD (LED)",115,422,4,"Analogue/Digital","0.4","0.0","LG",55,0.823,148,139.7,513,"51-55in",4
"65UP801C0TB","Indonesia","LCD (LED)",144,528,4,"Analogue/Digital","0.4","0.0","LG",65,1.148,185,125.4,460,"56-65in",4
"EC40V1FA","China","LCD (LED)",34.52,151,6,"Analogue/Digital","","","CAIXUN",40,0.426,53,81,354,"33-43in",6
"LE-40T1","China","LCD (LED)",34.52,151,6,"Analogue/Digital","","","CAIXUN",40,0.426,53,81,354,"33-43in",6
"LE-40T2","China","LCD (LED)",34.52,151,6,"Analogue/Digital","","","CAIXUN",40,0.426,53,81,354,"33-43in",6
"LE-40T3","China","LCD (LED)",34.52,151,6,"Analogue/Digital","","","CAIXUN",40,0.426,53,81,354,"33-43in",6
"LE-40V2","China","LCD (LED)",34.52,151,6,"Analogue/Digital","","","CAIXUN",40,0.426,53,81,354,"33-43in",6
"LE-40V3","China","LCD (LED)",34.52,151,6,"Analogue/Digital","","","CAIXUN",40,0.426,53,81,354,"33-43in",6
"*****40*****","China","LCD (LED)",34.52,151,6,"Analogue/Digital","","","CAIXUN",40,0.426,53,81,354,"33-43in",6
"BP2400HDV7100","China","LCD (LED)",20.5,78,5,"Analogue/Digital","0.49","0.0","BLAUPUNKT",24,0.153,27,134,510,"32in & under",5
"UA65AU7002S","China","LCD (LED)",113,416,5.5,"Digital","0.5","0.0","SAMSUNG",65,1.148,146,98.4,362,"56-65in",6
"K430USGQ","China","LCD",51.49,191,5.5,"Digital","0.41","0.0","EKO",43,0.498,67,103.4,384,"33-43in",6
"K75QHZ","China","LCD",227.32,832,3.5,"Digital","0.35","0.0","EKO",75,1.532,291,148.4,543,"66-75in",4
"K750USG","China","LCD",174.22,638,4.5,"Digital","0.26","0.0","EKO",75,1.531,223,113.8,417,"66-75in",4
"K500USG","China","LCD",54.82,203,6,"Digital","0.41","0.0","EKO",50,0.675,71,81.2,301,"44-50in",6
"65QNED91SQA","Indonesia","LCD (LED)",120,440,5,"Analogue/Digital","0.4","0.0","LG",65,1.148,154,104.5,383,"56-65in",5
"75QNED91SQA","Indonesia","LCD (LED)",158,579,5,"Analogue/Digital","0.4","0.0","LG",75,1.531,203,103.2,378,"66-75in",5
"75QNED916QA","Indonesia","LCD (LED)",158,579,5,"Analogue/Digital","0.4","0.0","LG",75,1.531,203,103.2,378,"66-75in",5
"86QNED91SQA","Indonesia","LCD (LED)",184,674,5.5,"Analogue/Digital","0.4","0.0","LG",86,2.02,236,91.1,334,"86in+",6
"86QNED916QA","Indonesia","LCD (LED)",184,674,5.5,"Analogue/Digital","0.4","0.0","LG",86,2.02,236,91.1,334,"86in+",6
"OLED48A2PSA","Indonesia","OLED",76,280,4.5,"Analogue/Digital","0.4","0.0","LG",48,0.623,98,122,449,"44-50in",4
"OLED55A2PSA","Indonesia","OLED",86,316,5,"Analogue/Digital","0.4","0.0","LG",55,0.823,111,104.5,384,"51-55in",5
"OLED55A26LA","Indonesia","OLED",86,316,5,"Analogue/Digital","0.4","0.0","LG",55,0.823,111,104.5,384,"51-55in",5
"OLED55B2PSA","Indonesia","OLED",102,375,4.5,"Analogue/Digital","0.4","0.0","LG",55,0.823,131,123.9,456,"51-55in",4
"OLED55C2PSC","Indonesia","OLED",95,349,4.5,"Analogue/Digital","0.4","0.0","LG",55,0.823,122,115.4,424,"51-55in",4
"OLED55C24LA","Indonesia","OLED",95,349,4.5,"Analogue/Digital","0.4","0.0","LG",55,0.823,122,115.4,424,"51-55in",4
"OLED65A2PSA","Indonesia","OLED",107,393,5.5,"Analogue/Digital","0.4","0.0","LG",65,1.148,138,93.2,342,"56-65in",6
"OLED65A26LA","Indonesia","OLED",107,393,5.5,"Analogue/Digital","0.4","0.0","LG",65,1.148,138,93.2,342,"56-65in",6
"OLED65B2PSA","Indonesia","OLED",126,462,5,"Analogue/Digital","0.4","0.0","LG",65,1.148,162,109.8,402,"56-65in",5
"OLED65C2PSC","Indonesia","OLED",112,411,5.5,"Analogue/Digital","0.4","0.0","LG",65,1.148,144,97.6,358,"56-65in",6
"OLED65C24LA","Indonesia","OLED",112,411,5.5,"Analogue/Digital","0.4","0.0","LG",65,1.148,144,97.6,358,"56-65in",6
"OLED77C2PSC","Indonesia","OLED",140,513,6,"Analogue/Digital","0.4","0.0","LG",77,1.62,180,86.4,317,"76-85in",6
"OLED77C24LA","Indonesia","OLED",140,513,6,"Analogue/Digital","0.4","0.0","LG",77,1.62,180,86.4,317,"76-85in",6
"OLED83C2PSA","Indonesia","OLED",179,656,5.5,"Analogue/Digital","0.4","0.0","LG",83,1.877,230,95.4,349,"76-85in",6
"OLED83C24LA","Indonesia","OLED",179,656,5.5,"Analogue/Digital","0.4","0.0","LG",83,1.877,230,95.4,349,"76-85in",6
"ATV42FHDW-1221","China","LCD",42.3,157,6,"Digital","0.4","0.0","BAUHN",41,0.468,55,90.4,335,"33-43in",6
"OLED42C2PSA","Indonesia","OLED",63,232,4.5,"Analogue/Digital","0.4","0.0","LG",42,0.476,81,132.4,487,"33-43in",4
"OLED42C24LA","Indonesia","OLED",63,232,4.5,"Analogue/Digital","0.4","0.0","LG",42,0.476,81,132.4,487,"33-43in",4
"OLED48C2PSA","Indonesia","OLED",77,284,4.5,"Analogue/Digital","0.4","0.0","LG",48,0.623,99,123.6,456,"44-50in",4
"OLED48C24LA","Indonesia","OLED",77,284,4.5,"Analogue/Digital","0.4","0.0","LG",48,0.623,99,123.6,456,"44-50in",4
"43NANO75SQA","Indonesia","LCD (LED)",75,276,3.5,"Analogue/Digital","0.4","0.0","LG",43,0.498,97,150.6,554,"33-43in",4
"43NANO756QA","Indonesia","LCD (LED)",75,276,3.5,"Analogue/Digital","0.4","0.0","LG",43,0.498,97,150.6,554,"33-43in",4
"43UQ75006LF","Indonesia","LCD (LED)",77,284,3.5,"Analogue/Digital","0.4","0.0","LG",43,0.498,99,154.6,570,"33-43in",4
"50NANO75SQA","Indonesia","LCD (LED)",90,331,4,"Analogue/Digital","0.4","0.0","LG",49,0.675,116,133.3,490,"44-50in",4
"50NANO756QA","Indonesia","LCD (LED)",90,331,4,"Analogue/Digital","0.4","0.0","LG",49,0.675,116,133.3,490,"44-50in",4
"50QNED80SQA","Indonesia","LCD (LED)",80,295,4.5,"Analogue/Digital","0.4","0.0","LG",49,0.675,103,118.5,437,"44-50in",4
"50QNED806QA","Indonesia","LCD (LED)",80,295,4.5,"Analogue/Digital","0.4","0.0","LG",49,0.675,103,118.5,437,"44-50in",4
"50UQ80006LB","Indonesia","LCD (LED)",78,287,4.5,"Analogue/Digital","0.4","0.0","LG",49,0.675,100,115.6,425,"44-50in",4
"55NANO75SQA","Indonesia","LCD (LED)",114,419,4,"Analogue/Digital","0.4","0.0","LG",55,0.823,147,138.5,509,"51-55in",4
"55NANO756QA","Indonesia","LCD (LED)",114,419,4,"Analogue/Digital","0.4","0.0","LG",55,0.823,147,138.5,509,"51-55in",4
"55QNED80SQA","Indonesia","LCD (LED)",94,346,4.5,"Analogue/Digital","0.4","0.0","LG",55,0.823,121,114.2,420,"51-55in",4
"55QNED806QA","Indonesia","LCD (LED)",94,346,4.5,"Analogue/Digital","0.4","0.0","LG",55,0.823,121,114.2,420,"51-55in",4
"55UQ80006LB","Indonesia","LCD (LED)",98,360,4.5,"Analogue/Digital","0.4","0.0","LG",55,0.823,126,119.1,437,"51-55in",4
"65NANO75SQA","Indonesia","LCD (LED)",144,528,4,"Analogue/Digital","0.4","0.0","LG",65,1.148,185,125.4,460,"56-65in",4
"65NANO756QA","Indonesia","LCD (LED)",144,528,4,"Analogue/Digital","0.4","0.0","LG",65,1.148,185,125.4,460,"56-65in",4
"65QNED80SQA","Indonesia","LCD (LED)",118,433,5,"Analogue/Digital","0.4","0.0","LG",65,1.148,152,102.8,377,"56-65in",5
"65QNED806QA","Indonesia","LCD (LED)",118,433,5,"Analogue/Digital","0.4","0.0","LG",65,1.148,152,102.8,377,"56-65in",5
"65UQ91006LA","Indonesia","LCD (LED)",148,543,4,"Analogue/Digital","0.4","0.0","LG",65,1.148,190,128.9,473,"56-65in",4
"75NANO75SQA","Indonesia","LCD (LED)",181,663,4.5,"Analogue/Digital","0.4","0.0","LG",75,1.531,232,118.2,433,"66-75in",4
"75NANO756QA","Indonesia","LCD (LED)",181,663,4.5,"Analogue/Digital","0.4","0.0","LG",75,1.531,232,118.2,433,"66-75in",4
"75QNED80SQA","Indonesia","LCD (LED)",134,492,5.5,"Analogue/Digital","0.4","0.0","LG",75,1.531,172,87.5,321,"66-75in",6
"75QNED806QA","Indonesia","LCD (LED)",134,492,5.5,"Analogue/Digital","0.4","0.0","LG",75,1.531,172,87.5,321,"66-75in",6
"75QNED96SQA","Indonesia","LCD (LED)",172,630,4.5,"Analogue/Digital","0.4","0.0","LG",75,1.531,220,112.3,411,"66-75in",4
"86NANO75SQA","Indonesia","LCD (LED)",250,915,4,"Analogue/Digital","0.4","0.0","LG",86,2.02,320,123.8,453,"86in+",4
"86NANO756QA","Indonesia","LCD (LED)",250,915,4,"Analogue/Digital","0.4","0.0","LG",86,2.02,320,123.8,453,"86in+",4
"86UQ9000PSD","Indonesia","LCD (LED)",250,915,4,"Analogue/Digital","0.4","0.0","LG",86,2.02,320,123.8,453,"86in+",4
"86MUC8500A","China","LCD (LED)",214.72,893,4.5,"Analogue/Digital","0.41","0.53","METZ",86,2.02,313,106.3,442,"86in+",4
"QA55Q70BAW","Vietnam","LCD (LED)",114,419,4,"Digital","0.5","0.0","SAMSUNG",55,0.823,147,138.5,509,"51-55in",4
"QA55Q70BAS","Vietnam","LCD (LED)",114,419,4,"Digital","0.5","0.0","SAMSUNG",55,0.823,147,138.5,509,"51-55in",4
"QA55Q70BA*","Vietnam","LCD (LED)",114,419,4,"Digital","0.5","0.0","SAMSUNG",55,0.823,147,138.5,509,"51-55in",4
"UA75BU8000W","Vietnam","LCD (LED)",157,576,5,"Digital","0.5","0.0","SAMSUNG",75,1.532,202,102.5,376,"66-75in",5
"UA75BU8000S","Vietnam","LCD (LED)",157,576,5,"Digital","0.5","0.0","SAMSUNG",75,1.532,202,102.5,376,"66-75in",5
"UA75BU8000*","Vietnam","LCD (LED)",157,576,5,"Digital","0.5","0.0","SAMSUNG",75,1.532,202,102.5,376,"66-75in",5
"UA85BU8000W","Vietnam","LCD (LED)",202,740,5,"Digital","0.5","0.0","SAMSUNG",85,1.971,259,102.5,375,"76-85in",5
"UA85BU8000S","Vietnam","LCD (LED)",202,740,5,"Digital","0.5","0.0","SAMSUNG",85,1.971,259,102.5,375,"76-85in",5
"UA85BU8000*","Vietnam","LCD (LED)",202,740,5,"Digital","0.5","0.0","SAMSUNG",85,1.971,259,102.5,375,"76-85in",5
"UA60BU8000S","Vietnam","LCD (LED)",104,383,5,"Digital","0.5","0.0","SAMSUNG",60,0.996,134,104.4,385,"56-65in",5
"UA65BU8000W","Vietnam","LCD (LED)",119,437,5,"Digital","0.5","0.0","SAMSUNG",65,1.148,153,103.7,381,"56-65in",5
"UA65BU8000S","Vietnam","LCD (LED)",119,437,5,"Digital","0.5","0.0","SAMSUNG",65,1.148,153,103.7,381,"56-65in",5
"UA65BU8000*","Vietnam","LCD (LED)",119,437,5,"Digital","0.5","0.0","SAMSUNG",65,1.148,153,103.7,381,"56-65in",5
"UA65BU8500S","Vietnam","LCD (LED)",119,437,5,"Digital","0.5","0.0","SAMSUNG",65,1.148,153,103.7,381,"56-65in",5
"QA75QN85BAW","Vietnam","LCD (LED)",167,613,4.5,"Digital","0.5","0.0","SAMSUNG",75,1.532,215,109,400,"66-75in",4
"QA75QN85BAS","Vietnam","LCD (LED)",167,613,4.5,"Digital","0.5","0.0","SAMSUNG",75,1.532,215,109,400,"66-75in",4
"QA75QN85BA*","Vietnam","LCD (LED)",167,613,4.5,"Digital","0.5","0.0","SAMSUNG",75,1.532,215,109,400,"66-75in",4
"QA75QN90BAW","Vietnam","LCD (LED)",212,777,3.5,"Digital","0.5","0.0","SAMSUNG",75,1.532,272,138.4,507,"66-75in",4
"QA75QN90BAS","Vietnam","LCD (LED)",212,777,3.5,"Digital","0.5","0.0","SAMSUNG",75,1.532,272,138.4,507,"66-75in",4
"QA75QN90BA*","Vietnam","LCD (LED)",212,777,3.5,"Digital","0.5","0.0","SAMSUNG",75,1.532,272,138.4,507,"66-75in",4
"43UQ9000PSD","Indonesia","LCD (LED)",75,276,3.5,"Analogue/Digital","0.4","0.0","LG",43,0.498,97,150.6,554,"33-43in",4
"43UQ91006LA","Indonesia","LCD (LED)",75,276,3.5,"Analogue/Digital","0.4","0.0","LG",43,0.498,97,150.6,554,"33-43in",4
"50UQ9000PSD","Indonesia","LCD (LED)",90,331,4,"Analogue/Digital","0.4","0.0","LG",49,0.675,116,133.3,490,"44-50in",4
"50UQ91006LA","Indonesia","LCD (LED)",90,331,4,"Analogue/Digital","0.4","0.0","LG",49,0.675,116,133.3,490,"44-50in",4
"55NANO806QA","Indonesia","LCD (LED)",97,357,4.5,"Analogue/Digital","0.4","0.0","LG",55,0.823,125,117.9,434,"51-55in",4
"55UQ9000PSD","Indonesia","LCD (LED)",114,419,4,"Analogue/Digital","0.4","0.0","LG",55,0.823,147,138.5,509,"51-55in",4
"55UQ91006LA","Indonesia","LCD (LED)",114,419,4,"Analogue/Digital","0.4","0.0","LG",55,0.823,147,138.5,509,"51-55in",4
"65UQ9000PSD","Indonesia","LCD (LED)",148,543,4,"Analogue/Digital","0.4","0.0","LG",65,1.148,190,128.9,473,"56-65in",4
"75UQ9000PSD","Indonesia","LCD (LED)",165,605,5,"Analogue/Digital","0.4","0.0","LG",75,1.531,212,107.8,395,"66-75in",5
"75UQ91006LA","Indonesia","LCD (LED)",165,605,5,"Analogue/Digital","0.4","0.0","LG",75,1.531,212,107.8,395,"66-75in",5
"86QNED80SQA","Indonesia","LCD (LED)",198,725,5,"Analogue/Digital","0.4","0.0","LG",86,2.02,254,98,359,"86in+",5
"86QNED806QA","Indonesia","LCD (LED)",198,725,5,"Analogue/Digital","0.4","0.0","LG",86,2.02,254,98,359,"86in+",5
"32MTD6500A","China","LCD (LED)",27.2,115,5.5,"unknown","0.37","0.51","METZ",32,0.274,40,99.3,420,"32in & under",6
"QA85Q60BAW","Vietnam","LCD (LED)",178,653,5.5,"Digital","0.5","0.0","SAMSUNG",85,1.971,229,90.3,331,"76-85in",6
"QA85Q60BAS","Vietnam","LCD (LED)",178,653,5.5,"Digital","0.5","0.0","SAMSUNG",85,1.971,229,90.3,331,"76-85in",6
"QA85Q60BA*","Vietnam","LCD (LED)",178,653,5.5,"Digital","0.5","0.0","SAMSUNG",85,1.971,229,90.3,331,"76-85in",6
"UA43BU8000S","Vietnam","LCD (LED)",73,270,4,"Digital","0.5","0.0","SAMSUNG",43,0.498,94,146.6,542,"33-43in",4
"UA43BU8500S","Vietnam","LCD (LED)",73,270,4,"Digital","0.5","0.0","SAMSUNG",43,0.498,94,146.6,542,"33-43in",4
"UA43BU8*00*","Vietnam","LCD (LED)",73,270,4,"Digital","0.5","0.0","SAMSUNG",43,0.498,94,146.6,542,"33-43in",4
"KALED65RT9220SVA","China","LCD (LED)",99.95,386,5.5,"Analogue/Digital","0.35","0.49","KOGAN",65,1.148,135,87.1,336,"56-65in",6
"LE65GA522","China","LCD (LED)",99.95,386,5.5,"Analogue/Digital","0.35","0.49","TEAC",65,1.148,135,87.1,336,"56-65in",6
"KAQLED65RQ9510SVA","China","LCD (LED)",99.95,386,5.5,"Analogue/Digital","0.35","0.49","KOGAN",65,1.148,135,87.1,336,"56-65in",6
"PL6521UHDG","China","LCD",93,370,6,"Analogue/Digital","0.39","0.45","POLAROID",64,1.142,130,81.4,324,"56-65in",6
"UA50BU8000W","Vietnam","LCD (LED)",94,346,4,"Digital","0.5","0.0","SAMSUNG",49,0.675,121,139.3,513,"44-50in",4
"UA50BU8000S","Vietnam","LCD (LED)",94,346,4,"Digital","0.5","0.0","SAMSUNG",49,0.675,121,139.3,513,"44-50in",4
"UA50BU8500S","Vietnam","LCD (LED)",94,346,4,"Digital","0.5","0.0","SAMSUNG",49,0.675,121,139.3,513,"44-50in",4
"UA50BU8*00*","Vietnam","LCD (LED)",94,346,4,"Digital","0.5","0.0","SAMSUNG",49,0.675,121,139.3,513,"44-50in",4
"UA55BU8000W","Vietnam","LCD (LED)",113,416,4,"Digital","0.5","0.0","SAMSUNG",55,0.823,146,137.3,505,"51-55in",4
"UA55BU8000S","Vietnam","LCD (LED)",113,416,4,"Digital","0.5","0.0","SAMSUNG",55,0.823,146,137.3,505,"51-55in",4
"UA55BU8500S","Vietnam","LCD (LED)",113,416,4,"Digital","0.5","0.0","SAMSUNG",55,0.823,146,137.3,505,"51-55in",4
"UA55BU8*00*","Vietnam","LCD (LED)",113,416,4,"Digital","0.5","0.0","SAMSUNG",55,0.823,146,137.3,505,"51-55in",4
"QA65Q70BAW","Vietnam","LCD (LED)",150,551,4,"Digital","0.5","0.0","SAMSUNG",65,1.148,193,130.7,480,"56-65in",4
"QA65Q70BAS","Vietnam","LCD (LED)",150,551,4,"Digital","0.5","0.0","SAMSUNG",65,1.148,193,130.7,480,"56-65in",4
"QA65Q70BA*","Vietnam","LCD (LED)",150,551,4,"Digital","0.5","0.0","SAMSUNG",65,1.148,193,130.7,480,"56-65in",4
"QA75Q70BAW","Vietnam","LCD (LED)",173,635,4.5,"Digital","0.5","0.0","SAMSUNG",75,1.532,222,112.9,414,"66-75in",4
"QA75Q70BAS","Vietnam","LCD (LED)",173,635,4.5,"Digital","0.5","0.0","SAMSUNG",75,1.532,222,112.9,414,"66-75in",4
"QA75Q70BA*","Vietnam","LCD (LED)",173,635,4.5,"Digital","0.5","0.0","SAMSUNG",75,1.532,222,112.9,414,"66-75in",4
"QA85Q70BAW","Vietnam","LCD (LED)",223,817,4.5,"Digital","0.5","0.0","SAMSUNG",85,1.971,286,113.1,415,"76-85in",4
"QA85Q70BAS","Vietnam","LCD (LED)",223,817,4.5,"Digital","0.5","0.0","SAMSUNG",85,1.971,286,113.1,415,"76-85in",4
"QA85Q70BA*","Vietnam","LCD (LED)",223,817,4.5,"Digital","0.5","0.0","SAMSUNG",85,1.971,286,113.1,415,"76-85in",4
"UA43BU8000W","Vietnam","LCD (LED)",73,270,4,"Digital","0.5","0.0","SAMSUNG",43,0.498,94,146.6,542,"33-43in",4
"QA65QN800BW","Vietnam","LCD (LED)",306,1120,1,"Digital","0.5","0.0","SAMSUNG",65,1.148,392,266.6,976,"56-65in",1
"QA65QN800BS","Vietnam","LCD (LED)",306,1120,1,"Digital","0.5","0.0","SAMSUNG",65,1.148,392,266.6,976,"56-65in",1
"QA65QN800B*","Vietnam","LCD (LED)",306,1120,1,"Digital","0.5","0.0","SAMSUNG",65,1.148,392,266.6,976,"56-65in",1
"UR-LED2403DVDNS","China","LCD (LED)",24.2,95,4.5,"Digital","0.46","0.0","MYVI",24,0.155,33,156.1,613,"32in & under",4
"QA50QN90BAW","Vietnam","LCD (LED)",112,412,3,"Digital","0.5","0.0","SAMSUNG",49,0.675,144,165.9,610,"44-50in",3
"QA50QN90BAS","Vietnam","LCD (LED)",112,412,3,"Digital","0.5","0.0","SAMSUNG",49,0.675,144,165.9,610,"44-50in",3
"QA50QN90BA*","Vietnam","LCD (LED)",112,412,3,"Digital","0.5","0.0","SAMSUNG",49,0.675,144,165.9,610,"44-50in",3
"QA75QN95BAW","Vietnam","LCD (LED)",245,897,3,"Digital","0.5","0.0","SAMSUNG",75,1.532,314,159.9,586,"66-75in",3
"QA75QN95BAS","Vietnam","LCD (LED)",245,897,3,"Digital","0.5","0.0","SAMSUNG",75,1.532,314,159.9,586,"66-75in",3
"QA75QN95BA*","Vietnam","LCD (LED)",245,897,3,"Digital","0.5","0.0","SAMSUNG",75,1.532,314,159.9,586,"66-75in",3
"K550USG","China","LCD",115.1,422,4,"Digital","0.36","0.0","EKO",55,0.823,148,139.9,513,"51-55in",4
"BP550USG9500","China","LCD",115.1,422,4,"Digital","0.36","0.0","BLAUPUNKT",55,0.823,148,139.9,513,"51-55in",4
"65UQ75006LF","Indonesia","LCD (LED)",145,532,4,"Analogue/Digital","0.4","0.0","LG",65,1.148,186,126.3,463,"56-65in",4
"OLED55G2PSA","Indonesia","OLED",95,349,4.5,"Analogue/Digital","0.4","0.0","LG",55,0.823,122,115.4,424,"51-55in",4
"OLED55G26LA","Indonesia","OLED",95,349,4.5,"Analogue/Digital","0.4","0.0","LG",55,0.823,122,115.4,424,"51-55in",4
"OLED77G2PSA","Indonesia","OLED",152,557,5.5,"Analogue/Digital","0.4","0.0","LG",77,1.62,195,93.8,344,"76-85in",6
"OLED77G26LA","Indonesia","OLED",152,557,5.5,"Analogue/Digital","0.4","0.0","LG",77,1.62,195,93.8,344,"76-85in",6
"OLED65G2PSA","Indonesia","OLED",109,400,5.5,"Analogue/Digital","0.4","0.0","LG",65,1.148,140,94.9,348,"56-65in",6
"OLED65G26LA","Indonesia","OLED",109,400,5.5,"Analogue/Digital","0.4","0.0","LG",65,1.148,140,94.9,348,"56-65in",6
"OLED77A2PSA","Indonesia","OLED",126,462,6,"Analogue/Digital","0.4","0.0","LG",77,1.62,162,77.8,285,"76-85in",6
"QA75QN800BW","Vietnam","LCD (LED)",339,1240,1.5,"Digital","0.5","0.0","SAMSUNG",75,1.532,434,221.3,809,"66-75in",2
"QA75QN800BS","Vietnam","LCD (LED)",339,1240,1.5,"Digital","0.5","0.0","SAMSUNG",75,1.532,434,221.3,809,"66-75in",2
"QA75QN800B*","Vietnam","LCD (LED)",339,1240,1.5,"Digital","0.5","0.0","SAMSUNG",75,1.532,434,221.3,809,"66-75in",2
"QA85QN800BW","Vietnam","LCD (LED)",389,1423,2,"Digital","0.5","0.0","SAMSUNG",85,1.971,498,197.4,722,"76-85in",2
"QA85QN800BS","Vietnam","LCD (LED)",389,1423,2,"Digital","0.5","0.0","SAMSUNG",85,1.971,498,197.4,722,"76-85in",2
"QA85QN800B*","Vietnam","LCD (LED)",389,1423,2,"Digital","0.5","0.0","SAMSUNG",85,1.971,498,197.4,722,"76-85in",2
"QA55QN90BAW","Vietnam","LCD (LED)",162,594,2.5,"Digital","0.5","0.0","SAMSUNG",55,0.823,208,196.8,722,"51-55in",2
"QA55QN90BAS","Vietnam","LCD (LED)",162,594,2.5,"Digital","0.5","0.0","SAMSUNG",55,0.823,208,196.8,722,"51-55in",2
"QA55QN90BA*","Vietnam","LCD (LED)",162,594,2.5,"Digital","0.5","0.0","SAMSUNG",55,0.823,208,196.8,722,"51-55in",2
"QA85QN90BAW","Vietnam","LCD (LED)",304,1113,3,"Digital","0.5","0.0","SAMSUNG",85,1.971,390,154.2,565,"76-85in",3
"QA85QN90BAS","Vietnam","LCD (LED)",304,1113,3,"Digital","0.5","0.0","SAMSUNG",85,1.971,390,154.2,565,"76-85in",3
"QA85QN90BA*","Vietnam","LCD (LED)",304,1113,3,"Digital","0.5","0.0","SAMSUNG",85,1.971,390,154.2,565,"76-85in",3
"AK5021S6WOS","China","LCD (LED)",54.8,202,6,"Analogue/Digital","0.35","0.037","AKAI",50,0.676,71,81.1,299,"44-50in",6
"QA43QN90BAW","Vietnam","LCD (LED)",99,364,2.5,"Digital","0.5","0.0","SAMSUNG",43,0.498,127,198.8,731,"33-43in",2
"QA43QN90BAS","Vietnam","LCD (LED)",99,364,2.5,"Digital","0.5","0.0","SAMSUNG",43,0.498,127,198.8,731,"33-43in",2
"QA43QN90BA*","Vietnam","LCD (LED)",99,364,2.5,"Digital","0.5","0.0","SAMSUNG",43,0.498,127,198.8,731,"33-43in",2
"QA50LS03BAW","Vietnam","LCD (LED)",96,353,4,"Digital","0.5","0.0","SAMSUNG",49,0.675,124,142.2,523,"44-50in",4
"QA50LS03BAS","Vietnam","LCD (LED)",96,353,4,"Digital","0.5","0.0","SAMSUNG",49,0.675,124,142.2,523,"44-50in",4
"QA50LS03BA*","Vietnam","LCD (LED)",96,353,4,"Digital","0.5","0.0","SAMSUNG",49,0.675,124,142.2,523,"44-50in",4
"QA55LS03BAW","Vietnam","LCD (LED)",140,514,3,"Digital","0.5","0.0","SAMSUNG",55,0.823,180,170.1,625,"51-55in",3
"QA55LS03BAS","Vietnam","LCD (LED)",140,514,3,"Digital","0.5","0.0","SAMSUNG",55,0.823,180,170.1,625,"51-55in",3
"QA55LS03BA*","Vietnam","LCD (LED)",140,514,3,"Digital","0.5","0.0","SAMSUNG",55,0.823,180,170.1,625,"51-55in",3
"QA55QN85BAW","Vietnam","LCD (LED)",136,499,3,"Digital","0.5","0.0","SAMSUNG",55,0.823,175,165.2,606,"51-55in",3
"QA55QN85BAS","Vietnam","LCD (LED)",136,499,3,"Digital","0.5","0.0","SAMSUNG",55,0.823,175,165.2,606,"51-55in",3
"QA55QN85BA*","Vietnam","LCD (LED)",136,499,3,"Digital","0.5","0.0","SAMSUNG",55,0.823,175,165.2,606,"51-55in",3
"QA65LS03BAW","Vietnam","LCD (LED)",158,580,4,"Digital","0.5","0.0","SAMSUNG",65,1.148,203,137.6,505,"56-65in",4
"QA65LS03BAS","Vietnam","LCD (LED)",158,580,4,"Digital","0.5","0.0","SAMSUNG",65,1.148,203,137.6,505,"56-65in",4
"QA65LS03BA*","Vietnam","LCD (LED)",158,580,4,"Digital","0.5","0.0","SAMSUNG",65,1.148,203,137.6,505,"56-65in",4
"QA65QN85BAW","Vietnam","LCD (LED)",158,580,4,"Digital","0.5","0.0","SAMSUNG",65,1.148,203,137.6,505,"56-65in",4
"QA65QN85BAS","Vietnam","LCD (LED)",158,580,4,"Digital","0.5","0.0","SAMSUNG",65,1.148,203,137.6,505,"56-65in",4
"QA65QN85BA*","Vietnam","LCD (LED)",158,580,4,"Digital","0.5","0.0","SAMSUNG",65,1.148,203,137.6,505,"56-65in",4
"QA75LS03BAW","Vietnam","LCD (LED)",195,715,4,"Digital","0.5","0.0","SAMSUNG",75,1.532,250,127.3,467,"66-75in",4
"QA75LS03BAS","Vietnam","LCD (LED)",195,715,4,"Digital","0.5","0.0","SAMSUNG",75,1.532,250,127.3,467,"66-75in",4
"QA75LS03BA*","Vietnam","LCD (LED)",195,715,4,"Digital","0.5","0.0","SAMSUNG",75,1.532,250,127.3,467,"66-75in",4
"QA85LS03BAW","Vietnam","LCD (LED)",250,916,4,"Digital","0.5","0.0","SAMSUNG",85,1.971,321,126.8,465,"76-85in",4
"QA85LS03BAS","Vietnam","LCD (LED)",250,916,4,"Digital","0.5","0.0","SAMSUNG",85,1.971,321,126.8,465,"76-85in",4
"QA85LS03BA*","Vietnam","LCD (LED)",250,916,4,"Digital","0.5","0.0","SAMSUNG",85,1.971,321,126.8,465,"76-85in",4
"43UP801C0TB","Indonesia","LCD (LED)",78,287,3.5,"Analogue/Digital","0.4","0.0","LG",43,0.498,100,156.6,576,"33-43in",4
"50UP801C0TB","Indonesia","LCD (LED)",93,342,4,"Analogue/Digital","0.4","0.0","LG",49,0.675,120,137.8,507,"44-50in",4
"75UP801C0TB","Indonesia","LCD (LED)",169,619,4.5,"Analogue/Digital","0.4","0.0","LG",75,1.531,217,110.4,404,"66-75in",4
"86UP801C0TB","Indonesia","LCD (LED)",250,915,4,"Analogue/Digital","0.4","0.0","LG",86,2.02,320,123.8,453,"86in+",4
"40MTD6500A","China","LCD (LED)",28.2,122,7,"unknown","0.26","0.38","METZ",40,0.432,43,65.3,282,"33-43in",7
"KD-65X75K","Vietnam","LCD (LED)",129.6,478,4.5,"Analogue/Digital","0.5","10.7","SONY",65,1.148,167,112.9,416,"56-65in",4
"KD-55X75K","Vietnam","LCD (LED)",101.4,376,4.5,"Analogue/Digital","0.5","12.1","SONY",55,0.823,132,123.2,457,"51-55in",4
"XR-85X90K","Malaysia","LCD (LED)",235.8,869,4.5,"Analogue/Digital","0.5","23.9","SONY",85,1.971,304,119.6,441,"76-85in",4
"KD-55X80K","Malaysia","LCD (LED)",126.2,467,3.5,"Analogue/Digital","0.5","13.6","SONY",55,0.823,163,153.3,567,"51-55in",4
"KD-75X80K","Malaysia","LCD (LED)",191.3,704,4,"Analogue/Digital","0.5","13.1","SONY",75,1.531,246,125,460,"66-75in",4
"KAQLED85XQ9610STA","China","LCD (LED)",260.1,970,4,"Analogue/Digital","0.32","0.0","KOGAN",85,1.971,340,132,492,"76-85in",4
"QA65QN900BW","Vietnam","LCD (LED)",310,1135,1,"Digital","0.5","0.0","SAMSUNG",65,1.148,397,270,989,"56-65in",1
"QA65QN900BS","Vietnam","LCD (LED)",310,1135,1,"Digital","0.5","0.0","SAMSUNG",65,1.148,397,270,989,"56-65in",1
"QA65QN900B*","Vietnam","LCD (LED)",310,1135,1,"Digital","0.5","0.0","SAMSUNG",65,1.148,397,270,989,"56-65in",1
"QA85QN900BW","Vietnam","LCD (LED)",439,1605,1.5,"Digital","0.5","0.0","SAMSUNG",85,1.971,562,222.7,814,"76-85in",2
"QA85QN900BS","Vietnam","LCD (LED)",439,1605,1.5,"Digital","0.5","0.0","SAMSUNG",85,1.971,562,222.7,814,"76-85in",2
"QA85QN900B*","Vietnam","LCD (LED)",439,1605,1.5,"Digital","0.5","0.0","SAMSUNG",85,1.971,562,222.7,814,"76-85in",2
"KD-65X80K","Malaysia","LCD (LED)",147.6,544,4,"Analogue/Digital","0.5","12.0","SONY",65,1.148,190,128.6,474,"56-65in",4
"QA75QN900BW","Vietnam","LCD (LED)",395,1445,1,"Digital","0.5","0.0","SAMSUNG",75,1.532,506,257.8,943,"66-75in",1
"QA75QN900BS","Vietnam","LCD (LED)",395,1445,1,"Digital","0.5","0.0","SAMSUNG",75,1.532,506,257.8,943,"66-75in",1
"QA75QN900B*","Vietnam","LCD (LED)",395,1445,1,"Digital","0.5","0.0","SAMSUNG",75,1.532,506,257.8,943,"66-75in",1
"QA43LS03BAW","Vietnam","LCD (LED)",92,339,3,"Digital","0.5","0.0","SAMSUNG",43,0.498,119,184.7,681,"33-43in",3
"QA43LS03BAS","Vietnam","LCD (LED)",92,339,3,"Digital","0.5","0.0","SAMSUNG",43,0.498,119,184.7,681,"33-43in",3
"QA43LS03BA*","Vietnam","LCD (LED)",92,339,3,"Digital","0.5","0.0","SAMSUNG",43,0.498,119,184.7,681,"33-43in",3
"QA65QN90BAW","Vietnam","LCD (LED)",203,744,2.5,"Digital","0.5","0.0","SAMSUNG",65,1.148,260,176.8,648,"56-65in",2
"QA65QN90BAS","Vietnam","LCD (LED)",203,744,2.5,"Digital","0.5","0.0","SAMSUNG",65,1.148,260,176.8,648,"56-65in",2
"QA65QN90BA*","Vietnam","LCD (LED)",203,744,2.5,"Digital","0.5","0.0","SAMSUNG",65,1.148,260,176.8,648,"56-65in",2
"QA65QN95BAW","Vietnam","LCD (LED)",213,781,2.5,"Digital","0.5","0.0","SAMSUNG",65,1.148,273,185.5,680,"56-65in",2
"QA65QN95BAS","Vietnam","LCD (LED)",213,781,2.5,"Digital","0.5","0.0","SAMSUNG",65,1.148,273,185.5,680,"56-65in",2
"QA65QN95BA*","Vietnam","LCD (LED)",213,781,2.5,"Digital","0.5","0.0","SAMSUNG",65,1.148,273,185.5,680,"56-65in",2
"QA85QN85BAW","Vietnam","LCD (LED)",195,715,5,"Digital","0.5","0.0","SAMSUNG",85,1.971,250,98.9,363,"76-85in",5
"QA85QN85BAS","Vietnam","LCD (LED)",195,715,5,"Digital","0.5","0.0","SAMSUNG",85,1.971,250,98.9,363,"76-85in",5
"QA85QN85BA*","Vietnam","LCD (LED)",195,715,5,"Digital","0.5","0.0","SAMSUNG",85,1.971,250,98.9,363,"76-85in",5
"QA65Q80BAW","Vietnam","LCD (LED)",206,755,2.5,"Digital","0.5","0.0","SAMSUNG",65,1.148,264,179.4,658,"56-65in",2
"QA65Q80BAS","Vietnam","LCD (LED)",206,755,2.5,"Digital","0.5","0.0","SAMSUNG",65,1.148,264,179.4,658,"56-65in",2
"QA65Q80BA*","Vietnam","LCD (LED)",206,755,2.5,"Digital","0.5","0.0","SAMSUNG",65,1.148,264,179.4,658,"56-65in",2
"QA55QN95BAW","Vietnam","LCD (LED)",173,635,2,"Digital","0.5","0.0","SAMSUNG",55,0.823,222,210.2,772,"51-55in",2
"QA55QN95BAS","Vietnam","LCD (LED)",173,635,2,"Digital","0.5","0.0","SAMSUNG",55,0.823,222,210.2,772,"51-55in",2
"QA55QN95BA*","Vietnam","LCD (LED)",173,635,2,"Digital","0.5","0.0","SAMSUNG",55,0.823,222,210.2,772,"51-55in",2
"QA55QN700BS","Vietnam","LCD (LED)",223,817,1,"Digital","0.5","0.0","SAMSUNG",55,0.823,286,271,993,"51-55in",1
"QA75Q80BAW","Vietnam","LCD (LED)",267,978,2.5,"Digital","0.5","0.0","SAMSUNG",75,1.532,342,174.3,638,"66-75in",2
"QA75Q80BAS","Vietnam","LCD (LED)",267,978,2.5,"Digital","0.5","0.0","SAMSUNG",75,1.532,342,174.3,638,"66-75in",2
"QA75Q80BA*","Vietnam","LCD (LED)",267,978,2.5,"Digital","0.5","0.0","SAMSUNG",75,1.532,342,174.3,638,"66-75in",2
"QA85Q80BAW","Vietnam","LCD (LED)",337,1233,2.5,"Digital","0.5","0.0","SAMSUNG",85,1.971,432,171,626,"76-85in",2
"QA85Q80BAS","Vietnam","LCD (LED)",337,1233,2.5,"Digital","0.5","0.0","SAMSUNG",85,1.971,432,171,626,"76-85in",2
"QA85Q80BA*","Vietnam","LCD (LED)",337,1233,2.5,"Digital","0.5","0.0","SAMSUNG",85,1.971,432,171,626,"76-85in",2
"QA65QN700BW","Vietnam","LCD (LED)",245,897,2,"Digital","0.5","0.0","SAMSUNG",65,1.148,314,213.4,781,"56-65in",2
"QA65QN700BS","Vietnam","LCD (LED)",245,897,2,"Digital","0.5","0.0","SAMSUNG",65,1.148,314,213.4,781,"56-65in",2
"QA65QN700B*","Vietnam","LCD (LED)",245,897,2,"Digital","0.5","0.0","SAMSUNG",65,1.148,314,213.4,781,"56-65in",2
"QA65LS01BAW","Vietnam","LCD (LED)",134,492,4.5,"Digital","0.5","0.0","SAMSUNG",65,1.148,172,116.7,429,"56-65in",4
"QA65LS01BBW","Vietnam","LCD (LED)",134,492,4.5,"Digital","0.5","0.0","SAMSUNG",65,1.148,172,116.7,429,"56-65in",4
"QA55LS01BAW","Vietnam","LCD (LED)",116,426,4,"Digital","0.5","0.0","SAMSUNG",55,0.823,149,140.9,518,"51-55in",4
"QA55LS01BBW","Vietnam","LCD (LED)",116,426,4,"Digital","0.5","0.0","SAMSUNG",55,0.823,149,140.9,518,"51-55in",4
"FDFD24D3D","China","LCD (LED)",28.58,107,4,"Analogue/Digital","","","FURRION",24,0.156,37,183.2,686,"32in & under",4
"XR-55A80K","Malaysia","OLED",103.7,387,4,"Analogue/Digital","0.5","23.1","SONY",55,0.823,135,126,470,"51-55in",4
"KALED32EH7520SVA","China","LCD (LED)",24.61,110,5.5,"Analogue/Digital","","","KOGAN",32,0.274,38,89.8,401,"32in & under",6
"XR-65A80K","Malaysia","OLED",121.1,451,5,"Analogue/Digital","0.5","27.7","SONY",65,1.148,158,105.5,393,"56-65in",5
"XR-77A80K","Malaysia","OLED",169.7,629,5,"Analogue/Digital","0.5","28.8","SONY",77,1.621,220,104.7,388,"76-85in",5
"XR-75X90K","Malaysia","LCD (LED)",198.1,732,4,"Analogue/Digital","0.5","23.6","SONY",75,1.531,256,129.4,478,"66-75in",4
"XR-65X90K","Malaysia","LCD (LED)",149.8,555,4,"Analogue/Digital","0.5","23.1","SONY",65,1.148,194,130.5,483,"56-65in",4
"43UQ80006LB","Indonesia","LCD (LED)",73,269,4,"Analogue/Digital","0.4","0.0","LG",43,0.498,94,146.6,540,"33-43in",4
"50NANO806QA","Indonesia","LCD (LED)",75,276,5,"Analogue/Digital","0.4","0.0","LG",49,0.675,97,111.1,409,"44-50in",5
"50UQ75006LF","Indonesia","LCD (LED)",93,342,4,"Analogue/Digital","0.4","0.0","LG",49,0.675,120,137.8,507,"44-50in",4
"55UQ75006LF","Indonesia","LCD (LED)",114,419,4,"Analogue/Digital","0.4","0.0","LG",55,0.823,147,138.5,509,"51-55in",4
"65NANO806QA","Indonesia","LCD (LED)",114,419,5,"Analogue/Digital","0.4","0.0","LG",65,1.148,147,99.3,365,"56-65in",5
"65QNED96SQA","Indonesia","LCD (LED)",152,557,4,"Analogue/Digital","0.4","0.0","LG",65,1.148,195,132.4,485,"56-65in",4
"65QNED99SQB","Indonesia","LCD (LED)",212,776,2.5,"Analogue/Digital","0.4","0.0","LG",65,1.148,272,184.7,676,"56-65in",2
"65QNED996QB","Indonesia","LCD (LED)",212,776,2.5,"Analogue/Digital","0.4","0.0","LG",65,1.148,272,184.7,676,"56-65in",2
"65UQ80006LB","Indonesia","LCD (LED)",127,466,4.5,"Analogue/Digital","0.4","0.0","LG",65,1.148,163,110.6,406,"56-65in",4
"75NANO816QA","Indonesia","LCD (LED)",126,462,6,"Analogue/Digital","0.4","0.0","LG",75,1.531,162,82.3,302,"66-75in",6
"75QNED99SQB","Indonesia","LCD (LED)",232,849,3.5,"Analogue/Digital","0.4","0.0","LG",75,1.531,297,151.5,555,"66-75in",4
"75QNED996QB","Indonesia","LCD (LED)",232,849,3.5,"Analogue/Digital","0.4","0.0","LG",75,1.531,297,151.5,555,"66-75in",4
"75UQ80006LB","Indonesia","LCD (LED)",165,605,5,"Analogue/Digital","0.4","0.0","LG",75,1.531,212,107.8,395,"66-75in",5
"86QNED99SQB","Indonesia","LCD (LED)",328,1200,3,"Analogue/Digital","0.4","0.0","LG",86,2.02,420,162.4,594,"86in+",3
"86QNED996QB","Indonesia","LCD (LED)",328,1200,3,"Analogue/Digital","0.4","0.0","LG",86,2.02,420,162.4,594,"86in+",3
"OLED77Z2PSA","South Korea","OLED",262,959,3,"Analogue/Digital","0.4","0.0","LG",77,1.62,336,161.7,592,"76-85in",3
"OLED88Z2PSA","South Korea","OLED",320,1171,3,"Analogue/Digital","0.4","0.0","LG",88,2.115,410,151.3,554,"86in+",3
"OLED88Z26LA","South Korea","OLED",320,1171,3,"Analogue/Digital","0.4","0.0","LG",88,2.115,410,151.3,554,"86in+",3
"BP500USG9500","China","LCD (LED)",50.6,210,6,"Analogue/Digital","","","BLAUPUNKT",50,0.675,74,75,311,"44-50in",6
"K65USW","China","LCD",108.2,396,5.5,"Digital","0.18","0.0","EKO",65,1.148,139,94.3,345,"56-65in",6
"QA55LS01BAS","Vietnam","LCD (LED)",116,426,4,"Digital","0.5","0.0","SAMSUNG",55,0.823,149,140.9,518,"51-55in",4
"QA55LS01B**","Vietnam","LCD (LED)",116,426,4,"Digital","0.5","0.0","SAMSUNG",55,0.823,149,140.9,518,"51-55in",4
"QA65LS01BAS","Vietnam","LCD (LED)",134,492,4.5,"Digital","0.5","0.0","SAMSUNG",65,1.148,172,116.7,429,"56-65in",4
"QA65LS01B**","Vietnam","LCD (LED)",134,492,4.5,"Digital","0.5","0.0","SAMSUNG",65,1.148,172,116.7,429,"56-65in",4
"QA50Q80BAS","Vietnam","LCD (LED)",138,507,2,"Digital","0.5","0.0","SAMSUNG",49,0.675,177,204.4,751,"44-50in",2
"QA75QN700BW","Vietnam","LCD (LED)",273,1000,2.5,"Digital","0.5","0.0","SAMSUNG",75,1.532,350,178.2,653,"66-75in",2
"QA75QN700BS","Vietnam","LCD (LED)",273,1000,2.5,"Digital","0.5","0.0","SAMSUNG",75,1.532,350,178.2,653,"66-75in",2
"QA75QN700B*","Vietnam","LCD (LED)",273,1000,2.5,"Digital","0.5","0.0","SAMSUNG",75,1.532,350,178.2,653,"66-75in",2
"LS32C12V","China","LCD",26.7,99,6,"Analogue/Digital","0.29","0.0","LINSAR",32,0.274,35,97.4,361,"32in & under",6
"QA43LS01BAW","Vietnam","LCD (LED)",82,302,3.5,"Digital","0.5","0.0","SAMSUNG",43,0.498,106,164.7,606,"33-43in",4
"QA43LS01BBW","Vietnam","LCD (LED)",82,302,3.5,"Digital","0.5","0.0","SAMSUNG",43,0.498,106,164.7,606,"33-43in",4
"QA43LS01BAS","Vietnam","LCD (LED)",82,302,3.5,"Digital","0.5","0.0","SAMSUNG",43,0.498,106,164.7,606,"33-43in",4
"QA43LS01B**","Vietnam","LCD (LED)",82,302,3.5,"Digital","0.5","0.0","SAMSUNG",43,0.498,106,164.7,606,"33-43in",4
"QA50LS01BAS","Vietnam","LCD (LED)",96,353,4,"Digital","0.5","0.0","SAMSUNG",50,0.676,124,142,522,"44-50in",4
"HG43AU800AW","Vietnam","LCD (LED)",68,251,4,"Digital","0.5","0.0","SAMSUNG",43,0.498,88,136.5,504,"33-43in",4
"HG50AU800AW","Vietnam","LCD (LED)",79,291,4.5,"Digital","0.5","0.0","SAMSUNG",49,0.675,102,117,431,"44-50in",4
"QA55Q80BAW","Vietnam","LCD (LED)",158,580,2.5,"Digital","0.5","0.0","SAMSUNG",55,0.823,203,192,705,"51-55in",2
"QA55Q80BAS","Vietnam","LCD (LED)",158,580,2.5,"Digital","0.5","0.0","SAMSUNG",55,0.823,203,192,705,"51-55in",2
"QA55Q80BA*","Vietnam","LCD (LED)",158,580,2.5,"Digital","0.5","0.0","SAMSUNG",55,0.823,203,192,705,"51-55in",2
"HG55AU800AW","Vietnam","LCD (LED)",86,317,5,"Digital","0.5","0.0","SAMSUNG",55,0.823,111,104.5,385,"51-55in",5
"HG65AU800AW","Vietnam","LCD (LED)",114,419,5,"Digital","0.5","0.0","SAMSUNG",65,1.148,147,99.3,365,"56-65in",5
"HG75AU800AW","Vietnam","LCD (LED)",157,576,5,"Digital","0.5","0.0","SAMSUNG",75,1.532,202,102.5,376,"66-75in",5
"XR-55X90K","Malaysia","LCD (LED)",126.7,471,3.5,"Analogue/Digital","0.5","22.4","SONY",55,0.823,165,153.9,572,"51-55in",4
"QA55Q6*BA*","Vietnam","LCD (LED)",87,321,5,"Digital","0.5","0.0","SAMSUNG",55,0.823,112,105.7,390,"51-55in",5
"QA55Q63BAS","Vietnam","LCD (LED)",87,321,5,"Digital","0.5","0.0","SAMSUNG",55,0.823,112,105.7,390,"51-55in",5
"QA55Q60BAW","Vietnam","LCD (LED)",87,321,5,"Digital","0.5","0.0","SAMSUNG",55,0.823,112,105.7,390,"51-55in",5
"QA55Q60BAS","Vietnam","LCD (LED)",87,321,5,"Digital","0.5","0.0","SAMSUNG",55,0.823,112,105.7,390,"51-55in",5
"QA43Q6*BAS","Vietnam","LCD (LED)",70,259,4,"Digital","0.5","0.0","SAMSUNG",43,0.498,91,140.6,520,"33-43in",4
"QA43Q63BAS","Vietnam","LCD (LED)",70,259,4,"Digital","0.5","0.0","SAMSUNG",43,0.498,91,140.6,520,"33-43in",4
"QA43Q60BAS","Vietnam","LCD (LED)",70,259,4,"Digital","0.5","0.0","SAMSUNG",43,0.498,91,140.6,520,"33-43in",4
"QA50Q6*BAS","Vietnam","LCD (LED)",80,295,4.5,"Digital","0.5","0.0","SAMSUNG",49,0.675,103,118.5,437,"44-50in",4
"QA50Q63BAS","Vietnam","LCD (LED)",80,295,4.5,"Digital","0.5","0.0","SAMSUNG",49,0.675,103,118.5,437,"44-50in",4
"QA50Q60BAS","Vietnam","LCD (LED)",80,295,4.5,"Digital","0.5","0.0","SAMSUNG",49,0.675,103,118.5,437,"44-50in",4
"QA75Q63BAS","Vietnam","LCD (LED)",183,671,4.5,"Digital","0.5","0.0","SAMSUNG",75,1.532,235,119.5,438,"66-75in",4
"QA75Q6*BA*","Vietnam","LCD (LED)",183,671,4.5,"Digital","0.5","0.0","SAMSUNG",75,1.532,235,119.5,438,"66-75in",4
"QA75Q63BAK","Vietnam","LCD (LED)",183,671,4.5,"Digital","0.5","0.0","SAMSUNG",75,1.532,235,119.5,438,"66-75in",4
"QA75Q60BAW","Vietnam","LCD (LED)",183,671,4.5,"Digital","0.5","0.0","SAMSUNG",75,1.532,235,119.5,438,"66-75in",4
"QA75Q60BAS","Vietnam","LCD (LED)",183,671,4.5,"Digital","0.5","0.0","SAMSUNG",75,1.532,235,119.5,438,"66-75in",4
"QA65Q63BAS","Vietnam","LCD (LED)",117,430,5,"Digital","0.5","0.0","SAMSUNG",65,1.148,150,101.9,375,"56-65in",5
"QA65Q6*BA*","Vietnam","LCD (LED)",117,430,5,"Digital","0.5","0.0","SAMSUNG",65,1.148,150,101.9,375,"56-65in",5
"QA65Q63BAK","Vietnam","LCD (LED)",117,430,5,"Digital","0.5","0.0","SAMSUNG",65,1.148,150,101.9,375,"56-65in",5
"QA65Q60BAW","Vietnam","LCD (LED)",117,430,5,"Digital","0.5","0.0","SAMSUNG",65,1.148,150,101.9,375,"56-65in",5
"QA65Q60BAS","Vietnam","LCD (LED)",117,430,5,"Digital","0.5","0.0","SAMSUNG",65,1.148,150,101.9,375,"56-65in",5
"65QNED966QA","Indonesia","LCD (LED)",152,557,4,"Analogue/Digital","0.4","0.0","LG",65,1.148,195,132.4,485,"56-65in",4
"75QNED966QA","Indonesia","LCD (LED)",172,630,4.5,"Analogue/Digital","0.4","0.0","LG",75,1.531,220,112.3,411,"66-75in",4
"86UQ91006LA","Indonesia","LCD (LED)",250,915,4,"Analogue/Digital","0.4","0.0","LG",86,2.02,320,123.8,453,"86in+",4
"PL5021WOS","China","LCD (LED)",54.8,202,6,"Analogue/Digital","0.35","0.037","POLAROID",50,0.676,71,81.1,299,"44-50in",6
"K650USG","China","LCD (LED)",137.7,520,4.5,"Analogue/Digital","","","EKO",65,1.148,182,119.9,453,"56-65in",4
"K240HSG","China","LCD",22,84,5,"Digital","0.227","0.227","EKO",24,0.153,29,143.8,549,"32in & under",5
"BP240HSG9200","China","LCD",22,84,5,"Digital","0.227","0.227","BLAUPUNKT",24,0.153,29,143.8,549,"32in & under",5
"K40FSW","China","LCD (LED)",36.32,151,6,"Analogue/Digital","","","EKO",40,0.426,53,85.3,354,"33-43in",6
"K400FSG","China","LCD",35.8,151,6,"Digital","0.38","0.4","EKO",39,0.426,53,84,354,"33-43in",6
"XR-65X95K","Malaysia","LCD (LED)",226,835,2,"Analogue/Digital","0.5","32.0","SONY",65,1.148,292,196.9,727,"56-65in",2
"XR-75X95K","Malaysia","LCD (LED)",242,894,3,"Analogue/Digital","0.5","31.2","SONY",75,1.531,313,158.1,584,"66-75in",3
"XR-85X95K","Malaysia","LCD (LED)",292,1076,3.5,"Analogue/Digital","0.5","29.0","SONY",85,1.971,377,148.1,546,"76-85in",4
"OLED83G2PSA","Indonesia","OLED",181,663,5.5,"Analogue/Digital","0.4","0.0","LG",83,1.877,232,96.4,353,"76-85in",6
"OLED83G26LA","Indonesia","OLED",181,663,5.5,"Analogue/Digital","0.4","0.0","LG",83,1.877,232,96.4,353,"76-85in",6
"XR-65A95K","Malaysia","OLED",136,507,4.5,"Analogue/Digital","0.5","31.0","SONY",65,1.148,177,118.5,442,"56-65in",4
"QA43LS05BAW","Vietnam","LCD (LED)",83,306,3,"Digital","0.5","0.0","SAMSUNG",43,0.498,107,166.7,614,"33-43in",3
"QA43LS05BBW","Vietnam","LCD (LED)",83,306,3,"Digital","0.5","0.0","SAMSUNG",43,0.498,107,166.7,614,"33-43in",3
"QA43LS05BAS","Vietnam","LCD (LED)",83,306,3,"Digital","0.5","0.0","SAMSUNG",43,0.498,107,166.7,614,"33-43in",3
"QA43LS05B**","Vietnam","LCD (LED)",83,306,3,"Digital","0.5","0.0","SAMSUNG",43,0.498,107,166.7,614,"33-43in",3
"KAQLED50XQ9610STA","China","LCD (LED)",90,331,4,"Analogue/Digital","0.4","0.0","KOGAN",49,0.675,116,133.3,490,"44-50in",4
"DG5521WOS","China","LCD",69.6,256,6,"Analogue/Digital","0.33","0.0","DGTEC",55,0.823,90,84.6,311,"51-55in",6
"AK4021S6WOS","China","LCD",35.3,131,6,"Analogue/Digital","0.33","0.0","AKAI",39,0.426,46,82.9,308,"33-43in",6
"LT-40N5115AM","China","LCD (LED)",35,151,6,"Analogue/Digital","0.37","0.517","JVC",40,0.425,53,82.4,355,"33-43in",6
"LT-55N7115AM","China","LCD (LED)",87.3,360,4.5,"Analogue/Digital","0.34","0.34","JVC",55,0.823,126,106.1,437,"51-55in",4
"55UP751C0VG","Indonesia","LCD (LED)",115,422,4,"Analogue/Digital","0.4","0.0","LG",55,0.823,148,139.7,513,"51-55in",4
"65UP751C0VG","Indonesia","LCD (LED)",145,532,4,"Analogue/Digital","0.4","0.0","LG",65,1.148,186,126.3,463,"56-65in",4
"75UP751C0VC","Indonesia","LCD (LED)",171,627,4.5,"Analogue/Digital","0.4","0.0","LG",75,1.531,219,111.7,410,"66-75in",4
"L24D6C","China","LCD",20.2,82,5,"unknown","","","CHIQ",24,0.153,29,132,536,"32in & under",5
"PL3221HDC","China","LCD",26.7,99,6,"Analogue/Digital","0.29","0.0","POLAROID",32,0.274,35,97.4,361,"32in & under",6
"K55USW","China","LCD",100.9,385,4,"Digital","0.4","0.0","EKO",55,0.823,135,122.6,468,"51-55in",4
"XR-48A90K","Malaysia","OLED",84,315,4,"Analogue/Digital","0.5","22.7","SONY",48,0.623,110,134.8,506,"44-50in",4
"KD-50X85K","Malaysia","LCD (LED)",93.6,347,4,"Analogue/Digital","0.5","12.0","SONY",49,0.675,121,138.7,514,"44-50in",4
"KD-55X85K","Malaysia","LCD (LED)",136.6,504,3,"Analogue/Digital","0.5","12.3","SONY",55,0.823,176,166,612,"51-55in",3
"KD-65X85K","Malaysia","LCD (LED)",179.5,661,3,"Analogue/Digital","0.5","12.8","SONY",65,1.148,231,156.4,576,"56-65in",3
"KD-75X85K","Malaysia","LCD (LED)",224.4,826,3.5,"Analogue/Digital","0.5","16.4","SONY",75,1.531,289,146.6,540,"66-75in",4
"KD-85X85K","Malaysia","LCD (LED)",237.7,875,4,"Analogue/Digital","0.5","17.0","SONY",85,1.971,306,120.6,444,"76-85in",4
"LT-75N7125A","China","LCD (LED)",189.3,758,4,"Analogue/Digital","0.85","0.85","JVC",74,1.522,265,124.4,498,"66-75in",4
"LT-65N7115AM","China","LCD (LED)",93,370,6,"Analogue/Digital","0.39","0.45","JVC",64,1.142,130,81.4,324,"56-65in",6
"AK8521S6WOS","China","LCD",159.1,600,6,"Digital","0.33","0.0","AKAI",85,1.971,210,80.7,304,"76-85in",6
"LT-55NQ7105AT2","China","LCD (LED)",63.94,320,5,"Analogue/Digital","","","JVC",55,0.823,112,77.7,389,"51-55in",5
"LS85UHDNF","China","LCD",159.1,600,6,"Digital","0.33","0.0","LINSAR",85,1.971,210,80.7,304,"76-85in",6
"KALED50XU9220STD","China","LCD (LED)",77,284,5,"Analogue/Digital","0.4","0.0","KOGAN",49,0.675,99,114.1,421,"44-50in",5
"KALED75XU9220STA","China","LCD (LED)",146,536,5.5,"Analogue/Digital","0.45","0.0","KOGAN",75,1.531,188,95.4,350,"66-75in",6
"KAQLED65XQ9610STB","China","LCD (LED)",156,572,4,"Analogue/Digital","0.43","0.0","KOGAN",64,1.147,200,136,499,"56-65in",4
"KALED32RH9310STA","China","LCD (LED)",28,104,6,"Analogue/Digital","0.35","0.0","KOGAN",31,0.273,36,102.6,381,"32in & under",6
"QA32LS03BBK","Vietnam","LCD (LED)",39,145,4.5,"Digital","0.5","0.0","SAMSUNG",31,0.274,51,142.3,529,"32in & under",4
"QA32LS03BBW","Vietnam","LCD (LED)",39,145,4.5,"Digital","0.5","0.0","SAMSUNG",31,0.274,51,142.3,529,"32in & under",4
"QA32LS03BBS","Vietnam","LCD (LED)",39,145,4.5,"Digital","0.5","0.0","SAMSUNG",31,0.274,51,142.3,529,"32in & under",4
"QA32LS03B**","Vietnam","LCD (LED)",39,145,4.5,"Digital","0.5","0.0","SAMSUNG",31,0.274,51,142.3,529,"32in & under",4
"KD-43X85K","Malaysia","LCD (LED)",76.9,286,3.5,"Analogue/Digital","0.5","10.5","SONY",42,0.498,100,154.4,574,"33-43in",4
"AVS240WS","China","LCD (LED)",24.01,90,4.5,"Analogue/Digital","","","AVEL INNOVATIONS",24,0.155,31,154.9,581,"32in & under",4
"55QNED85SQA","Indonesia","LCD (LED)",102,375,4.5,"Analogue/Digital","0.4","0.0","LG",55,0.823,131,123.9,456,"51-55in",4
"55QNED866QA","Indonesia","LCD (LED)",102,375,4.5,"Analogue/Digital","0.4","0.0","LG",55,0.823,131,123.9,456,"51-55in",4
"65QNED85SQA","Indonesia","LCD (LED)",132,484,4.5,"Analogue/Digital","0.4","0.0","LG",65,1.148,169,115,422,"56-65in",4
"65QNED866QA","Indonesia","LCD (LED)",132,484,4.5,"Analogue/Digital","0.4","0.0","LG",65,1.148,169,115,422,"56-65in",4
"75QNED85SQA","Indonesia","LCD (LED)",160,587,5,"Analogue/Digital","0.4","0.0","LG",75,1.531,205,104.5,383,"66-75in",5
"75QNED866QA","Indonesia","LCD (LED)",160,587,5,"Analogue/Digital","0.4","0.0","LG",75,1.531,205,104.5,383,"66-75in",5
"86QNED85SQA","Indonesia","LCD (LED)",206,754,5,"Analogue/Digital","0.4","0.0","LG",86,2.02,264,102,373,"86in+",5
"86QNED866QA","Indonesia","LCD (LED)",206,754,5,"Analogue/Digital","0.4","0.0","LG",86,2.02,264,102,373,"86in+",5
"XR-42A90K","Malaysia","OLED",68,256,4,"Analogue/Digital","0.5","22.0","SONY",42,0.476,90,142.9,538,"33-43in",4
"AVS240KS","China","LCD (LED)",24.37,91,4.5,"Analogue/Digital","","","AVEL INNOVATIONS",24,0.155,32,157.2,587,"32in & under",4
"AVS325KS","China","LCD (LED)",39.33,145,4.5,"Analogue/Digital","","","AVEL INNOVATIONS",32,0.274,51,143.5,529,"32in & under",4
"KALED58XU9230STA","China","LCD (LED)",122,448,4,"Analogue/Digital","0.4","0.0","KOGAN",57,0.916,157,133.2,489,"56-65in",4
"KALED24RH9310STA","China","LCD (LED)",18,68,6,"Analogue/Digital","0.4","0.0","KOGAN",24,0.153,24,117.6,444,"32in & under",6
"PL2421FHDC","China","LCD (LED)",18,68,6,"Analogue/Digital","0.33","0.0","POLAROID",24,0.153,24,117.6,444,"32in & under",6
"LE50GA522","China","LCD (LED)",50.6,210,6,"Analogue/Digital","","","TEAC",50,0.675,74,75,311,"44-50in",6
"LE55GA522","China","LCD (LED)",53.64,247,6,"Analogue/Digital","","","TEAC",55,0.823,86,65.2,300,"51-55in",6
"L24G5W","China","LCD (LED)",22,82,5,"unknown","0.3","0.0","CHIQ",24,0.153,29,143.8,536,"32in & under",5
"L32G5W","China","LCD (LED)",35,131,5,"unknown","0.45","0.0","CHIQ",31,0.273,46,128.2,480,"32in & under",5
"L40G5W","China","LCD (LED)",50,185,5,"unknown","0.44","0.0","CHIQ",39,0.426,65,117.4,434,"33-43in",5
"K400DVD","China","LCD",41.95,155,5.5,"Digital","0.27","0.0","EKO",40,0.426,54,98.5,364,"33-43in",6
"LT-43N7125A","China","LCD",49.98,235,4.5,"Analogue/Digital","0.365","1.365","JVC",42,0.496,82,100.8,474,"33-43in",4
"65ART90ESQA","South Korea","OLED",126,462,5,"Analogue/Digital","0.4","0.0","LG",65,1.148,162,109.8,402,"56-65in",5
"65ART90ESQB","South Korea","OLED",126,462,5,"Analogue/Digital","0.4","0.0","LG",65,1.148,162,109.8,402,"56-65in",5
"65ART90ESQC","South Korea","OLED",126,462,5,"Analogue/Digital","0.4","0.0","LG",65,1.148,162,109.8,402,"56-65in",5
"65ART90E6QA","South Korea","OLED",126,462,5,"Analogue/Digital","0.4","0.0","LG",65,1.148,162,109.8,402,"56-65in",5
"65ART90E6QB","South Korea","OLED",126,462,5,"Analogue/Digital","0.4","0.0","LG",65,1.148,162,109.8,402,"56-65in",5
"65ART90E6QC","South Korea","OLED",126,462,5,"Analogue/Digital","0.4","0.0","LG",65,1.148,162,109.8,402,"56-65in",5
"65ART90E","South Korea","OLED",126,462,5,"Analogue/Digital","0.4","0.0","LG",65,1.148,162,109.8,402,"56-65in",5
"KALED70UN8920SNA","China","LCD (LED)",182.3,667,4,"Analogue/Digital","0.3","0.0","KOGAN",70,1.338,233,136.2,499,"66-75in",4
"KALED70UN8920SNB","China","LCD (LED)",182.3,667,4,"Analogue/Digital","0.3","0.0","KOGAN",70,1.338,233,136.2,499,"66-75in",4
"KALED70UN8920SNC","China","LCD (LED)",182.3,667,4,"Analogue/Digital","0.3","0.0","KOGAN",70,1.338,233,136.2,499,"66-75in",4
"KALED70UN8920SND","China","LCD (LED)",182.3,667,4,"Analogue/Digital","0.3","0.0","KOGAN",70,1.338,233,136.2,499,"66-75in",4
"D70S218-U-T2C-S-I","China","LCD (LED)",182.3,667,4,"Analogue/Digital","0.3","0.0","KOGAN",70,1.338,233,136.2,499,"66-75in",4
"KALED70*","China","LCD (LED)",182.3,667,4,"Analogue/Digital","0.3","0.0","KOGAN",70,1.338,233,136.2,499,"66-75in",4
"KALED19PRIZC","China","LCD (LED)",15.8694,62,5,"Analogue/Digital","0.241926","0.239838","KOGAN",19,0.094,22,168.8,660,"32in & under",5
"KALED24EH6300NA","China","LCD (LED)",22.3,83,5,"Analogue/Digital","0.16","0.0","KOGAN",24,0.153,29,145.8,542,"32in & under",5
"KALED24EH6300NB","China","LCD (LED)",22.3,83,5,"Analogue/Digital","0.16","0.0","KOGAN",24,0.153,29,145.8,542,"32in & under",5
"KALED24EH6300NC","China","LCD (LED)",22.3,83,5,"Analogue/Digital","0.16","0.0","KOGAN",24,0.153,29,145.8,542,"32in & under",5
"KALED24EH6300ND","China","LCD (LED)",22.3,83,5,"Analogue/Digital","0.16","0.0","KOGAN",24,0.153,29,145.8,542,"32in & under",5
"D236GD064C-T2C","China","LCD (LED)",22.3,83,5,"Analogue/Digital","0.16","0.0","KOGAN",24,0.153,29,145.8,542,"32in & under",5
"KALED24*","China","LCD (LED)",22.3,83,5,"Analogue/Digital","0.16","0.0","KOGAN",24,0.153,29,145.8,542,"32in & under",5
"ATV50UHDW-0422","China","LCD",59.7,220,6,"Analogue/Digital","0.33","0.0","BAUHN",49,0.675,77,88.4,326,"44-50in",6
"LS50UHDNF","China","LCD",59.7,220,6,"Analogue/Digital","0.33","0.0","LINSAR",49,0.675,77,88.4,326,"44-50in",6
"QA65S95BAW","Mexico","LCD (LED)",155,569,4,"Digital","0.5","0.0","SAMSUNG",65,1.148,199,135,496,"56-65in",4
"QA65S95BAS","Mexico","LCD (LED)",155,569,4,"Digital","0.5","0.0","SAMSUNG",65,1.148,199,135,496,"56-65in",4
"QA65S95BA*","Mexico","LCD (LED)",155,569,4,"Digital","0.5","0.0","SAMSUNG",65,1.148,199,135,496,"56-65in",4
"K43FSG11","China","LCD (LED)",51.8,216,5,"Analogue/Digital","","","EKO",42,0.498,76,104,434,"33-43in",5
"BP320HSG9700","China","LCD (LED)",34.4,151,4,"Analogue/Digital","","","BLAUPUNKT",32,0.274,53,125.5,551,"32in & under",4
"BP400FSG9700","China","LCD (LED)",32.8,141,6,"Analogue/Digital","","","BLAUPUNKT",39,0.426,49,77,331,"33-43in",6
"QA55S95BA*","Mexico","LCD (LED)",142,521,3,"Digital","0.5","0.0","SAMSUNG",55,0.823,182,172.5,633,"51-55in",3
"QA55S95BAS","Mexico","LCD (LED)",142,521,3,"Digital","0.5","0.0","SAMSUNG",55,0.823,182,172.5,633,"51-55in",3
"QA55S95BAW","Mexico","LCD (LED)",142,521,3,"Digital","0.5","0.0","SAMSUNG",55,0.823,182,172.5,633,"51-55in",3
"LS24C12V","China","LCD",15.85,67,6,"Analogue/Digital","0.27","0.0","LINSAR",24,0.165,23,96.1,406,"32in & under",6
"Prison TV","China","LCD (LED)",16.1569,60,5,"Analogue/Digital","0.07","0.0","LSP TV",19,0.1,21,161.6,600,"32in & under",5
"L40G7P","China","LCD (LED)",51,189,5,"unknown","0.4","0.0","CHIQ",39,0.426,66,119.7,444,"33-43in",5
"U43G7P","China","LCD (LED)",65,240,4.5,"unknown","0.4","0.0","CHIQ",42,0.497,84,130.8,483,"33-43in",4
"U65G7P","China","LCD (LED)",138,506,4.5,"unknown","0.4","0.0","CHIQ",64,1.147,177,120.3,441,"56-65in",4
"Q55 PRO QE","China","LCD (LED)",102.1,424,4,"Analogue/Digital","0.461","0.583","PRISM+",55,0.822,148,124.2,516,"51-55in",4
"65PUT8507/79","China","LCD (LED)",116.25,469,4.5,"Analogue/Digital","0.33","0.0","PHILIPS",65,1.148,164,101.3,409,"56-65in",4
"65PUT8507/75","China","LCD (LED)",116.25,469,4.5,"Analogue/Digital","0.33","0.0","PHILIPS",65,1.148,164,101.3,409,"56-65in",4
"50PUT8507/79","China","LCD (LED)",81.32,329,4,"Analogue/Digital","0.38","0.0","PHILIPS",49,0.675,115,120.5,487,"44-50in",4
"50PUT8507/75","China","LCD (LED)",81.32,329,4,"Analogue/Digital","0.38","0.0","PHILIPS",49,0.675,115,120.5,487,"44-50in",4
"75C350LP","China","LCD (LED)",114.36,489,6,"Analogue/Digital","0.33","0.0","TOSHIBA",75,1.531,171,74.7,319,"66-75in",6
"W32D120GE","Bangladesh","LCD (LED)",29.57,115,5.5,"Digital","","","WALTON",32,0.274,40,107.9,420,"32in & under",6
"W32D120G","Bangladesh","LCD (LED)",29.57,115,5.5,"Digital","","","WALTON",32,0.274,40,107.9,420,"32in & under",6
"W32D120GAU","Bangladesh","LCD (LED)",29.57,115,5.5,"Digital","","","WALTON",32,0.274,40,107.9,420,"32in & under",6
"W32D120G_AU","Bangladesh","LCD (LED)",29.57,115,5.5,"Digital","","","WALTON",32,0.274,40,107.9,420,"32in & under",6
"32D120G","Bangladesh","LCD (LED)",29.57,115,5.5,"Digital","","","WALTON",32,0.274,40,107.9,420,"32in & under",6
"32D120GAU","Bangladesh","LCD (LED)",29.57,115,5.5,"Digital","","","WALTON",32,0.274,40,107.9,420,"32in & under",6
"32D120G_AU","Bangladesh","LCD (LED)",29.57,115,5.5,"Digital","","","WALTON",32,0.274,40,107.9,420,"32in & under",6
"WD40RGE","Bangladesh","LCD (LED)",35.18,135,6,"Digital","","","WALTON",40,0.426,47,82.6,317,"33-43in",6
"WD40RG","Bangladesh","LCD (LED)",35.18,135,6,"Digital","","","WALTON",40,0.426,47,82.6,317,"33-43in",6
"WD40RGAU","Bangladesh","LCD (LED)",35.18,135,6,"Digital","","","WALTON",40,0.426,47,82.6,317,"33-43in",6
"WD40RG_AU","Bangladesh","LCD (LED)",35.18,135,6,"Digital","","","WALTON",40,0.426,47,82.6,317,"33-43in",6
"40RG","Bangladesh","LCD (LED)",35.18,135,6,"Digital","","","WALTON",40,0.426,47,82.6,317,"33-43in",6
"40RGAU","Bangladesh","LCD (LED)",35.18,135,6,"Digital","","","WALTON",40,0.426,47,82.6,317,"33-43in",6
"40RG_AU","Bangladesh","LCD (LED)",35.18,135,6,"Digital","","","WALTON",40,0.426,47,82.6,317,"33-43in",6
"W43D210GE","Bangladesh","LCD (LED)",35.97,138,7,"Digital","","","WALTON",43,0.498,48,72.2,277,"33-43in",7
"W43D210G","Bangladesh","LCD (LED)",35.97,138,7,"Digital","","","WALTON",43,0.498,48,72.2,277,"33-43in",7
"W43D210GAU","Bangladesh","LCD (LED)",35.97,138,7,"Digital","","","WALTON",43,0.498,48,72.2,277,"33-43in",7
"W43D210G_AU","Bangladesh","LCD (LED)",35.97,138,7,"Digital","","","WALTON",43,0.498,48,72.2,277,"33-43in",7
"43D210G","Bangladesh","LCD (LED)",35.97,138,7,"Digital","","","WALTON",43,0.498,48,72.2,277,"33-43in",7
"43D210GAU","Bangladesh","LCD (LED)",35.97,138,7,"Digital","","","WALTON",43,0.498,48,72.2,277,"33-43in",7
"43D210G_AU","Bangladesh","LCD (LED)",35.97,138,7,"Digital","","","WALTON",43,0.498,48,72.2,277,"33-43in",7
"BP750USG9300","China","LCD",188.97,692,4,"Digital","0.36","0.0","BLAUPUNKT",75,1.531,242,123.4,452,"66-75in",4
"K55DVAQ","China","LCD",76.044,380,4.5,"Digital","0.383","0.383","EKO",55,0.82,133,92.7,463,"51-55in",4
"K32FSG11","China","LCD",31.814,130,5,"Digital","0.251","0.251","EKO",31,0.272,46,117,478,"32in & under",5
"BP550USG9800","China","LCD",93.324,380,4.5,"Digital","0.375","0.375","BLAUPUNKT",55,0.823,133,113.4,462,"51-55in",4
"50A6HAU","China","LCD (LED)",59.47,254,5.5,"Analogue/Digital","0.32","0.0","HISENSE",50,0.675,89,88.1,376,"44-50in",6
"K65DVAQ","China","LCD",198,725,3,"Analogue/Digital","0.367","0.367","EKO",64,1.143,254,173.2,634,"56-65in",3
"HG50BU800AW","Vietnam","LCD (LED)",94,346,4,"Digital","0.5","0.0","SAMSUNG",49,0.675,121,139.3,513,"44-50in",4
"HG55BU800AW","Vietnam","LCD (LED)",113,416,4,"Digital","0.5","0.0","SAMSUNG",55,0.823,146,137.3,505,"51-55in",4
"55PUT8507/79","China","LCD (LED)",94.43,381,4.5,"Analogue/Digital","0.38","0.0","PHILIPS",55,0.823,133,114.7,463,"51-55in",4
"55PUT8507/75","China","LCD (LED)",94.43,381,4.5,"Analogue/Digital","0.38","0.0","PHILIPS",55,0.823,133,114.7,463,"51-55in",4
"HG43BU800AW","Vietnam","LCD (LED)",73,270,4,"Digital","0.5","0.0","SAMSUNG",43,0.498,94,146.6,542,"33-43in",4
"HG65BU800AW","Vietnam","LCD (LED)",119,437,5,"Digital","0.5","0.0","SAMSUNG",65,1.148,153,103.7,381,"56-65in",5
"HG75BU800AW","Vietnam","LCD (LED)",157,576,5,"Digital","0.5","0.0","SAMSUNG",75,1.532,202,102.5,376,"66-75in",5
"58A6HAU","China","LCD (LED)",79.33,335,5.5,"Analogue/Digital","0.32","0.0","HISENSE",58,0.916,117,86.6,366,"56-65in",6
"43C350LP","China","LCD (LED)",51.12,214,5,"Analogue/Digital","0.38","0.0","TOSHIBA",43,0.498,75,102.7,430,"33-43in",5
"50C350LP","China","LCD (LED)",67.75,269,5,"Analogue/Digital","0.33","0.0","TOSHIBA",50,0.675,94,100.4,399,"44-50in",5
"55C350LP","China","LCD (LED)",63.89,269,6,"Analogue/Digital","0.347","0.0","TOSHIBA",55,0.823,94,77.6,327,"51-55in",6
"65C350LP","China","LCD (LED)",82.49,333,6,"Analogue/Digital","0.297","0.0","TOSHIBA",65,1.148,117,71.9,290,"56-65in",6
"50PUT8217/79","China","LCD (LED)",61.3,248,5.5,"Analogue/Digital","0.4","0.0","PHILIPS",49,0.675,87,90.8,367,"44-50in",6
"50PUT8217/75","China","LCD (LED)",61.3,248,5.5,"Analogue/Digital","0.4","0.0","PHILIPS",49,0.675,87,90.8,367,"44-50in",6
"75PUT8507/79","China","LCD (LED)",127.69,537,5.5,"Analogue/Digital","0.31","0.0","PHILIPS",75,1.531,188,83.4,351,"66-75in",6
"75PUT8507/75","China","LCD (LED)",127.69,537,5.5,"Analogue/Digital","0.31","0.0","PHILIPS",75,1.531,188,83.4,351,"66-75in",6
"55PUT8217/79","China","LCD (LED)",72.57,293,5.5,"Analogue/Digital","0.38","0.0","PHILIPS",55,0.823,103,88.2,356,"51-55in",6
"55PUT8217/75","China","LCD (LED)",72.57,293,5.5,"Analogue/Digital","0.38","0.0","PHILIPS",55,0.823,103,88.2,356,"51-55in",6
"43UQ751C0LF","Indonesia","LCD (LED)",77,284,3.5,"Analogue/Digital","0.4","0.0","LG",43,0.498,99,154.6,570,"33-43in",4
"50UQ751C0LF","Indonesia","LCD (LED)",93,342,4,"Analogue/Digital","0.4","0.0","LG",49,0.675,120,137.8,507,"44-50in",4
"55UQ751C0LF","Indonesia","LCD (LED)",114,419,4,"Analogue/Digital","0.4","0.0","LG",55,0.823,147,138.5,509,"51-55in",4
"65UQ751C0LF","Indonesia","LCD (LED)",145,532,4,"Analogue/Digital","0.4","0.0","LG",65,1.148,186,126.3,463,"56-65in",4
"75UQ801C0LB","Indonesia","LCD (LED)",165,605,5,"Analogue/Digital","0.4","0.0","LG",75,1.531,212,107.8,395,"66-75in",5
"42LX1Q6LA","Indonesia,South Korea","OLED",63,232,4.5,"Analogue/Digital","0.4","0.0","LG",42,0.476,81,132.4,487,"33-43in",4
"42LX1QPSA","Indonesia,South Korea","OLED",63,232,4.5,"Analogue/Digital","0.4","0.0","LG",42,0.476,81,132.4,487,"33-43in",4
"48LX1Q6LA","Indonesia,South Korea","OLED",77,284,4.5,"Analogue/Digital","0.4","0.0","LG",48,0.623,99,123.6,456,"44-50in",4
"48LX1QPSA","Indonesia,South Korea","OLED",77,284,4.5,"Analogue/Digital","0.4","0.0","LG",48,0.623,99,123.6,456,"44-50in",4
"55LX1Q6LA","Indonesia,South Korea","OLED",95,349,4.5,"Analogue/Digital","0.4","0.0","LG",55,0.823,122,115.4,424,"51-55in",4
"55LX1QPSA","Indonesia,South Korea","OLED",95,349,4.5,"Analogue/Digital","0.4","0.0","LG",55,0.823,122,115.4,424,"51-55in",4
"LE-24T1","China","LCD (LED)",16.3,70,5.5,"Analogue/Digital","0.31","0.0","CAIXUN",24,0.153,24,106.5,458,"32in & under",6
"LE-24T2","China","LCD (LED)",16.3,70,5.5,"Analogue/Digital","0.31","0.0","CAIXUN",24,0.153,24,106.5,458,"32in & under",6
"LE-24T3","China","LCD (LED)",16.3,70,5.5,"Analogue/Digital","0.31","0.0","CAIXUN",24,0.153,24,106.5,458,"32in & under",6
"LE-24V1","China","LCD (LED)",16.3,70,5.5,"Analogue/Digital","0.31","0.0","CAIXUN",24,0.153,24,106.5,458,"32in & under",6
"LE-24V2","China","LCD (LED)",16.3,70,5.5,"Analogue/Digital","0.31","0.0","CAIXUN",24,0.153,24,106.5,458,"32in & under",6
"LE-24V3","China","LCD (LED)",16.3,70,5.5,"Analogue/Digital","0.31","0.0","CAIXUN",24,0.153,24,106.5,458,"32in & under",6
"Q65 PRO QE","China","LCD (LED)",93.43,400,5.5,"Analogue/Digital","0.41","0.54","PRISM+",65,1.148,140,81.4,348,"56-65in",6
"KALED50XU9220STE","China","LCD (LED)",77,284,5,"Analogue/Digital","0.4","0.0","KOGAN",49,0.675,99,114.1,421,"44-50in",5
"PL3222HDG","China","LCD",23.798,103,6,"Digital","0.253","0.253","POLAROID",32,0.28,36,85,368,"32in & under",6
"LE32GA322","China","LCD (LED)",25.8,110,5.5,"Analogue/Digital","0.31","0.0","TEAC",31,0.273,38,94.5,403,"32in & under",6
"LE-39T1","China","LCD (LED)",32,138,6,"Analogue/Digital","0.31","0.0","CAIXUN",38,0.402,48,79.6,343,"33-43in",6
"LE-39T2","China","LCD (LED)",32,138,6,"Analogue/Digital","0.31","0.0","CAIXUN",38,0.402,48,79.6,343,"33-43in",6
"LE-39T3","China","LCD (LED)",32,138,6,"Analogue/Digital","0.31","0.0","CAIXUN",38,0.402,48,79.6,343,"33-43in",6
"LE-39V1","China","LCD (LED)",32,138,6,"Analogue/Digital","0.31","0.0","CAIXUN",38,0.402,48,79.6,343,"33-43in",6
"LE-39V2","China","LCD (LED)",32,138,6,"Analogue/Digital","0.31","0.0","CAIXUN",38,0.402,48,79.6,343,"33-43in",6
"LE-39V3","China","LCD (LED)",32,138,6,"Analogue/Digital","0.31","0.0","CAIXUN",38,0.402,48,79.6,343,"33-43in",6
"50UR765H0VC","Indonesia","LCD (LED)",78,287,4.5,"Analogue/Digital","0.4","0.0","LG",49,0.675,100,115.6,425,"44-50in",4
"55UR765H0VC","Indonesia","LCD (LED)",80,295,5.5,"Analogue/Digital","0.4","0.0","LG",55,0.823,103,97.2,358,"51-55in",6
"65UR765H0VC","Indonesia","LCD (LED)",115,422,5,"Analogue/Digital","0.4","0.0","LG",65,1.148,148,100.2,368,"56-65in",5
"75UR765H0VC","Indonesia","LCD (LED)",140,514,5.5,"Analogue/Digital","0.4","0.0","LG",75,1.531,180,91.4,336,"66-75in",6
"LE-42T1","China","LCD (LED)",38.3,159,6,"Analogue/Digital","0.34","0.0","CAIXUN",41,0.468,56,81.8,340,"33-43in",6
"LE-42T2","China","LCD (LED)",38.3,159,6,"Analogue/Digital","0.34","0.0","CAIXUN",41,0.468,56,81.8,340,"33-43in",6
"LE-42T3","China","LCD (LED)",38.3,159,6,"Analogue/Digital","0.34","0.0","CAIXUN",41,0.468,56,81.8,340,"33-43in",6
"LE-42V1","China","LCD (LED)",38.3,159,6,"Analogue/Digital","0.34","0.0","CAIXUN",41,0.468,56,81.8,340,"33-43in",6
"LE-42V2","China","LCD (LED)",38.3,159,6,"Analogue/Digital","0.34","0.0","CAIXUN",41,0.468,56,81.8,340,"33-43in",6
"LE-42V3","China","LCD (LED)",38.3,159,6,"Analogue/Digital","0.34","0.0","CAIXUN",41,0.468,56,81.8,340,"33-43in",6
"LE-43T1","China","LCD (LED)",39.5,162,6,"Analogue/Digital","0.34","0.0","CAIXUN",42,0.498,57,79.3,325,"33-43in",6
"LE-43T2","China","LCD (LED)",39.5,162,6,"Analogue/Digital","0.34","0.0","CAIXUN",42,0.498,57,79.3,325,"33-43in",6
"LE-43T3","China","LCD (LED)",39.5,162,6,"Analogue/Digital","0.34","0.0","CAIXUN",42,0.498,57,79.3,325,"33-43in",6
"LE-43V1","China","LCD (LED)",39.5,162,6,"Analogue/Digital","0.34","0.0","CAIXUN",42,0.498,57,79.3,325,"33-43in",6
"LE-43V2","China","LCD (LED)",39.5,162,6,"Analogue/Digital","0.34","0.0","CAIXUN",42,0.498,57,79.3,325,"33-43in",6
"LE-43V3","China","LCD (LED)",39.5,162,6,"Analogue/Digital","0.34","0.0","CAIXUN",42,0.498,57,79.3,325,"33-43in",6
"65C935","China","LCD (LED)",171.2,689,3,"Analogue/Digital","0.299","0.0","TCL",64,1.147,241,149.3,601,"56-65in",3
"75C935","China","LCD (LED)",201,810,3.5,"Analogue/Digital","0.398","0.0","TCL",75,1.531,284,131.3,529,"66-75in",4
"ATV75UHDW-0622","China","LCD (LED)",127.7,469,6,"Analogue/Digital","0.51","0.0","BAUHN",75,1.531,164,83.4,306,"66-75in",6
"BP650USG9700","China","LCD (LED)",109,400,5.5,"Analogue/Digital","","","BLAUPUNKT",65,1.148,140,94.9,348,"56-65in",6
"BP860USG9700","China","LCD (LED)",270,988,4,"Analogue/Digital","","","BLAUPUNKT",86,2.02,346,133.7,489,"86in+",4
"BP550USG9700","China","LCD (LED)",91,335,5,"Analogue/Digital","","","BLAUPUNKT",55,0.823,117,110.6,407,"51-55in",5
"BP420FSG9700","China","LCD (LED)",43.9,163,6,"Analogue/Digital","","","BLAUPUNKT",41,0.468,57,93.8,348,"33-43in",6
"55U7HAU","China","LCD (LED)",92.3,380,4.5,"Analogue/Digital","0.33","0.0","HISENSE",55,0.823,133,112.2,462,"51-55in",4
"55U7HNZ","China","LCD (LED)",92.3,380,4.5,"Analogue/Digital","0.33","0.0","HISENSE",55,0.823,133,112.2,462,"51-55in",4
"65U7HAU","China","LCD (LED)",115.68,464,5,"Analogue/Digital","0.324","0.0","HISENSE",65,1.148,162,100.8,404,"56-65in",5
"65U7HNZ","China","LCD (LED)",115.68,464,5,"Analogue/Digital","0.324","0.0","HISENSE",65,1.148,162,100.8,404,"56-65in",5
"75U7HAU","China","LCD (LED)",148.69,599,5,"Analogue/Digital","0.356","0.0","HISENSE",75,1.531,210,97.1,391,"66-75in",5
"75U7HNZ","China","LCD (LED)",148.69,599,5,"Analogue/Digital","0.356","0.0","HISENSE",75,1.531,210,97.1,391,"66-75in",5
"85U7HAU","China","LCD (LED)",214.94,868,4.5,"Analogue/Digital","0.251","0.0","HISENSE",85,1.971,304,109.1,440,"76-85in",4
"85U7HNZ","China","LCD (LED)",214.94,868,4.5,"Analogue/Digital","0.251","0.0","HISENSE",85,1.971,304,109.1,440,"76-85in",4
"32A4HAU","China","LCD (LED)",25.32,104,6,"Analogue/Digital","0.31","0.0","HISENSE",32,0.274,36,92.4,380,"32in & under",6
"QA98QN100BW","Vietnam","LCD (LED)",438,1602,3,"Digital","0.5","0.0","SAMSUNG",98,2.622,561,167,611,"86in+",3
"QA98QN100BS","Vietnam","LCD (LED)",438,1602,3,"Digital","0.5","0.0","SAMSUNG",98,2.622,561,167,611,"86in+",3
"QA98QN100B*","Vietnam","LCD (LED)",438,1602,3,"Digital","0.5","0.0","SAMSUNG",98,2.622,561,167,611,"86in+",3
"55U7H series","China","LCD (LED)",92.3,380,4.5,"Analogue/Digital","0.33","0.0","HISENSE",55,0.823,133,112.2,462,"51-55in",4
"65U7H series","China","LCD (LED)",115.68,464,5,"Analogue/Digital","0.324","0.0","HISENSE",65,1.148,162,100.8,404,"56-65in",5
"75U7H series","China","LCD (LED)",148.69,599,5,"Analogue/Digital","0.356","0.0","HISENSE",75,1.531,210,97.1,391,"66-75in",5
"85U7H series","China","LCD (LED)",214.94,868,4.5,"Analogue/Digital","0.251","0.0","HISENSE",85,1.971,304,109.1,440,"76-85in",4
"HG43Q60BAAW","Vietnam","LCD (LED)",70,259,4,"Digital","0.5","0.0","SAMSUNG",43,0.498,91,140.6,520,"33-43in",4
"HG50Q60BAAW","Vietnam","LCD (LED)",80,295,4.5,"Digital","0.5","0.0","SAMSUNG",49,0.675,103,118.5,437,"44-50in",4
"HG55Q60BAAW","Vietnam","LCD (LED)",87,321,5,"Digital","0.5","0.0","SAMSUNG",55,0.823,112,105.7,390,"51-55in",5
"HG65Q60BAAW","Vietnam","LCD (LED)",117,430,5,"Digital","0.5","0.0","SAMSUNG",65,1.148,150,101.9,375,"56-65in",5
"HG75Q60BAAW","Vietnam","LCD (LED)",183,671,4.5,"Digital","0.5","0.0","SAMSUNG",75,1.532,235,119.5,438,"66-75in",4
"ATV40FHDG-1122","China","LCD (LED)",40,148,6,"Analogue/Digital","0.35","0.0","BAUHN",39,0.426,52,93.9,347,"33-43in",6
"ATV40FHDG-0822","China","LCD (LED)",40,148,6,"Analogue/Digital","0.35","0.0","BAUHN",39,0.426,52,93.9,347,"33-43in",6
"LE-40T1","China","LCD (LED)",34.7106,151,6,"Analogue/Digital","0.274308","0.270016","KOGAN",40,0.426,53,81.5,354,"33-43in",6
"KALED40GF7600VA","China","LCD (LED)",34.7106,151,6,"Analogue/Digital","0.274308","0.270016","KOGAN",40,0.426,53,81.5,354,"33-43in",6
"OLED55CS6LA","Indonesia,South Korea","OLED",102,375,4.5,"Analogue/Digital","0.4","0.0","LG",55,0.823,131,123.9,456,"51-55in",4
"OLED55CSPSA","Indonesia,South Korea","OLED",102,375,4.5,"Analogue/Digital","0.4","0.0","LG",55,0.823,131,123.9,456,"51-55in",4
"OLED65CS6LA","Indonesia,South Korea","OLED",126,462,5,"Analogue/Digital","0.4","0.0","LG",65,1.148,162,109.8,402,"56-65in",5
"OLED65CSPSA","Indonesia,South Korea","OLED",126,462,5,"Analogue/Digital","0.4","0.0","LG",65,1.148,162,109.8,402,"56-65in",5
"OLED77CS6LA","Indonesia,South Korea","OLED",156,572,5.5,"Analogue/Digital","0.4","0.0","LG",77,1.62,200,96.3,353,"76-85in",6
"OLED77CSPSA","Indonesia,South Korea","OLED",156,572,5.5,"Analogue/Digital","0.4","0.0","LG",77,1.62,200,96.3,353,"76-85in",6
"42LX3Q6LA","Indonesia,South Korea","OLED",63,232,4.5,"Analogue/Digital","0.4","0.0","LG",42,0.476,81,132.4,487,"33-43in",4
"42LX3QPSA","Indonesia,South Korea","OLED",63,232,4.5,"Analogue/Digital","0.4","0.0","LG",42,0.476,81,132.4,487,"33-43in",4
"50QNED7SSQA","Indonesia,South Korea","LCD (LED)",73,269,5,"Analogue/Digital","0.4","0.0","LG",49,0.675,94,108.1,399,"44-50in",5
"55QNED7SSQA","Indonesia,South Korea","LCD (LED)",94,346,4.5,"Analogue/Digital","0.4","0.0","LG",55,0.823,121,114.2,420,"51-55in",4
"65QNED7SSQA","Indonesia,South Korea","LCD (LED)",114,419,5,"Analogue/Digital","0.4","0.0","LG",65,1.148,147,99.3,365,"56-65in",5
"75QNED7SSQA","Indonesia,South Korea","LCD (LED)",130,477,6,"Analogue/Digital","0.4","0.0","LG",75,1.531,167,84.9,312,"66-75in",6
"K32DVD","China","LCD",35.2,131,5,"Analogue/Digital","0.36","0.0","EKO",32,0.274,46,128.5,478,"32in & under",5
"SMT-U50T1","China","LCD (LED)",50.6,210,6,"Analogue/Digital","","","SMARTTECH",50,0.675,74,75,311,"44-50in",6
"SMT-U55T1","China","LCD (LED)",53.64,247,6,"Analogue/Digital","","","SMARTTECH",55,0.823,86,65.2,300,"51-55in",6
"SMT-U65T1","China","LCD (LED)",99.95,386,5.5,"Analogue/Digital","0.35","0.49","SMARTTECH",65,1.148,135,87.1,336,"56-65in",6
"LE-32T1","China","LCD (LED)",26.4498,110,5.5,"Analogue/Digital","0.22998","0.2448","KOGAN",32,0.274,38,96.5,401,"32in & under",6
"KALED32QH6200VA","China","LCD (LED)",26.4498,110,5.5,"Analogue/Digital","0.22998","0.2448","KOGAN",32,0.274,38,96.5,401,"32in & under",6
"LE-24T1","China","LCD (LED)",17.1498,70,5.5,"Analogue/Digital","0.22998","0.22002","KOGAN",24,0.153,24,112.1,458,"32in & under",6
"KALED24DH5200VA","China","LCD (LED)",17.1498,70,5.5,"Analogue/Digital","0.22998","0.22002","KOGAN",24,0.153,24,112.1,458,"32in & under",6
"OLED97G2PSA","Indonesia,South Korea","OLED",219,802,6,"Analogue/Digital","0.4","0.0","LG",97,2.568,281,85.3,312,"86in+",6
"OLED97G26LA","Indonesia,South Korea","OLED",219,802,6,"Analogue/Digital","0.4","0.0","LG",97,2.568,281,85.3,312,"86in+",6
"S8LED185","China","LCD (LED)",17.74,67,4.5,"Digital","","","SPHERE",19,0.094,23,188.7,713,"32in & under",4
"S8LED185S","China","LCD (LED)",17.74,67,4.5,"Digital","","","SPHERE",19,0.094,23,188.7,713,"32in & under",4
"S8LED215","China","LCD (LED)",24.81,93,4,"Digital","","","SPHERE",22,0.128,33,193.8,727,"32in & under",4
"S8LED215S","China","LCD (LED)",24.81,93,4,"Digital","","","SPHERE",22,0.128,33,193.8,727,"32in & under",4
"S8LED238","China","LCD (LED)",26.67,100,4,"Digital","","","SPHERE",24,0.156,35,171,641,"32in & under",4
"S8LED238S","China","LCD (LED)",26.67,100,4,"Digital","","","SPHERE",24,0.156,35,171,641,"32in & under",4
"ATV70UHDT-1022","China","LCD",97.8,420,6,"Analogue/Digital","0.32","0.0","BAUHN",70,1.312,147,74.5,320,"66-75in",6
"55U8HAU","China","LCD (LED)",115.84,476,3.5,"Analogue/Digital","0.27","0.0","HISENSE",55,0.823,167,140.8,578,"51-55in",4
"55U8HNZ","China","LCD (LED)",115.84,476,3.5,"Analogue/Digital","0.27","0.0","HISENSE",55,0.823,167,140.8,578,"51-55in",4
"65U8HAU","China","LCD (LED)",159.55,638,3.5,"Analogue/Digital","0.305","0.0","HISENSE",65,1.148,223,139,556,"56-65in",4
"65U8HNZ","China","LCD (LED)",159.55,638,3.5,"Analogue/Digital","0.305","0.0","HISENSE",65,1.148,223,139,556,"56-65in",4
"SMT-H32T1","China","LCD (LED)",25.8,110,5.5,"Analogue/Digital","0.31","0.0","SMARTTECH",31,0.273,38,94.5,403,"32in & under",6
"SMT-F40T1","China","LCD (LED)",35.9,151,6,"Analogue/Digital","0.34","0.0","SMARTTECH",39,0.426,53,84.3,354,"33-43in",6
"S8LED215 series","China","LCD (LED)",24.81,93,4,"Digital","","","SPHERE",22,0.128,33,193.8,727,"32in & under",4
"EA2277","China","LCD (LED)",98.268,378,4.5,"Analogue/Digital","0.31776","0.317814","SIGNIFY",55,0.823,132,119.4,459,"51-55in",4
"AV-H323115A11","China","LCD",31.9,118,5.5,"Analogue/Digital","0.251","0.251","JVC",32,0.277,41,115.2,426,"32in & under",6
"LT-32N3115A11","China","LCD",31.9,118,5.5,"Analogue/Digital","0.251","0.251","JVC",32,0.277,41,115.2,426,"32in & under",6
"55U8H series","China","LCD (LED)",115.84,476,3.5,"Analogue/Digital","0.27","0.0","HISENSE",55,0.823,167,140.8,578,"51-55in",4
"NA","China","LCD",31.9,118,5.5,"Analogue/Digital","0.251","0.251","JVC",32,0.277,41,115.2,426,"32in & under",6
"LT-40N5115A11","China","LCD",36.7,186,5,"Analogue/Digital","0.25","0.25","JVC",40,0.429,65,85.5,434,"33-43in",5
"AV-H657115A11","China","LCD",124.968,512,4.5,"Analogue/Digital","0.34","0.34","JVC",64,1.14,179,109.6,449,"56-65in",4
"LT-65N7115A11","China","LCD",124.968,512,4.5,"Analogue/Digital","0.34","0.34","JVC",64,1.14,179,109.6,449,"56-65in",4
"AV-H557135A11","China","LCD",102,375,4.5,"Analogue/Digital","0.378","0.378","JVC",54,0.821,131,124.2,457,"51-55in",4
"LT-55N7115A11","China","LCD",102,375,4.5,"Analogue/Digital","0.378","0.378","JVC",54,0.821,131,124.2,457,"51-55in",4
"AV-H437115A11","China","LCD",73,269,4,"Analogue/Digital","0.312","0.312","JVC",42,0.498,94,146.6,540,"33-43in",4
"SC32HSG","China","LCD (LED)",34.4,151,4,"Analogue/Digital","","","SVISION",32,0.274,53,125.5,551,"32in & under",4
"65U8H series","China","LCD (LED)",159.55,638,3.5,"Analogue/Digital","0.305","0.0","HISENSE",65,1.148,223,139,556,"56-65in",4
"LS98UHDNF","China","LCD",214.416,823,6,"Analogue/Digital","0.307698","0.0","LINSAR",98,2.622,288,81.8,314,"86in+",6
"K320HSG","China","LCD",31.9,118,5.5,"Analogue/Digital","0.251","0.251","EKO",32,0.277,41,115.2,426,"32in & under",6
"L32D6C","China","LCD (LED)",30,112,5.5,"unknown","0.3","0.0","CHIQ",31,0.273,39,109.9,410,"32in & under",6
"KALED55RT9230SVA","China","LCD (LED)",53.64,247,6,"Analogue/Digital","","","KOGAN",55,0.823,86,65.2,300,"51-55in",6
"55AN960H0SD","Indonesia,Egypt","OLED",70,258,6,"Analogue/Digital","0.4","0.0","LG",55,0.823,90,85.1,313,"51-55in",6
"65AN960H0SD","Egypt,Indonesia","OLED",87,320,6,"Analogue/Digital","0.4","0.0","LG",65,1.148,112,75.8,279,"56-65in",6
"LED40X70","China","LCD (LED)",36.27,140,6,"Analogue/Digital","","","ENGLAON",40,0.431,49,84.2,325,"33-43in",6
"LED40X90","China","LCD (LED)",36.27,140,6,"Analogue/Digital","","","ENGLAON",40,0.431,49,84.2,325,"33-43in",6
"Smart LED TV","China","LCD (LED)",36.27,140,6,"Analogue/Digital","","","ENGLAON",40,0.431,49,84.2,325,"33-43in",6
"BP750USG9700","China","LCD",221.6,811,3.5,"Analogue/Digital","0.392","0.0","BLAUPUNKT",74,1.52,284,145.8,534,"66-75in",4
"75U80HAU","China","LCD (LED)",243.11,955,3,"Analogue/Digital","0.336","0.0","HISENSE",75,1.531,334,158.8,624,"66-75in",3
"55X8HAU","China","OLED",78.58,319,5,"Analogue/Digital","0.298","0.0","HISENSE",55,0.823,112,95.5,388,"51-55in",5
"65X8HAU","China","OLED",92.33,369,6,"Analogue/Digital","0.309","0.0","HISENSE",65,1.148,129,80.4,321,"56-65in",6
"65U9HAU","China","LCD (LED)",168.67,649,3.5,"Analogue/Digital","0.387","0.0","HISENSE",65,1.148,227,146.9,565,"56-65in",4
"65X9HAU","China","OLED",108.3,459,5,"Analogue/Digital","0.314","0.0","HISENSE",65,1.148,161,94.3,400,"56-65in",5
"98U7HNZ","China","LCD (LED)",256.93,1028,5,"Analogue/Digital","0.296","0.0","HISENSE",98,2.622,360,98,392,"86in+",5
"98U7HAU","China","LCD (LED)",256.93,1028,5,"Analogue/Digital","0.296","0.0","HISENSE",98,2.622,360,98,392,"86in+",5
"98U7H series","China","LCD (LED)",256.93,1028,5,"Analogue/Digital","0.296","0.0","HISENSE",98,2.622,360,98,392,"86in+",5
"BP85WOS","China","LCD",203.32,743,5,"Analogue/Digital","0.12","0.12","BLAUPUNKT",85,1.971,260,103.2,377,"76-85in",5
"LS82UHDNF2","China","LCD",170.6,630,5.5,"Analogue/Digital","0.36","0.0","LINSAR",82,1.835,220,93,343,"76-85in",6
"LED32X70","China","LCD (LED)",38.46,148,4.5,"Analogue/Digital","","","ENGLAON",32,0.28,52,137.4,529,"32in & under",4
"LED32X90","China","LCD (LED)",38.46,148,4.5,"Analogue/Digital","","","ENGLAON",32,0.28,52,137.4,529,"32in & under",4
"FDFD24D4D","China","LCD",31.98,120,3.5,"Digital","","","FURRION",24,0.156,42,205,769,"32in & under",4
"KAOLED55X2SKA","China,Indonesia","OLED",90.1,424,4,"Analogue/Digital","0.325","0.325","KOGAN",55,0.817,148,110.3,519,"51-55in",4
"KAOLED65X2SKA","China,Indonesia","OLED",113.4,586,4,"Analogue/Digital","0.393","0.393","KOGAN",65,1.155,205,98.2,507,"56-65in",4
"43UQ901C0SD","Indonesia","LCD (LED)",75,276,3.5,"Analogue/Digital","0.4","0.0","LG",43,0.498,97,150.6,554,"33-43in",4
"50UQ901C0SD","Indonesia","LCD (LED)",90,331,4,"Analogue/Digital","0.4","0.0","LG",49,0.675,116,133.3,490,"44-50in",4
"55UQ901C0SD","Indonesia","LCD (LED)",114,419,4,"Analogue/Digital","0.4","0.0","LG",55,0.823,147,138.5,509,"51-55in",4
"65UQ901C0SD","Indonesia","LCD (LED)",148,543,4,"Analogue/Digital","0.4","0.0","LG",65,1.148,190,128.9,473,"56-65in",4
"75UQ901C0SD","Indonesia","LCD (LED)",165,605,5,"Analogue/Digital","0.4","0.0","LG",75,1.531,212,107.8,395,"66-75in",5
"86UQ901C0SD","Indonesia","LCD (LED)",250,915,4,"Analogue/Digital","0.4","0.0","LG",86,2.02,320,123.8,453,"86in+",4
"LSK55WSFW","China","LCD",62.5,272,6,"Analogue/Digital","0.32","0.0","LINSAR",55,0.823,95,75.9,330,"51-55in",6
"ATV60UHDW-1023","China","LCD",80.7,296,6,"Digital","0.26","0.0","BAUHN",60,0.991,104,81.4,299,"56-65in",6
"BP240HSG9700","China","LCD (LED)",25,105,4,"Analogue/Digital","","","BLAUPUNKT",24,0.153,37,163.4,686,"32in & under",4
"ILU-SMARTTV32-DVD","China","LCD",32.18,119,5,"Digital","0.24","0.0","ILUMA",32,0.276,42,116.6,431,"32in & under",5
"VK3201D","China","LCD",32.18,119,5,"Digital","0.24","0.0","ILUMA",32,0.276,42,116.6,431,"32in & under",5
"VK3202D","China","LCD",32.18,119,5,"Digital","0.24","0.0","ILUMA",32,0.276,42,116.6,431,"32in & under",5
"VK3203D","China","LCD",32.18,119,5,"Digital","0.24","0.0","ILUMA",32,0.276,42,116.6,431,"32in & under",5
"VK3204D","China","LCD",32.18,119,5,"Digital","0.24","0.0","ILUMA",32,0.276,42,116.6,431,"32in & under",5
"VK3205D","China","LCD",32.18,119,5,"Digital","0.24","0.0","ILUMA",32,0.276,42,116.6,431,"32in & under",5
"BP430FSG9700","China","LCD",47.76,176,5.5,"Analogue/Digital","0.245","0.0","BLAUPUNKT",42,0.497,62,96.1,354,"33-43in",6
"LSK32WSFW","China","LCD",28.2,105,6,"Analogue/Digital","","","LINSAR",32,0.274,37,102.9,383,"32in & under",6
"KALED75XU9420STA","China","LCD (LED)",133,488,6,"Analogue/Digital","0.4","0.0","KOGAN",75,1.531,171,86.9,319,"66-75in",6
"KALED32RH9510STA","China","LCD (LED)",28,104,6,"Analogue/Digital","0.3","0.0","KOGAN",31,0.273,36,102.6,381,"32in & under",6
"58P635","China","LCD (LED)",56.1,251,6,"Analogue/Digital","0.38","0.0","TCL",57,0.916,88,61.2,274,"56-65in",6
"LS75UHDZEN","China","LCD",108.1,480,6,"Analogue/Digital","","","LINSAR",74,1.53,168,70.7,314,"66-75in",6
"LS65UHDZEN","China","LCD",96.3,360,6,"Analogue/Digital","","","LINSAR",65,1.148,126,83.9,314,"56-65in",6
"ILU-SMARTTV24-DVD","China","LCD",30.28,112,3.5,"Digital","0.26","0.0","ILUMA",24,0.157,39,192.9,713,"32in & under",4
"VK2401D","China","LCD",30.28,112,3.5,"Digital","0.26","0.0","ILUMA",24,0.157,39,192.9,713,"32in & under",4
"VK2402D","China","LCD",30.28,112,3.5,"Digital","0.26","0.0","ILUMA",24,0.157,39,192.9,713,"32in & under",4
"VK2403D","China","LCD",30.28,112,3.5,"Digital","0.26","0.0","ILUMA",24,0.157,39,192.9,713,"32in & under",4
"VK2404D","China","LCD",30.28,112,3.5,"Digital","0.26","0.0","ILUMA",24,0.157,39,192.9,713,"32in & under",4
"VK2405D","China","LCD",30.28,112,3.5,"Digital","0.26","0.0","ILUMA",24,0.157,39,192.9,713,"32in & under",4
"LT-75N7125A11","China","LCD",221.6,811,3.5,"Analogue/Digital","0.392","0.0","JVC",74,1.52,284,145.8,534,"66-75in",4
"ILU-SMARTTV32-DVD, VK3201D, VK3202D; VK3203D, VK3204D, VK3205D","China","LCD",32.18,119,5,"Digital","0.24","0.0","ILUMA",32,0.276,42,116.6,431,"32in & under",5
"ILU-SMARTTV24-DVD, VK2401D, VK2402D, VK2403D, VK2404D, VK2405D","China","LCD",30.28,112,3.5,"Digital","0.26","0.0","ILUMA",24,0.157,39,192.9,713,"32in & under",4
"KALED58TU9420SKA","China","LCD (LED)",106.2,410,4.5,"unknown","0.4","0.51","KOGAN",58,0.911,144,116.6,450,"56-65in",4
"AV-HQ507115A11","China","LCD",101.98,374,3.5,"Analogue/Digital","0.329","0.329","JVC",50,0.677,131,150.6,552,"44-50in",4
"LT-50NQ7115A11","China","LCD",60.73,253,5,"Digital","0.45","0.0","JVC",49,0.668,89,90.9,379,"44-50in",5
"LT-32N3135A","China","LCD (LED)",24.687,110,5.5,"Analogue/Digital","0.41662","2.2232","JVC",32,0.274,38,90.1,401,"32in & under",6
"KALED70TX9520SKA","China","LCD (LED)",144.2,580,4.5,"unknown","0.58","0.0","KOGAN",70,1.339,203,107.7,433,"66-75in",4
"LS85UHDZEN","China","LCD",159,610,6,"Analogue/Digital","0.45","0.0","LINSAR",85,1.971,214,80.7,309,"76-85in",6
"AK4022S7WOS","China","LCD",39.9,150,6,"Analogue/Digital","0.3","0.0","AKAI",39,0.425,52,93.9,353,"33-43in",6
"KAQLED85XQ98JSTA","China","LCD (LED)",266,974,4,"Analogue/Digital","0.45","0.0","KOGAN",85,1.971,341,135,494,"76-85in",4
"KAQLED85XQ98JSTB","China","LCD (LED)",266,974,4,"Analogue/Digital","0.45","0.0","KOGAN",85,1.971,341,135,494,"76-85in",4
"KAQLED85XQ98JSTC","China","LCD (LED)",266,974,4,"Analogue/Digital","0.45","0.0","KOGAN",85,1.971,341,135,494,"76-85in",4
"KAQLED85XQ98JSTD","China","LCD (LED)",266,974,4,"Analogue/Digital","0.45","0.0","KOGAN",85,1.971,341,135,494,"76-85in",4
"ATV43UHDT-0123","China","LCD (LED)",45.5,170,6,"Analogue/Digital","0.4","0.0","BAUHN",43,0.498,59,91.4,341,"33-43in",6
"LT-55NQ7105A11","China","LCD",72.4,330,5,"Digital","0.4","0.0","JVC",55,0.823,115,88,401,"51-55in",5
"AK6522S7TZN","China","LCD",96.3,370,6,"Analogue/Digital","0.42","0.0","AKAI",65,1.148,130,83.9,322,"56-65in",6
"Tizen TV","China","LCD (LED)",96.3,360,6,"Analogue/Digital","0.42","0.0","BAUHN",65,1.148,126,83.9,314,"56-65in",6
"ATV65UHDT-0123","China","LCD (LED)",96.3,360,6,"Analogue/Digital","0.42","0.0","BAUHN",65,1.148,126,83.9,314,"56-65in",6
"ATV65UHDT-0922","China","LCD (LED)",96.3,360,6,"Analogue/Digital","0.42","0.0","BAUHN",65,1.148,126,83.9,314,"56-65in",6
"KD-55X80L","Malaysia","LCD (LED)",126.2,467,3.5,"Analogue/Digital","0.5","14.1","SONY",55,0.823,163,153.3,567,"51-55in",4
"KD-65X80L","Malaysia","LCD (LED)",147.6,544,4,"Analogue/Digital","0.5","12.0","SONY",65,1.148,190,128.6,474,"56-65in",4
"KD40WOS2","China","LCD",39.9,150,6,"Analogue/Digital","0.3","0.0","KODAK",39,0.425,52,93.9,353,"33-43in",6
"KALED50RN9220STA","China","LCD (LED)",75,277,5,"Analogue/Digital","0.45","0.0","KOGAN",49,0.675,97,111.1,410,"44-50in",5
"KALED50RN9220STB","China","LCD (LED)",75,277,5,"Analogue/Digital","0.45","0.0","KOGAN",49,0.675,97,111.1,410,"44-50in",5
"KALED50RN9220STC","China","LCD (LED)",75,277,5,"Analogue/Digital","0.45","0.0","KOGAN",49,0.675,97,111.1,410,"44-50in",5
"KALED50RN9220STD","China","LCD (LED)",75,277,5,"Analogue/Digital","0.45","0.0","KOGAN",49,0.675,97,111.1,410,"44-50in",5
"KAQLED65XQ98JSTA","China","LCD (LED)",158,579,4,"Analogue/Digital","0.45","0.0","KOGAN",64,1.147,203,137.8,505,"56-65in",4
"KAQLED65XQ98JSTB","China","LCD (LED)",158,579,4,"Analogue/Digital","0.45","0.0","KOGAN",64,1.147,203,137.8,505,"56-65in",4
"KAQLED65XQ98JSTC","China","LCD (LED)",158,579,4,"Analogue/Digital","0.45","0.0","KOGAN",64,1.147,203,137.8,505,"56-65in",4
"KAQLED65XQ98JSTD","China","LCD (LED)",158,579,4,"Analogue/Digital","0.45","0.0","KOGAN",64,1.147,203,137.8,505,"56-65in",4
"KAQLED75XQ98JSTA","China","LCD (LED)",182,667,4.5,"Analogue/Digital","0.45","0.0","KOGAN",75,1.531,233,118.9,436,"66-75in",4
"KAQLED75XQ98JSTB","China","LCD (LED)",182,667,4.5,"Analogue/Digital","0.45","0.0","KOGAN",75,1.531,233,118.9,436,"66-75in",4
"KAQLED75XQ98JSTC","China","LCD (LED)",182,667,4.5,"Analogue/Digital","0.45","0.0","KOGAN",75,1.531,233,118.9,436,"66-75in",4
"KAQLED75XQ98JSTD","China","LCD (LED)",182,667,4.5,"Analogue/Digital","0.45","0.0","KOGAN",75,1.531,233,118.9,436,"66-75in",4
"KAQLED55XQ98JSTA","China","LCD (LED)",92,339,5,"Analogue/Digital","0.45","0.0","KOGAN",55,0.822,119,111.9,412,"51-55in",5
"KAQLED55XQ98JSTB","China","LCD (LED)",92,339,5,"Analogue/Digital","0.45","0.0","KOGAN",55,0.822,119,111.9,412,"51-55in",5
"KAQLED55XQ98JSTC","China","LCD (LED)",92,339,5,"Analogue/Digital","0.45","0.0","KOGAN",55,0.822,119,111.9,412,"51-55in",5
"KAQLED55XQ98JSTD","China","LCD (LED)",92,339,5,"Analogue/Digital","0.45","0.0","KOGAN",55,0.822,119,111.9,412,"51-55in",5
"KALED65XU9220STB","China","LCD (LED)",110,404,5.5,"Analogue/Digital","0.45","0.0","KOGAN",64,1.147,141,95.9,352,"56-65in",6
"KALED65XU9220STC","China","LCD (LED)",110,404,5.5,"Analogue/Digital","0.45","0.0","KOGAN",64,1.147,141,95.9,352,"56-65in",6
"KALED65XU9220STD","China","LCD (LED)",110,404,5.5,"Analogue/Digital","0.45","0.0","KOGAN",64,1.147,141,95.9,352,"56-65in",6
"KALED65XU9220STE","China","LCD (LED)",110,404,5.5,"Analogue/Digital","0.45","0.0","KOGAN",64,1.147,141,95.9,352,"56-65in",6
"KALED65XU9220STF","China","LCD (LED)",110,404,5.5,"Analogue/Digital","0.45","0.0","KOGAN",64,1.147,141,95.9,352,"56-65in",6
"LED24M30","China","LCD (LED)",29.05,108,4,"Analogue/Digital","","","ENGLAON",24,0.157,38,185,688,"32in & under",4
"LED24X70","China","LCD (LED)",25.84,102,4.5,"Analogue/Digital","","","ENGLAON",24,0.169,36,152.9,604,"32in & under",4
"LED24X90","China","LCD (LED)",25.84,102,4.5,"Analogue/Digital","","","ENGLAON",24,0.169,36,152.9,604,"32in & under",4
"LED24X70, LED24X90","China","LCD (LED)",25.84,102,4.5,"Analogue/Digital","","","ENGLAON",24,0.169,36,152.9,604,"32in & under",4
"DG65UHDOS","China","LCD (LED)",95.274,367,6,"Analogue/Digital","0.3594","0.361848","DGTEC",65,1.148,128,83,320,"56-65in",6
"XR-55A80L","Malaysia","OLED",103.7,387,4,"Analogue/Digital","0.5","25.4","SONY",55,0.823,135,126,470,"51-55in",4
"XR-65A80L","Malaysia","OLED",121.1,451,5,"Analogue/Digital","0.5","27.3","SONY",65,1.148,158,105.5,393,"56-65in",5
"LS50UHDZEN","China","LCD",56.7,225,6,"Analogue/Digital","0.39","0.0","LINSAR",49,0.675,79,84,333,"44-50in",6
"LS55UHDZEN","China","LCD",68.5,272,6,"Analogue/Digital","0.43","0.0","LINSAR",55,0.823,95,83.2,330,"51-55in",6
"LEV24A423","China","LCD (LED)",22.2,83,5,"Analogue/Digital","","","TEAC",24,0.153,29,145.1,542,"32in & under",5
"AK7522S7TZN","China","LCD",108.1,480,6,"Analogue/Digital","0.31","0.0","AKAI",74,1.53,168,70.7,314,"66-75in",6
"KAQLED50XQ98JSTA","China","LCD (LED)",104,382,3.5,"Analogue/Digital","0.45","0.0","KOGAN",49,0.675,134,154.1,566,"44-50in",4
"KAQLED50XQ98JSTB","China","LCD (LED)",104,382,3.5,"Analogue/Digital","0.45","0.0","KOGAN",49,0.675,134,154.1,566,"44-50in",4
"KAQLED50XQ98JSTC","China","LCD (LED)",104,382,3.5,"Analogue/Digital","0.45","0.0","KOGAN",49,0.675,134,154.1,566,"44-50in",4
"KAQLED50XQ98JSTD","China","LCD (LED)",104,382,3.5,"Analogue/Digital","0.45","0.0","KOGAN",49,0.675,134,154.1,566,"44-50in",4
"MT24HDW-LT22","China","LCD (LED)",15.1,66,6,"Analogue/Digital","0.2","0.0","MONSTER",24,0.153,23,98.7,431,"32in & under",6
"MT32HDW-LT22","China","LCD",23.5,90,6,"Digital","0.25","0.0","MONSTER",32,0.274,31,85.8,328,"32in & under",6
"LSK43WSFW","China","LCD",44.6,172,6,"Analogue/Digital","0.35","0.0","LINSAR",43,0.498,60,89.6,345,"33-43in",6
"PL55M4G11","China","LCD",68.98,254,6,"Analogue/Digital","0.41","0.0","POLAROID",54,0.821,89,84,309,"51-55in",6
"32LN340CBSD","Indonesia","LCD (LED)",33,123,5,"Analogue/Digital","0.4","0.0","LG",32,0.274,43,120.4,449,"32in & under",5
"AT24HDW-BCF","China","LCD",15.1,66,6,"Analogue/Digital","0.2","0.0","ALTIUS",24,0.153,23,98.7,431,"32in & under",6
"KD32WOS2","China","LCD",23.5,90,6,"Digital","0.25","0.0","KODAK",32,0.274,31,85.8,328,"32in & under",6
"AT32HDW-BCF","China","LCD",23.5,90,6,"Digital","0.25","0.0","ALTIUS",32,0.274,31,85.8,328,"32in & under",6
"KALED42RF7510SPA","China","LCD (LED)",44.2,180,5.5,"Analogue/Digital","","","KOGAN",42,0.468,63,94.4,385,"33-43in",6
"LEV32A423","China","LCD (LED)",33.3,124,5,"Analogue/Digital","","","TEAC",32,0.274,43,121.5,453,"32in & under",5
"LEV32A422","China","LCD (LED)",33.3,124,5,"Analogue/Digital","","","TEAC",32,0.274,43,121.5,453,"32in & under",5
"LEV32A *423 *422","China","LCD (LED)",33.3,124,5,"Analogue/Digital","","","TEAC",32,0.274,43,121.5,453,"32in & under",5
"AK5022S7TZN","China","LCD",56.7,225,6,"Analogue/Digital","0.39","0.0","AKAI",49,0.675,79,84,333,"44-50in",6
"KALED42RF7510SPB","China","LCD (LED)",44.2,180,5.5,"Analogue/Digital","","","KOGAN",42,0.468,63,94.4,385,"33-43in",6
"KALED42RF7510SPC","China","LCD (LED)",44.2,180,5.5,"Analogue/Digital","","","KOGAN",42,0.468,63,94.4,385,"33-43in",6
"KALED42RF7510SPD","China","LCD (LED)",44.2,180,5.5,"Analogue/Digital","","","KOGAN",42,0.468,63,94.4,385,"33-43in",6
"KALED42RF7510SP*","China","LCD (LED)",44.2,180,5.5,"Analogue/Digital","","","KOGAN",42,0.468,63,94.4,385,"33-43in",6
"LEV24A422","China","LCD (LED)",33.3,124,5,"Analogue/Digital","","","TEAC",32,0.274,43,121.5,453,"32in & under",5
"XR-77A80L","Malaysia","OLED",169.7,629,5,"Analogue/Digital","0.5","28.7","SONY",77,1.621,220,104.7,388,"76-85in",5
"KALED43RF9820STA","China","LCD (LED)",55,203,5,"Analogue/Digital","0.4","0.0","KOGAN",42,0.497,71,110.7,408,"33-43in",5
"KALED43RF9820STB","China","LCD (LED)",55,203,5,"Analogue/Digital","0.4","0.0","KOGAN",42,0.497,71,110.7,408,"33-43in",5
"KALED43RF9820STC","China","LCD (LED)",55,203,5,"Analogue/Digital","0.4","0.0","KOGAN",42,0.497,71,110.7,408,"33-43in",5
"KALED43RF9820STD","China","LCD (LED)",55,203,5,"Analogue/Digital","0.4","0.0","KOGAN",42,0.497,71,110.7,408,"33-43in",5
"KALED43RF9820STE","China","LCD (LED)",55,203,5,"Analogue/Digital","0.4","0.0","KOGAN",42,0.497,71,110.7,408,"33-43in",5
"2T-C32EG1X","Malaysia","LCD (LED)",29.15,110,5.5,"Analogue/Digital","0.34","6.0","SHARP",32,0.274,38,106.4,401,"32in & under",6
"2T-C42EG1X","Malaysia","LCD (LED)",53,197,5,"Analogue/Digital","0.44","6.0","SHARP",42,0.468,69,113.2,421,"33-43in",5
"4T-C50DK1X","Malaysia","LCD (LED)",84.4,312,4.5,"Analogue/Digital","0.46","8.3","SHARP",49,0.675,109,125,462,"44-50in",4
"4T-C70DL1X","Malaysia","LCD (LED)",123.94,457,5.5,"Analogue/Digital","0.49","8.7","SHARP",70,1.332,160,93,343,"66-75in",6
"BP430FSG9700C","China","LCD",54.04,199,5,"Analogue/Digital","0.25","0.0","BLAUPUNKT",42,0.497,70,108.7,400,"33-43in",5
"KD55WOS2","China","LCD",69.64,256,6,"Digital","0.33","0.0","KODAK",55,0.823,90,84.6,311,"51-55in",6
"LS75UHDNF","China","LCD (LED)",127.7,469,6,"Analogue/Digital","0.51","0.0","LINSAR",75,1.531,164,83.4,306,"66-75in",6
"BP58WOS","China","LCD (LED)",105.156,405,4.5,"Analogue/Digital","0.3485","0.35129","BLAUPUNKT",58,0.916,142,114.8,442,"56-65in",4
"BILD i65","Germany","OLED",114,418,5,"Analogue/Digital","0.27","0.8","LOEWE",65,1.144,146,99.7,365,"56-65in",5
"BILD i55","Germany","OLED",96.5,354,4.5,"Analogue/Digital","0.26","0.8","LOEWE",55,0.823,124,117.3,430,"51-55in",4
"BILD i48","Germany","OLED",74.4,274,4.5,"Analogue/Digital","0.3","0.8","LOEWE",48,0.623,96,119.4,440,"44-50in",4
"BP500USG9700","China","LCD (LED)",86.04,332,5,"Analogue/Digital","0.3706","0.38488","BLAUPUNKT",55,0.823,116,104.5,403,"51-55in",5
"4T-C60DL1X","Malaysia","LCD (LED)",137,504,4,"Analogue/Digital","0.43","9.5","SHARP",60,0.996,176,137.6,506,"56-65in",4
"ATV50UHDT-0323","China","LCD",56.7,225,6,"Analogue/Digital","0.39","0.0","BAUHN",49,0.675,79,84,333,"44-50in",6
"ATV75UHDT-0423","China","LCD",108.1,480,6,"Analogue/Digital","","","BAUHN",74,1.53,168,70.7,314,"66-75in",6
"XR-55X90L","Malaysia","LCD (LED)",121,450,3.5,"Analogue/Digital","0.5","21.6","SONY",55,0.823,158,147,547,"51-55in",4
"XR-65X90L","Malaysia","LCD (LED)",144.3,535,4,"Analogue/Digital","0.5","21.9","SONY",65,1.148,187,125.7,466,"56-65in",4
"OLED42C3PSA","Indonesia,South Korea","OLED",63,232,4.5,"Analogue/Digital","0.4","0.0","LG",42,0.476,81,132.4,487,"33-43in",4
"OLED42C36LA","Indonesia,South Korea","OLED",63,232,4.5,"Analogue/Digital","0.4","0.0","LG",42,0.476,81,132.4,487,"33-43in",4
"OLED48A3PSA","Indonesia,South Korea","OLED",75,276,4.5,"Analogue/Digital","0.4","0.0","LG",48,0.623,97,120.4,443,"44-50in",4
"OLED48A36LA","Indonesia,South Korea","OLED",75,276,4.5,"Analogue/Digital","0.4","0.0","LG",48,0.623,97,120.4,443,"44-50in",4
"OLED48C3PSA","Indonesia,South Korea","OLED",77,284,4.5,"Analogue/Digital","0.4","0.0","LG",48,0.623,99,123.6,456,"44-50in",4
"OLED48C36LA","Indonesia,South Korea","OLED",77,284,4.5,"Analogue/Digital","0.4","0.0","LG",48,0.623,99,123.6,456,"44-50in",4
"OLED55A3PSA","Indonesia,South Korea","OLED",84,309,5,"Analogue/Digital","0.4","0.0","LG",55,0.823,108,102.1,375,"51-55in",5
"OLED55A36LA","Indonesia,South Korea","OLED",84,309,5,"Analogue/Digital","0.4","0.0","LG",55,0.823,108,102.1,375,"51-55in",5
"OLED55B3PSA","Indonesia,South Korea","OLED",99,364,4.5,"Analogue/Digital","0.4","0.0","LG",55,0.823,127,120.3,442,"51-55in",4
"OLED55B36LA","Indonesia,South Korea","OLED",99,364,4.5,"Analogue/Digital","0.4","0.0","LG",55,0.823,127,120.3,442,"51-55in",4
"OLED55C3PSA","Indonesia,South Korea","OLED",95,349,4.5,"Analogue/Digital","0.4","0.0","LG",55,0.823,122,115.4,424,"51-55in",4
"OLED55C36LA","Indonesia,South Korea","OLED",95,349,4.5,"Analogue/Digital","0.4","0.0","LG",55,0.823,122,115.4,424,"51-55in",4
"OLED55G3PSA","Indonesia,South Korea","OLED",115,422,4,"Analogue/Digital","0.4","0.0","LG",55,0.823,148,139.7,513,"51-55in",4
"OLED55G36LA","Indonesia,South Korea","OLED",115,422,4,"Analogue/Digital","0.4","0.0","LG",55,0.823,148,139.7,513,"51-55in",4
"OLED65A3PSA","Indonesia,South Korea","OLED",103,378,5.5,"Analogue/Digital","0.4","0.0","LG",65,1.148,132,89.7,329,"56-65in",6
"OLED65A36LA","Indonesia,South Korea","OLED",103,378,5.5,"Analogue/Digital","0.4","0.0","LG",65,1.148,132,89.7,329,"56-65in",6
"OLED65B3PSA","Indonesia,South Korea","OLED",121,444,5,"Analogue/Digital","0.4","0.0","LG",65,1.148,155,105.4,387,"56-65in",5
"OLED65B36LA","Indonesia,South Korea","OLED",121,444,5,"Analogue/Digital","0.4","0.0","LG",65,1.148,155,105.4,387,"56-65in",5
"OLED65C3PSA","Indonesia,South Korea","OLED",112,411,5.5,"Analogue/Digital","0.4","0.0","LG",65,1.148,144,97.6,358,"56-65in",6
"OLED65C36LA","Indonesia,South Korea","OLED",112,411,5.5,"Analogue/Digital","0.4","0.0","LG",65,1.148,144,97.6,358,"56-65in",6
"OLED65G3PSA","Indonesia,South Korea","OLED",145,532,4,"Analogue/Digital","0.4","0.0","LG",65,1.148,186,126.3,463,"56-65in",4
"OLED65G36LA","Indonesia,South Korea","OLED",145,532,4,"Analogue/Digital","0.4","0.0","LG",65,1.148,186,126.3,463,"56-65in",4
"OLED77B3PSA","Indonesia,South Korea","OLED",158,579,5,"Analogue/Digital","0.4","0.0","LG",77,1.62,203,97.5,357,"76-85in",5
"OLED77B36LA","Indonesia,South Korea","OLED",158,579,5,"Analogue/Digital","0.4","0.0","LG",77,1.62,203,97.5,357,"76-85in",5
"OLED77C3PSA","Indonesia,South Korea","OLED",153,561,5.5,"Analogue/Digital","0.4","0.0","LG",77,1.62,196,94.4,346,"76-85in",6
"OLED77C36LA","Indonesia,South Korea","OLED",153,561,5.5,"Analogue/Digital","0.4","0.0","LG",77,1.62,196,94.4,346,"76-85in",6
"OLED77G3PSA","Indonesia,South Korea","OLED",196,718,4.5,"Analogue/Digital","0.4","0.0","LG",77,1.62,251,121,443,"76-85in",4
"OLED77G36LA","Indonesia,South Korea","OLED",196,718,4.5,"Analogue/Digital","0.4","0.0","LG",77,1.62,251,121,443,"76-85in",4
"OLED77Z3PSA","Indonesia,South Korea","OLED",238,871,3.5,"Analogue/Digital","0.4","0.0","LG",77,1.62,305,146.9,538,"76-85in",4
"OLED83C3PSA","Indonesia,South Korea","OLED",179,656,5.5,"Analogue/Digital","0.4","0.0","LG",83,1.877,230,95.4,349,"76-85in",6
"OLED83C36LA","Indonesia,South Korea","OLED",179,656,5.5,"Analogue/Digital","0.4","0.0","LG",83,1.877,230,95.4,349,"76-85in",6
"OLED83G3PSA","Indonesia,South Korea","OLED",181,663,5.5,"Analogue/Digital","0.4","0.0","LG",83,1.877,232,96.4,353,"76-85in",6
"OLED83G36LA","Indonesia,South Korea","OLED",181,663,5.5,"Analogue/Digital","0.4","0.0","LG",83,1.877,232,96.4,353,"76-85in",6
"ATV24HDG-0223","China","LCD (LED)",16.17,84,5,"Analogue/Digital","0.25","0.0","BAUHN",24,0.153,29,105.7,549,"32in & under",5
"KD-75X80L","Malaysia","LCD (LED)",187.9,692,4,"Analogue/Digital","0.5","13.3","SONY",75,1.531,242,122.7,452,"66-75in",4
"KD-85X80L","Malaysia","LCD (LED)",238.7,878,4,"Analogue/Digital","0.5","15.0","SONY",85,1.971,307,121.1,445,"76-85in",4
"QA65Q60CAW","Vietnam","LCD (LED)",107,394,5.5,"Digital","0.5","0.0","SAMSUNG",65,1.148,138,93.2,343,"56-65in",6
"QA65Q60CAS","Vietnam","LCD (LED)",107,394,5.5,"Digital","0.5","0.0","SAMSUNG",65,1.148,138,93.2,343,"56-65in",6
"QA65Q63CAS","Vietnam","LCD (LED)",107,394,5.5,"Digital","0.5","0.0","SAMSUNG",65,1.148,138,93.2,343,"56-65in",6
"QA65Q6*CA*","Vietnam","LCD (LED)",107,394,5.5,"Digital","0.5","0.0","SAMSUNG",65,1.148,138,93.2,343,"56-65in",6
"YOKT55Q8","Australia","LCD",75.58,278,5.5,"Analogue/Digital","","","YOKOHAMA",55,0.829,97,91.2,335,"51-55in",6
"YOKT65Q8","Australia","LCD",148.05,542,4,"Analogue/Digital","","","YOKOHAMA",65,1.148,190,129,472,"56-65in",4
"QA50Q60CAS","Vietnam","LCD (LED)",76,280,5,"Digital","0.5","0.0","SAMSUNG",49,0.675,98,112.6,415,"44-50in",5
"QA50Q63CAS","Vietnam","LCD (LED)",76,280,5,"Digital","0.5","0.0","SAMSUNG",49,0.675,98,112.6,415,"44-50in",5
"QA50Q6*CA*","Vietnam","LCD (LED)",76,280,5,"Digital","0.5","0.0","SAMSUNG",49,0.675,98,112.6,415,"44-50in",5
"50QNED81SRA","Indonesia,South Korea","LCD (LED)",80,295,4.5,"Analogue/Digital","0.4","0.0","LG",49,0.675,103,118.5,437,"44-50in",4
"50QNED816RA","Indonesia,South Korea","LCD (LED)",80,295,4.5,"Analogue/Digital","0.4","0.0","LG",49,0.675,103,118.5,437,"44-50in",4
"55QNED81SRA","Indonesia,South Korea","LCD (LED)",94,346,4.5,"Analogue/Digital","0.4","0.0","LG",55,0.823,121,114.2,420,"51-55in",4
"55QNED816RA","Indonesia,South Korea","LCD (LED)",94,346,4.5,"Analogue/Digital","0.4","0.0","LG",55,0.823,121,114.2,420,"51-55in",4
"65QNED81SRA","Indonesia,South Korea","LCD (LED)",118,433,5,"Analogue/Digital","0.4","0.0","LG",65,1.148,152,102.8,377,"56-65in",5
"65QNED816RA","Indonesia,South Korea","LCD (LED)",118,433,5,"Analogue/Digital","0.4","0.0","LG",65,1.148,152,102.8,377,"56-65in",5
"75QNED81SRA","Indonesia,South Korea","LCD (LED)",134,492,5.5,"Analogue/Digital","0.4","0.0","LG",75,1.531,172,87.5,321,"66-75in",6
"75QNED816RA","Indonesia,South Korea","LCD (LED)",134,492,5.5,"Analogue/Digital","0.4","0.0","LG",75,1.531,172,87.5,321,"66-75in",6
"86QNED81SRA","Indonesia,South Korea","LCD (LED)",198,725,5,"Analogue/Digital","0.4","0.0","LG",86,2.02,254,98,359,"86in+",5
"86QNED816RA","Indonesia,South Korea","LCD (LED)",198,725,5,"Analogue/Digital","0.4","0.0","LG",86,2.02,254,98,359,"86in+",5
"QA43Q60CAS","Vietnam","LCD (LED)",70,259,4,"Digital","0.5","0.0","SAMSUNG",43,0.498,91,140.6,520,"33-43in",4
"QA43Q63CAS","Vietnam","LCD (LED)",70,259,4,"Digital","0.5","0.0","SAMSUNG",43,0.498,91,140.6,520,"33-43in",4
"QA43Q6*CA*","Vietnam","LCD (LED)",70,259,4,"Digital","0.5","0.0","SAMSUNG",43,0.498,91,140.6,520,"33-43in",4
"QA55Q60CAW","Vietnam","LCD (LED)",87,321,5,"Digital","0.5","0.0","SAMSUNG",55,0.823,112,105.7,390,"51-55in",5
"QA55Q60CAS","Vietnam","LCD (LED)",87,321,5,"Digital","0.5","0.0","SAMSUNG",55,0.823,112,105.7,390,"51-55in",5
"QA55Q63CAS","Vietnam","LCD (LED)",87,321,5,"Digital","0.5","0.0","SAMSUNG",55,0.823,112,105.7,390,"51-55in",5
"QA55Q6*CA*","Vietnam","LCD (LED)",87,321,5,"Digital","0.5","0.0","SAMSUNG",55,0.823,112,105.7,390,"51-55in",5
"QA50QN90CAW","Vietnam","LCD (LED)",94,346,4,"Digital","0.5","0.0","SAMSUNG",49,0.675,121,139.3,513,"44-50in",4
"QA50QN90CAS","Vietnam","LCD (LED)",94,346,4,"Digital","0.5","0.0","SAMSUNG",49,0.675,121,139.3,513,"44-50in",4
"QA50QN90CA*","Vietnam","LCD (LED)",94,346,4,"Digital","0.5","0.0","SAMSUNG",49,0.675,121,139.3,513,"44-50in",4
"QA55QN90CAW","Vietnam","LCD (LED)",113,416,4,"Digital","0.5","0.0","SAMSUNG",55,0.823,146,137.3,505,"51-55in",4
"QA55QN90CAS","Vietnam","LCD (LED)",113,416,4,"Digital","0.5","0.0","SAMSUNG",55,0.823,146,137.3,505,"51-55in",4
"QA55QN90CA*","Vietnam","LCD (LED)",113,416,4,"Digital","0.5","0.0","SAMSUNG",55,0.823,146,137.3,505,"51-55in",4
"KD-55X85L","Malaysia","LCD (LED)",107,396,4,"Analogue/Digital","0.5","10.2","SONY",55,0.823,139,130,481,"51-55in",4
"KD-65X85L","Malaysia","LCD (LED)",144.6,533,4,"Analogue/Digital","0.5","11.2","SONY",65,1.148,187,126,464,"56-65in",4
"Q55U","China","LCD (LED)",73.254,304,5.5,"Analogue/Digital","","","PRISM+",55,0.823,106,89,369,"51-55in",6
"QA85Q60CAW","Vietnam","LCD (LED)",173,635,5.5,"Digital","0.5","0.0","SAMSUNG",85,1.971,222,87.8,322,"76-85in",6
"QA85Q60CAS","Vietnam","LCD (LED)",173,635,5.5,"Digital","0.5","0.0","SAMSUNG",85,1.971,222,87.8,322,"76-85in",6
"QA85Q6*CA*","Vietnam","LCD (LED)",173,635,5.5,"Digital","0.5","0.0","SAMSUNG",85,1.971,222,87.8,322,"76-85in",6
"QA65QN90CAW","Vietnam","LCD (LED)",155,569,4,"Digital","0.5","0.0","SAMSUNG",65,1.148,199,135,496,"56-65in",4
"QA65QN90CAS","Vietnam","LCD (LED)",155,569,4,"Digital","0.5","0.0","SAMSUNG",65,1.148,199,135,496,"56-65in",4
"QA65QN90CA*","Vietnam","LCD (LED)",155,569,4,"Digital","0.5","0.0","SAMSUNG",65,1.148,199,135,496,"56-65in",4
"QA75QN90CAW","Vietnam","LCD (LED)",186,682,4.5,"Digital","0.5","0.0","SAMSUNG",75,1.532,239,121.4,445,"66-75in",4
"QA75QN90CAS","Vietnam","LCD (LED)",186,682,4.5,"Digital","0.5","0.0","SAMSUNG",75,1.532,239,121.4,445,"66-75in",4
"QA75QN90CA*","Vietnam","LCD (LED)",186,682,4.5,"Digital","0.5","0.0","SAMSUNG",75,1.532,239,121.4,445,"66-75in",4
"43UR8050PSB","Indonesia,South Korea","LCD (LED)",73,269,4,"Analogue/Digital","0.4","0.0","LG",43,0.498,94,146.6,540,"33-43in",4
"43UR80006LJ","Indonesia,South Korea","LCD (LED)",73,269,4,"Analogue/Digital","0.4","0.0","LG",43,0.498,94,146.6,540,"33-43in",4
"50UR8050PSB","Indonesia,South Korea","LCD (LED)",78,287,4.5,"Analogue/Digital","0.4","0.0","LG",49,0.675,100,115.6,425,"44-50in",4
"50UR80006LJ","Indonesia,South Korea","LCD (LED)",78,287,4.5,"Analogue/Digital","0.4","0.0","LG",49,0.675,100,115.6,425,"44-50in",4
"55UR8050PSB","Indonesia,South Korea","LCD (LED)",97,357,4.5,"Analogue/Digital","0.4","0.0","LG",55,0.823,125,117.9,434,"51-55in",4
"55UR80006LJ","Indonesia,South Korea","LCD (LED)",97,357,4.5,"Analogue/Digital","0.4","0.0","LG",55,0.823,125,117.9,434,"51-55in",4
"65UR8050PSB","Indonesia,South Korea","LCD (LED)",127,466,4.5,"Analogue/Digital","0.4","0.0","LG",65,1.148,163,110.6,406,"56-65in",4
"65UR80006LJ","Indonesia,South Korea","LCD (LED)",127,466,4.5,"Analogue/Digital","0.4","0.0","LG",65,1.148,163,110.6,406,"56-65in",4
"75UR8050PSB","Indonesia,South Korea","LCD (LED)",165,605,5,"Analogue/Digital","0.4","0.0","LG",75,1.531,212,107.8,395,"66-75in",5
"86UR8050PSB","Indonesia,South Korea","LCD (LED)",250,915,4,"Analogue/Digital","0.4","0.0","LG",86,2.02,320,123.8,453,"86in+",4
"QA43QN90CAW","Vietnam","LCD (LED)",70,259,4,"Digital","0.5","0.0","SAMSUNG",43,0.498,91,140.6,520,"33-43in",4
"QA43QN90CAS","Vietnam","LCD (LED)",70,259,4,"Digital","0.5","0.0","SAMSUNG",43,0.498,91,140.6,520,"33-43in",4
"QA43QN90CA*","Vietnam","LCD (LED)",70,259,4,"Digital","0.5","0.0","SAMSUNG",43,0.498,91,140.6,520,"33-43in",4
"XR-75X90L","Malaysia","LCD (LED)",159.3,589,5,"Analogue/Digital","0.5","21.1","SONY",75,1.531,206,104,385,"66-75in",5
"Q65U","China","LCD (LED)",110.448,465,5,"Analogue/Digital","","","PRISM+",65,1.148,163,96.2,405,"56-65in",5
"QA65QN85CAW","Vietnam","LCD (LED)",137,503,4.5,"Digital","0.5","0.0","SAMSUNG",65,1.148,176,119.3,438,"56-65in",4
"QA65QN85CAS","Vietnam","LCD (LED)",137,503,4.5,"Digital","0.5","0.0","SAMSUNG",65,1.148,176,119.3,438,"56-65in",4
"QA65QN85CA*","Vietnam","LCD (LED)",137,503,4.5,"Digital","0.5","0.0","SAMSUNG",65,1.148,176,119.3,438,"56-65in",4
"QA75QN85CAW","Vietnam","LCD (LED)",153,562,5,"Digital","0.5","0.0","SAMSUNG",75,1.532,197,99.9,367,"66-75in",5
"QA75QN85CAS","Vietnam","LCD (LED)",153,562,5,"Digital","0.5","0.0","SAMSUNG",75,1.532,197,99.9,367,"66-75in",5
"QA75QN85CA*","Vietnam","LCD (LED)",153,562,5,"Digital","0.5","0.0","SAMSUNG",75,1.532,197,99.9,367,"66-75in",5
"UA43CU8000W","Vietnam","LCD (LED)",70,259,4,"Digital","0.5","0.0","SAMSUNG",43,0.498,91,140.6,520,"33-43in",4
"UA43CU8000S","Vietnam","LCD (LED)",70,259,4,"Digital","0.5","0.0","SAMSUNG",43,0.498,91,140.6,520,"33-43in",4
"UA43CU8500S","Vietnam","LCD (LED)",70,259,4,"Digital","0.5","0.0","SAMSUNG",43,0.498,91,140.6,520,"33-43in",4
"UA43CU8*00*","Vietnam","LCD (LED)",70,259,4,"Digital","0.5","0.0","SAMSUNG",43,0.498,91,140.6,520,"33-43in",4
"UA50CU8000W","Vietnam","LCD (LED)",89,328,4,"Digital","0.5","0.0","SAMSUNG",50,0.676,115,131.7,485,"44-50in",4
"UA50CU8000S","Vietnam","LCD (LED)",89,328,4,"Digital","0.5","0.0","SAMSUNG",50,0.676,115,131.7,485,"44-50in",4
"UA50CU8500S","Vietnam","LCD (LED)",89,328,4,"Digital","0.5","0.0","SAMSUNG",50,0.676,115,131.7,485,"44-50in",4
"UA50CU8*00*","Vietnam","LCD (LED)",89,328,4,"Digital","0.5","0.0","SAMSUNG",50,0.676,115,131.7,485,"44-50in",4
"UA55CU8000W","Vietnam","LCD (LED)",98,361,4.5,"Digital","0.5","0.0","SAMSUNG",55,0.823,126,119.1,439,"51-55in",4
"UA55CU8000S","Vietnam","LCD (LED)",98,361,4.5,"Digital","0.5","0.0","SAMSUNG",55,0.823,126,119.1,439,"51-55in",4
"UA55CU8500S","Vietnam","LCD (LED)",98,361,4.5,"Digital","0.5","0.0","SAMSUNG",55,0.823,126,119.1,439,"51-55in",4
"UA55CU8*00*","Vietnam","LCD (LED)",98,361,4.5,"Digital","0.5","0.0","SAMSUNG",55,0.823,126,119.1,439,"51-55in",4
"UA65CU8000W","Vietnam","LCD (LED)",123,452,5,"Digital","0.5","0.0","SAMSUNG",65,1.148,158,107.1,394,"56-65in",5
"UA65CU8000S","Vietnam","LCD (LED)",123,452,5,"Digital","0.5","0.0","SAMSUNG",65,1.148,158,107.1,394,"56-65in",5
"UA65CU8500S","Vietnam","LCD (LED)",123,452,5,"Digital","0.5","0.0","SAMSUNG",65,1.148,158,107.1,394,"56-65in",5
"UA65CU8*00*","Vietnam","LCD (LED)",123,452,5,"Digital","0.5","0.0","SAMSUNG",65,1.148,158,107.1,394,"56-65in",5
"K42FSW2","China","LCD",70.2,260,3.5,"Digital","0.67","0.0","EKO",42,0.468,91,150,556,"33-43in",4
"QA75Q70CAW","Vietnam","LCD (LED)",158,580,5,"Digital","0.5","0.0","SAMSUNG",75,1.532,203,103.1,379,"66-75in",5
"QA75Q70CAS","Vietnam","LCD (LED)",158,580,5,"Digital","0.5","0.0","SAMSUNG",75,1.532,203,103.1,379,"66-75in",5
"QA75Q70CA*","Vietnam","LCD (LED)",158,580,5,"Digital","0.5","0.0","SAMSUNG",75,1.532,203,103.1,379,"66-75in",5
"QA85QN90CAW","Vietnam","LCD (LED)",245,897,4,"Digital","0.5","0.0","SAMSUNG",85,1.971,314,124.3,455,"76-85in",4
"QA85QN90CAS","Vietnam","LCD (LED)",245,897,4,"Digital","0.5","0.0","SAMSUNG",85,1.971,314,124.3,455,"76-85in",4
"QA85QN90CA*","Vietnam","LCD (LED)",245,897,4,"Digital","0.5","0.0","SAMSUNG",85,1.971,314,124.3,455,"76-85in",4
"QA55Q80CAW","Vietnam","LCD (LED)",112,412,4,"Digital","0.5","0.0","SAMSUNG",55,0.823,144,136.1,501,"51-55in",4
"QA55Q80CAS","Vietnam","LCD (LED)",112,412,4,"Digital","0.5","0.0","SAMSUNG",55,0.823,144,136.1,501,"51-55in",4
"QA55Q80CA*","Vietnam","LCD (LED)",112,412,4,"Digital","0.5","0.0","SAMSUNG",55,0.823,144,136.1,501,"51-55in",4
"QA32LS03CBW","Vietnam","LCD (LED)",43,160,4,"Digital","0.5","0.0","SAMSUNG",31,0.274,56,156.9,584,"32in & under",4
"QA85QN85CAW","Vietnam","LCD (LED)",206,755,5,"Digital","0.5","0.0","SAMSUNG",85,1.971,264,104.5,383,"76-85in",5
"QA85QN85CAS","Vietnam","LCD (LED)",206,755,5,"Digital","0.5","0.0","SAMSUNG",85,1.971,264,104.5,383,"76-85in",5
"QA85QN85CA*","Vietnam","LCD (LED)",206,755,5,"Digital","0.5","0.0","SAMSUNG",85,1.971,264,104.5,383,"76-85in",5
"QA65QN800CW","Vietnam","LCD (LED)",263,963,1.5,"Digital","0.5","0.0","SAMSUNG",65,1.148,337,229.1,839,"56-65in",2
"QA65QN800CS","Vietnam","LCD (LED)",263,963,1.5,"Digital","0.5","0.0","SAMSUNG",65,1.148,337,229.1,839,"56-65in",2
"QA65QN800C*","Vietnam","LCD (LED)",263,963,1.5,"Digital","0.5","0.0","SAMSUNG",65,1.148,337,229.1,839,"56-65in",2
"QA75QN800CW","Vietnam","LCD (LED)",292,1069,2.5,"Digital","0.5","0.0","SAMSUNG",75,1.532,374,190.6,698,"66-75in",2
"QA75QN800CS","Vietnam","LCD (LED)",292,1069,2.5,"Digital","0.5","0.0","SAMSUNG",75,1.532,374,190.6,698,"66-75in",2
"QA75QN800C*","Vietnam","LCD (LED)",292,1069,2.5,"Digital","0.5","0.0","SAMSUNG",75,1.532,374,190.6,698,"66-75in",2
"UA75CU8000W","Vietnam","LCD (LED)",165,605,5,"Digital","0.5","0.0","SAMSUNG",75,1.532,212,107.7,395,"66-75in",5
"UA75CU8000S","Vietnam","LCD (LED)",165,605,5,"Digital","0.5","0.0","SAMSUNG",75,1.532,212,107.7,395,"66-75in",5
"UA75CU8000*","Vietnam","LCD (LED)",165,605,5,"Digital","0.5","0.0","SAMSUNG",75,1.532,212,107.7,395,"66-75in",5
"QA85Q70CAW","Vietnam","LCD (LED)",216,791,4.5,"Digital","0.5","0.0","SAMSUNG",85,1.971,277,109.6,401,"76-85in",4
"QA85Q70CAS","Vietnam","LCD (LED)",216,791,4.5,"Digital","0.5","0.0","SAMSUNG",85,1.971,277,109.6,401,"76-85in",4
"QA85Q70CA*","Vietnam","LCD (LED)",216,791,4.5,"Digital","0.5","0.0","SAMSUNG",85,1.971,277,109.6,401,"76-85in",4
"QA65Q80CAW","Vietnam","LCD (LED)",153,562,4,"Digital","0.5","0.0","SAMSUNG",65,1.148,197,133.3,490,"56-65in",4
"QA65Q80CAS","Vietnam","LCD (LED)",153,562,4,"Digital","0.5","0.0","SAMSUNG",65,1.148,197,133.3,490,"56-65in",4
"QA65Q80CA*","Vietnam","LCD (LED)",153,562,4,"Digital","0.5","0.0","SAMSUNG",65,1.148,197,133.3,490,"56-65in",4
"QA75Q80CAW","Vietnam","LCD (LED)",203,744,4,"Digital","0.5","0.0","SAMSUNG",75,1.532,260,132.5,486,"66-75in",4
"QA75Q80CAS","Vietnam","LCD (LED)",203,744,4,"Digital","0.5","0.0","SAMSUNG",75,1.532,260,132.5,486,"66-75in",4
"QA75Q80CA*","Vietnam","LCD (LED)",203,744,4,"Digital","0.5","0.0","SAMSUNG",75,1.532,260,132.5,486,"66-75in",4
"QA85Q80CAW","Vietnam","LCD (LED)",259,948,4,"Digital","0.5","0.0","SAMSUNG",85,1.971,332,131.4,481,"76-85in",4
"QA85Q80CAS","Vietnam","LCD (LED)",259,948,4,"Digital","0.5","0.0","SAMSUNG",85,1.971,332,131.4,481,"76-85in",4
"QA85Q80CA*","Vietnam","LCD (LED)",259,948,4,"Digital","0.5","0.0","SAMSUNG",85,1.971,332,131.4,481,"76-85in",4
"QA55Q70CAW","Vietnam","LCD (LED)",114,419,4,"Digital","0.5","0.0","SAMSUNG",55,0.823,147,138.5,509,"51-55in",4
"QA55Q70CAS","Vietnam","LCD (LED)",114,419,4,"Digital","0.5","0.0","SAMSUNG",55,0.823,147,138.5,509,"51-55in",4
"QA55Q70CA*","Vietnam","LCD (LED)",114,419,4,"Digital","0.5","0.0","SAMSUNG",55,0.823,147,138.5,509,"51-55in",4
"QA65Q70CAW","Vietnam","LCD (LED)",145,532,4,"Digital","0.5","0.0","SAMSUNG",65,1.148,186,126.3,463,"56-65in",4
"QA65Q70CAS","Vietnam","LCD (LED)",145,532,4,"Digital","0.5","0.0","SAMSUNG",65,1.148,186,126.3,463,"56-65in",4
"QA65Q70CA*","Vietnam","LCD (LED)",145,532,4,"Digital","0.5","0.0","SAMSUNG",65,1.148,186,126.3,463,"56-65in",4
"QA75QN900CW","Vietnam","LCD (LED)",340,1244,1.5,"Digital","0.5","0.0","SAMSUNG",75,1.532,435,221.9,812,"66-75in",2
"QA75QN900CS","Vietnam","LCD (LED)",340,1244,1.5,"Digital","0.5","0.0","SAMSUNG",75,1.532,435,221.9,812,"66-75in",2
"QA75QN900C*","Vietnam","LCD (LED)",340,1244,1.5,"Digital","0.5","0.0","SAMSUNG",75,1.532,435,221.9,812,"66-75in",2
"QA65QN700CS","Vietnam","LCD (LED)",190,697,3,"Digital","0.5","0.0","SAMSUNG",65,1.148,244,165.5,607,"56-65in",3
"QA85QN900CW","Vietnam","LCD (LED)",373,1365,2,"Digital","0.5","0.0","SAMSUNG",85,1.971,478,189.2,693,"76-85in",2
"QA85QN900CS","Vietnam","LCD (LED)",373,1365,2,"Digital","0.5","0.0","SAMSUNG",85,1.971,478,189.2,693,"76-85in",2
"QA85QN900C*","Vietnam","LCD (LED)",373,1365,2,"Digital","0.5","0.0","SAMSUNG",85,1.971,478,189.2,693,"76-85in",2
"43UR78006LL","Indonesia,South Korea","LCD (LED)",73,269,4,"Analogue/Digital","0.4","0.0","LG",43,0.498,94,146.6,540,"33-43in",4
"50UR78006LL","Indonesia,South Korea","LCD (LED)",78,287,4.5,"Analogue/Digital","0.4","0.0","LG",49,0.675,100,115.6,425,"44-50in",4
"55UR78006LL","Indonesia,South Korea","LCD (LED)",97,357,4.5,"Analogue/Digital","0.4","0.0","LG",55,0.823,125,117.9,434,"51-55in",4
"65UR78006LL","Indonesia,South Korea","LCD (LED)",127,466,4.5,"Analogue/Digital","0.4","0.0","LG",65,1.148,163,110.6,406,"56-65in",4
"QA65QN95CAW","Vietnam","LCD (LED)",155,569,4,"Digital","0.5","0.0","SAMSUNG",65,1.148,199,135,496,"56-65in",4
"QA65QN95CAS","Vietnam","LCD (LED)",155,569,4,"Digital","0.5","0.0","SAMSUNG",65,1.148,199,135,496,"56-65in",4
"QA65QN95CA*","Vietnam","LCD (LED)",155,569,4,"Digital","0.5","0.0","SAMSUNG",65,1.148,199,135,496,"56-65in",4
"QA50Q80CAS","Vietnam","LCD (LED)",93,343,4,"Digital","0.5","0.0","SAMSUNG",50,0.676,120,137.6,507,"44-50in",4
"QA75QN700CS","Vietnam","LCD (LED)",214,784,3.5,"Digital","0.5","0.0","SAMSUNG",75,1.532,274,139.7,512,"66-75in",4
"QA85QN800CW","Vietnam","LCD (LED)",303,1109,3,"Digital","0.5","0.0","SAMSUNG",85,1.971,388,153.7,563,"76-85in",3
"QA85QN800CS","Vietnam","LCD (LED)",303,1109,3,"Digital","0.5","0.0","SAMSUNG",85,1.971,388,153.7,563,"76-85in",3
"QA85QN800C*","Vietnam","LCD (LED)",303,1109,3,"Digital","0.5","0.0","SAMSUNG",85,1.971,388,153.7,563,"76-85in",3
"QA65QN900CW","Vietnam","LCD (LED)",280,1025,1,"Digital","0.5","0.0","SAMSUNG",65,1.148,359,243.9,893,"56-65in",1
"QA65QN900CS","Vietnam","LCD (LED)",280,1025,1,"Digital","0.5","0.0","SAMSUNG",65,1.148,359,243.9,893,"56-65in",1
"QA65QN900C*","Vietnam","LCD (LED)",280,1025,1,"Digital","0.5","0.0","SAMSUNG",65,1.148,359,243.9,893,"56-65in",1
"QA75QN95CAW","Vietnam","LCD (LED)",194,711,4,"Digital","0.5","0.0","SAMSUNG",75,1.532,249,126.6,464,"66-75in",4
"QA75QN95CAS","Vietnam","LCD (LED)",194,711,4,"Digital","0.5","0.0","SAMSUNG",75,1.532,249,126.6,464,"66-75in",4
"QA75QN95CA*","Vietnam","LCD (LED)",194,711,4,"Digital","0.5","0.0","SAMSUNG",75,1.532,249,126.6,464,"66-75in",4
"QA85QN95CAW","Vietnam","LCD (LED)",247,905,4,"Digital","0.5","0.0","SAMSUNG",85,1.971,317,125.3,459,"76-85in",4
"QA85QN95CAS","Vietnam","LCD (LED)",247,905,4,"Digital","0.5","0.0","SAMSUNG",85,1.971,317,125.3,459,"76-85in",4
"QA85QN95CA*","Vietnam","LCD (LED)",247,905,4,"Digital","0.5","0.0","SAMSUNG",85,1.971,317,125.3,459,"76-85in",4
"QA75Q60CAW","Vietnam","LCD (LED)",183,671,4.5,"Digital","0.5","0.0","SAMSUNG",75,1.532,235,119.5,438,"66-75in",4
"QA75Q60CAS","Vietnam","LCD (LED)",183,671,4.5,"Digital","0.5","0.0","SAMSUNG",75,1.532,235,119.5,438,"66-75in",4
"QA75Q63CAS","Vietnam","LCD (LED)",183,671,4.5,"Digital","0.5","0.0","SAMSUNG",75,1.532,235,119.5,438,"66-75in",4
"QA75Q6*CA*","Vietnam","LCD (LED)",183,671,4.5,"Digital","0.5","0.0","SAMSUNG",75,1.532,235,119.5,438,"66-75in",4
"QA55QN700CS","Vietnam","LCD (LED)",168,616,2,"Digital","0.5","0.0","SAMSUNG",55,0.823,216,204.1,748,"51-55in",2
"UA75CU8500S","Vietnam","LCD (LED)",165,605,5,"Digital","0.5","0.0","SAMSUNG",75,1.532,212,107.7,395,"66-75in",5
"AK5522S7TZN","China","LCD",68.5,272,6,"Analogue/Digital","0.43","0.0","AKAI",55,0.823,95,83.2,330,"51-55in",6
"KD-75X77L","Vietnam","LCD (LED)",214.5,789,3.5,"Analogue/Digital","0.5","11.4","SONY",75,1.531,276,140.1,515,"66-75in",4
"XR-83A80L","Malaysia","OLED",207,765,4.5,"Analogue/Digital","0.5","26.3","SONY",83,1.878,268,110.2,407,"76-85in",4
"PL40S4G11","China","LCD",40,149,6,"Digital","0.4","0.0","POLAROID",39,0.426,52,93.9,350,"33-43in",6
"KALED98X98JSTA","China","LCD (LED)",337,1233,4,"Analogue/Digital","0.45","0.0","KOGAN",97,2.62,432,128.6,471,"86in+",4
"KALED32RH9320STA","China","LCD (LED)",28,104,6,"Analogue/Digital","0.35","0.0","KOGAN",31,0.273,36,102.6,381,"32in & under",6
"65QNED86SRA","Indonesia,South Korea","LCD (LED)",125,459,5,"Analogue/Digital","0.4","0.0","LG",65,1.148,161,108.9,400,"56-65in",5
"65QNED866RA","Indonesia,South Korea","LCD (LED)",125,459,5,"Analogue/Digital","0.4","0.0","LG",65,1.148,161,108.9,400,"56-65in",5
"75QNED86SRA","Indonesia,South Korea","LCD (LED)",150,550,5,"Analogue/Digital","0.4","0.0","LG",75,1.531,192,98,359,"66-75in",5
"75QNED866RA","Indonesia,South Korea","LCD (LED)",150,550,5,"Analogue/Digital","0.4","0.0","LG",75,1.531,192,98,359,"66-75in",5
"86QNED86SRA","Indonesia,South Korea","LCD (LED)",206,754,5,"Analogue/Digital","0.4","0.0","LG",86,2.02,264,102,373,"86in+",5
"86QNED866RA","Indonesia,South Korea","LCD (LED)",206,754,5,"Analogue/Digital","0.4","0.0","LG",86,2.02,264,102,373,"86in+",5
"BP650USG9800","China","LCD",143.934,554,4,"Analogue/Digital","0.354956","0.3576","BLAUPUNKT",65,1.148,194,125.4,483,"56-65in",4
"KD-55X77L","Vietnam","LCD (LED)",129.1,477,3.5,"Analogue/Digital","0.5","12.3","SONY",55,0.823,167,156.9,580,"51-55in",4
"KD-65X77L","Vietnam","LCD (LED)",143.6,530,4,"Analogue/Digital","0.5","11.6","SONY",65,1.148,186,125.1,462,"56-65in",4
"KD-75X85L","Malaysia","LCD (LED)",181.1,667,4.5,"Analogue/Digital","0.5","11.4","SONY",75,1.531,233,118.3,436,"66-75in",4
"43UR81006LJ","Indonesia,South Korea","LCD (LED)",73,269,4,"Analogue/Digital","0.4","0.0","LG",43,0.498,94,146.6,540,"33-43in",4
"50UR81006LJ","Indonesia,South Korea","LCD (LED)",78,287,4.5,"Analogue/Digital","0.4","0.0","LG",49,0.675,100,115.6,425,"44-50in",4
"55UR81006LJ","Indonesia,South Korea","LCD (LED)",97,357,4.5,"Analogue/Digital","0.4","0.0","LG",55,0.823,125,117.9,434,"51-55in",4
"65UR81006LJ","Indonesia,South Korea","LCD (LED)",127,466,4.5,"Analogue/Digital","0.4","0.0","LG",65,1.148,163,110.6,406,"56-65in",4
"75UR80006LJ","Indonesia,South Korea","LCD (LED)",165,605,5,"Analogue/Digital","0.4","0.0","LG",75,1.531,212,107.8,395,"66-75in",5
"75UR81006LJ","Indonesia,South Korea","LCD (LED)",165,605,5,"Analogue/Digital","0.4","0.0","LG",75,1.531,212,107.8,395,"66-75in",5
"86UR80006LA","Indonesia,South Korea","LCD (LED)",250,915,4,"Analogue/Digital","0.4","0.0","LG",86,2.02,320,123.8,453,"86in+",4
"86UR81006LA","Indonesia,South Korea","LCD (LED)",250,915,4,"Analogue/Digital","0.4","0.0","LG",86,2.02,320,123.8,453,"86in+",4
"XR-85X95L","Micronesia","LCD (LED)",280.7,1034,3.5,"Analogue/Digital","0.5","28.1","SONY",85,1.971,362,142.4,525,"76-85in",4
"XR-65X95L","Malaysia","LCD (LED)",214.8,793,2.5,"Analogue/Digital","0.5","26.9","SONY",65,1.148,278,187.1,691,"56-65in",2
"XR-75X95L","Malaysia","LCD (LED)",242.5,894,3,"Analogue/Digital","0.5","26.1","SONY",75,1.531,313,158.4,584,"66-75in",3
"QA55S90CAW","Vietnam","LCD (LED)",113,416,4,"Digital","0.5","0.0","SAMSUNG",55,0.823,146,137.3,505,"51-55in",4
"QA55S90CAS","Vietnam","LCD (LED)",113,416,4,"Digital","0.5","0.0","SAMSUNG",55,0.823,146,137.3,505,"51-55in",4
"KD-43X77L","Vietnam","LCD (LED)",77.5,288,3.5,"Analogue/Digital","0.5","9.7","SONY",42,0.498,101,155.6,578,"33-43in",4
"KD-50X77L","Vietnam","LCD (LED)",93.8,348,4,"Analogue/Digital","0.5","12.3","SONY",49,0.675,122,139,516,"44-50in",4
"QA55S90CA*","Vietnam","LCD (LED)",113,416,4,"Digital","0.5","0.0","SAMSUNG",55,0.823,146,137.3,505,"51-55in",4
"QA65S90CAW","Vietnam","LCD (LED)",154,565,4,"Digital","0.5","0.0","SAMSUNG",65,1.148,198,134.1,492,"56-65in",4
"QA65S90CAS","Vietnam","LCD (LED)",154,565,4,"Digital","0.5","0.0","SAMSUNG",65,1.148,198,134.1,492,"56-65in",4
"QA65S90CA*","Vietnam","LCD (LED)",154,565,4,"Digital","0.5","0.0","SAMSUNG",65,1.148,198,134.1,492,"56-65in",4
"FF32RS52","China","LCD (LED)",24.1,99,6,"Digital","0.342","0.0","FFALCON",31,0.273,35,88.3,363,"32in & under",6
"XR-85X90L","Malaysia","LCD (LED)",201.6,744,5,"Analogue/Digital","0.5","22.8","SONY",85,1.971,260,102.3,377,"76-85in",5
"OLED42C34LA","Indonesia,South Korea","OLED",63,232,4.5,"Analogue/Digital","0.4","0.0","LG",42,0.476,81,132.4,487,"33-43in",4
"KALED65U92TA","China","LCD (LED)",101.3,404,5.5,"Analogue/Digital","0.39","0.0","KOGAN",64,1.147,141,88.3,352,"56-65in",6
"ATV55UHDT-0723","China","LCD",68.5,272,6,"Analogue/Digital","0.43","0.0","BAUHN",55,0.823,95,83.2,330,"51-55in",6
"LED32M80","Australia","LCD (LED)",47.2,175,4.5,"Analogue/Digital","","","ENGLAON",34,0.34,61,138.8,515,"33-43in",4
"LED32X80","Australia","LCD (LED)",47.2,175,4.5,"Analogue/Digital","","","ENGLAON",34,0.34,61,138.8,515,"33-43in",4
"32in Smart TV","Australia","LCD (LED)",47.2,175,4.5,"Analogue/Digital","","","ENGLAON",34,0.34,61,138.8,515,"33-43in",4
"LED27M80","Australia","LCD (LED)",42.76,158,4,"Analogue/Digital","","","ENGLAON",30,0.286,55,149.5,552,"32in & under",4
"LED27X80","Australia","LCD (LED)",42.76,158,4,"Analogue/Digital","","","ENGLAON",30,0.286,55,149.5,552,"32in & under",4
"27in Smart TV","Australia","LCD (LED)",42.76,158,4,"Analogue/Digital","","","ENGLAON",30,0.286,55,149.5,552,"32in & under",4
"UA85CU8000W","Vietnam","LCD (LED)",198,726,5,"Digital","0.5","0.0","SAMSUNG",85,1.971,254,100.5,368,"76-85in",5
"UA85CU8000S","Vietnam","LCD (LED)",198,726,5,"Digital","0.5","0.0","SAMSUNG",85,1.971,254,100.5,368,"76-85in",5
"UA85CU8*00*","Vietnam","LCD (LED)",198,726,5,"Digital","0.5","0.0","SAMSUNG",85,1.971,254,100.5,368,"76-85in",5
"QA55S95CAW","Vietnam","LCD (LED)",113,416,4,"Digital","0.5","0.0","SAMSUNG",55,0.823,146,137.3,505,"51-55in",4
"QA55S95CAS","Vietnam","LCD (LED)",113,416,4,"Digital","0.5","0.0","SAMSUNG",55,0.823,146,137.3,505,"51-55in",4
"QA55S95CA*","Vietnam","LCD (LED)",113,416,4,"Digital","0.5","0.0","SAMSUNG",55,0.823,146,137.3,505,"51-55in",4
"QA65S95CAW","Vietnam","LCD (LED)",155,569,4,"Digital","0.5","0.0","SAMSUNG",65,1.148,199,135,496,"56-65in",4
"QA65S95CAS","Vietnam","LCD (LED)",155,569,4,"Digital","0.5","0.0","SAMSUNG",65,1.148,199,135,496,"56-65in",4
"QA65S95CA*","Vietnam","LCD (LED)",155,569,4,"Digital","0.5","0.0","SAMSUNG",65,1.148,199,135,496,"56-65in",4
"QA77S95CAW","Vietnam","LCD (LED)",220,806,4,"Digital","0.5","0.0","SAMSUNG",77,1.628,282,135.1,495,"76-85in",4
"QA77S95CAS","Vietnam","LCD (LED)",220,806,4,"Digital","0.5","0.0","SAMSUNG",77,1.628,282,135.1,495,"76-85in",4
"QA77S95CA*","Vietnam","LCD (LED)",220,806,4,"Digital","0.5","0.0","SAMSUNG",77,1.628,282,135.1,495,"76-85in",4
"LH85BECHLGKXXY","Vietnam","LCD (LED)",145,532,6,"Digital","0.5","0.0","SAMSUNG",85,1.971,186,73.6,270,"76-85in",6
"XR-98X90L","China","LCD (LED)",256.4,944,5,"Analogue/Digital","0.5","23.8","SONY",98,2.621,330,97.8,360,"86in+",5
"K55OLED","China","OLED",74.74,275,5.5,"Digital","","","EKO",55,0.824,96,90.7,334,"51-55in",6
"K50USW2","China","LCD (LED)",78.5,330,4,"Analogue/Digital","","","EKO",50,0.675,115,116.3,489,"44-50in",4
"LT-43N5135A","China","LCD",55.635,205,5,"Analogue/Digital","0.261","0.0","JVC",42,0.497,72,111.9,412,"33-43in",5
"ATV43UHDT-0723","China","LCD (LED)",45.5,170,6,"Analogue/Digital","0.4","0.0","BAUHN",43,0.498,59,91.4,341,"33-43in",6
"ATV70UHDT-0623","China","LCD",110.15,420,6,"Analogue/Digital","0.72","0.0","BAUHN",70,1.338,147,82.3,314,"66-75in",6
"FF40RS52","China","LCD (LED)",35.1,144,6,"Digital","0.408","0.0","FFALCON",39,0.426,50,82.4,338,"33-43in",6
"OLED88Z3PSA","South Korea","OLED",349,1276,3,"Analogue/Digital","0.35","0.0","LG",88,2.115,447,165,603,"86in+",3
"OLED88Z36LA","South Korea","OLED",349,1276,3,"Analogue/Digital","0.35","0.0","LG",88,2.115,447,165,603,"86in+",3
"KALED65U92TB","China","LCD (LED)",101.3,404,5.5,"Analogue/Digital","0.39","0.0","KOGAN",64,1.147,141,88.3,352,"56-65in",6
"KALED65U92TC","China","LCD (LED)",101.3,404,5.5,"Analogue/Digital","0.39","0.0","KOGAN",64,1.147,141,88.3,352,"56-65in",6
"KALED65U92TD","China","LCD (LED)",101.3,404,5.5,"Analogue/Digital","0.39","0.0","KOGAN",64,1.147,141,88.3,352,"56-65in",6
"KALED65U92TE","China","LCD (LED)",101.3,404,5.5,"Analogue/Digital","0.39","0.0","KOGAN",64,1.147,141,88.3,352,"56-65in",6
"LED22M60","Australia","LCD (LED)",27.25,102,4,"Analogue/Digital","","","ENGLAON",22,0.15,36,181.7,680,"32in & under",4
"LED32M10","Australia","LCD (LED)",40.45,150,4.5,"Analogue/Digital","","","ENGLAON",32,0.317,52,127.6,473,"32in & under",4
"50PUT8528/79","China","LCD (LED)",81.3,329,4,"Analogue/Digital","0.36","0.0","PHILIPS",49,0.675,115,120.4,487,"44-50in",4
"55PUT8528/79","China","LCD (LED)",90.5,365,4.5,"Analogue/Digital","0.33","0.0","PHILIPS",55,0.823,128,110,443,"51-55in",4
"65PUT8528/79","China","LCD (LED)",119.3,481,4.5,"Analogue/Digital","0.36","0.0","PHILIPS",65,1.148,168,103.9,419,"56-65in",4
"AV-J323135A","China","LCD (LED)",24.687,110,5.5,"Analogue/Digital","0.41662","2.2232","JVC",32,0.274,38,90.1,401,"32in & under",6
"XR-55A95L","Malaysia","OLED",103.6,385,4,"Analogue/Digital","0.5","15.6","SONY",55,0.823,135,125.9,468,"51-55in",4
"XR-65A95L","Malaysia","OLED",122.1,452,5,"Analogue/Digital","0.5","15.5","SONY",65,1.148,158,106.4,394,"56-65in",5
"KALED19PRIZD","China","LCD (LED)",15.8694,62,5,"Analogue/Digital","0.241926","0.239838","KOGAN",19,0.094,22,168.8,660,"32in & under",5
"QA77S90CAW","Vietnam","LCD (LED)",178,653,4.5,"Digital","0.5","0.0","SAMSUNG",77,1.628,229,109.3,401,"76-85in",4
"QA77S90CAS","Vietnam","LCD (LED)",178,653,4.5,"Digital","0.5","0.0","SAMSUNG",77,1.628,229,109.3,401,"76-85in",4
"QA77S90CA*","Vietnam","LCD (LED)",178,653,4.5,"Digital","0.5","0.0","SAMSUNG",77,1.628,229,109.3,401,"76-85in",4
"50PUT7908/79","China","LCD (LED)",99.1,400,3,"Analogue/Digital","0.33","0.0","PHILIPS",49,0.675,140,146.8,593,"44-50in",3
"50PUT7908/75","China","LCD (LED)",99.1,400,3,"Analogue/Digital","0.33","0.0","PHILIPS",49,0.675,140,146.8,593,"44-50in",3
"55PUT7908/79","China","LCD (LED)",102.3,413,4,"Analogue/Digital","0.43","0.0","PHILIPS",55,0.823,145,124.3,502,"51-55in",4
"55PUT7908/75","China","LCD (LED)",102.3,413,4,"Analogue/Digital","0.43","0.0","PHILIPS",55,0.823,145,124.3,502,"51-55in",4
"65PUT7908/79","China","LCD (LED)",129.8,523,4,"Analogue/Digital","0.39","0.0","PHILIPS",65,1.148,183,113.1,456,"56-65in",4
"65PUT7908/75","China","LCD (LED)",129.8,523,4,"Analogue/Digital","0.39","0.0","PHILIPS",65,1.148,183,113.1,456,"56-65in",4
"75PUT8808/79","China","LCD (LED)",153.1,617,4.5,"Analogue/Digital","0.39","0.0","PHILIPS",75,1.531,216,100,403,"66-75in",4
"75PUT8808/75","China","LCD (LED)",153.1,617,4.5,"Analogue/Digital","0.39","0.0","PHILIPS",75,1.531,216,100,403,"66-75in",4
"75PUT7908/79","China","LCD (LED)",144.1,580,5,"Analogue/Digital","0.29","0.0","PHILIPS",75,1.531,203,94.1,379,"66-75in",5
"75PUT7908/75","China","LCD (LED)",144.1,580,5,"Analogue/Digital","0.29","0.0","PHILIPS",75,1.531,203,94.1,379,"66-75in",5
"55PUT8808/79","China","LCD (LED)",136.6,551,2.5,"Analogue/Digital","0.41","0.0","PHILIPS",55,0.823,193,166,670,"51-55in",2
"55PUT8808/75","China","LCD (LED)",136.6,551,2.5,"Analogue/Digital","0.41","0.0","PHILIPS",55,0.823,193,166,670,"51-55in",2
"BP50WOS2","China","LCD",85.767,315,4.5,"Analogue/Digital","","","BLAUPUNKT",50,0.675,110,127.1,467,"44-50in",4
"65PUT8808/79","China","LCD (LED)",142.4,574,4,"Analogue/Digital","0.38","0.0","PHILIPS",65,1.148,201,124,500,"56-65in",4
"65PUT8808/75","China","LCD (LED)",142.4,574,4,"Analogue/Digital","0.38","0.0","PHILIPS",65,1.148,201,124,500,"56-65in",4
"AV-J243145A","China","LCD (LED)",17.0946,70,5.5,"Analogue/Digital","0.4871","0.4363","JVC",24,0.153,24,111.7,458,"32in & under",6
"XR-77A95L","Malaysia","OLED",147.7,546,5.5,"Analogue/Digital","0.5","15.4","SONY",77,1.628,191,90.7,335,"76-85in",6
"43UR781C0LL","Indonesia,South Korea","LCD (LED)",73,269,4,"Analogue/Digital","0.4","0.0","LG",43,0.498,94,146.6,540,"33-43in",4
"43UR801C0SB","Indonesia,South Korea","LCD (LED)",73,269,4,"Analogue/Digital","0.4","0.0","LG",43,0.498,94,146.6,540,"33-43in",4
"50UR781C0LL","Indonesia,South Korea","LCD (LED)",78,287,4.5,"Analogue/Digital","0.4","0.0","LG",49,0.675,100,115.6,425,"44-50in",4
"50UR801C0SB","Indonesia,South Korea","LCD (LED)",78,287,4.5,"Analogue/Digital","0.4","0.0","LG",49,0.675,100,115.6,425,"44-50in",4
"55UR781C0LL","Indonesia,South Korea","LCD (LED)",97,357,4.5,"Analogue/Digital","0.4","0.0","LG",55,0.823,125,117.9,434,"51-55in",4
"55UR801C0SB","Indonesia,South Korea","LCD (LED)",97,357,4.5,"Analogue/Digital","0.4","0.0","LG",55,0.823,125,117.9,434,"51-55in",4
"65UR781C0LL","Indonesia,South Korea","LCD (LED)",127,466,4.5,"Analogue/Digital","0.4","0.0","LG",65,1.148,163,110.6,406,"56-65in",4
"65UR801C0SB","Indonesia,South Korea","LCD (LED)",127,466,4.5,"Analogue/Digital","0.4","0.0","LG",65,1.148,163,110.6,406,"56-65in",4
"75UR801C0LJ","Indonesia,South Korea","LCD (LED)",165,605,5,"Analogue/Digital","0.4","0.0","LG",75,1.531,212,107.8,395,"66-75in",5
"75UR801C0SB","Indonesia,South Korea","LCD (LED)",165,605,5,"Analogue/Digital","0.4","0.0","LG",75,1.531,212,107.8,395,"66-75in",5
"86UR801C0LA","Indonesia,South Korea","LCD (LED)",250,915,4,"Analogue/Digital","0.4","0.0","LG",86,2.02,320,123.8,453,"86in+",4
"86UR801C0SB","Indonesia,South Korea","LCD (LED)",250,915,4,"Analogue/Digital","0.4","0.0","LG",86,2.02,320,123.8,453,"86in+",4
"43C350MP","China","LCD (LED)",51.12,214,5,"Analogue/Digital","0.38","0.0","TOSHIBA",43,0.498,75,102.7,430,"33-43in",5
"50C350MP","China","LCD (LED)",67.75,269,5,"Analogue/Digital","0.33","0.0","TOSHIBA",50,0.675,94,100.4,399,"44-50in",5
"55C350MP","China","LCD (LED)",63.89,269,6,"Analogue/Digital","0.347","0.0","TOSHIBA",55,0.823,94,77.6,327,"51-55in",6
"65C350MP","China","LCD (LED)",82.49,333,6,"Analogue/Digital","0.297","0.0","TOSHIBA",65,1.148,117,71.9,290,"56-65in",6
"75C350MP","China","LCD (LED)",114.36,489,6,"Analogue/Digital","0.33","0.0","TOSHIBA",75,1.531,171,74.7,319,"66-75in",6
"ATV50UHDT-0823","China","LCD",56.7,225,6,"Analogue/Digital","0.39","0.0","BAUHN",49,0.675,79,84,333,"44-50in",6
"LT-50N7145A","China","LCD",102.36,376,3.5,"Analogue/Digital","0.38","0.0","JVC",49,0.673,132,152.1,559,"44-50in",4
"BP400FSG9800","China","LCD",50.5,186,5,"Analogue/Digital","0.25","0.25","BLAUPUNKT",40,0.429,65,117.7,434,"33-43in",5
"KT16A0KGEA","China","LCD (LED)",15.1,58,4.5,"Analogue/Digital","","","SYLVOX",16,0.067,20,225.4,866,"32in & under",4
"65QNED866RE","Indonesia,South Korea","LCD (LED)",125,459,5,"Analogue/Digital","0.4","0.0","LG",65,1.148,161,108.9,400,"56-65in",5
"75QNED866RE","Indonesia,South Korea","LCD (LED)",150,550,5,"Analogue/Digital","0.4","0.0","LG",75,1.531,192,98,359,"66-75in",5
"86QNED866RE","Indonesia,South Korea","LCD (LED)",206,754,5,"Analogue/Digital","0.4","0.0","LG",86,2.02,264,102,373,"86in+",5
"K65USWQ2","China","LCD (LED)",113.9,462,5,"Analogue/Digital","","","EKO",65,1.148,162,99.2,402,"56-65in",5
"43QNED75SRA","Indonesia,South Korea","LCD (LED)",70,258,4,"Analogue/Digital","0.4","0.0","LG",43,0.498,90,140.6,518,"33-43in",4
"43QNED756RA","Indonesia,South Korea","LCD (LED)",82,302,3.5,"Analogue/Digital","0.4","0.0","LG",43,0.498,106,164.7,606,"33-43in",4
"50QNED75SRA","Indonesia,South Korea","LCD (LED)",72,265,5,"Analogue/Digital","0.4","0.0","LG",49,0.675,93,106.7,393,"44-50in",5
"50QNED756RA","Indonesia,South Korea","LCD (LED)",68,251,5.5,"Analogue/Digital","0.4","0.0","LG",49,0.675,88,100.7,372,"44-50in",6
"55QNED75SRA","Indonesia,South Korea","LCD (LED)",92,338,5,"Analogue/Digital","0.4","0.0","LG",55,0.823,118,111.8,411,"51-55in",5
"55QNED756RA","Indonesia,South Korea","LCD (LED)",87,320,5,"Analogue/Digital","0.4","0.0","LG",55,0.823,112,105.7,389,"51-55in",5
"65QNED75SRA","Indonesia,South Korea","LCD (LED)",114,419,5,"Analogue/Digital","0.4","0.0","LG",65,1.148,147,99.3,365,"56-65in",5
"65QNED756RA","Indonesia,South Korea","LCD (LED)",109,400,5.5,"Analogue/Digital","0.4","0.0","LG",65,1.148,140,94.9,348,"56-65in",6
"75QNED75SRA","Indonesia,South Korea","LCD (LED)",126,462,6,"Analogue/Digital","0.4","0.0","LG",75,1.531,162,82.3,302,"66-75in",6
"75QNED756RA","Indonesia,South Korea","LCD (LED)",130,477,6,"Analogue/Digital","0.4","0.0","LG",75,1.531,167,84.9,312,"66-75in",6
"U85F8TG","China","LCD (LED)",230.268,897,4,"unknown","0.35","0.0","CHIQ",85,1.971,314,116.8,455,"76-85in",4
"U98F8TG","China","LCD (LED)",337,1233,4,"unknown","0.45","0.0","CHIQ",97,2.62,432,128.6,471,"86in+",4
"55OLED708/75","China","OLED",99.5,400,4,"Analogue/Digital","0.2","0.29","PHILIPS",55,0.823,140,120.9,486,"51-55in",4
"55OLED708/79","China","OLED",99.5,400,4,"Analogue/Digital","0.2","0.29","PHILIPS",55,0.823,140,120.9,486,"51-55in",4
"65OLED708/75","China","OLED",114.8,463,5,"Analogue/Digital","0.3","0.0","PHILIPS",65,1.148,162,100,403,"56-65in",5
"65OLED708/79","China","OLED",114.8,463,5,"Analogue/Digital","0.3","0.0","PHILIPS",65,1.148,162,100,403,"56-65in",5
"KALED32F98TA","China","LCD (LED)",28,104,6,"Analogue/Digital","0.33","0.0","KOGAN",31,0.273,36,102.6,381,"32in & under",6
"KALED32F98TB","China","LCD (LED)",28,104,6,"Analogue/Digital","0.33","0.0","KOGAN",31,0.273,36,102.6,381,"32in & under",6
"KALED32F98TC","China","LCD (LED)",28,104,6,"Analogue/Digital","0.33","0.0","KOGAN",31,0.273,36,102.6,381,"32in & under",6
"KALED32F98TD","China","LCD (LED)",28,104,6,"Analogue/Digital","0.33","0.0","KOGAN",31,0.273,36,102.6,381,"32in & under",6
"KALED32F98TE","China","LCD (LED)",28,104,6,"Analogue/Digital","0.33","0.0","KOGAN",31,0.273,36,102.6,381,"32in & under",6
"KALED40F98TA","China","LCD (LED)",40,149,6,"Analogue/Digital","0.4","0.0","KOGAN",39,0.426,52,93.9,350,"33-43in",6
"KALED40F98TB","China","LCD (LED)",40,149,6,"Analogue/Digital","0.4","0.0","KOGAN",39,0.426,52,93.9,350,"33-43in",6
"KALED40F98TC","China","LCD (LED)",40,149,6,"Analogue/Digital","0.4","0.0","KOGAN",39,0.426,52,93.9,350,"33-43in",6
"KALED40F98TD","China","LCD (LED)",40,149,6,"Analogue/Digital","0.4","0.0","KOGAN",39,0.426,52,93.9,350,"33-43in",6
"KALED40F98TE","China","LCD (LED)",40,149,6,"Analogue/Digital","0.4","0.0","KOGAN",39,0.426,52,93.9,350,"33-43in",6
"OT43A2KEGC","China","LCD (LED)",107.8,397,2,"Analogue/Digital","","","SYLVOX",43,0.498,139,216.5,797,"33-43in",2
"OT55A2KEGC","China","LCD (LED)",168.3,651,2,"Analogue/Digital","0.46","13.6","SYLVOX",55,0.823,228,204.5,791,"51-55in",2
"OT65A2KEGC","China","LCD (LED)",237.1,902,2,"Analogue/Digital","0.47","13.6","SYLVOX",65,1.148,316,206.5,786,"56-65in",2
"RT22R3KECA","China","LCD (LED)",17.8,68,5,"Analogue/Digital","","","SYLVOX",21,0.125,24,142.4,544,"32in & under",5
"RT24R3KECA","China","LCD (LED)",21,79,5,"Analogue/Digital","","","SYLVOX",24,0.156,28,134.6,506,"32in & under",5
"WE SEE 43","Germany","LCD (LED)",65.8,243,4,"Analogue/Digital","0.4","0.8","LOEWE",42,0.498,85,132.1,488,"33-43in",4
"C43","Germany","LCD (LED)",65.8,243,4,"Analogue/Digital","0.4","0.8","LOEWE",42,0.498,85,132.1,488,"33-43in",4
"LOEWE *43","Germany","LCD (LED)",65.8,243,4,"Analogue/Digital","0.4","0.8","LOEWE",42,0.498,85,132.1,488,"33-43in",4
"WE SEE 32","Germany","LCD (LED)",34,127,5,"Analogue/Digital","0.4","0.8","LOEWE",32,0.274,44,124.1,464,"32in & under",5
"BILD C 32","Germany","LCD (LED)",34,127,5,"Analogue/Digital","0.4","0.8","LOEWE",32,0.274,44,124.1,464,"32in & under",5
"LED 32","Germany","LCD (LED)",34,127,5,"Analogue/Digital","0.4","0.8","LOEWE",32,0.274,44,124.1,464,"32in & under",5
"WE SEE 55","Germany","LCD (LED)",84,309,5,"Analogue/Digital","0.4","0.8","LOEWE",55,0.822,108,102.2,376,"51-55in",5
"WE SEE 50","Germany","LCD (LED)",68,251,5.5,"Analogue/Digital","0.4","0.8","LOEWE",49,0.675,88,100.7,372,"44-50in",6
"LH43BECHLGKXXY","Vietnam","LCD (LED)",70,259,4,"Digital","0.5","0.0","SAMSUNG",43,0.498,91,140.6,520,"33-43in",4
"LH43BECHLGSXNZ","Vietnam","LCD (LED)",70,259,4,"Digital","0.5","0.0","SAMSUNG",43,0.498,91,140.6,520,"33-43in",4
"LH43BECHLG****","Vietnam","LCD (LED)",70,259,4,"Digital","0.5","0.0","SAMSUNG",43,0.498,91,140.6,520,"33-43in",4
"LH55BECHLGSXNZ","Vietnam","LCD (LED)",81,299,5.5,"Digital","0.5","0.0","SAMSUNG",55,0.823,105,98.4,363,"51-55in",6
"LH55BECHLG****","Vietnam","LCD (LED)",81,299,5.5,"Digital","0.5","0.0","SAMSUNG",55,0.823,105,98.4,363,"51-55in",6
"LH55BECHLGKXXY","Vietnam","LCD (LED)",81,299,5.5,"Digital","0.5","0.0","SAMSUNG",55,0.823,105,98.4,363,"51-55in",6
"LH75BECHLGKXXY","Vietnam","LCD (LED)",139,510,5.5,"Digital","0.5","0.0","SAMSUNG",75,1.532,178,90.7,333,"66-75in",6
"LH75BECHLGSXNZ","Vietnam","LCD (LED)",139,510,5.5,"Digital","0.5","0.0","SAMSUNG",75,1.532,178,90.7,333,"66-75in",6
"LH75BECHLG****","Vietnam","LCD (LED)",139,510,5.5,"Digital","0.5","0.0","SAMSUNG",75,1.532,178,90.7,333,"66-75in",6
"LH65BECHLGKXXY","Vietnam","LCD (LED)",116,426,5,"Digital","0.5","0.0","SAMSUNG",65,1.148,149,101,371,"56-65in",5
"LH65BECHLGSXNZ","Vietnam","LCD (LED)",116,426,5,"Digital","0.5","0.0","SAMSUNG",65,1.148,149,101,371,"56-65in",5
"LH65BECHLG****","Vietnam","LCD (LED)",116,426,5,"Digital","0.5","0.0","SAMSUNG",65,1.148,149,101,371,"56-65in",5
"LH50BECHLGKXXY","Vietnam","LCD (LED)",80,295,4.5,"Digital","0.5","0.0","SAMSUNG",49,0.675,103,118.5,437,"44-50in",4
"LH50BECHLGSXNZ","Vietnam","LCD (LED)",80,295,4.5,"Digital","0.5","0.0","SAMSUNG",49,0.675,103,118.5,437,"44-50in",4
"LH50BECHLG****","Vietnam","LCD (LED)",80,295,4.5,"Digital","0.5","0.0","SAMSUNG",49,0.675,103,118.5,437,"44-50in",4
"BP650USG9900","China","LCD",234.49,858,2,"Analogue/Digital","0.4","0.0","BLAUPUNKT",65,1.147,300,204.4,748,"56-65in",2
"KAQLED43XQ98JSTA","China","LCD (LED)",90.1,353,2.5,"Analogue/Digital","0.41","0.0","KOGAN",42,0.498,124,180.9,709,"33-43in",2
"KAQLED43XQ98JSTB","China","LCD (LED)",90.1,353,2.5,"Analogue/Digital","0.41","0.0","KOGAN",42,0.498,124,180.9,709,"33-43in",2
"KAQLED43XQ98JSTC","China","LCD (LED)",90.1,353,2.5,"Analogue/Digital","0.41","0.0","KOGAN",42,0.498,124,180.9,709,"33-43in",2
"KAQLED43XQ98JSTD","China","LCD (LED)",90.1,353,2.5,"Analogue/Digital","0.41","0.0","KOGAN",42,0.498,124,180.9,709,"33-43in",2
"KAQLED43XQ98JSTE","China","LCD (LED)",90.1,353,2.5,"Analogue/Digital","0.41","0.0","KOGAN",42,0.498,124,180.9,709,"33-43in",2
"KALED65U94TA","China","LCD (LED)",102.9,404,5.5,"Analogue/Digital","0.375","0.0","KOGAN",64,1.147,141,89.7,352,"56-65in",6
"KALED65U94TB","China","LCD (LED)",102.9,404,5.5,"Analogue/Digital","0.375","0.0","KOGAN",64,1.147,141,89.7,352,"56-65in",6
"KALED65U94TC","China","LCD (LED)",102.9,404,5.5,"Analogue/Digital","0.375","0.0","KOGAN",64,1.147,141,89.7,352,"56-65in",6
"KALED65U94TD","China","LCD (LED)",102.9,404,5.5,"Analogue/Digital","0.375","0.0","KOGAN",64,1.147,141,89.7,352,"56-65in",6
"KALED65U94TE","China","LCD (LED)",102.9,404,5.5,"Analogue/Digital","0.375","0.0","KOGAN",64,1.147,141,89.7,352,"56-65in",6
"LT043A-04-FXTL","Poland","LCD (LED)",50.73,200,5,"Digital","","","HUBBL",43,0.5,70,101.5,400,"33-43in",5
"LT055A-04-FXTL","Poland","LCD (LED)",64.71,240,6,"Digital","","","HUBBL",55,0.822,84,78.7,292,"51-55in",6
"LT-32ND35A2","China","LCD (LED)",35.3,150,4,"Analogue/Digital","","","JVC",32,0.274,52,128.8,547,"32in & under",4
"QA98QN990CW","Vietnam","LCD (LED)",389,1423,3.5,"Digital","0.5","0.0","SAMSUNG",98,2.621,498,148.4,543,"86in+",4
"QA50QE1CAS","Vietnam","LCD (LED)",76,280,5,"Digital","0.5","0.0","SAMSUNG",49,0.675,98,112.6,415,"44-50in",5
"RT32R3KECA","China","LCD (LED)",31.4,118,5,"Analogue/Digital","0.51","0.51","SYLVOX",32,0.274,41,114.6,431,"32in & under",5
"40S5400A","China","LCD (LED)",35.6,180,5,"Analogue/Digital","0.352","0.0","TCL",39,0.426,63,83.6,423,"33-43in",5
"32S5400AF","China","LCD (LED)",27,110,5.5,"Analogue/Digital","0.36","0.0","TCL",31,0.273,38,98.9,403,"32in & under",6
"OLED77M3PSA","Indonesia,South Korea","OLED",216,791,4,"Analogue/Digital","0.4","0.0","LG",77,1.62,277,133.3,488,"76-85in",4
"OLED83M3PSA","Indonesia,South Korea","OLED",212,776,4.5,"Analogue/Digital","0.4","0.0","LG",83,1.877,272,112.9,413,"76-85in",4
"OLED97M3PSA","Indonesia,South Korea","OLED",258,944,5,"Analogue/Digital","0.4","0.0","LG",97,2.568,330,100.5,368,"86in+",5
"KALED75U94TA","China","LCD (LED)",137.1,546,5.5,"Analogue/Digital","0.39","0.0","KOGAN",75,1.531,191,89.5,357,"66-75in",6
"KALED75U94TB","China","LCD (LED)",137.1,546,5.5,"Analogue/Digital","0.39","0.0","KOGAN",75,1.531,191,89.5,357,"66-75in",6
"KALED75U94TC","China","LCD (LED)",137.1,546,5.5,"Analogue/Digital","0.39","0.0","KOGAN",75,1.531,191,89.5,357,"66-75in",6
"KALED75U94TD","China","LCD (LED)",137.1,546,5.5,"Analogue/Digital","0.39","0.0","KOGAN",75,1.531,191,89.5,357,"66-75in",6
"KALED75U94TE","China","LCD (LED)",137.1,546,5.5,"Analogue/Digital","0.39","0.0","KOGAN",75,1.531,191,89.5,357,"66-75in",6
"FDFD24D4D-H2","China","LCD (LED)",25.58,96,4.5,"Digital","","","FURRION",24,0.156,34,164,615,"32in & under",4
"KALED55U94TA","China","LCD (LED)",80.814,302,5.5,"Analogue/Digital","0.41","0.0","KOGAN",55,0.823,106,98.2,367,"51-55in",6
"KALED55U94TB","China","LCD (LED)",80.814,302,5.5,"Analogue/Digital","0.41","0.0","KOGAN",55,0.823,106,98.2,367,"51-55in",6
"KALED55U94TC","China","LCD (LED)",80.814,302,5.5,"Analogue/Digital","0.41","0.0","KOGAN",55,0.823,106,98.2,367,"51-55in",6
"KALED55U94TD","China","LCD (LED)",80.814,302,5.5,"Analogue/Digital","0.41","0.0","KOGAN",55,0.823,106,98.2,367,"51-55in",6
"KALED55U94TE","China","LCD (LED)",80.814,302,5.5,"Analogue/Digital","0.41","0.0","KOGAN",55,0.823,106,98.2,367,"51-55in",6
"KAQLED98XQ98JSTA","China","LCD (LED)",323,1233,4,"Analogue/Digital","0.38","0.0","KOGAN",98,2.621,432,123.2,470,"86in+",4
"KAQLED98XQ98JSTB","China","LCD (LED)",323,1233,4,"Analogue/Digital","0.38","0.0","KOGAN",98,2.621,432,123.2,470,"86in+",4
"KAQLED98XQ98JSTC","China","LCD (LED)",323,1233,4,"Analogue/Digital","0.38","0.0","KOGAN",98,2.621,432,123.2,470,"86in+",4
"KAQLED98XQ98JSTD","China","LCD (LED)",323,1233,4,"Analogue/Digital","0.38","0.0","KOGAN",98,2.621,432,123.2,470,"86in+",4
"KAQLED98XQ98JSTE","China","LCD (LED)",323,1233,4,"Analogue/Digital","0.38","0.0","KOGAN",98,2.621,432,123.2,470,"86in+",4
"KALED50U94TA","China","LCD (LED)",75,276,5,"Analogue/Digital","0.36","0.0","KOGAN",49,0.675,97,111.1,409,"44-50in",5
"KALED50U94TB","China","LCD (LED)",75,276,5,"Analogue/Digital","0.36","0.0","KOGAN",49,0.675,97,111.1,409,"44-50in",5
"KALED50U94TC","China","LCD (LED)",75,276,5,"Analogue/Digital","0.36","0.0","KOGAN",49,0.675,97,111.1,409,"44-50in",5
"KALED50U94TD","China","LCD (LED)",75,276,5,"Analogue/Digital","0.36","0.0","KOGAN",49,0.675,97,111.1,409,"44-50in",5
"KALED50U94TE","China","LCD (LED)",75,276,5,"Analogue/Digital","0.36","0.0","KOGAN",49,0.675,97,111.1,409,"44-50in",5
"43UM767H0LD","Indonesia,South Korea","LCD (LED)",43,159,6,"Analogue/Digital","0.4","0.0","LG",43,0.498,56,86.3,319,"33-43in",6
"50UM767H0LD","Indonesia,South Korea","LCD (LED)",45,167,7,"Analogue/Digital","0.4","0.0","LG",49,0.675,58,66.7,247,"44-50in",7
"55UM767H0LD","Indonesia,South Korea","LCD (LED)",59,218,7,"Analogue/Digital","0.4","0.0","LG",55,0.823,76,71.7,265,"51-55in",7
"65UM767H0LD","Indonesia,South Korea","LCD (LED)",65,240,7,"Analogue/Digital","0.4","0.0","LG",65,1.148,84,56.6,209,"56-65in",7
"75UM767H0LD","Indonesia,South Korea","LCD (LED)",70,258,8,"Analogue/Digital","0.4","0.0","LG",75,1.531,90,45.7,169,"66-75in",8
"55U7KAU","China","LCD (LED)",82.05,339,5,"Analogue/Digital","0.32","0.0","HISENSE",55,0.823,119,99.7,412,"51-55in",5
"55U7KNZ","China","LCD (LED)",82.05,339,5,"Analogue/Digital","0.32","0.0","HISENSE",55,0.823,119,99.7,412,"51-55in",5
"65U7KAU","China","LCD (LED)",109.65,459,5,"Analogue/Digital","0.3","0.0","HISENSE",65,1.148,161,95.5,400,"56-65in",5
"65U7KNZ","China","LCD (LED)",109.65,459,5,"Analogue/Digital","0.3","0.0","HISENSE",65,1.148,161,95.5,400,"56-65in",5
"75U7KAU","China","LCD (LED)",157.47,612,5,"Analogue/Digital","0.36","0.0","HISENSE",75,1.532,214,102.8,399,"66-75in",5
"75U7KNZ","China","LCD (LED)",157.47,612,5,"Analogue/Digital","0.36","0.0","HISENSE",75,1.532,214,102.8,399,"66-75in",5
"85U7KAU","China","LCD (LED)",217.19,859,4.5,"Analogue/Digital","0.31","0.0","HISENSE",85,1.971,301,110.2,436,"76-85in",4
"85U7KNZ","China","LCD (LED)",217.19,859,4.5,"Analogue/Digital","0.31","0.0","HISENSE",85,1.971,301,110.2,436,"76-85in",4
"55U7K series","China","LCD (LED)",82.05,339,5,"Analogue/Digital","0.32","0.0","HISENSE",55,0.823,119,99.7,412,"51-55in",5
"65U7K series","China","LCD (LED)",109.65,459,5,"Analogue/Digital","0.3","0.0","HISENSE",65,1.148,161,95.5,400,"56-65in",5
"75U7K series","China","LCD (LED)",157.47,612,5,"Analogue/Digital","0.36","0.0","HISENSE",75,1.532,214,102.8,399,"66-75in",5
"85U7K series","China","LCD (LED)",217.19,859,4.5,"Analogue/Digital","0.31","0.0","HISENSE",85,1.971,301,110.2,436,"76-85in",4
"STVLED43FHDB","China","LCD (LED)",41.53,162,6,"Analogue/Digital","0.31","0.45","THOMSON",43,0.498,57,83.4,325,"33-43in",6
"KALED55R93STA","China","LCD (LED)",77.8,302,5.5,"Analogue/Digital","0.4","0.0","KOGAN",55,0.823,106,94.5,367,"51-55in",6
"KALED55R93STB","China","LCD (LED)",77.8,302,5.5,"Analogue/Digital","0.4","0.0","KOGAN",55,0.823,106,94.5,367,"51-55in",6
"KALED55R93STC","China","LCD (LED)",77.8,302,5.5,"Analogue/Digital","0.4","0.0","KOGAN",55,0.823,106,94.5,367,"51-55in",6
"KALED55R93STD","China","LCD (LED)",77.8,302,5.5,"Analogue/Digital","0.4","0.0","KOGAN",55,0.823,106,94.5,367,"51-55in",6
"KALED55R93STE","China","LCD (LED)",77.8,302,5.5,"Analogue/Digital","0.4","0.0","KOGAN",55,0.823,106,94.5,367,"51-55in",6
"KALED50R93STA","China","LCD (LED)",69.15,276,5,"Analogue/Digital","0.35","0.0","KOGAN",49,0.675,97,102.4,409,"44-50in",5
"KALED50R93STB","China","LCD (LED)",69.15,276,5,"Analogue/Digital","0.35","0.0","KOGAN",49,0.675,97,102.4,409,"44-50in",5
"KALED50R93STC","China","LCD (LED)",69.15,276,5,"Analogue/Digital","0.35","0.0","KOGAN",49,0.675,97,102.4,409,"44-50in",5
"KALED50R93STD","China","LCD (LED)",69.15,276,5,"Analogue/Digital","0.35","0.0","KOGAN",49,0.675,97,102.4,409,"44-50in",5
"KALED50R93STE","China","LCD (LED)",69.15,276,5,"Analogue/Digital","0.35","0.0","KOGAN",49,0.675,97,102.4,409,"44-50in",5
"55Z870MP","China","LCD (LED)",115.82,459,3.5,"Analogue/Digital","0.342","0.0","TOSHIBA",55,0.823,161,140.7,558,"51-55in",4
"65Z870MP","China","LCD (LED)",129.47,520,4.5,"Analogue/Digital","0.41","0.0","TOSHIBA",65,1.148,182,112.8,453,"56-65in",4
"75Z870MP","China","LCD (LED)",199.04,764,4,"Analogue/Digital","0.29","0.0","TOSHIBA",75,1.531,267,130,499,"66-75in",4
"QA55QE1CAS","Vietnam","LCD (LED)",82,302,5.5,"Digital","0.5","0.0","SAMSUNG",55,0.823,106,99.6,367,"51-55in",6
"QA75QE1CAW","Vietnam","LCD (LED)",130,478,6,"Digital","0.5","0.0","SAMSUNG",75,1.532,167,84.9,312,"66-75in",6
"QA75QE1CAS","Vietnam","LCD (LED)",130,478,6,"Digital","0.5","0.0","SAMSUNG",75,1.532,167,84.9,312,"66-75in",6
"QA75QE1CA*","Vietnam","LCD (LED)",130,478,6,"Digital","0.5","0.0","SAMSUNG",75,1.532,167,84.9,312,"66-75in",6
"KALED22F5ZA","China","LCD",25.2,95,3.5,"Digital","","","KOGAN",22,0.128,33,196.9,742,"32in & under",4
"KALED22F5ZB","China","LCD",25.2,95,3.5,"Digital","","","KOGAN",22,0.128,33,196.9,742,"32in & under",4
"KALED22F5ZC","China","LCD",25.2,95,3.5,"Digital","","","KOGAN",22,0.128,33,196.9,742,"32in & under",4
"KALED22F5ZD","China","LCD",25.2,95,3.5,"Digital","","","KOGAN",22,0.128,33,196.9,742,"32in & under",4
"43UQ7050PSA","Vietnam","LCD (LED)",74,273,3.5,"Analogue/Digital","0.31","0.0","LG",43,0.498,96,148.6,548,"33-43in",4
"KALED22F5Z*","China","LCD",25.2,95,3.5,"Digital","","","KOGAN",22,0.128,33,196.9,742,"32in & under",4
"50UQ7050PSA","Vietnam","LCD (LED)",83,305,4.5,"Analogue/Digital","0.35","0.0","LG",50,0.675,107,123,452,"44-50in",4
"55UQ7050PSA","Vietnam","LCD (LED)",90,331,5,"Analogue/Digital","0.36","0.0","LG",55,0.823,116,109.4,402,"51-55in",5
"LED24M40","China","LCD (LED)",16.5,70,5.5,"Analogue/Digital","","","ENGLAON",24,0.153,24,107.8,458,"32in & under",6
"LED24M80","China","LCD (LED)",20.3,78,5,"Analogue/Digital","","","ENGLAON",24,0.153,27,132.7,510,"32in & under",5
"LED24X80","China","LCD (LED)",20.3,78,5,"Analogue/Digital","","","ENGLAON",24,0.153,27,132.7,510,"32in & under",5
"24in Smart TV","China","LCD (LED)",20.3,78,5,"Analogue/Digital","","","ENGLAON",24,0.153,27,132.7,510,"32in & under",5
"QA77S89CAW","Vietnam","LCD (LED)",178,653,4.5,"Digital","0.5","0.0","SAMSUNG",77,1.628,229,109.3,401,"76-85in",4
"LED24M50","China","LCD (LED)",25.03,95,4.5,"Analogue/Digital","","","ENGLAON",24,0.153,33,163.6,621,"32in & under",4
"LED32M50","China","LCD (LED)",43.25,163,4,"Analogue/Digital","","","ENGLAON",32,0.274,57,157.8,595,"32in & under",4
"75Z670MP","China","LCD (LED)",144.63,575,5,"Analogue/Digital","0.409","0.0","TOSHIBA",75,1.532,201,94.4,375,"66-75in",5
"65Z670MP","China","LCD (LED)",117.13,465,5,"Analogue/Digital","0.283","0.0","TOSHIBA",65,1.148,163,102,405,"56-65in",5
"55Z670MP","China","LCD (LED)",86.66,341,5,"Analogue/Digital","0.285","0.0","TOSHIBA",55,0.823,119,105.3,414,"51-55in",5
"32PHT6918/79","China","LCD (LED)",25.7,105,6,"Analogue/Digital","0.36","0.0","PHILIPS",32,0.274,37,93.8,383,"32in & under",6
"43PUT7908/75","China","LCD (LED)",82.7,334,3,"Analogue/Digital","0.41","0.0","PHILIPS",42,0.498,117,166.1,671,"33-43in",3
"L32G7PG","China","LCD (LED)",27.7,116,5.5,"unknown","0.4","0.0","CHIQ",31,0.273,41,101.5,425,"32in & under",6
"L40G7PG","China","LCD (LED)",46.8,189,5,"unknown","0.4","0.0","CHIQ",39,0.426,66,109.9,444,"33-43in",5
"U75F8TG","China","LCD (LED)",137.7,532,5.5,"unknown","0.41","0.0","CHIQ",75,1.531,186,89.9,347,"66-75in",6
"QA98Q80CAW","Vietnam","LCD (LED)",289,1058,4.5,"Digital","0.5","0.0","SAMSUNG",98,2.622,370,110.2,404,"86in+",4
"QA98Q80CAS","Vietnam","LCD (LED)",289,1058,4.5,"Digital","0.5","0.0","SAMSUNG",98,2.622,370,110.2,404,"86in+",4
"QA98Q80CA*","Vietnam","LCD (LED)",289,1058,4.5,"Digital","0.5","0.0","SAMSUNG",98,2.622,370,110.2,404,"86in+",4
"KALED43U94VA","China","LCD (LED)",51.44,221,4.5,"Analogue/Digital","0.45","0.46","KOGAN",43,0.498,77,103.3,444,"33-43in",4
"KALED43U94VB","China","LCD (LED)",51.44,221,4.5,"Analogue/Digital","0.45","0.46","KOGAN",43,0.498,77,103.3,444,"33-43in",4
"KALED43U94VC","China","LCD (LED)",51.44,221,4.5,"Analogue/Digital","0.45","0.46","KOGAN",43,0.498,77,103.3,444,"33-43in",4
"KALED43U94V*","China","LCD (LED)",51.44,221,4.5,"Analogue/Digital","0.45","0.46","KOGAN",43,0.498,77,103.3,444,"33-43in",4
"K70USW2","China","LCD",145.2,532,5,"Analogue/Digital","","","EKO",70,1.338,186,108.5,398,"66-75in",5
"32A4KAU","China","LCD (LED)",22.8,93,6,"Analogue/Digital","0.31","0.0","HISENSE",32,0.274,33,83.2,339,"32in & under",6
"40A4KAU","China","LCD (LED)",29.07,121,7,"Analogue/Digital","0.28","0.0","HISENSE",40,0.426,42,68.2,284,"33-43in",7
"65U8KAU","China","LCD (LED)",133.75,520,4.5,"Analogue/Digital","0.393","0.0","HISENSE",65,1.148,182,116.5,453,"56-65in",4
"65U8KNZ","China","LCD (LED)",133.75,520,4.5,"Analogue/Digital","0.393","0.0","HISENSE",65,1.148,182,116.5,453,"56-65in",4
"75U8KAU","China","LCD (LED)",161.33,639,4.5,"Analogue/Digital","0.366","0.0","HISENSE",75,1.532,224,105.3,417,"66-75in",4
"75U8KNZ","China","LCD (LED)",161.33,639,4.5,"Analogue/Digital","0.366","0.0","HISENSE",75,1.532,224,105.3,417,"66-75in",4
"65U8K series","China","LCD (LED)",133.75,520,4.5,"Analogue/Digital","0.393","0.0","HISENSE",65,1.148,182,116.5,453,"56-65in",4
"75U8K series","China","LCD (LED)",161.33,639,4.5,"Analogue/Digital","0.366","0.0","HISENSE",75,1.532,224,105.3,417,"66-75in",4
"FF32S53","China","LCD (LED)",27,110,5.5,"Analogue/Digital","0.36","0.0","FFALCON",31,0.273,38,98.9,403,"32in & under",6
"FF40S53","China","LCD (LED)",35.6,180,5,"Analogue/Digital","0.352","0.0","FFALCON",39,0.426,63,83.6,423,"33-43in",5
"FF50U63","China","LCD (LED)",50.3,204,6,"Analogue/Digital","0.325","0.0","FFALCON",49,0.675,71,74.5,302,"44-50in",6
"FF55U63","China","LCD (LED)",53,250,6,"Analogue/Digital","0.348","0.0","FFALCON",55,0.822,88,64.5,304,"51-55in",6
"U43G7PG","China","LCD (LED)",52.9,214,5,"unknown","0.38","0.0","CHIQ",42,0.498,75,106.2,430,"33-43in",5
"U50G7PG","China","LCD (LED)",69.9,276,5,"unknown","0.36","0.0","CHIQ",49,0.675,97,103.6,409,"44-50in",5
"U55G7PG","China","LCD (LED)",82.3,320,5,"unknown","0.4","0.0","CHIQ",55,0.823,112,100,389,"51-55in",5
"U58G7PG","China","LCD (LED)",86.5,349,5,"unknown","0.4","0.4","CHIQ",57,0.916,122,94.4,381,"56-65in",5
"U65G7PG","China","LCD (LED)",94,404,5.5,"unknown","0.4","0.0","CHIQ",64,1.147,141,82,352,"56-65in",6
"U65QM8VG","China","LCD (LED)",158,579,4,"unknown","0.45","0.0","CHIQ",64,1.147,203,137.8,505,"56-65in",4
"KD65WOS2","China","LCD (LED)",95.274,367,6,"Analogue/Digital","0.3594","0.361848","KODAK",65,1.148,128,83,320,"56-65in",6
"50PUT7428/79","China","LCD (LED)",66.6,269,5,"Analogue/Digital","0.42","0.46","PHILIPS",49,0.675,94,98.7,399,"44-50in",5
"65PUT7428/79","China","LCD (LED)",101.3,409,5.5,"Analogue/Digital","0.39","0.43","PHILIPS",65,1.148,143,88.2,356,"56-65in",6
"KALED60U93NA","China","LCD",110.3,405,5,"Analogue/Digital","0.3","0.0","KOGAN",60,0.996,142,110.7,407,"56-65in",5
"KALED60U93NB","China","LCD",110.3,405,5,"Analogue/Digital","0.3","0.0","KOGAN",60,0.996,142,110.7,407,"56-65in",5
"*60*","China","LCD",110.3,405,5,"Analogue/Digital","0.3","0.0","KOGAN",60,0.996,142,110.7,407,"56-65in",5
"KDE40RR314FANT","China","LCD (LED)",44.91,189,5,"Analogue/Digital","0.45","4.52","KONKA",40,0.426,66,105.4,444,"33-43in",5
"KDE40RR315ANT","China","LCD (LED)",44.91,189,5,"Analogue/Digital","0.45","4.52","KONKA",40,0.426,66,105.4,444,"33-43in",5
"KALED40R93STA","China","LCD (LED)",40,149,6,"Analogue/Digital","0.4","0.0","KOGAN",39,0.426,52,93.9,350,"33-43in",6
"KALED40R93STB","China","LCD (LED)",40,149,6,"Analogue/Digital","0.4","0.0","KOGAN",39,0.426,52,93.9,350,"33-43in",6
"KALED40R93STC","China","LCD (LED)",40,149,6,"Analogue/Digital","0.4","0.0","KOGAN",39,0.426,52,93.9,350,"33-43in",6
"KALED40R93STD","China","LCD (LED)",40,149,6,"Analogue/Digital","0.4","0.0","KOGAN",39,0.426,52,93.9,350,"33-43in",6
"KALED40R93STE","China","LCD (LED)",40,149,6,"Analogue/Digital","0.4","0.0","KOGAN",39,0.426,52,93.9,350,"33-43in",6
"UDE55QR314FANT","China","LCD (LED)",86.23,341,5,"Analogue/Digital","0.43","3.87","KONKA",55,0.823,119,104.8,414,"51-55in",5
"UDE55QR315ANT","China","LCD (LED)",86.23,341,5,"Analogue/Digital","0.43","3.87","KONKA",55,0.823,119,104.8,414,"51-55in",5
"KDE32RR314FANT-5","China","LCD (LED)",31.51,131,5,"Analogue/Digital","0.39","4.29","KONKA",32,0.274,46,115,478,"32in & under",5
"KDE32RR315ANT","China","LCD (LED)",31.51,131,5,"Analogue/Digital","0.39","4.29","KONKA",32,0.274,46,115,478,"32in & under",5
"85Z670MP","China","LCD (LED)",240.73,975,4,"Analogue/Digital","0.33","0.0","TOSHIBA",85,1.971,341,122.1,495,"76-85in",4
"UDE50QR314FANT","China","LCD (LED)",72.19,285,5,"Analogue/Digital","0.42","4.69","KONKA",50,0.675,100,106.9,422,"44-50in",5
"UDE50QR315ANT","China","LCD (LED)",72.19,285,5,"Analogue/Digital","0.42","4.69","KONKA",50,0.675,100,106.9,422,"44-50in",5
"KALED60U93NC","China","LCD",110.3,405,5,"Analogue/Digital","0.3","0.0","KOGAN",60,0.996,142,110.7,407,"56-65in",5
"KALED60U93ND","China","LCD",110.3,405,5,"Analogue/Digital","0.3","0.0","KOGAN",60,0.996,142,110.7,407,"56-65in",5
"D60S218-U-T2-W","China","LCD",110.3,405,5,"Analogue/Digital","0.3","0.0","KOGAN",60,0.996,142,110.7,407,"56-65in",5
"QA83S90CAE","Vietnam","LCD (LED)",192,704,5,"Digital","0.5","0.0","SAMSUNG",83,1.877,246,102.3,375,"76-85in",5
"QA83S**CA*","Vietnam","LCD (LED)",192,704,5,"Digital","0.5","0.0","SAMSUNG",83,1.877,246,102.3,375,"76-85in",5
"QA83S89CAW","Vietnam","LCD (LED)",192,704,5,"Digital","0.5","0.0","SAMSUNG",83,1.877,246,102.3,375,"76-85in",5
"QA83S89CAS","Vietnam","LCD (LED)",192,704,5,"Digital","0.5","0.0","SAMSUNG",83,1.877,246,102.3,375,"76-85in",5
"55U6KAU","China","LCD (LED)",85.64,339,5,"Analogue/Digital","0.301","0.0","HISENSE",55,0.823,119,104.1,412,"51-55in",5
"55U6KNZ","China","LCD (LED)",85.64,339,5,"Analogue/Digital","0.301","0.0","HISENSE",55,0.823,119,104.1,412,"51-55in",5
"65U6KAU","China","LCD (LED)",140.56,555,4,"Analogue/Digital","0.306","0.0","HISENSE",65,1.148,194,122.4,483,"56-65in",4
"65U6KNZ","China","LCD (LED)",140.56,555,4,"Analogue/Digital","0.306","0.0","HISENSE",65,1.148,194,122.4,483,"56-65in",4
"75U6KAU","China","LCD (LED)",154.66,599,5,"Analogue/Digital","0.326","0.0","HISENSE",75,1.531,210,101,391,"66-75in",5
"75U6KNZ","China","LCD (LED)",154.66,599,5,"Analogue/Digital","0.326","0.0","HISENSE",75,1.531,210,101,391,"66-75in",5
"55U6K series","China","LCD (LED)",85.64,339,5,"Analogue/Digital","0.301","0.0","HISENSE",55,0.823,119,104.1,412,"51-55in",5
"65U6K series","China","LCD (LED)",140.56,555,4,"Analogue/Digital","0.306","0.0","HISENSE",65,1.148,194,122.4,483,"56-65in",4
"75U6K series","China","LCD (LED)",154.66,599,5,"Analogue/Digital","0.326","0.0","HISENSE",75,1.531,210,101,391,"66-75in",5
"K650UGT","China","LCD (LED)",141.108,540,4,"Analogue/Digital","0.3764","0.3935","EKO",65,1.148,189,122.9,470,"56-65in",4
"K550UGT","China","LCD (LED)",87.678,338,5,"Analogue/Digital","0.2546","0.3804","EKO",55,0.823,118,106.5,411,"51-55in",5
"BP500USG9800","China","LCD",102.36,376,3.5,"Analogue/Digital","0.38","0.0","BLAUPUNKT",49,0.673,132,152.1,559,"44-50in",4
"BP240HSG9800","China","LCD",20.94,78,5,"Analogue/Digital","0.21","0.0","BLAUPUNKT",24,0.153,27,136.9,510,"32in & under",5
"55PUT7428/79","China","LCD (LED)",79.3,321,5,"Analogue/Digital","0.48","0.0","PHILIPS",55,0.823,112,96.4,390,"51-55in",5
"43PUT7428/79","China","LCD (LED)",80.8,327,3,"Analogue/Digital","0.41","0.45","PHILIPS",42,0.498,114,162.2,657,"33-43in",3
"43PFT6918/79","China","LCD (LED)",38,155,6,"Analogue/Digital","0.39","0.0","PHILIPS",42,0.498,54,76.3,311,"33-43in",6
"65DF","China","LCD",130.03,477,4.5,"Digital","0.39","0.0","TAVICE",65,1.149,167,113.2,415,"56-65in",4
"KD65G11","China","LCD",94.65,358,6,"Analogue/Digital","0.354","0.0","KODAK",64,1.14,125,83,314,"56-65in",6
"ATV40FHDG-1123","China","LCD (LED)",40,148,6,"Analogue/Digital","0.35","0.0","BAUHN",39,0.426,52,93.9,347,"33-43in",6
"AV-J323142A","China","LCD",39,145,4.5,"Analogue/Digital","0.39","0.0","JVC",32,0.274,51,142.3,529,"32in & under",4
"FF65U63","China","LCD (LED)",73.5,327,6,"Analogue/Digital","0.288","0.0","FFALCON",64,1.147,114,64.1,285,"56-65in",6
"FF75U63","China","LCD (LED)",123.8,500,5.5,"Analogue/Digital","0.291","0.0","FFALCON",75,1.531,175,80.9,327,"66-75in",6
"FF43U63","China","LCD (LED)",43.6,178,5.5,"Analogue/Digital","0.365","0.0","FFALCON",42,0.498,62,87.6,357,"33-43in",6
"QA65QE1CAW","Vietnam","LCD (LED)",112,412,5.5,"Digital","0.5","0.0","SAMSUNG",65,1.148,144,97.6,359,"56-65in",6
"QA65QE1CAS","Vietnam","LCD (LED)",112,412,5.5,"Digital","0.5","0.0","SAMSUNG",65,1.148,144,97.6,359,"56-65in",6
"QA65QE1CA*","Vietnam","LCD (LED)",112,412,5.5,"Digital","0.5","0.0","SAMSUNG",65,1.148,144,97.6,359,"56-65in",6
"50C845","China","LCD (LED)",91.4,390,3.5,"Analogue/Digital","0.333","0.0","TCL",49,0.675,136,135.4,578,"44-50in",4
"K400FAT","China","LCD (LED)",54.48,210,4.5,"Analogue/Digital","0.4","0.0","EKO",40,0.427,74,127.6,492,"33-43in",4
"K240HGT","China","LCD",20.94,78,5,"Analogue/Digital","0.21","0.0","EKO",24,0.153,27,136.9,510,"32in & under",5
"KALED65R94KA","China","LCD (LED)",86.9,372,6,"unknown","0.391","0.0","KOGAN",65,1.147,130,75.8,324,"56-65in",6
"KALED65R94KB","China","LCD (LED)",86.9,372,6,"unknown","0.391","0.0","KOGAN",65,1.147,130,75.8,324,"56-65in",6
"KALED65R94KC","China","LCD (LED)",86.9,372,6,"unknown","0.391","0.0","KOGAN",65,1.147,130,75.8,324,"56-65in",6
"KALED65R94KD","China","LCD (LED)",86.9,372,6,"unknown","0.391","0.0","KOGAN",65,1.147,130,75.8,324,"56-65in",6
"KALED65R94K*","China","LCD (LED)",86.9,372,6,"unknown","0.391","0.0","KOGAN",65,1.147,130,75.8,324,"56-65in",6
"75UXAU","China","LCD (LED)",181.25,719,4,"Analogue/Digital","0.326","0.0","HISENSE",75,1.532,252,118.3,469,"66-75in",4
"85UXAU","China","LCD (LED)",202.84,780,5,"Analogue/Digital","0.315","0.0","HISENSE",85,1.971,273,102.9,396,"76-85in",5
"85UXNZ","China","LCD (LED)",202.84,780,5,"Analogue/Digital","0.315","0.0","HISENSE",85,1.971,273,102.9,396,"76-85in",5
"70A6KAU","China","LCD (LED)",104.78,415,6,"Analogue/Digital","0.337","0.0","HISENSE",70,1.312,145,79.9,316,"66-75in",6
"58A6KAU","China","LCD (LED)",73.72,299,6,"Analogue/Digital","0.317","0.0","HISENSE",58,0.916,105,80.5,326,"56-65in",6
"75UXNZ","China","LCD (LED)",181.25,719,4,"Analogue/Digital","0.326","0.0","HISENSE",75,1.532,252,118.3,469,"66-75in",4
"75UX series","China","LCD (LED)",181.25,719,4,"Analogue/Digital","0.326","0.0","HISENSE",75,1.532,252,118.3,469,"66-75in",4
"85UX series","China","LCD (LED)",202.84,780,5,"Analogue/Digital","0.315","0.0","HISENSE",85,1.971,273,102.9,396,"76-85in",5
"K320HAT","China","LCD (LED)",28.86,130,5,"Analogue/Digital","0.4","0.0","EKO",31,0.273,46,105.7,476,"32in & under",5
"LS86UHDNF23","China","LCD",169.97,630,6,"Analogue/Digital","0.41","0.0","LINSAR",86,2.02,220,84.1,312,"86in+",6
"K240HAT","China","LCD (LED)",18.72,82,5,"Analogue/Digital","0.4","0.0","EKO",24,0.153,29,122.4,536,"32in & under",5
"AV-JQ757115A","China","LCD (LED)",117.5,431,6,"Analogue/Digital","0.38","0.27","JVC",75,1.532,151,76.7,281,"66-75in",6
"K500UAT","China","LCD",66.62,246,5.5,"Analogue/Digital","0.37","0.0","EKO",49,0.675,86,98.7,364,"44-50in",6
"98C845","China","LCD (LED)",197.4,890,5.5,"Analogue/Digital","0.354","0.0","TCL",97,2.62,312,75.3,340,"86in+",6
"AV-J987145A","China","LCD (LED)",237.4,872,5.5,"Analogue/Digital","0.98","0.97","JVC",98,2.671,305,88.9,326,"86in+",6
"AK2422S7WOS","China","LCD (LED)",15.1,60,6,"Analogue/Digital","0.2","0.0","AKAI",24,0.153,21,98.7,392,"32in & under",6
"AK24**S7WOS","China","LCD (LED)",15.1,60,6,"Analogue/Digital","0.2","0.0","AKAI",24,0.153,21,98.7,392,"32in & under",6
"AK2423S7WOS","China","LCD (LED)",15.1,60,6,"Analogue/Digital","0.2","0.0","AKAI",24,0.153,21,98.7,392,"32in & under",6
"BP4000HDV7100","China","LCD",49.1,181,5,"Analogue/Digital","0.38","0.0","BLAUPUNKT",40,0.426,63,115.3,425,"33-43in",5
"UA85CU7000S","Vietnam","LCD (LED)",145,532,6,"Digital","0.5","0.0","SAMSUNG",85,1.971,186,73.6,270,"76-85in",6
"UA85CU7100S","Vietnam","LCD (LED)",145,532,6,"Digital","0.5","0.0","SAMSUNG",85,1.971,186,73.6,270,"76-85in",6
"UA85CU7*00S","Vietnam","LCD (LED)",145,532,6,"Digital","0.5","0.0","SAMSUNG",85,1.971,186,73.6,270,"76-85in",6
"AK3223S7WOS","China","LCD",23.5,90,6,"unknown","0.25","0.0","AKAI",32,0.274,31,85.8,328,"32in & under",6
"BP750USG9800","China","LCD",221.6,811,3.5,"Analogue/Digital","0.392","0.0","BLAUPUNKT",74,1.52,284,145.8,534,"66-75in",4
"UA43CU7000S","Vietnam","LCD (LED)",70,259,4,"Digital","0.5","0.0","SAMSUNG",43,0.498,91,140.6,520,"33-43in",4
"UA43CU7100S","Vietnam","LCD (LED)",70,259,4,"Digital","0.5","0.0","SAMSUNG",43,0.498,91,140.6,520,"33-43in",4
"UA43CU7*00S","Vietnam","LCD (LED)",70,259,4,"Digital","0.5","0.0","SAMSUNG",43,0.498,91,140.6,520,"33-43in",4
"UA65CU7000S","Vietnam","LCD (LED)",116,426,5,"Digital","0.5","0.0","SAMSUNG",65,1.148,149,101,371,"56-65in",5
"UA65CU7100S","Vietnam","LCD (LED)",116,426,5,"Digital","0.5","0.0","SAMSUNG",65,1.148,149,101,371,"56-65in",5
"UA65CU7*00S","Vietnam","LCD (LED)",116,426,5,"Digital","0.5","0.0","SAMSUNG",65,1.148,149,101,371,"56-65in",5
"UA75CU7000S","Vietnam","LCD (LED)",139,510,5.5,"Digital","0.5","0.0","SAMSUNG",75,1.532,178,90.7,333,"66-75in",6
"UA75CU7100S","Vietnam","LCD (LED)",139,510,5.5,"Digital","0.5","0.0","SAMSUNG",75,1.532,178,90.7,333,"66-75in",6
"UA75CU7*00S","Vietnam","LCD (LED)",139,510,5.5,"Digital","0.5","0.0","SAMSUNG",75,1.532,178,90.7,333,"66-75in",6
"UA50CU7000S","Vietnam","LCD (LED)",80,295,4.5,"Digital","0.5","0.0","SAMSUNG",49,0.675,103,118.5,437,"44-50in",4
"UA50CU7100S","Vietnam","LCD (LED)",80,295,4.5,"Digital","0.5","0.0","SAMSUNG",49,0.675,103,118.5,437,"44-50in",4
"UA50CU7*00S","Vietnam","LCD (LED)",80,295,4.5,"Digital","0.5","0.0","SAMSUNG",49,0.675,103,118.5,437,"44-50in",4
"UA55CU7000S","Vietnam","LCD (LED)",81,299,5.5,"Digital","0.5","0.0","SAMSUNG",55,0.823,105,98.4,363,"51-55in",6
"UA55CU7100S","Vietnam","LCD (LED)",81,299,5.5,"Digital","0.5","0.0","SAMSUNG",55,0.823,105,98.4,363,"51-55in",6
"UA55CU7*00S","Vietnam","LCD (LED)",81,299,5.5,"Digital","0.5","0.0","SAMSUNG",55,0.823,105,98.4,363,"51-55in",6
"75HFL5214U/97","China","LCD (LED)",99.7,450,6,"Analogue/Digital","0.29","0.65","PHILIPS",75,1.531,158,65.1,294,"66-75in",6
"EC32T1HN","China","LCD (LED)",25.92,110,5.5,"Analogue/Digital","","","CAIXUN",32,0.274,38,94.6,401,"32in & under",6
"EC32T2HN","China","LCD (LED)",25.92,110,5.5,"Analogue/Digital","","","CAIXUN",32,0.274,38,94.6,401,"32in & under",6
"EC32T1HA","China","LCD (LED)",25.92,110,5.5,"Analogue/Digital","","","CAIXUN",32,0.274,38,94.6,401,"32in & under",6
"EC32T2HA","China","LCD (LED)",25.92,110,5.5,"Analogue/Digital","","","CAIXUN",32,0.274,38,94.6,401,"32in & under",6
"EC32V1HA","China","LCD (LED)",25.92,110,5.5,"Analogue/Digital","","","CAIXUN",32,0.274,38,94.6,401,"32in & under",6
"EC32V2HA","China","LCD (LED)",25.92,110,5.5,"Analogue/Digital","","","CAIXUN",32,0.274,38,94.6,401,"32in & under",6
"EC32V1HN","China","LCD (LED)",25.92,110,5.5,"Analogue/Digital","","","CAIXUN",32,0.274,38,94.6,401,"32in & under",6
"EC32T1N","China","LCD (LED)",25.92,110,5.5,"Analogue/Digital","","","CAIXUN",32,0.274,38,94.6,401,"32in & under",6
"EC32T3H","China","LCD (LED)",25.92,110,5.5,"Analogue/Digital","","","CAIXUN",32,0.274,38,94.6,401,"32in & under",6
"*****32*****","China","LCD (LED)",25.92,110,5.5,"Analogue/Digital","","","CAIXUN",32,0.274,38,94.6,401,"32in & under",6
"LE-32V1","China","LCD (LED)",25.92,110,5.5,"Analogue/Digital","","","CAIXUN",32,0.274,38,94.6,401,"32in & under",6
"LT-50NQ7145A","China","LCD",112.52,413,3,"unknown","0.38","0.0","JVC",49,0.675,145,166.7,612,"44-50in",3
"KALED40R94KA","China","LCD (LED)",40.7,158,5.5,"Analogue/Digital","","","KOGAN",40,0.426,55,95.5,371,"33-43in",6
"KALED40R94KB","China","LCD (LED)",40.7,158,5.5,"Analogue/Digital","","","KOGAN",40,0.426,55,95.5,371,"33-43in",6
"KALED40R94KC","China","LCD (LED)",40.7,158,5.5,"Analogue/Digital","","","KOGAN",40,0.426,55,95.5,371,"33-43in",6
"KALED32R94KA","China","LCD (LED)",31.8,130,5,"Analogue/Digital","","","KOGAN",32,0.274,46,116.1,474,"32in & under",5
"KALED32R94KB","China","LCD (LED)",31.8,130,5,"Analogue/Digital","","","KOGAN",32,0.274,46,116.1,474,"32in & under",5
"KALED32R94KC","China","LCD (LED)",31.8,130,5,"Analogue/Digital","","","KOGAN",32,0.274,46,116.1,474,"32in & under",5
"LT-55NQ7145A","China","LCD",126.52,464,3.5,"unknown","0.36","0.0","JVC",55,0.823,162,153.7,564,"51-55in",4
"KALED55R94KA","China,Indonesia","LCD (LED)",68.9,295,5.5,"Analogue/Digital","0.382","0.384","KOGAN",55,0.818,103,84.2,361,"51-55in",6
"KALED55R94KB","China,Indonesia","LCD (LED)",68.9,295,5.5,"Analogue/Digital","0.382","0.384","KOGAN",55,0.818,103,84.2,361,"51-55in",6
"KALED55R94KC","China,Indonesia","LCD (LED)",68.9,295,5.5,"Analogue/Digital","0.382","0.384","KOGAN",55,0.818,103,84.2,361,"51-55in",6
"KALED55R94KD","China,Indonesia","LCD (LED)",68.9,295,5.5,"Analogue/Digital","0.382","0.384","KOGAN",55,0.818,103,84.2,361,"51-55in",6
"KALED55R94****","China,Indonesia","LCD (LED)",68.9,295,5.5,"Analogue/Digital","0.382","0.384","KOGAN",55,0.818,103,84.2,361,"51-55in",6
"KALED50R94KA","China,Indonesia","LCD (LED)",66.4,285,5,"Analogue/Digital","0.395","0.396","KOGAN",50,0.676,100,98.2,422,"44-50in",5
"KALED50R94KB","China,Indonesia","LCD (LED)",66.4,285,5,"Analogue/Digital","0.395","0.396","KOGAN",50,0.676,100,98.2,422,"44-50in",5
"KALED50R94KC","China,Indonesia","LCD (LED)",66.4,285,5,"Analogue/Digital","0.395","0.396","KOGAN",50,0.676,100,98.2,422,"44-50in",5
"KALED50R94KD","China,Indonesia","LCD (LED)",66.4,285,5,"Analogue/Digital","0.395","0.396","KOGAN",50,0.676,100,98.2,422,"44-50in",5
"KALED50R94****","China,Indonesia","LCD (LED)",66.4,285,5,"Analogue/Digital","0.395","0.396","KOGAN",50,0.676,100,98.2,422,"44-50in",5
"K55USWQ2","China","LCD",102.7,378,4.5,"Analogue/Digital","0.45","0.0","EKO",55,0.823,132,124.8,459,"51-55in",4
"OT75A2KEGC","China","LCD (LED)",306.7,1122,2,"Analogue/Digital","0.39","0.39","SYLVOX",75,1.532,393,200.2,732,"66-75in",2
"43UM662H0LC","South Korea,Indonesia","LCD (LED)",36,134,7,"Analogue/Digital","0.4","0.0","LG",43,0.498,47,72.3,269,"33-43in",7
"50UM662H0LC","Indonesia,South Korea","LCD (LED)",40,149,7,"Analogue/Digital","0.4","0.0","LG",49,0.675,52,59.3,221,"44-50in",7
"55UM662H0LC","Indonesia,South Korea","LCD (LED)",49,181,7,"Analogue/Digital","0.4","0.0","LG",55,0.823,63,59.5,220,"51-55in",7
"65UM662H0LC","Indonesia,South Korea","LCD (LED)",56,207,8,"Analogue/Digital","0.4","0.0","LG",65,1.148,72,48.8,180,"56-65in",8
"Q75U","China,Indonesia","LCD (LED)",165.8,670,4.5,"Analogue/Digital","","","PRISM+",75,1.53,234,108.4,438,"66-75in",4
"K65USW2","China","LCD (LED)",154.08,581,4,"Analogue/Digital","","","EKO",65,1.148,203,134.2,506,"56-65in",4
"KAL24DH5300QA","China,Vietnam","LCD (LED)",25.83,110,3.5,"Digital","","","KOGAN",24,0.156,38,165.6,705,"32in & under",4
"K42FSW3","China","LCD (LED)",55.82,230,4,"Analogue/Digital","","","EKO",42,0.466,80,119.8,494,"33-43in",4
"K50USW3","China","LCD (LED)",94.37,400,3,"Analogue/Digital","0.37","0.39","EKO",50,0.675,140,139.8,593,"44-50in",3
"K320HATTA","China","LCD (LED)",24.687,130,5,"Analogue/Digital","0.41662","2.2232","EKO",32,0.274,46,90.1,474,"32in & under",5
"KAQL50W94QA","China,Vietnam","LCD (LED)",94.01,415,3,"Digital","","","KOGAN",50,0.675,145,139.3,615,"44-50in",3
"KAQL55W94QA","China,Vietnam","LCD (LED)",109.19,468,3.5,"Digital","","","KOGAN",55,0.823,164,132.7,569,"51-55in",4
"KAQL65W94QA","China,Vietnam","LCD (LED)",134.93,543,4,"Digital","","","KOGAN",65,1.148,190,117.5,473,"56-65in",4
"KAQL75W94QA","China,Vietnam","LCD (LED)",159.15,772,3.5,"Digital","","","KOGAN",75,1.532,270,103.9,504,"66-75in",4
"HG50CU700AW","Vietnam","LCD (LED)",80,295,4.5,"Digital","0.5","0.0","SAMSUNG",49,0.675,103,118.5,437,"44-50in",4
"HG55CU700AW","Vietnam","LCD (LED)",81,299,5.5,"Digital","0.5","0.0","SAMSUNG",55,0.823,105,98.4,363,"51-55in",6
"LT-32N3115A11N","China","LCD",29.22,108,5.5,"unknown","0.255","0.255","JVC",32,0.274,38,106.6,394,"32in & under",6
"K650USGQ2","China","LCD",234.49,858,2,"Analogue/Digital","0.4","0.0","EKO",65,1.147,300,204.4,748,"56-65in",2
"K650UGTQ","China","LCD",234.49,858,2,"Analogue/Digital","0.4","0.0","EKO",65,1.147,300,204.4,748,"56-65in",2
"LS70UHDNF","China","LCD (LED)",107.4,395,6,"Analogue/Digital","0.51","0.0","LINSAR",70,1.333,138,80.6,296,"66-75in",6
"HG43CU700AW","Vietnam","LCD (LED)",70,259,4,"Digital","0.5","0.0","SAMSUNG",43,0.498,91,140.6,520,"33-43in",4
"HG65CU700AW","Vietnam","LCD (LED)",126,463,5,"Digital","0.5","0.0","SAMSUNG",65,1.148,162,109.8,403,"56-65in",5
"HG75CU700AW","Vietnam","LCD (LED)",143,525,5.5,"Digital","0.5","0.0","SAMSUNG",75,1.532,184,93.3,343,"66-75in",6
"KALED40F98VA","China","LCD (LED)",54.48,210,4.5,"unknown","","","KOGAN",40,0.427,74,127.6,492,"33-43in",4
"KALED40F98VB","China","LCD (LED)",54.48,210,4.5,"unknown","","","KOGAN",40,0.427,74,127.6,492,"33-43in",4
"KALED40F98VC","China","LCD (LED)",54.48,210,4.5,"unknown","","","KOGAN",40,0.427,74,127.6,492,"33-43in",4
"K75USW2","China","LCD (LED)",186.3,682,4.5,"Analogue/Digital","","","EKO",75,1.532,239,121.6,445,"66-75in",4
"BP75WOS","China","LCD (LED)",186.3,682,4.5,"Analogue/Digital","","","BLAUPUNKT",75,1.532,239,121.6,445,"66-75in",4
"BP700USG9700","China","LCD",153.11,561,4.5,"Analogue/Digital","","","BLAUPUNKT",70,1.339,196,114.3,419,"66-75in",4
"LT-70N7145A","China","LCD (LED)",116.74,470,5.5,"Analogue/Digital","0.33","0.45","JVC",70,1.332,164,87.6,353,"66-75in",6
"KALED32R98VA","China","LCD (LED)",28.86,145,4.5,"Analogue/Digital","","","KOGAN",31,0.273,51,105.7,531,"32in & under",4
"KALED32R98VB","China","LCD (LED)",28.86,145,4.5,"Analogue/Digital","","","KOGAN",31,0.273,51,105.7,531,"32in & under",4
"KALED32R98VC","China","LCD (LED)",28.86,145,4.5,"Analogue/Digital","","","KOGAN",31,0.273,51,105.7,531,"32in & under",4
"KAQL65XQ98GSTA","China","LCD (LED)",195.5,809,2.5,"Analogue/Digital","0.4","0.4","KOGAN",64,1.147,283,170.4,705,"56-65in",2
"KAQL65XQ98GSTB","China","LCD (LED)",195.5,809,2.5,"Analogue/Digital","0.4","0.4","KOGAN",64,1.147,283,170.4,705,"56-65in",2
"KAQL65XQ98GSTC","China","LCD (LED)",195.5,809,2.5,"Analogue/Digital","0.4","0.4","KOGAN",64,1.147,283,170.4,705,"56-65in",2
"KAQL65XQ98GSTD","China","LCD (LED)",195.5,809,2.5,"Analogue/Digital","0.4","0.4","KOGAN",64,1.147,283,170.4,705,"56-65in",2
"KAQL65XQ98GSTE","China","LCD (LED)",195.5,809,2.5,"Analogue/Digital","0.4","0.4","KOGAN",64,1.147,283,170.4,705,"56-65in",2
"KAQL65XQ98GST*","China","LCD (LED)",195.5,809,2.5,"Analogue/Digital","0.4","0.4","KOGAN",64,1.147,283,170.4,705,"56-65in",2
"LS50UHDNF23","China","LCD (LED)",57.06,210,6,"Analogue/Digital","0.3","0.0","LINSAR",50,0.695,74,82.1,302,"44-50in",6
"LT-40N5115A11E","China","LCD (LED)",54.48,210,4.5,"unknown","0.4","0.0","JVC",40,0.427,74,127.6,492,"33-43in",4
"K320HGT","China","LCD (LED)",31.626,125,5,"Analogue/Digital","0.49038","0.72834","EKO",32,0.274,44,115.4,456,"32in & under",5
"BP320HSG9800","China","LCD (LED)",31.626,125,5,"Analogue/Digital","0.49038","0.72834","BLAUPUNKT",32,0.274,44,115.4,456,"32in & under",5
"LS55UHDNF23","China","LCD (LED)",69.65,256,6,"Analogue/Digital","0.31","0.0","LINSAR",55,0.823,90,84.6,311,"51-55in",6
"LS60UHDNF23","China","LCD",85.97,316,6,"Analogue/Digital","0.31","0.0","LINSAR",60,0.996,111,86.3,317,"56-65in",6
"LS65UHDNF23","China","LCD (LED)",95.92,352,6,"Analogue/Digital","0.3","0.0","LINSAR",65,1.158,123,82.8,304,"56-65in",6
"LS70UHDNF23","China","LCD (LED)",99.18,364,6,"Analogue/Digital","0.37","0.0","LINSAR",70,1.338,127,74.1,272,"66-75in",6
"K400FGT","China","LCD (LED)",46.5216,183,5,"Analogue/Digital","0.4441","0.78856","EKO",40,0.426,64,109.2,430,"33-43in",5
"AV-H437115A11N","China","LCD",57.474,212,5,"unknown","0.313","0.318","JVC",42,0.498,74,115.4,426,"33-43in",5
"AV-H323115A11N","China","LCD",29.22,108,5.5,"unknown","0.255","0.255","JVC",32,0.274,38,106.6,394,"32in & under",6
"LT-55NQ7145AN","China","LCD",97.36,358,4.5,"unknown","0.368","0.368","JVC",55,0.823,125,118.3,435,"51-55in",4
"LT-43N5135AN","China","LCD",53.26,196,5,"unknown","0.256","0.256","JVC",43,0.499,69,106.7,393,"33-43in",5
"K-50S30","Malaysia","LCD (LED)",83.3,310,4.5,"Analogue/Digital","0.5","11.5","SONY",49,0.675,108,123.4,459,"44-50in",4
"LT-50NQ7145AN","China","LCD",110.72,407,3,"unknown","0.391","0.391","JVC",49,0.675,142,164,603,"44-50in",3
"QA75QN90DAW","Vietnam","LCD (LED)",157,576,5,"Digital","0.5","0.0","SAMSUNG",75,1.532,202,102.5,376,"66-75in",5
"QA75QN90DAS","Vietnam","LCD (LED)",157,576,5,"Digital","0.5","0.0","SAMSUNG",75,1.532,202,102.5,376,"66-75in",5
"QA75QN90DA*","Vietnam","LCD (LED)",157,576,5,"Digital","0.5","0.0","SAMSUNG",75,1.532,202,102.5,376,"66-75in",5
"ATV24HDW-0224","China","LCD",15.1,66,6,"unknown","0.2","0.0","BAUHN",24,0.153,23,98.7,431,"32in & under",6
"ATV55UHDW-0124","China","LCD (LED)",73.991,272,6,"unknown","0.277","0.0","BAUHN",55,0.823,95,89.9,330,"51-55in",6
"K420FAT","China","LCD (LED)",53.38,240,4,"Analogue/Digital","0.44","0.0","EKO",42,0.466,84,114.5,515,"33-43in",4
"ATV40UHDW-0124","China","LCD (LED)",51.2,189,5,"unknown","0.27","0.0","BAUHN",40,0.441,66,116.1,429,"33-43in",5
"ATV40UHDW-0324","China","LCD (LED)",51.2,189,5,"unknown","0.27","0.0","BAUHN",40,0.441,66,116.1,429,"33-43in",5
"ATV40UHDW-****","China","LCD (LED)",51.2,189,5,"unknown","0.27","0.0","BAUHN",40,0.441,66,116.1,429,"33-43in",5
"BT24A1KEGB","China","LCD (LED)",17.14,65,6,"Analogue/Digital","","","SYLVOX",24,0.156,23,109.9,417,"32in & under",6
"BT24A0KEGB","China","LCD (LED)",17.14,65,6,"Analogue/Digital","","","SYLVOX",24,0.156,23,109.9,417,"32in & under",6
"BT24A0KOGB","China","LCD (LED)",17.14,65,6,"Analogue/Digital","","","SYLVOX",24,0.156,23,109.9,417,"32in & under",6
"BT24A1KOGB","China","LCD (LED)",17.14,65,6,"Analogue/Digital","","","SYLVOX",24,0.156,23,109.9,417,"32in & under",6
"BT24A2KOGB","China","LCD (LED)",17.14,65,6,"Analogue/Digital","","","SYLVOX",24,0.156,23,109.9,417,"32in & under",6
"BT24A3KOGB","China","LCD (LED)",17.14,65,6,"Analogue/Digital","","","SYLVOX",24,0.156,23,109.9,417,"32in & under",6
"BT24A4KOGB","China","LCD (LED)",17.14,65,6,"Analogue/Digital","","","SYLVOX",24,0.156,23,109.9,417,"32in & under",6
"BT24A5KOGB","China","LCD (LED)",17.14,65,6,"Analogue/Digital","","","SYLVOX",24,0.156,23,109.9,417,"32in & under",6
"BT24A6KOGB","China","LCD (LED)",17.14,65,6,"Analogue/Digital","","","SYLVOX",24,0.156,23,109.9,417,"32in & under",6
"BT24A7KOGB","China","LCD (LED)",17.14,65,6,"Analogue/Digital","","","SYLVOX",24,0.156,23,109.9,417,"32in & under",6
"KAQL98XQ98GSTA","China","LCD (LED)",297.5,1233,4,"Analogue/Digital","0.4","0.0","KOGAN",98,2.621,432,113.5,470,"86in+",4
"KAQL98XQ98GSTB","China","LCD (LED)",297.5,1233,4,"Analogue/Digital","0.4","0.0","KOGAN",98,2.621,432,113.5,470,"86in+",4
"KAQL98XQ98GSTC","China","LCD (LED)",297.5,1233,4,"Analogue/Digital","0.4","0.0","KOGAN",98,2.621,432,113.5,470,"86in+",4
"KAQL98XQ98GSTD","China","LCD (LED)",297.5,1233,4,"Analogue/Digital","0.4","0.0","KOGAN",98,2.621,432,113.5,470,"86in+",4
"KAQL98XQ98GSTE","China","LCD (LED)",297.5,1233,4,"Analogue/Digital","0.4","0.0","KOGAN",98,2.621,432,113.5,470,"86in+",4
"KAQL98XQ98GST*","China","LCD (LED)",297.5,1233,4,"Analogue/Digital","0.4","0.0","KOGAN",98,2.621,432,113.5,470,"86in+",4
"QA65QN800DW","Vietnam","LCD (LED)",262,959,1.5,"Digital","0.5","0.0","SAMSUNG",65,1.148,336,228.2,835,"56-65in",2
"QA65QN800DS","Vietnam","LCD (LED)",262,959,1.5,"Digital","0.5","0.0","SAMSUNG",65,1.148,336,228.2,835,"56-65in",2
"QA65QN800D*","Vietnam","LCD (LED)",262,959,1.5,"Digital","0.5","0.0","SAMSUNG",65,1.148,336,228.2,835,"56-65in",2
"QA75QN800DW","Vietnam","LCD (LED)",269,985,2.5,"Digital","0.5","0.0","SAMSUNG",75,1.532,345,175.6,643,"66-75in",2
"QA75QN800DS","Vietnam","LCD (LED)",269,985,2.5,"Digital","0.5","0.0","SAMSUNG",75,1.532,345,175.6,643,"66-75in",2
"QA75QN800D*","Vietnam","LCD (LED)",269,985,2.5,"Digital","0.5","0.0","SAMSUNG",75,1.532,345,175.6,643,"66-75in",2
"QA85QN90DAW","Vietnam","LCD (LED)",211,773,5,"Digital","0.5","0.0","SAMSUNG",85,1.971,271,107.1,392,"76-85in",5
"QA85QN90DAS","Vietnam","LCD (LED)",211,773,5,"Digital","0.5","0.0","SAMSUNG",85,1.971,271,107.1,392,"76-85in",5
"QA85QN90DA*","Vietnam","LCD (LED)",211,773,5,"Digital","0.5","0.0","SAMSUNG",85,1.971,271,107.1,392,"76-85in",5
"43QNED80T6A","Indonesia,South Korea","LCD (LED)",67,247,4,"Analogue/Digital","0.4","0.0","LG",43,0.498,86,134.5,496,"33-43in",4
"43QNED81TSA","Indonesia,South Korea","LCD (LED)",67,247,4,"Analogue/Digital","0.4","0.0","LG",43,0.498,86,134.5,496,"33-43in",4
"50QNED81TSA","Indonesia,South Korea","LCD (LED)",72,265,5,"Analogue/Digital","0.4","0.0","LG",49,0.675,93,106.7,393,"44-50in",5
"55QNED81TSA","Indonesia,South Korea","LCD (LED)",92,338,5,"Analogue/Digital","0.4","0.0","LG",55,0.823,118,111.8,411,"51-55in",5
"55QNED86T6A","Indonesia,South Korea","LCD (LED)",94,346,4.5,"Analogue/Digital","0.4","0.0","LG",55,0.823,121,114.2,420,"51-55in",4
"55QNED86TSA","Indonesia,South Korea","LCD (LED)",94,346,4.5,"Analogue/Digital","0.4","0.0","LG",55,0.823,121,114.2,420,"51-55in",4
"65QNED80T6A","Indonesia,South Korea","LCD (LED)",109,400,5.5,"Analogue/Digital","0.4","0.0","LG",65,1.148,140,94.9,348,"56-65in",6
"65QNED81TSA","Indonesia,South Korea","LCD (LED)",109,400,5.5,"Analogue/Digital","0.4","0.0","LG",65,1.148,140,94.9,348,"56-65in",6
"75QNED80T6A","Indonesia,South Korea","LCD (LED)",126,462,6,"Analogue/Digital","0.4","0.0","LG",75,1.531,162,82.3,302,"66-75in",6
"75QNED81TSA","Indonesia,South Korea","LCD (LED)",126,462,6,"Analogue/Digital","0.4","0.0","LG",75,1.531,162,82.3,302,"66-75in",6
"OLED42C4PSA","Indonesia,South Korea","OLED",70,258,4,"Analogue/Digital","0.4","0.0","LG",42,0.476,90,147.1,542,"33-43in",4
"OLED42C44LA","Indonesia,South Korea","OLED",70,258,4,"Analogue/Digital","0.4","0.0","LG",42,0.476,90,147.1,542,"33-43in",4
"OLED48C4PSA","Indonesia,South Korea","OLED",79,291,4.5,"Analogue/Digital","0.4","0.0","LG",48,0.623,102,126.8,467,"44-50in",4
"OLED48C46LA","Indonesia,South Korea","OLED",79,291,4.5,"Analogue/Digital","0.4","0.0","LG",48,0.623,102,126.8,467,"44-50in",4
"OLED55C4PSA","Indonesia,South Korea","OLED",100,368,4.5,"Analogue/Digital","0.4","0.0","LG",55,0.823,129,121.5,447,"51-55in",4
"OLED55C46LA","Indonesia,South Korea","OLED",100,368,4.5,"Analogue/Digital","0.4","0.0","LG",55,0.823,129,121.5,447,"51-55in",4
"OLED55G4PSA","Indonesia,South Korea","OLED",115,422,4,"Analogue/Digital","0.4","0.0","LG",55,0.823,148,139.7,513,"51-55in",4
"OLED55G46LA","Indonesia,South Korea","OLED",115,422,4,"Analogue/Digital","0.4","0.0","LG",55,0.823,148,139.7,513,"51-55in",4
"OLED65B4PSA","Indonesia,South Korea","OLED",109,400,5.5,"Analogue/Digital","0.4","0.0","LG",65,1.148,140,94.9,348,"56-65in",6
"OLED65B46LA","Indonesia,South Korea","OLED",109,400,5.5,"Analogue/Digital","0.4","0.0","LG",65,1.148,140,94.9,348,"56-65in",6
"OLED65G4PSA","Indonesia,South Korea","OLED",147,539,4,"Analogue/Digital","0.4","0.0","LG",65,1.148,189,128,470,"56-65in",4
"OLED65G46LA","Indonesia,South Korea","OLED",147,539,4,"Analogue/Digital","0.4","0.0","LG",65,1.148,189,128,470,"56-65in",4
"OLED77G4PSA","Indonesia,South Korea","OLED",195,714,4.5,"Analogue/Digital","0.4","0.0","LG",77,1.62,250,120.4,441,"76-85in",4
"OLED77G46LA","Indonesia,South Korea","OLED",195,714,4.5,"Analogue/Digital","0.4","0.0","LG",77,1.62,250,120.4,441,"76-85in",4
"QA55QN90DAW","Vietnam","LCD (LED)",114,419,4,"Digital","0.5","0.0","SAMSUNG",55,0.823,147,138.5,509,"51-55in",4
"QA55QN90DAS","Vietnam","LCD (LED)",114,419,4,"Digital","0.5","0.0","SAMSUNG",55,0.823,147,138.5,509,"51-55in",4
"QA55QN90DA*","Vietnam","LCD (LED)",114,419,4,"Digital","0.5","0.0","SAMSUNG",55,0.823,147,138.5,509,"51-55in",4
"QA65QN90DAW","Vietnam","LCD (LED)",138,507,4.5,"Digital","0.5","0.0","SAMSUNG",67,1.196,177,115.4,424,"66-75in",4
"QA65QN90DAS","Vietnam","LCD (LED)",138,507,4.5,"Digital","0.5","0.0","SAMSUNG",67,1.196,177,115.4,424,"66-75in",4
"QA65QN90DA*","Vietnam","LCD (LED)",138,507,4.5,"Digital","0.5","0.0","SAMSUNG",67,1.196,177,115.4,424,"66-75in",4
"KAQL50XQ98GSVA","China","LCD (LED)",104.46,396,3.5,"Analogue/Digital","","","KOGAN",49,0.675,139,154.8,587,"44-50in",4
"KAQL55XQ98GSVA","China","LCD (LED)",127.86,475,3.5,"Analogue/Digital","","","KOGAN",55,0.822,166,155.5,578,"51-55in",4
"BT32A0KEGB","China","LCD (LED)",27,101,6,"Analogue/Digital","","","SYLVOX",32,0.274,35,98.5,369,"32in & under",6
"BT32A1KEGB","China","LCD (LED)",27,101,6,"Analogue/Digital","","","SYLVOX",32,0.274,35,98.5,369,"32in & under",6
"BT32A0KOGB","China","LCD (LED)",27,101,6,"Analogue/Digital","","","SYLVOX",32,0.274,35,98.5,369,"32in & under",6
"BT32A1KOGB","China","LCD (LED)",27,101,6,"Analogue/Digital","","","SYLVOX",32,0.274,35,98.5,369,"32in & under",6
"BT32A2KOGB","China","LCD (LED)",27,101,6,"Analogue/Digital","","","SYLVOX",32,0.274,35,98.5,369,"32in & under",6
"BT32A3KOGB","China","LCD (LED)",27,101,6,"Analogue/Digital","","","SYLVOX",32,0.274,35,98.5,369,"32in & under",6
"BT32A4KOGB","China","LCD (LED)",27,101,6,"Analogue/Digital","","","SYLVOX",32,0.274,35,98.5,369,"32in & under",6
"BT32A5KOGB","China","LCD (LED)",27,101,6,"Analogue/Digital","","","SYLVOX",32,0.274,35,98.5,369,"32in & under",6
"BT32A6KOGB","China","LCD (LED)",27,101,6,"Analogue/Digital","","","SYLVOX",32,0.274,35,98.5,369,"32in & under",6
"BT32A7KOGB","China","LCD (LED)",27,101,6,"Analogue/Digital","","","SYLVOX",32,0.274,35,98.5,369,"32in & under",6
"LT-40N7145A","China","LCD (LED)",64.06,259,3.5,"Analogue/Digital","0.36","0.51","JVC",40,0.44,91,145.6,589,"33-43in",4
"K55USWQ","China","LCD (LED)",117.3,470,3.5,"Analogue/Digital","","","EKO",55,0.823,164,142.5,571,"51-55in",4
"LS32HDNF23","China","LCD",23.8,89,6,"unknown","0.29","0.0","LINSAR",32,0.274,31,86.9,325,"32in & under",6
"QA43QN90DAW","Vietnam","LCD (LED)",63,233,4.5,"Digital","0.5","0.0","SAMSUNG",43,0.498,82,126.5,468,"33-43in",4
"QA43QN90DAS","Vietnam","LCD (LED)",63,233,4.5,"Digital","0.5","0.0","SAMSUNG",43,0.498,82,126.5,468,"33-43in",4
"QA43QN90DA*","Vietnam","LCD (LED)",63,233,4.5,"Digital","0.5","0.0","SAMSUNG",43,0.498,82,126.5,468,"33-43in",4
"ATV75UHDW-0324","China","LCD (LED)",117.61,474,6,"Analogue/Digital","0.34","0.47","BAUHN",75,1.53,166,76.9,310,"66-75in",6
"K-55XR70","Malaysia,Vietnam","LCD (LED)",148,547,2.5,"Analogue/Digital","0.5","14.6","SONY",55,0.823,191,179.8,665,"51-55in",2
"K-65XR70","Malaysia,Vietnam","LCD (LED)",171.9,634,3.5,"Analogue/Digital","0.5","14.5","SONY",65,1.148,222,149.7,552,"56-65in",4
"50QNED80T6A","Indonesia,South Korea","LCD (LED)",68,251,5.5,"Analogue/Digital","0.4","0.0","LG",49,0.675,88,100.7,372,"44-50in",6
"55QNED80T6A","Indonesia,South Korea","LCD (LED)",87,320,5,"Analogue/Digital","0.4","0.0","LG",55,0.823,112,105.7,389,"51-55in",5
"KALED42F98TA","China","LCD (LED)",39.8,163,6,"Analogue/Digital","0.4","0.0","KOGAN",41,0.466,57,85.4,350,"33-43in",6
"KALED42F98TB","China","LCD (LED)",39.8,163,6,"Analogue/Digital","0.4","0.0","KOGAN",41,0.466,57,85.4,350,"33-43in",6
"KALED42F98TC","China","LCD (LED)",39.8,163,6,"Analogue/Digital","0.4","0.0","KOGAN",41,0.466,57,85.4,350,"33-43in",6
"KALED42F98TD","China","LCD (LED)",39.8,163,6,"Analogue/Digital","0.4","0.0","KOGAN",41,0.466,57,85.4,350,"33-43in",6
"KALED42F98TE","China","LCD (LED)",39.8,163,6,"Analogue/Digital","0.4","0.0","KOGAN",41,0.466,57,85.4,350,"33-43in",6
"KALED42F98TF","China","LCD (LED)",39.8,163,6,"Analogue/Digital","0.4","0.0","KOGAN",41,0.466,57,85.4,350,"33-43in",6
"KALED42F98T*","China","LCD (LED)",39.8,163,6,"Analogue/Digital","0.4","0.0","KOGAN",41,0.466,57,85.4,350,"33-43in",6
"KALED24R98TA","China","LCD (LED)",16.2,67,6,"Analogue/Digital","0.22","0.22","KOGAN",24,0.153,23,105.9,438,"32in & under",6
"KALED24R98TB","China","LCD (LED)",16.2,67,6,"Analogue/Digital","0.22","0.22","KOGAN",24,0.153,23,105.9,438,"32in & under",6
"KALED24R98TC","China","LCD (LED)",16.2,67,6,"Analogue/Digital","0.22","0.22","KOGAN",24,0.153,23,105.9,438,"32in & under",6
"KALED24R98TD","China","LCD (LED)",16.2,67,6,"Analogue/Digital","0.22","0.22","KOGAN",24,0.153,23,105.9,438,"32in & under",6
"KALED24R98TE","China","LCD (LED)",16.2,67,6,"Analogue/Digital","0.22","0.22","KOGAN",24,0.153,23,105.9,438,"32in & under",6
"KALED24R98T*","China","LCD (LED)",16.2,67,6,"Analogue/Digital","0.22","0.22","KOGAN",24,0.153,23,105.9,438,"32in & under",6
"QA98QN90DAW","Vietnam","LCD (LED)",256,937,5,"Digital","0.5","0.0","SAMSUNG",98,2.622,328,97.6,357,"86in+",5
"QA98QN90DAS","Vietnam","LCD (LED)",256,937,5,"Digital","0.5","0.0","SAMSUNG",98,2.622,328,97.6,357,"86in+",5
"QA98QN90DA*","Vietnam","LCD (LED)",256,937,5,"Digital","0.5","0.0","SAMSUNG",98,2.622,328,97.6,357,"86in+",5
"QA55S90DAW","Vietnam","LCD (LED)",112,412,4,"Digital","0.5","0.0","SAMSUNG",55,0.823,144,136.1,501,"51-55in",4
"QA55S90DAS","Vietnam","LCD (LED)",112,412,4,"Digital","0.5","0.0","SAMSUNG",55,0.823,144,136.1,501,"51-55in",4
"QA55S90DA*","Vietnam","LCD (LED)",112,412,4,"Digital","0.5","0.0","SAMSUNG",55,0.823,144,136.1,501,"51-55in",4
"QA65QN85DBW","Vietnam","LCD (LED)",134,492,4.5,"Digital","0.5","0.0","SAMSUNG",65,1.148,172,116.7,429,"56-65in",4
"QA65QN85DBS","Vietnam","LCD (LED)",134,492,4.5,"Digital","0.5","0.0","SAMSUNG",65,1.148,172,116.7,429,"56-65in",4
"QA65QN85DB*","Vietnam","LCD (LED)",134,492,4.5,"Digital","0.5","0.0","SAMSUNG",65,1.148,172,116.7,429,"56-65in",4
"LEW22BA43","China","LCD (LED)",20.64,78,4.5,"Analogue/Digital","","","VDT",22,0.128,27,161.2,609,"32in & under",4
"BT32A***GB","China","LCD (LED)",27,101,6,"Analogue/Digital","","","SYLVOX",32,0.274,35,98.5,369,"32in & under",6
"BT24A***GB","China","LCD (LED)",17.14,65,6,"Analogue/Digital","","","SYLVOX",24,0.156,23,109.9,417,"32in & under",6
"QA65QN80DAW","Vietnam","LCD (LED)",134,492,4.5,"Digital","0.5","0.0","SAMSUNG",65,1.148,172,116.7,429,"56-65in",4
"QA65QN80DAS","Vietnam","LCD (LED)",134,492,4.5,"Digital","0.5","0.0","SAMSUNG",65,1.148,172,116.7,429,"56-65in",4
"QA65QN80DA*","Vietnam","LCD (LED)",134,492,4.5,"Digital","0.5","0.0","SAMSUNG",65,1.148,172,116.7,429,"56-65in",4
"BILD i77","Germany","OLED",107.8,395,7,"Analogue/Digital","0.27","0.27","LOEWE",76,1.653,138,65.2,239,"76-85in",7
"100U7KAU","China","LCD (LED)",241.58,955,5.5,"Analogue/Digital","0.35","0.0","HISENSE",100,2.73,334,88.5,350,"86in+",6
"100U7KNZ","China","LCD (LED)",241.58,955,5.5,"Analogue/Digital","0.35","0.0","HISENSE",100,2.73,334,88.5,350,"86in+",6
"100U7K series","China","LCD (LED)",241.58,955,5.5,"Analogue/Digital","0.35","0.0","HISENSE",100,2.73,334,88.5,350,"86in+",6
"K-43S30","Malaysia,Vietnam","LCD (LED)",63.2,236,4.5,"Analogue/Digital","0.5","10.5","SONY",42,0.498,83,126.9,474,"33-43in",4
"LT-32N3115A11E","China","LCD (LED)",28.86,130,5,"unknown","0.4","0.0","JVC",31,0.273,46,105.7,476,"32in & under",5
"LT-43N5135AE","China","LCD (LED)",39.24,229,4.5,"unknown","0.36","0.0","JVC",42,0.498,80,78.8,460,"33-43in",4
"QA75Q60DAW","Vietnam","LCD (LED)",112,412,6,"Digital","0.5","0.0","SAMSUNG",75,1.532,144,73.1,269,"66-75in",6
"QA75Q60DAS","Vietnam","LCD (LED)",112,412,6,"Digital","0.5","0.0","SAMSUNG",75,1.532,144,73.1,269,"66-75in",6
"QA75Q65DAW","Vietnam","LCD (LED)",112,412,6,"Digital","0.5","0.0","SAMSUNG",75,1.532,144,73.1,269,"66-75in",6
"QA75Q65DAS","Vietnam","LCD (LED)",112,412,6,"Digital","0.5","0.0","SAMSUNG",75,1.532,144,73.1,269,"66-75in",6
"QA75Q6*DA*","Vietnam","LCD (LED)",112,412,6,"Digital","0.5","0.0","SAMSUNG",75,1.532,144,73.1,269,"66-75in",6
"QA55Q60DAW","Vietnam","LCD (LED)",74,273,6,"Digital","0.5","0.0","SAMSUNG",55,0.823,96,89.9,332,"51-55in",6
"QA55Q60DAS","Vietnam","LCD (LED)",74,273,6,"Digital","0.5","0.0","SAMSUNG",55,0.823,96,89.9,332,"51-55in",6
"QA55Q65DAW","Vietnam","LCD (LED)",74,273,6,"Digital","0.5","0.0","SAMSUNG",55,0.823,96,89.9,332,"51-55in",6
"QA55Q65DAS","Vietnam","LCD (LED)",74,273,6,"Digital","0.5","0.0","SAMSUNG",55,0.823,96,89.9,332,"51-55in",6
"QA55Q6*DA*","Vietnam","LCD (LED)",74,273,6,"Digital","0.5","0.0","SAMSUNG",55,0.823,96,89.9,332,"51-55in",6
"QA50Q60DAS","Vietnam","LCD (LED)",66,244,5.5,"Digital","0.5","0.0","SAMSUNG",49,0.675,85,97.8,361,"44-50in",6
"QA50Q65DAS","Vietnam","LCD (LED)",66,244,5.5,"Digital","0.5","0.0","SAMSUNG",49,0.675,85,97.8,361,"44-50in",6
"QA50Q6*DAS","Vietnam","LCD (LED)",66,244,5.5,"Digital","0.5","0.0","SAMSUNG",49,0.675,85,97.8,361,"44-50in",6
"QA85Q60DAW","Vietnam","LCD (LED)",142,521,6,"Digital","0.5","0.0","SAMSUNG",85,1.971,182,72,264,"76-85in",6
"QA85Q60DAS","Vietnam","LCD (LED)",142,521,6,"Digital","0.5","0.0","SAMSUNG",85,1.971,182,72,264,"76-85in",6
"QA85Q65DAW","Vietnam","LCD (LED)",142,521,6,"Digital","0.5","0.0","SAMSUNG",85,1.971,182,72,264,"76-85in",6
"QA85Q65DAS","Vietnam","LCD (LED)",142,521,6,"Digital","0.5","0.0","SAMSUNG",85,1.971,182,72,264,"76-85in",6
"QA85Q6*DA*","Vietnam","LCD (LED)",142,521,6,"Digital","0.5","0.0","SAMSUNG",85,1.971,182,72,264,"76-85in",6
"QA65Q60DAW","Vietnam","LCD (LED)",86,317,6,"Digital","0.5","0.0","SAMSUNG",65,1.148,111,74.9,276,"56-65in",6
"QA65Q60DAS","Vietnam","LCD (LED)",86,317,6,"Digital","0.5","0.0","SAMSUNG",65,1.148,111,74.9,276,"56-65in",6
"QA65Q65DAW","Vietnam","LCD (LED)",86,317,6,"Digital","0.5","0.0","SAMSUNG",65,1.148,111,74.9,276,"56-65in",6
"QA65Q65DAS","Vietnam","LCD (LED)",86,317,6,"Digital","0.5","0.0","SAMSUNG",65,1.148,111,74.9,276,"56-65in",6
"QA65Q6*DA*","Vietnam","LCD (LED)",86,317,6,"Digital","0.5","0.0","SAMSUNG",65,1.148,111,74.9,276,"56-65in",6
"QA43Q60DAS","Vietnam","LCD (LED)",64,237,4.5,"Digital","0.5","0.0","SAMSUNG",43,0.498,83,128.5,476,"33-43in",4
"QA43Q65DAS","Vietnam","LCD (LED)",64,237,4.5,"Digital","0.5","0.0","SAMSUNG",43,0.498,83,128.5,476,"33-43in",4
"QA43Q6*DAS","Vietnam","LCD (LED)",64,237,4.5,"Digital","0.5","0.0","SAMSUNG",43,0.498,83,128.5,476,"33-43in",4
"QA50QN90DAW","Vietnam","LCD (LED)",81,299,4.5,"Digital","0.5","0.0","SAMSUNG",49,0.675,105,120,443,"44-50in",4
"QA50QN90DAS","Vietnam","LCD (LED)",81,299,4.5,"Digital","0.5","0.0","SAMSUNG",49,0.675,105,120,443,"44-50in",4
"QA50QN90DA*","Vietnam","LCD (LED)",81,299,4.5,"Digital","0.5","0.0","SAMSUNG",49,0.675,105,120,443,"44-50in",4
"K-75XR70","Malaysia,China","LCD (LED)",200.3,737,4,"Analogue/Digital","0.5","13.6","SONY",75,1.531,258,130.8,481,"66-75in",4
"K-85XR70","Malaysia,China","LCD (LED)",227.9,838,4.5,"Analogue/Digital","0.5","12.4","SONY",85,1.971,293,115.6,425,"76-85in",4
"QA85QN800DW","Vietnam","LCD (LED)",294,1076,3.5,"Digital","0.5","0.0","SAMSUNG",85,1.971,377,149.2,546,"76-85in",4
"QA85QN800DS","Vietnam","LCD (LED)",294,1076,3.5,"Digital","0.5","0.0","SAMSUNG",85,1.971,377,149.2,546,"76-85in",4
"QA85QN800D*","Vietnam","LCD (LED)",294,1076,3.5,"Digital","0.5","0.0","SAMSUNG",85,1.971,377,149.2,546,"76-85in",4
"UA85DU8000W","Vietnam","LCD (LED)",195,715,5,"Digital","0.5","0.0","SAMSUNG",85,1.971,250,98.9,363,"76-85in",5
"UA85DU8000S","Vietnam","LCD (LED)",195,715,5,"Digital","0.5","0.0","SAMSUNG",85,1.971,250,98.9,363,"76-85in",5
"UA85DU8000*","Vietnam","LCD (LED)",195,715,5,"Digital","0.5","0.0","SAMSUNG",85,1.971,250,98.9,363,"76-85in",5
"QA55Q80DAW","Vietnam","LCD (LED)",108,397,4,"Digital","0.5","0.0","SAMSUNG",55,0.823,139,131.2,482,"51-55in",4
"QA55Q80DAS","Vietnam","LCD (LED)",108,397,4,"Digital","0.5","0.0","SAMSUNG",55,0.823,139,131.2,482,"51-55in",4
"QA55Q80DA*","Vietnam","LCD (LED)",108,397,4,"Digital","0.5","0.0","SAMSUNG",55,0.823,139,131.2,482,"51-55in",4
"QA85Q70DAW","Vietnam","LCD (LED)",200,733,5,"Digital","0.5","0.0","SAMSUNG",85,1.971,257,101.5,372,"76-85in",5
"QA85Q70DAS","Vietnam","LCD (LED)",200,733,5,"Digital","0.5","0.0","SAMSUNG",85,1.971,257,101.5,372,"76-85in",5
"QA85Q70DA*","Vietnam","LCD (LED)",200,733,5,"Digital","0.5","0.0","SAMSUNG",85,1.971,257,101.5,372,"76-85in",5
"QA77S95DAW","Vietnam","LCD (LED)",216,791,4,"Digital","0.5","0.0","SAMSUNG",77,1.628,277,132.7,486,"76-85in",4
"QA77S95DAS","Vietnam","LCD (LED)",216,791,4,"Digital","0.5","0.0","SAMSUNG",77,1.628,277,132.7,486,"76-85in",4
"QA77S95DA*","Vietnam","LCD (LED)",216,791,4,"Digital","0.5","0.0","SAMSUNG",77,1.628,277,132.7,486,"76-85in",4
"KALED50U94VA","China","LCD (LED)",47.3,210,6,"Analogue/Digital","0.4","2.72","KOGAN",50,0.675,74,70.1,311,"44-50in",6
"KALED50U94VB","China","LCD (LED)",47.3,210,6,"Analogue/Digital","0.4","2.72","KOGAN",50,0.675,74,70.1,311,"44-50in",6
"KALED50U94VC","China","LCD (LED)",47.3,210,6,"Analogue/Digital","0.4","2.72","KOGAN",50,0.675,74,70.1,311,"44-50in",6
"KALED50U94V*","China","LCD (LED)",47.3,210,6,"Analogue/Digital","0.4","2.72","KOGAN",50,0.675,74,70.1,311,"44-50in",6
"KALED43F98VA","China","LCD (LED)",39.24,229,4.5,"Digital","","","KOGAN",42,0.498,80,78.8,460,"33-43in",4
"KALED43F98VB","China","LCD (LED)",39.24,229,4.5,"Digital","","","KOGAN",42,0.498,80,78.8,460,"33-43in",4
"KALED43F98VC","China","LCD (LED)",39.24,229,4.5,"Digital","","","KOGAN",42,0.498,80,78.8,460,"33-43in",4
"43UT8050PSB","Indonesia,South Korea","LCD (LED)",70,258,4,"Analogue/Digital","0.4","0.0","LG",43,0.498,90,140.6,518,"33-43in",4
"43UT80506LA","Indonesia,South Korea","LCD (LED)",73,269,4,"Analogue/Digital","0.4","0.0","LG",43,0.498,94,146.6,540,"33-43in",4
"43UT81006LA","Indonesia,South Korea","LCD (LED)",73,269,4,"Analogue/Digital","0.4","0.0","LG",43,0.498,94,146.6,540,"33-43in",4
"50UT8050PSB","Indonesia,South Korea","LCD (LED)",83,305,4.5,"Analogue/Digital","0.4","0.0","LG",49,0.675,107,123,452,"44-50in",4
"50UT80506LA","Indonesia,South Korea","LCD (LED)",83,305,4.5,"Analogue/Digital","0.4","0.0","LG",49,0.675,107,123,452,"44-50in",4
"50UT81006LA","Indonesia,South Korea","LCD (LED)",83,305,4.5,"Analogue/Digital","0.4","0.0","LG",49,0.675,107,123,452,"44-50in",4
"55UT8050PSB","Indonesia,South Korea","LCD (LED)",97,357,4.5,"Analogue/Digital","0.4","0.0","LG",55,0.823,125,117.9,434,"51-55in",4
"55UT80506LA","Indonesia,South Korea","LCD (LED)",97,357,4.5,"Analogue/Digital","0.4","0.0","LG",55,0.823,125,117.9,434,"51-55in",4
"55UT81006LA","Indonesia,South Korea","LCD (LED)",97,357,4.5,"Analogue/Digital","0.4","0.0","LG",55,0.823,125,117.9,434,"51-55in",4
"65UT8050PSB","Indonesia,South Korea","LCD (LED)",120,441,5,"Analogue/Digital","0.4","0.0","LG",65,1.148,154,104.5,384,"56-65in",5
"65UT80506LA","Indonesia,South Korea","LCD (LED)",120,441,5,"Analogue/Digital","0.4","0.0","LG",65,1.148,154,104.5,384,"56-65in",5
"65UT81006LA","Indonesia,South Korea","LCD (LED)",120,441,5,"Analogue/Digital","0.4","0.0","LG",65,1.148,154,104.5,384,"56-65in",5
"75UT8050PSB","Indonesia,South Korea","LCD (LED)",165,605,5,"Analogue/Digital","0.4","0.0","LG",75,1.531,212,107.8,395,"66-75in",5
"75UT81006LA","Indonesia,South Korea","LCD (LED)",165,605,5,"Analogue/Digital","0.4","0.0","LG",75,1.531,212,107.8,395,"66-75in",5
"86UT8050PSB","Indonesia,South Korea","LCD (LED)",212,776,5,"Analogue/Digital","0.4","0.0","LG",86,2.02,272,105,384,"86in+",5
"86UT80506LA","Indonesia,South Korea","LCD (LED)",212,776,5,"Analogue/Digital","0.4","0.0","LG",86,2.02,272,105,384,"86in+",5
"86UT81006LA","Indonesia,South Korea","LCD (LED)",212,776,5,"Analogue/Digital","0.4","0.0","LG",86,2.02,272,105,384,"86in+",5
"50QNED86TSA","Indonesia,South Korea","LCD (LED)",80,295,4.5,"Analogue/Digital","0.4","0.0","LG",49,0.675,103,118.5,437,"44-50in",4
"65QNED86TSA","Indonesia,South Korea","LCD (LED)",118,433,5,"Analogue/Digital","0.4","0.0","LG",65,1.148,152,102.8,377,"56-65in",5
"65QNED91TSA","Indonesia,South Korea","LCD (LED)",125,459,5,"Analogue/Digital","0.4","0.0","LG",65,1.148,161,108.9,400,"56-65in",5
"75QNED86TSA","Indonesia,South Korea","LCD (LED)",134,492,5.5,"Analogue/Digital","0.4","0.0","LG",75,1.531,172,87.5,321,"66-75in",6
"75QNED91TSA","Indonesia,South Korea","LCD (LED)",150,550,5,"Analogue/Digital","0.4","0.0","LG",75,1.531,192,98,359,"66-75in",5
"86QNED91TSA","Indonesia,South Korea","LCD (LED)",206,754,5,"Analogue/Digital","0.4","0.0","LG",86,2.02,264,102,373,"86in+",5
"OLED48B46LA","Indonesia,South Korea","OLED",78,287,4.5,"Analogue/Digital","0.4","0.0","LG",48,0.623,100,125.2,461,"44-50in",4
"OLED55B4PSA","Indonesia,South Korea","OLED",92,338,5,"Analogue/Digital","0.4","0.0","LG",55,0.823,118,111.8,411,"51-55in",5
"OLED55B46LA","Indonesia,South Korea","OLED",92,338,5,"Analogue/Digital","0.4","0.0","LG",55,0.823,118,111.8,411,"51-55in",5
"OLED65C4PSA","Indonesia,South Korea","OLED",122,448,5,"Analogue/Digital","0.4","0.0","LG",65,1.148,157,106.3,390,"56-65in",5
"OLED77B4PSA","Indonesia,South Korea","OLED",143,524,5.5,"Analogue/Digital","0.4","0.0","LG",77,1.62,183,88.3,323,"76-85in",6
"OLED77C4PSA","Indonesia,South Korea","OLED",154,565,5.5,"Analogue/Digital","0.4","0.0","LG",77,1.62,198,95.1,349,"76-85in",6
"OLED83G4PSA","Indonesia,South Korea","OLED",217,795,4.5,"Analogue/Digital","0.4","0.0","LG",83,1.877,278,115.6,424,"76-85in",4
"AK7523S7WOS","China","LCD (LED)",117.61,474,6,"Analogue/Digital","0.34","0.47","AKAI",75,1.53,166,76.9,310,"66-75in",6
"K32HSW2","China","LCD (LED)",34.8,131,5,"Analogue/Digital","","","EKO",32,0.274,46,127,478,"32in & under",5
"QT32WY8A","China","LCD (LED)",34.8,131,5,"Analogue/Digital","","","QBELL",32,0.274,46,127,478,"32in & under",5
"50QNED86T6A","Indonesia,South Korea","LCD (LED)",80,295,4.5,"Analogue/Digital","0.4","0.0","LG",49,0.675,103,118.5,437,"44-50in",4
"65QNED86T6A","Indonesia,South Korea","LCD (LED)",118,433,5,"Analogue/Digital","0.4","0.0","LG",65,1.148,152,102.8,377,"56-65in",5
"65QNED91T6A","Indonesia,South Korea","LCD (LED)",125,459,5,"Analogue/Digital","0.4","0.0","LG",65,1.148,161,108.9,400,"56-65in",5
"86QNED86T6A","Indonesia,South Korea","LCD (LED)",156,572,6,"Analogue/Digital","0.4","0.0","LG",86,2.02,200,77.2,283,"86in+",6
"86QNED86TSA","Indonesia,South Korea","LCD (LED)",156,572,6,"Analogue/Digital","0.4","0.0","LG",86,2.02,200,77.2,283,"86in+",6
"86QNED91T6A","Indonesia,South Korea","LCD (LED)",206,754,5,"Analogue/Digital","0.4","0.0","LG",86,2.02,264,102,373,"86in+",5
"OLED65C46LA","Indonesia,South Korea","OLED",122,448,5,"Analogue/Digital","0.4","0.0","LG",65,1.148,157,106.3,390,"56-65in",5
"85X925 PRO","China","LCD (LED)",408.9,1645,1.5,"Analogue/Digital","0.467","0.0","TCL",85,1.971,576,207.5,835,"76-85in",2
"OLED77B46LA","Indonesia,South Korea","OLED",143,524,5.5,"Analogue/Digital","0.4","0.0","LG",77,1.62,183,88.3,323,"76-85in",6
"OLED77C46LA","Indonesia,South Korea","OLED",154,565,5.5,"Analogue/Digital","0.4","0.0","LG",77,1.62,198,95.1,349,"76-85in",6
"OLED83G46LA","Indonesia,South Korea","OLED",217,795,4.5,"Analogue/Digital","0.4","0.0","LG",83,1.877,278,115.6,424,"76-85in",4
"75QNED86T6A","Indonesia,South Korea","LCD (LED)",134,492,5.5,"Analogue/Digital","0.4","0.0","LG",75,1.531,172,87.5,321,"66-75in",6
"75QNED91T6A","Indonesia,South Korea","LCD (LED)",150,550,5,"Analogue/Digital","0.4","0.0","LG",75,1.531,192,98,359,"66-75in",5
"QA75Q80DAW","Vietnam","LCD (LED)",198,726,4,"Digital","0.5","0.0","SAMSUNG",75,1.532,254,129.2,474,"66-75in",4
"QA75Q80DAS","Vietnam","LCD (LED)",198,726,4,"Digital","0.5","0.0","SAMSUNG",75,1.532,254,129.2,474,"66-75in",4
"QA75Q80DA*","Vietnam","LCD (LED)",198,726,4,"Digital","0.5","0.0","SAMSUNG",75,1.532,254,129.2,474,"66-75in",4
"QA85Q80DAW","Vietnam","LCD (LED)",258,945,4,"Digital","0.5","0.0","SAMSUNG",85,1.971,331,130.9,479,"76-85in",4
"QA85Q80DAS","Vietnam","LCD (LED)",258,945,4,"Digital","0.5","0.0","SAMSUNG",85,1.971,331,130.9,479,"76-85in",4
"QA85Q80DA*","Vietnam","LCD (LED)",258,945,4,"Digital","0.5","0.0","SAMSUNG",85,1.971,331,130.9,479,"76-85in",4
"QA65Q80DAW","Vietnam","LCD (LED)",147,540,4,"Digital","0.5","0.0","SAMSUNG",65,1.148,189,128,470,"56-65in",4
"QA65Q80DAS","Vietnam","LCD (LED)",147,540,4,"Digital","0.5","0.0","SAMSUNG",65,1.148,189,128,470,"56-65in",4
"QA65Q80DA*","Vietnam","LCD (LED)",147,540,4,"Digital","0.5","0.0","SAMSUNG",65,1.148,189,128,470,"56-65in",4
"QA50Q80DAW","Vietnam","LCD (LED)",82,302,4.5,"Digital","0.5","0.0","SAMSUNG",49,0.675,106,121.5,447,"44-50in",4
"QA50Q80DAS","Vietnam","LCD (LED)",82,302,4.5,"Digital","0.5","0.0","SAMSUNG",49,0.675,106,121.5,447,"44-50in",4
"QA50Q80DA*","Vietnam","LCD (LED)",82,302,4.5,"Digital","0.5","0.0","SAMSUNG",49,0.675,106,121.5,447,"44-50in",4
"QA65S90DAW","Vietnam","LCD (LED)",146,536,4,"Digital","0.5","0.0","SAMSUNG",65,1.148,188,127.2,467,"56-65in",4
"QA65S90DAS","Vietnam","LCD (LED)",146,536,4,"Digital","0.5","0.0","SAMSUNG",65,1.148,188,127.2,467,"56-65in",4
"QA65S90DA*","Vietnam","LCD (LED)",146,536,4,"Digital","0.5","0.0","SAMSUNG",65,1.148,188,127.2,467,"56-65in",4
"QA65S95DAW","Vietnam","LCD (LED)",153,562,4,"Digital","0.5","0.0","SAMSUNG",65,1.148,197,133.3,490,"56-65in",4
"QA65S95DAS","Vietnam","LCD (LED)",153,562,4,"Digital","0.5","0.0","SAMSUNG",65,1.148,197,133.3,490,"56-65in",4
"QA65S95DA*","Vietnam","LCD (LED)",153,562,4,"Digital","0.5","0.0","SAMSUNG",65,1.148,197,133.3,490,"56-65in",4
"QA55S95DAW","Vietnam","LCD (LED)",110,405,4,"Digital","0.5","0.0","SAMSUNG",55,0.823,142,133.7,492,"51-55in",4
"QA55S95DAS","Vietnam","LCD (LED)",110,405,4,"Digital","0.5","0.0","SAMSUNG",55,0.823,142,133.7,492,"51-55in",4
"QA55S95DA*","Vietnam","LCD (LED)",110,405,4,"Digital","0.5","0.0","SAMSUNG",55,0.823,142,133.7,492,"51-55in",4
"QA55Q70DAW","Vietnam","LCD (LED)",108,397,4,"Digital","0.5","0.0","SAMSUNG",55,0.823,139,131.2,482,"51-55in",4
"QA55Q70DAS","Vietnam","LCD (LED)",108,397,4,"Digital","0.5","0.0","SAMSUNG",55,0.823,139,131.2,482,"51-55in",4
"QA55Q70DA*","Vietnam","LCD (LED)",108,397,4,"Digital","0.5","0.0","SAMSUNG",55,0.823,139,131.2,482,"51-55in",4
"QA65Q70DAW","Vietnam","LCD (LED)",142,521,4,"Digital","0.5","0.0","SAMSUNG",65,1.148,182,123.7,454,"56-65in",4
"QA65Q70DAS","Vietnam","LCD (LED)",142,521,4,"Digital","0.5","0.0","SAMSUNG",65,1.148,182,123.7,454,"56-65in",4
"QA65Q70DA*","Vietnam","LCD (LED)",142,521,4,"Digital","0.5","0.0","SAMSUNG",65,1.148,182,123.7,454,"56-65in",4
"QA75Q70DAW","Vietnam","LCD (LED)",157,576,5,"Digital","0.5","0.0","SAMSUNG",75,1.532,202,102.5,376,"66-75in",5
"QA75Q70DAS","Vietnam","LCD (LED)",157,576,5,"Digital","0.5","0.0","SAMSUNG",75,1.532,202,102.5,376,"66-75in",5
"QA75Q70DA*","Vietnam","LCD (LED)",157,576,5,"Digital","0.5","0.0","SAMSUNG",75,1.532,202,102.5,376,"66-75in",5
"QA55QE1DAS","Vietnam","LCD (LED)",78,288,5.5,"Digital","0.5","0.0","SAMSUNG",55,0.823,101,94.8,350,"51-55in",6
"QA43LS03DAW","Vietnam","LCD (LED)",92,339,3,"Digital","0.5","0.0","SAMSUNG",43,0.498,119,184.7,681,"33-43in",3
"QA43LS03DAS","Vietnam","LCD (LED)",92,339,3,"Digital","0.5","0.0","SAMSUNG",43,0.498,119,184.7,681,"33-43in",3
"QA43LS03DA*","Vietnam","LCD (LED)",92,339,3,"Digital","0.5","0.0","SAMSUNG",43,0.498,119,184.7,681,"33-43in",3
"QA75QN900DW","Vietnam","LCD (LED)",286,1047,2.5,"Digital","0.5","0.0","SAMSUNG",75,1.532,366,186.7,683,"66-75in",2
"QA75QN900DS","Vietnam","LCD (LED)",286,1047,2.5,"Digital","0.5","0.0","SAMSUNG",75,1.532,366,186.7,683,"66-75in",2
"QA75QN900D*","Vietnam","LCD (LED)",286,1047,2.5,"Digital","0.5","0.0","SAMSUNG",75,1.532,366,186.7,683,"66-75in",2
"QA55QN85DBW","Vietnam","LCD (LED)",112,412,4,"Digital","0.5","0.0","SAMSUNG",55,0.823,144,136.1,501,"51-55in",4
"QA55QN85DBS","Vietnam","LCD (LED)",112,412,4,"Digital","0.5","0.0","SAMSUNG",55,0.823,144,136.1,501,"51-55in",4
"QA55QN85DB*","Vietnam","LCD (LED)",112,412,4,"Digital","0.5","0.0","SAMSUNG",55,0.823,144,136.1,501,"51-55in",4
"QA55QN87DAW","Vietnam","LCD (LED)",109,401,4,"Digital","0.5","0.0","SAMSUNG",55,0.823,140,132.4,487,"51-55in",4
"QA55QN87DAS","Vietnam","LCD (LED)",109,401,4,"Digital","0.5","0.0","SAMSUNG",55,0.823,140,132.4,487,"51-55in",4
"QA55QN87DA*","Vietnam","LCD (LED)",109,401,4,"Digital","0.5","0.0","SAMSUNG",55,0.823,140,132.4,487,"51-55in",4
"QA50LS03DAW","Vietnam","LCD (LED)",93,343,4,"Digital","0.5","0.0","SAMSUNG",49,0.675,120,137.8,508,"44-50in",4
"QA50LS03DAS","Vietnam","LCD (LED)",93,343,4,"Digital","0.5","0.0","SAMSUNG",49,0.675,120,137.8,508,"44-50in",4
"QA50LS03DA*","Vietnam","LCD (LED)",93,343,4,"Digital","0.5","0.0","SAMSUNG",49,0.675,120,137.8,508,"44-50in",4
"QA55LS03DAW","Vietnam","LCD (LED)",119,437,3.5,"Digital","0.5","0.0","SAMSUNG",55,0.823,153,144.6,531,"51-55in",4
"QA55LS03DAS","Vietnam","LCD (LED)",119,437,3.5,"Digital","0.5","0.0","SAMSUNG",55,0.823,153,144.6,531,"51-55in",4
"QA55LS03DA*","Vietnam","LCD (LED)",119,437,3.5,"Digital","0.5","0.0","SAMSUNG",55,0.823,153,144.6,531,"51-55in",4
"QA65LS03DAW","Vietnam","LCD (LED)",154,565,4,"Digital","0.5","0.0","SAMSUNG",65,1.148,198,134.1,492,"56-65in",4
"QA65LS03DAS","Vietnam","LCD (LED)",154,565,4,"Digital","0.5","0.0","SAMSUNG",65,1.148,198,134.1,492,"56-65in",4
"QA65LS03DA*","Vietnam","LCD (LED)",154,565,4,"Digital","0.5","0.0","SAMSUNG",65,1.148,198,134.1,492,"56-65in",4
"QA75LS03DAW","Vietnam","LCD (LED)",190,697,4,"Digital","0.5","0.0","SAMSUNG",75,1.532,244,124,455,"66-75in",4
"QA75LS03DAS","Vietnam","LCD (LED)",190,697,4,"Digital","0.5","0.0","SAMSUNG",75,1.532,244,124,455,"66-75in",4
"QA75LS03DA*","Vietnam","LCD (LED)",190,697,4,"Digital","0.5","0.0","SAMSUNG",75,1.532,244,124,455,"66-75in",4
"QA65QN900DW","Vietnam","LCD (LED)",260,952,1.5,"Digital","0.5","0.0","SAMSUNG",65,1.148,333,226.5,829,"56-65in",2
"QA65QN900DS","Vietnam","LCD (LED)",260,952,1.5,"Digital","0.5","0.0","SAMSUNG",65,1.148,333,226.5,829,"56-65in",2
"QA65QN900D*","Vietnam","LCD (LED)",260,952,1.5,"Digital","0.5","0.0","SAMSUNG",65,1.148,333,226.5,829,"56-65in",2
"QA85LS03DAW","Vietnam","LCD (LED)",220,806,4.5,"Digital","0.5","0.0","SAMSUNG",85,1.971,282,111.6,409,"76-85in",4
"QA85LS03DAS","Vietnam","LCD (LED)",220,806,4.5,"Digital","0.5","0.0","SAMSUNG",85,1.971,282,111.6,409,"76-85in",4
"QA85LS03DA*","Vietnam","LCD (LED)",220,806,4.5,"Digital","0.5","0.0","SAMSUNG",85,1.971,282,111.6,409,"76-85in",4
"43NANO81TSA","Indonesia,South Korea","LCD (LED)",70,258,4,"Analogue/Digital","0.4","0.0","LG",43,0.498,90,140.6,518,"33-43in",4
"50NANO81TSA","Indonesia,South Korea","LCD (LED)",90,331,4,"Analogue/Digital","0.4","0.0","LG",49,0.675,116,133.3,490,"44-50in",4
"55NANO81TSA","Indonesia,South Korea","LCD (LED)",112,411,4,"Analogue/Digital","0.4","0.0","LG",55,0.823,144,136.1,499,"51-55in",4
"65NANO81TSA","Indonesia,South Korea","LCD (LED)",144,528,4,"Analogue/Digital","0.4","0.0","LG",65,1.148,185,125.4,460,"56-65in",4
"75NANO81TSA","Indonesia,South Korea","LCD (LED)",181,663,4.5,"Analogue/Digital","0.4","0.0","LG",75,1.531,232,118.2,433,"66-75in",4
"86NANO81TSA","Indonesia,South Korea","LCD (LED)",250,915,4,"Analogue/Digital","0.4","0.0","LG",86,2.02,320,123.8,453,"86in+",4
"86QNED80T6A","Indonesia,South Korea","LCD (LED)",154,565,6,"Analogue/Digital","0.4","0.0","LG",86,2.02,198,76.2,280,"86in+",6
"86QNED81TSA","Indonesia,South Korea","LCD (LED)",154,565,6,"Analogue/Digital","0.4","0.0","LG",86,2.02,198,76.2,280,"86in+",6
"OLED83C4PSA","Indonesia,South Korea","OLED",193,707,5,"Analogue/Digital","0.4","0.0","LG",83,1.877,247,102.8,377,"76-85in",5
"OLED83C46LA","Indonesia,South Korea","OLED",193,707,5,"Analogue/Digital","0.4","0.0","LG",83,1.877,247,102.8,377,"76-85in",5
"QA85QN87DAW","Vietnam","LCD (LED)",192,704,5,"Digital","0.5","0.0","SAMSUNG",85,1.971,246,97.4,357,"76-85in",5
"QA85QN87DAS","Vietnam","LCD (LED)",192,704,5,"Digital","0.5","0.0","SAMSUNG",85,1.971,246,97.4,357,"76-85in",5
"QA85QN87DA*","Vietnam","LCD (LED)",192,704,5,"Digital","0.5","0.0","SAMSUNG",85,1.971,246,97.4,357,"76-85in",5
"QA75QN87DAW","Vietnam","LCD (LED)",144,529,5.5,"Digital","0.5","0.0","SAMSUNG",75,1.532,185,94,345,"66-75in",6
"QA75QN87DAS","Vietnam","LCD (LED)",144,529,5.5,"Digital","0.5","0.0","SAMSUNG",75,1.532,185,94,345,"66-75in",6
"QA75QN87DA*","Vietnam","LCD (LED)",144,529,5.5,"Digital","0.5","0.0","SAMSUNG",75,1.532,185,94,345,"66-75in",6
"K-55S30","Malaysia,Vietnam","LCD (LED)",119,440,3.5,"Analogue/Digital","0.5","13.2","SONY",55,0.823,154,144.6,535,"51-55in",4
"K-65S30","Malaysia,Vietnam","LCD (LED)",140,517,4.5,"Analogue/Digital","0.5","13.5","SONY",65,1.148,181,122,450,"56-65in",4
"QA75QN85DBW","Vietnam","LCD (LED)",178,653,4.5,"Digital","0.5","0.0","SAMSUNG",75,1.532,229,116.2,426,"66-75in",4
"QA75QN85DBS","Vietnam","LCD (LED)",178,653,4.5,"Digital","0.5","0.0","SAMSUNG",75,1.532,229,116.2,426,"66-75in",4
"QA75QN85DB*","Vietnam","LCD (LED)",178,653,4.5,"Digital","0.5","0.0","SAMSUNG",75,1.532,229,116.2,426,"66-75in",4
"QA85QN85DBW","Vietnam","LCD (LED)",215,788,4.5,"Digital","0.5","0.0","SAMSUNG",85,1.971,276,109.1,400,"76-85in",4
"QA85QN85DBS","Vietnam","LCD (LED)",215,788,4.5,"Digital","0.5","0.0","SAMSUNG",85,1.971,276,109.1,400,"76-85in",4
"QA85QN85DB*","Vietnam","LCD (LED)",215,788,4.5,"Digital","0.5","0.0","SAMSUNG",85,1.971,276,109.1,400,"76-85in",4
"S 8866","China","LCD",19.8,76,5.5,"Digital","0.6","0.0","DYNALINK",24,0.153,27,129.4,497,"32in & under",6
"LED65AUSRC","China","LCD (LED)",94,404,5.5,"Analogue/Digital","0.4","0.0","TECO",64,1.147,141,82,352,"56-65in",6
"AW240DVD","China","LCD",24.2,91,4.5,"unknown","0.39","0.0","AIWA",24,0.153,32,158.2,595,"32in & under",4
"QT50WX8A","China","LCD (LED)",83.3,317,4.5,"Analogue/Digital","","","QBELL",50,0.676,111,123.2,469,"44-50in",4
"QA75QE1DAW","Vietnam","LCD (LED)",124,456,6,"Digital","0.5","0.0","SAMSUNG",75,1.532,160,80.9,298,"66-75in",6
"QA75QE1DAS","Vietnam","LCD (LED)",124,456,6,"Digital","0.5","0.0","SAMSUNG",75,1.532,160,80.9,298,"66-75in",6
"QA75QE1DA*","Vietnam","LCD (LED)",124,456,6,"Digital","0.5","0.0","SAMSUNG",75,1.532,160,80.9,298,"66-75in",6
"QA85QE1DAS","Vietnam","LCD (LED)",172,631,5.5,"Digital","0.5","0.0","SAMSUNG",85,1.971,221,87.3,320,"76-85in",6
"UA65DU7000S","Vietnam","LCD (LED)",114,419,5,"Digital","0.5","0.0","SAMSUNG",65,1.148,147,99.3,365,"56-65in",5
"UA75DU7000S","Vietnam","LCD (LED)",137,503,5.5,"Digital","0.5","0.0","SAMSUNG",75,1.532,176,89.4,328,"66-75in",6
"75U7NAU","China","LCD (LED)",156.29,659,4.5,"Analogue/Digital","0.34","0.0","HISENSE",75,1.532,231,102,430,"66-75in",4
"75U7NNZ","China","LCD (LED)",156.29,659,4.5,"Analogue/Digital","0.34","0.0","HISENSE",75,1.532,231,102,430,"66-75in",4
"65U7NAU","China","LCD (LED)",110.54,464,5,"Analogue/Digital","0.33","0.0","HISENSE",64,1.147,162,96.4,405,"56-65in",5
"65U7NNZ","China","LCD (LED)",110.54,464,5,"Analogue/Digital","0.33","0.0","HISENSE",64,1.147,162,96.4,405,"56-65in",5
"55U7NAU","China","LCD (LED)",91.26,381,4.5,"Analogue/Digital","0.29","0.0","HISENSE",55,0.823,133,110.9,463,"51-55in",4
"55U7NNZ","China","LCD (LED)",91.26,381,4.5,"Analogue/Digital","0.29","0.0","HISENSE",55,0.823,133,110.9,463,"51-55in",4
"65U7N series","China","LCD (LED)",110.54,464,5,"Analogue/Digital","0.33","0.0","HISENSE",64,1.147,162,96.4,405,"56-65in",5
"75U7N series","China","LCD (LED)",156.29,659,4.5,"Analogue/Digital","0.34","0.0","HISENSE",75,1.532,231,102,430,"66-75in",4
"ATV50UHDW-0424","China","LCD (LED)",57.06,210,6,"Analogue/Digital","0.3","0.0","BAUHN",50,0.695,74,82.1,302,"44-50in",6
"UA85DU7000S","Vietnam","LCD (LED)",143,525,6,"Digital","0.5","0.0","SAMSUNG",85,1.971,184,72.6,266,"76-85in",6
"KAQL85W94QA","China,Vietnam","LCD (LED)",292.93,1090,3.5,"Digital","","","KOGAN",85,1.971,382,148.6,553,"76-85in",4
"QA55QN80DAW","Vietnam","LCD (LED)",109,401,4,"Digital","0.5","0.0","SAMSUNG",55,0.823,140,132.4,487,"51-55in",4
"QA55QN80DAS","Vietnam","LCD (LED)",109,401,4,"Digital","0.5","0.0","SAMSUNG",55,0.823,140,132.4,487,"51-55in",4
"QA55QN80DA*","Vietnam","LCD (LED)",109,401,4,"Digital","0.5","0.0","SAMSUNG",55,0.823,140,132.4,487,"51-55in",4
"K-75S30","Malaysia,China","LCD (LED)",179.2,660,4.5,"Analogue/Digital","0.5","14.5","SONY",75,1.531,231,117,431,"66-75in",4
"QA65QN87DAW","Vietnam","LCD (LED)",130,478,4.5,"Digital","0.5","0.0","SAMSUNG",65,1.148,167,113.2,416,"56-65in",4
"QA65QN87DAS","Vietnam","LCD (LED)",130,478,4.5,"Digital","0.5","0.0","SAMSUNG",65,1.148,167,113.2,416,"56-65in",4
"QA65QN87DA*","Vietnam","LCD (LED)",130,478,4.5,"Digital","0.5","0.0","SAMSUNG",65,1.148,167,113.2,416,"56-65in",4
"K-85S30","Malaysia,China","LCD (LED)",229.8,845,4.5,"Analogue/Digital","0.5","15.9","SONY",85,1.971,296,116.6,429,"76-85in",4
"QA85QN900DW","Vietnam","LCD (LED)",338,1237,2.5,"Digital","0.5","0.0","SAMSUNG",85,1.971,433,171.5,628,"76-85in",2
"QA85QN900DS","Vietnam","LCD (LED)",338,1237,2.5,"Digital","0.5","0.0","SAMSUNG",85,1.971,433,171.5,628,"76-85in",2
"QA85QN900D*","Vietnam","LCD (LED)",338,1237,2.5,"Digital","0.5","0.0","SAMSUNG",85,1.971,433,171.5,628,"76-85in",2
"UA65DU7000W","Vietnam","LCD (LED)",114,419,5,"Digital","0.5","0.0","SAMSUNG",65,1.148,147,99.3,365,"56-65in",5
"UA65DU7700S","Vietnam","LCD (LED)",114,419,5,"Digital","0.5","0.0","SAMSUNG",65,1.148,147,99.3,365,"56-65in",5
"UA65DU7700W","Vietnam","LCD (LED)",114,419,5,"Digital","0.5","0.0","SAMSUNG",65,1.148,147,99.3,365,"56-65in",5
"UA75DU7000W","Vietnam","LCD (LED)",137,503,5.5,"Digital","0.5","0.0","SAMSUNG",75,1.532,176,89.4,328,"66-75in",6
"UA75DU7700S","Vietnam","LCD (LED)",137,503,5.5,"Digital","0.5","0.0","SAMSUNG",75,1.532,176,89.4,328,"66-75in",6
"UA75DU7700W","Vietnam","LCD (LED)",137,503,5.5,"Digital","0.5","0.0","SAMSUNG",75,1.532,176,89.4,328,"66-75in",6
"UA75DU7*00*","Vietnam","LCD (LED)",137,503,5.5,"Digital","0.5","0.0","SAMSUNG",75,1.532,176,89.4,328,"66-75in",6
"UA85DU7000W","Vietnam","LCD (LED)",143,525,6,"Digital","0.5","0.0","SAMSUNG",85,1.971,184,72.6,266,"76-85in",6
"UA85DU7700S","Vietnam","LCD (LED)",143,525,6,"Digital","0.5","0.0","SAMSUNG",85,1.971,184,72.6,266,"76-85in",6
"UA85DU7700W","Vietnam","LCD (LED)",143,525,6,"Digital","0.5","0.0","SAMSUNG",85,1.971,184,72.6,266,"76-85in",6
"UA85DU7*00*","Vietnam","LCD (LED)",143,525,6,"Digital","0.5","0.0","SAMSUNG",85,1.971,184,72.6,266,"76-85in",6
"K-85XR90","Malaysia","LCD (LED)",272.5,1002,3.5,"Analogue/Digital","0.5","19.9","SONY",85,1.971,351,138.3,508,"76-85in",4
"K-75XR90","Malaysia","LCD (LED)",238.4,878,3,"Analogue/Digital","0.5","20.8","SONY",75,1.531,307,155.7,573,"66-75in",3
"UA75DU8000W","Vietnam","LCD (LED)",163,598,5,"Digital","0.5","0.0","SAMSUNG",75,1.532,209,106.4,390,"66-75in",5
"UA75DU8000S","Vietnam","LCD (LED)",163,598,5,"Digital","0.5","0.0","SAMSUNG",75,1.532,209,106.4,390,"66-75in",5
"UA75DU8500S","Vietnam","LCD (LED)",163,598,5,"Digital","0.5","0.0","SAMSUNG",75,1.532,209,106.4,390,"66-75in",5
"UA75DU8*00*","Vietnam","LCD (LED)",163,598,5,"Digital","0.5","0.0","SAMSUNG",75,1.532,209,106.4,390,"66-75in",5
"KALED24DH65NA","China","LCD",25.3,94,4.5,"Analogue/Digital","0.18","0.0","KOGAN",24,0.153,33,165.4,614,"32in & under",4
"KALED24DH65NB","China","LCD",25.3,94,4.5,"Analogue/Digital","0.18","0.0","KOGAN",24,0.153,33,165.4,614,"32in & under",4
"KALED24DH65NC","China","LCD",25.3,94,4.5,"Analogue/Digital","0.18","0.0","KOGAN",24,0.153,33,165.4,614,"32in & under",4
"KALED24DH65ND","China","LCD",25.3,94,4.5,"Analogue/Digital","0.18","0.0","KOGAN",24,0.153,33,165.4,614,"32in & under",4
"KALED24DH65NE","China","LCD",25.3,94,4.5,"Analogue/Digital","0.18","0.0","KOGAN",24,0.153,33,165.4,614,"32in & under",4
"D236GV68C-T2C","China","LCD",25.3,94,4.5,"Analogue/Digital","0.18","0.0","KOGAN",24,0.153,33,165.4,614,"32in & under",4
"*24*","China","LCD",25.3,94,4.5,"Analogue/Digital","0.18","0.0","KOGAN",24,0.153,33,165.4,614,"32in & under",4
"QA50QE1DAS","Vietnam","LCD (LED)",73,270,5,"Digital","0.5","0.0","SAMSUNG",49,0.675,94,108.1,400,"44-50in",5
"KALED24D95SNA","China","LCD",22.1,83,5,"Analogue/Digital","0.34","0.0","KOGAN",24,0.153,29,144.4,542,"32in & under",5
"KALED24D95SNB","China","LCD",22.1,83,5,"Analogue/Digital","0.34","0.0","KOGAN",24,0.153,29,144.4,542,"32in & under",5
"KALED24D95SNC","China","LCD",22.1,83,5,"Analogue/Digital","0.34","0.0","KOGAN",24,0.153,29,144.4,542,"32in & under",5
"KALED24D95SND","China","LCD",22.1,83,5,"Analogue/Digital","0.34","0.0","KOGAN",24,0.153,29,144.4,542,"32in & under",5
"KALED24D95SNE","China","LCD",22.1,83,5,"Analogue/Digital","0.34","0.0","KOGAN",24,0.153,29,144.4,542,"32in & under",5
"D236GV66C-T2C-W","China","LCD",22.1,83,5,"Analogue/Digital","0.34","0.0","KOGAN",24,0.153,29,144.4,542,"32in & under",5
"SVU550WOS","China","LCD (LED)",103.3,379,4.5,"Analogue/Digital","","","S VISION",55,0.844,133,122.4,449,"51-55in",4
"KALED32D95SNA","China","LCD",35.2,131,5,"Analogue/Digital","0.38","0.0","KOGAN",32,0.274,46,128.5,478,"32in & under",5
"KALED32D95SNB","China","LCD",35.2,131,5,"Analogue/Digital","0.38","0.0","KOGAN",32,0.274,46,128.5,478,"32in & under",5
"KALED32D95SNC","China","LCD",35.2,131,5,"Analogue/Digital","0.38","0.0","KOGAN",32,0.274,46,128.5,478,"32in & under",5
"KALED32D95SND","China","LCD",35.2,131,5,"Analogue/Digital","0.38","0.0","KOGAN",32,0.274,46,128.5,478,"32in & under",5
"KALED32D95SNE","China","LCD",35.2,131,5,"Analogue/Digital","0.38","0.0","KOGAN",32,0.274,46,128.5,478,"32in & under",5
"D32GV66C-T2C-W","China","LCD",35.2,131,5,"Analogue/Digital","0.38","0.0","KOGAN",32,0.274,46,128.5,478,"32in & under",5
"*32*","China","LCD",35.2,131,5,"Analogue/Digital","0.38","0.0","KOGAN",32,0.274,46,128.5,478,"32in & under",5
"BP3200HDV8100","China","LCD (LED)",35.8,133,4.5,"Analogue/Digital","0.3","0.0","BLAUPUNKT",32,0.274,47,130.7,485,"32in & under",4
"QA48S90DAE","Vietnam","LCD (LED)",80,295,4.5,"Digital","0.5","0.0","SAMSUNG",48,0.623,103,128.4,474,"44-50in",4
"K750UGT","China","LCD",204.81,811,3.5,"Analogue/Digital","0.401","0.401","EKO",75,1.531,284,133.8,530,"66-75in",4
"K750UGT2","China","LCD",204.81,811,3.5,"Analogue/Digital","0.401","0.401","EKO",75,1.531,284,133.8,530,"66-75in",4
"K700UGT","China","LCD",161.454,592,4.5,"Analogue/Digital","0.334","0.334","EKO",70,1.339,207,120.6,442,"66-75in",4
"K700UGT2","China","LCD",161.454,592,4.5,"Analogue/Digital","0.334","0.334","EKO",70,1.339,207,120.6,442,"66-75in",4
"55LX1T6LA","Indonesia,South Korea","OLED",100,368,4.5,"Analogue/Digital","0.4","0.0","LG",55,0.823,129,121.5,447,"51-55in",4
"55LX1TPSA","Indonesia,South Korea","OLED",100,368,4.5,"Analogue/Digital","0.4","0.0","LG",55,0.823,129,121.5,447,"51-55in",4
"OLED97G46LA","Indonesia,South Korea","OLED",219,802,6,"Analogue/Digital","0.4","0.0","LG",97,2.568,281,85.3,312,"86in+",6
"UA65DU7*00*","Vietnam","LCD (LED)",114,419,5,"Digital","0.5","0.0","SAMSUNG",65,1.148,147,99.3,365,"56-65in",5
"UA65DU8000W","Vietnam","LCD (LED)",122,448,5,"Digital","0.5","0.0","SAMSUNG",65,1.148,157,106.3,390,"56-65in",5
"UA65DU8000S","Vietnam","LCD (LED)",122,448,5,"Digital","0.5","0.0","SAMSUNG",65,1.148,157,106.3,390,"56-65in",5
"UA65DU8500S","Vietnam","LCD (LED)",122,448,5,"Digital","0.5","0.0","SAMSUNG",65,1.148,157,106.3,390,"56-65in",5
"UA65DU8*00*","Vietnam","LCD (LED)",122,448,5,"Digital","0.5","0.0","SAMSUNG",65,1.148,157,106.3,390,"56-65in",5
"UA43DU8000W","Vietnam","LCD (LED)",71,262,4,"Digital","0.5","0.0","SAMSUNG",43,0.498,92,142.6,526,"33-43in",4
"UA43DU8000S","Vietnam","LCD (LED)",71,262,4,"Digital","0.5","0.0","SAMSUNG",43,0.498,92,142.6,526,"33-43in",4
"UA43DU8500S","Vietnam","LCD (LED)",71,262,4,"Digital","0.5","0.0","SAMSUNG",43,0.498,92,142.6,526,"33-43in",4
"UA43DU8*00*","Vietnam","LCD (LED)",71,262,4,"Digital","0.5","0.0","SAMSUNG",43,0.498,92,142.6,526,"33-43in",4
"UA55DU7000S","Vietnam","LCD (LED)",79,291,5.5,"Digital","0.5","0.0","SAMSUNG",55,0.823,102,96,354,"51-55in",6
"UA55DU7000W","Vietnam","LCD (LED)",79,291,5.5,"Digital","0.5","0.0","SAMSUNG",55,0.823,102,96,354,"51-55in",6
"UA55DU7700S","Vietnam","LCD (LED)",79,291,5.5,"Digital","0.5","0.0","SAMSUNG",55,0.823,102,96,354,"51-55in",6
"UA55DU7700W","Vietnam","LCD (LED)",79,291,5.5,"Digital","0.5","0.0","SAMSUNG",55,0.823,102,96,354,"51-55in",6
"UA55DU7*00*","Vietnam","LCD (LED)",79,291,5.5,"Digital","0.5","0.0","SAMSUNG",55,0.823,102,96,354,"51-55in",6
"UA50DU7000S","Vietnam","LCD (LED)",71,262,5,"Digital","0.5","0.0","SAMSUNG",49,0.675,92,105.2,388,"44-50in",5
"UA50DU7000W","Vietnam","LCD (LED)",71,262,5,"Digital","0.5","0.0","SAMSUNG",49,0.675,92,105.2,388,"44-50in",5
"UA50DU7700S","Vietnam","LCD (LED)",71,262,5,"Digital","0.5","0.0","SAMSUNG",49,0.675,92,105.2,388,"44-50in",5
"UA50DU7700W","Vietnam","LCD (LED)",71,262,5,"Digital","0.5","0.0","SAMSUNG",49,0.675,92,105.2,388,"44-50in",5
"UA50DU7*00*","Vietnam","LCD (LED)",71,262,5,"Digital","0.5","0.0","SAMSUNG",49,0.675,92,105.2,388,"44-50in",5
"UA55DU8000W","Vietnam","LCD (LED)",97,357,4.5,"Digital","0.5","0.0","SAMSUNG",55,0.823,125,117.9,434,"51-55in",4
"UA55DU8000S","Vietnam","LCD (LED)",97,357,4.5,"Digital","0.5","0.0","SAMSUNG",55,0.823,125,117.9,434,"51-55in",4
"UA55DU8500S","Vietnam","LCD (LED)",97,357,4.5,"Digital","0.5","0.0","SAMSUNG",55,0.823,125,117.9,434,"51-55in",4
"UA55DU8*00*","Vietnam","LCD (LED)",97,357,4.5,"Digital","0.5","0.0","SAMSUNG",55,0.823,125,117.9,434,"51-55in",4
"KAQL85XQ98GSTA","China","LCD (LED)",250.7,974,4,"Analogue/Digital","0.45","0.0","KOGAN",85,1.971,341,127.2,494,"76-85in",4
"KAQL85XQ98GSTB","China","LCD (LED)",250.7,974,4,"Analogue/Digital","0.45","0.0","KOGAN",85,1.971,341,127.2,494,"76-85in",4
"KAQL85XQ98GSTC","China","LCD (LED)",250.7,974,4,"Analogue/Digital","0.45","0.0","KOGAN",85,1.971,341,127.2,494,"76-85in",4
"KAQL85XQ98GSTD","China","LCD (LED)",250.7,974,4,"Analogue/Digital","0.45","0.0","KOGAN",85,1.971,341,127.2,494,"76-85in",4
"KAQL85XQ98GSTE","China","LCD (LED)",250.7,974,4,"Analogue/Digital","0.45","0.0","KOGAN",85,1.971,341,127.2,494,"76-85in",4
"KAQL85XQ98GST*","China","LCD (LED)",250.7,974,4,"Analogue/Digital","0.45","0.0","KOGAN",85,1.971,341,127.2,494,"76-85in",4
"KAQL75XQ98GSTA","China","LCD (LED)",172.1,681,4.5,"Analogue/Digital","0.35","0.0","KOGAN",75,1.531,238,112.4,445,"66-75in",4
"KAQL75XQ98GSTB","China","LCD (LED)",172.1,681,4.5,"Analogue/Digital","0.35","0.0","KOGAN",75,1.531,238,112.4,445,"66-75in",4
"KAQL75XQ98GSTC","China","LCD (LED)",172.1,681,4.5,"Analogue/Digital","0.35","0.0","KOGAN",75,1.531,238,112.4,445,"66-75in",4
"KAQL75XQ98GSTD","China","LCD (LED)",172.1,681,4.5,"Analogue/Digital","0.35","0.0","KOGAN",75,1.531,238,112.4,445,"66-75in",4
"KAQL75XQ98GSTE","China","LCD (LED)",172.1,681,4.5,"Analogue/Digital","0.35","0.0","KOGAN",75,1.531,238,112.4,445,"66-75in",4
"KAQL75XQ98GST*","China","LCD (LED)",172.1,681,4.5,"Analogue/Digital","0.35","0.0","KOGAN",75,1.531,238,112.4,445,"66-75in",4
"UA50DU8000W","Vietnam","LCD (LED)",83,306,4.5,"Digital","0.5","0.0","SAMSUNG",50,0.676,107,122.8,453,"44-50in",4
"UA50DU8000S","Vietnam","LCD (LED)",83,306,4.5,"Digital","0.5","0.0","SAMSUNG",50,0.676,107,122.8,453,"44-50in",4
"UA50DU8500S","Vietnam","LCD (LED)",83,306,4.5,"Digital","0.5","0.0","SAMSUNG",50,0.676,107,122.8,453,"44-50in",4
"UA50DU8*00*","Vietnam","LCD (LED)",83,306,4.5,"Digital","0.5","0.0","SAMSUNG",50,0.676,107,122.8,453,"44-50in",4
"LED58AUSRC","China","LCD (LED)",86.5,349,5,"Analogue/Digital","0.4","0.4","TECO",57,0.916,122,94.4,381,"56-65in",5
"LED43AUSRC","China","LCD (LED)",52.9,214,5,"Analogue/Digital","0.38","0.0","TECO",42,0.498,75,106.2,430,"33-43in",5
"AWS400G","China","LCD",46.8,189,5,"Analogue","0.4","0.0","AIWA",39,0.426,66,109.9,444,"33-43in",5
"AWS650G","China","LCD",90.1,404,5.5,"unknown","0.4","0.0","AIWA",64,1.147,141,78.6,352,"56-65in",6
"KAQL70W94QA","China,Vietnam","LCD (LED)",142.43,538,5,"Digital","","","KOGAN",70,1.338,188,106.4,402,"66-75in",5
"KAQL70W94QB","China,Vietnam","LCD (LED)",142.43,538,5,"Digital","","","KOGAN",70,1.338,188,106.4,402,"66-75in",5
"KAQL70W94QC","China,Vietnam","LCD (LED)",142.43,538,5,"Digital","","","KOGAN",70,1.338,188,106.4,402,"66-75in",5
"KAQL70W94QD","China,Vietnam","LCD (LED)",142.43,538,5,"Digital","","","KOGAN",70,1.338,188,106.4,402,"66-75in",5
"KAQL70W94QE","China,Vietnam","LCD (LED)",142.43,538,5,"Digital","","","KOGAN",70,1.338,188,106.4,402,"66-75in",5
"KAQL70W94QF","China,Vietnam","LCD (LED)",142.43,538,5,"Digital","","","KOGAN",70,1.338,188,106.4,402,"66-75in",5
"UA98DU9000W","Vietnam","LCD (LED)",332,1215,4,"Digital","0.5","0.0","SAMSUNG",98,2.621,425,126.7,464,"86in+",4
"UA98DU9000S","Vietnam","LCD (LED)",332,1215,4,"Digital","0.5","0.0","SAMSUNG",98,2.621,425,126.7,464,"86in+",4
"UA98DU9000*","Vietnam","LCD (LED)",332,1215,4,"Digital","0.5","0.0","SAMSUNG",98,2.621,425,126.7,464,"86in+",4
"K500UGT","China","LCD",96.56,376,3.5,"Analogue/Digital","0.356","0.356","EKO",49,0.675,132,143.1,557,"44-50in",4
"KAQL43XQ98GSVA","China","LCD (LED)",87.66,338,3,"Digital","","","KOGAN",42,0.498,118,176,679,"33-43in",3
"KAQL43XQ98GSVB","China","LCD (LED)",87.66,338,3,"Digital","","","KOGAN",42,0.498,118,176,679,"33-43in",3
"KAQL43XQ98GSVC","China","LCD (LED)",87.66,338,3,"Digital","","","KOGAN",42,0.498,118,176,679,"33-43in",3
"K650UGT2","China","LCD (LED)",132.27,511,4.5,"Analogue/Digital","0.37756","0.62228","EKO",65,1.148,179,115.2,445,"56-65in",4
"43C655","China","LCD (LED)",58.2,240,4.5,"Analogue/Digital","0.334","0.0","TCL",42,0.498,84,116.9,482,"33-43in",4
"LS40FHDNF23","China","LCD (LED)",38.946,144,6,"Analogue/Digital","","","LINSAR",40,0.426,50,91.4,338,"33-43in",6
"50C655","China","LCD (LED)",58.4,300,4.5,"Analogue/Digital","0.363","0.0","TCL",49,0.675,105,86.5,444,"44-50in",4
"55C655","China","LCD (LED)",86.9,367,4.5,"Analogue/Digital","0.353","0.0","TCL",55,0.822,128,105.7,446,"51-55in",4
"65C655","China","LCD (LED)",106.6,440,5,"Analogue/Digital","0.32","0.0","TCL",64,1.147,154,92.9,384,"56-65in",5
"75C655","China","LCD (LED)",122,515,5.5,"Analogue/Digital","0.311","0.0","TCL",75,1.531,180,79.7,336,"66-75in",6
"65C855","China","LCD (LED)",176.1,716,3,"Analogue/Digital","0.347","0.0","TCL",64,1.147,251,153.5,624,"56-65in",3
"75C855","China","LCD (LED)",208.1,925,3,"Analogue/Digital","0.33","0.0","TCL",75,1.531,324,135.9,604,"66-75in",3
"85C855","China","LCD (LED)",212.4,940,4,"Analogue/Digital","0.323","0.0","TCL",85,1.971,329,107.8,477,"76-85in",4
"98C855","China","LCD (LED)",191.2,853,5.5,"Analogue/Digital","0.299","0.0","TCL",97,2.62,299,73,326,"86in+",6
"FF43U64","China","LCD (LED)",41.8,170,6,"Analogue/Digital","0.404","0.0","FFALCON",42,0.498,59,83.9,341,"33-43in",6
"FF50U64","China","LCD (LED)",49.2,200,6,"Analogue/Digital","0.384","0.0","FFALCON",49,0.675,70,72.9,296,"44-50in",6
"FF55U64","China","LCD (LED)",58.4,240,6,"Analogue/Digital","0.394","0.0","FFALCON",55,0.822,84,71,292,"51-55in",6
"FF65U64","China","LCD (LED)",77.6,350,6,"Analogue/Digital","0.354","0.0","FFALCON",64,1.147,122,67.7,305,"56-65in",6
"FF75U64","China","LCD (LED)",111.2,460,6,"Analogue/Digital","0.386","0.0","FFALCON",75,1.531,161,72.6,300,"66-75in",6
"98QNED89TSA","China","LCD (LED)",245.5,999,5,"Analogue/Digital","0.39","0.42","LG",98,2.622,350,93.6,381,"86in+",5
"98QNED89T6A","China","LCD (LED)",245.5,999,5,"Analogue/Digital","0.39","0.42","LG",98,2.622,350,93.6,381,"86in+",5
"98QNED89TUA","China","LCD (LED)",245.5,999,5,"Analogue/Digital","0.39","0.42","LG",98,2.622,350,93.6,381,"86in+",5
"98QNED#####","China","LCD (LED)",245.5,999,5,"Analogue/Digital","0.39","0.42","LG",98,2.622,350,93.6,381,"86in+",5
"QA77S90DAE","Vietnam","LCD (LED)",175,642,5,"Digital","0.5","0.0","SAMSUNG",77,1.62,225,108,396,"76-85in",5
"QA83S90DAE","Vietnam","LCD (LED)",217,795,4.5,"Digital","0.5","0.0","SAMSUNG",83,1.877,278,115.6,424,"76-85in",4
"K-55XR80","Malaysia,Vietnam","OLED",100,372,4.5,"Analogue/Digital","0.5","17.7","SONY",55,0.823,130,121.5,452,"51-55in",4
"K-65XR80","Malaysia,Vietnam","OLED",117.9,437,5,"Analogue/Digital","0.5","14.7","SONY",65,1.148,153,102.7,381,"56-65in",5
"OLED65M46LA","Indonesia,South Korea","OLED",172,630,3.5,"Analogue/Digital","0.4","0.0","LG",65,1.148,220,149.8,549,"56-65in",4
"OLED77M46LA","Indonesia,South Korea","OLED",220,806,4,"Analogue/Digital","0.4","0.0","LG",77,1.62,282,135.8,498,"76-85in",4
"OLED83M46LA","Indonesia,South Korea","OLED",242,886,4,"Analogue/Digital","0.4","0.0","LG",83,1.877,310,128.9,472,"76-85in",4
"OLED97G4PSA","Indonesia,South Korea","OLED",219,802,6,"Analogue/Digital","0.4","0.0","LG",97,2.568,281,85.3,312,"86in+",6
"OLED97M4PSA","Indonesia,South Korea","OLED",244,893,5.5,"Analogue/Digital","0.4","0.0","LG",97,2.568,313,95,348,"86in+",6
"OLED97M46LA","Indonesia,South Korea","OLED",244,893,5.5,"Analogue/Digital","0.4","0.0","LG",97,2.568,313,95,348,"86in+",6
"K550UGT2","China","LCD",94.96,349,4.5,"Analogue/Digital","0.37","0.0","EKO",55,0.823,122,115.4,424,"51-55in",4
"50C755","China","LCD (LED)",91.4,390,3.5,"Analogue/Digital","0.333","0.0","TCL",49,0.675,136,135.4,578,"44-50in",4
"55C755","China","LCD (LED)",89.1,381,4.5,"Analogue/Digital","0.273","0.0","TCL",55,0.822,133,108.4,464,"51-55in",4
"65C755","China","LCD (LED)",105.7,440,5,"Analogue/Digital","0.323","0.0","TCL",64,1.147,154,92.2,384,"56-65in",5
"75C755","China","LCD (LED)",134.6,550,5,"Analogue/Digital","0.334","0.0","TCL",75,1.531,192,87.9,359,"66-75in",5
"85C755","China","LCD (LED)",148.2,660,5.5,"Analogue/Digital","0.375","0.0","TCL",85,1.971,231,75.2,335,"76-85in",6
"98C755","China","LCD (LED)",197.4,890,5.5,"Analogue/Digital","0.354","0.0","TCL",97,2.62,312,75.3,340,"86in+",6
"K-77XR80","Malaysia","OLED",152.2,562,5.5,"Analogue/Digital","0.5","14.4","SONY",77,1.621,197,93.9,347,"76-85in",6
"98C655","China","LCD (LED)",226,909,5.5,"Analogue/Digital","0.393","0.0","TCL",97,2.62,318,86.3,347,"86in+",6
"43UR761H0TA","Indonesia,South Korea","LCD (LED)",67,247,4,"Analogue/Digital","0.4","0.0","LG",43,0.498,86,134.5,496,"33-43in",4
"43UT90506LB","Indonesia,South Korea","LCD (LED)",67,247,4,"Analogue/Digital","0.4","0.0","LG",43,0.498,86,134.5,496,"33-43in",4
"50UT90506LB","Indonesia,South Korea","LCD (LED)",68,251,5.5,"Analogue/Digital","0.4","0.0","LG",49,0.675,88,100.7,372,"44-50in",6
"55UT90506LB","Indonesia,South Korea","LCD (LED)",91,335,5,"Analogue/Digital","0.4","0.0","LG",55,0.823,117,110.6,407,"51-55in",5
"65UT90506LB","Indonesia,South Korea","LCD (LED)",114,419,5,"Analogue/Digital","0.4","0.0","LG",65,1.148,147,99.3,365,"56-65in",5
"75UT90506LB","Indonesia,South Korea","LCD (LED)",126,462,6,"Analogue/Digital","0.4","0.0","LG",75,1.531,162,82.3,302,"66-75in",6
"BP24WOSDVD","China","LCD",28.7,107,4,"Digital","0.32","0.0","BLAUPUNKT",24,0.156,37,184,686,"32in & under",4
"ATV60UHDW-0824","China","LCD",81.288,299,6,"Analogue/Digital","","","BAUHN",60,0.996,105,81.6,300,"56-65in",6
"YTV240Z","China","LCD (LED)",20.24,76,5.5,"Digital","","","YOKOHAMA",24,0.153,27,132.3,497,"32in & under",6
"KAQL55W94QB","China,Vietnam","LCD (LED)",111.7,427,4,"Digital","","","KOGAN",55,0.823,149,135.7,519,"51-55in",4
"KAQL55W94QC","China,Vietnam","LCD (LED)",111.7,427,4,"Digital","","","KOGAN",55,0.823,149,135.7,519,"51-55in",4
"KAQL55W94QD","China,Vietnam","LCD (LED)",111.7,427,4,"Digital","","","KOGAN",55,0.823,149,135.7,519,"51-55in",4
"KAQL55W94QE","China,Vietnam","LCD (LED)",111.7,427,4,"Digital","","","KOGAN",55,0.823,149,135.7,519,"51-55in",4
"KAQL55W94QF","China,Vietnam","LCD (LED)",111.7,427,4,"Digital","","","KOGAN",55,0.823,149,135.7,519,"51-55in",4
"KAQL65W94QB","China,Vietnam","LCD (LED)",150.64,560,4,"Digital","","","KOGAN",65,1.147,196,131.3,488,"56-65in",4
"KAQL65W94QC","China,Vietnam","LCD (LED)",150.64,560,4,"Digital","","","KOGAN",65,1.147,196,131.3,488,"56-65in",4
"KAQL65W94QD","China,Vietnam","LCD (LED)",150.64,560,4,"Digital","","","KOGAN",65,1.147,196,131.3,488,"56-65in",4
"KAQL65W94QE","China,Vietnam","LCD (LED)",150.64,560,4,"Digital","","","KOGAN",65,1.147,196,131.3,488,"56-65in",4
"KAQL65W94QF","China,Vietnam","LCD (LED)",150.64,560,4,"Digital","","","KOGAN",65,1.147,196,131.3,488,"56-65in",4
"KAQL75W94QB","China,Vietnam","LCD (LED)",187.1,690,4,"Digital","","","KOGAN",75,1.532,241,122.1,450,"66-75in",4
"KAQL75W94QC","China,Vietnam","LCD (LED)",187.1,690,4,"Digital","","","KOGAN",75,1.532,241,122.1,450,"66-75in",4
"KAQL75W94QD","China,Vietnam","LCD (LED)",187.1,690,4,"Digital","","","KOGAN",75,1.532,241,122.1,450,"66-75in",4
"KAQL75W94QE","China,Vietnam","LCD (LED)",187.1,690,4,"Digital","","","KOGAN",75,1.532,241,122.1,450,"66-75in",4
"KAQL75W94QF","China,Vietnam","LCD (LED)",187.1,690,4,"Digital","","","KOGAN",75,1.532,241,122.1,450,"66-75in",4
"KAQL50W94QB","China,Vietnam","LCD (LED)",101.23,398,3.5,"Digital","","","KOGAN",50,0.675,139,150,590,"44-50in",4
"KAQL50W94QC","China,Vietnam","LCD (LED)",101.23,398,3.5,"Digital","","","KOGAN",50,0.675,139,150,590,"44-50in",4
"KAQL50W94QD","China,Vietnam","LCD (LED)",101.23,398,3.5,"Digital","","","KOGAN",50,0.675,139,150,590,"44-50in",4
"KAQL50W94QE","China,Vietnam","LCD (LED)",101.23,398,3.5,"Digital","","","KOGAN",50,0.675,139,150,590,"44-50in",4
"KAQL50W94QF","China,Vietnam","LCD (LED)",101.23,398,3.5,"Digital","","","KOGAN",50,0.675,139,150,590,"44-50in",4
"AWS650W","China","LCD (LED)",115.94,468,4.5,"Analogue/Digital","0.34","0.48","AIWA",65,1.148,164,101,408,"56-65in",4
"LT-50N7145AE","China","LCD (LED)",47.5,210,6,"Analogue/Digital","","","JVC",49,0.675,74,70.4,311,"44-50in",6
"STVLED43FHD-W","China","LCD (LED)",49.14,194,5.5,"Digital","","","THOMSON",42,0.498,68,98.7,390,"33-43in",6
"BE43D-H","Vietnam","LCD (LED)",68,251,4,"Digital","0.5","0.0","SAMSUNG",43,0.498,88,136.5,504,"33-43in",4
"BE50D-H","Vietnam","LCD (LED)",71,262,5,"Digital","0.5","0.0","SAMSUNG",49,0.675,92,105.2,388,"44-50in",5
"BE55D-H","Vietnam","LCD (LED)",79,291,5.5,"Digital","0.5","0.0","SAMSUNG",55,0.823,102,96,354,"51-55in",6
"BE65D-H","Vietnam","LCD (LED)",114,419,5,"Digital","0.5","0.0","SAMSUNG",65,1.148,147,99.3,365,"56-65in",5
"BE75D-H","Vietnam","LCD (LED)",137,503,5.5,"Digital","0.5","0.0","SAMSUNG",75,1.532,176,89.4,328,"66-75in",6
"BP50WOS3","China","LCD (LED)",94.37,400,3,"Analogue/Digital","0.37","0.39","BLAUPUNKT",50,0.675,140,139.8,593,"44-50in",3
"BP70WOS3","China","LCD (LED)",128.9,550,4.5,"Analogue/Digital","0.39","0.44","BLAUPUNKT",70,1.338,192,96.3,411,"66-75in",4
"BE85D-H","Vietnam","LCD (LED)",143,525,6,"Digital","0.5","0.0","SAMSUNG",85,1.971,184,72.6,266,"76-85in",6
"LED24AHSRC","China","LCD (LED)",16.2,67,6,"Analogue/Digital","0.22","0.22","TECO",24,0.153,23,105.9,438,"32in & under",6
"QA43LS01DAW","Vietnam","LCD (LED)",79,291,3.5,"Digital","0.5","0.0","SAMSUNG",43,0.498,102,158.6,584,"33-43in",4
"QA43LS01DAS","Vietnam","LCD (LED)",79,291,3.5,"Digital","0.5","0.0","SAMSUNG",43,0.498,102,158.6,584,"33-43in",4
"QA43LS01DA*","Vietnam","LCD (LED)",79,291,3.5,"Digital","0.5","0.0","SAMSUNG",43,0.498,102,158.6,584,"33-43in",4
"QA55LS01DAW","Vietnam","LCD (LED)",89,328,5,"Digital","0.5","0.0","SAMSUNG",55,0.823,115,108.1,399,"51-55in",5
"QA55LS01DAS","Vietnam","LCD (LED)",89,328,5,"Digital","0.5","0.0","SAMSUNG",55,0.823,115,108.1,399,"51-55in",5
"QA55LS01DA*","Vietnam","LCD (LED)",89,328,5,"Digital","0.5","0.0","SAMSUNG",55,0.823,115,108.1,399,"51-55in",5
"QA65LS01DAW","Vietnam","LCD (LED)",126,463,5,"Digital","0.5","0.0","SAMSUNG",65,1.148,162,109.8,403,"56-65in",5
"QA65LS01DAS","Vietnam","LCD (LED)",126,463,5,"Digital","0.5","0.0","SAMSUNG",65,1.148,162,109.8,403,"56-65in",5
"QA65LS01DA*","Vietnam","LCD (LED)",126,463,5,"Digital","0.5","0.0","SAMSUNG",65,1.148,162,109.8,403,"56-65in",5
"LED32AHSRC","China","LCD (LED)",26.3,105,6,"Analogue/Digital","0.4","0.0","TECO",32,0.274,37,96,383,"32in & under",6
"RT27R2KECA","China","LCD",15.3,59,7,"unknown","0.43","0.0","SYLVOX",27,0.202,21,75.7,292,"32in & under",7
"55U7N series","China","LCD (LED)",91.26,381,4.5,"Analogue/Digital","0.29","0.0","HISENSE",55,0.823,133,110.9,463,"51-55in",4
"32LT340CBTB","Indonesia,South Korea","LCD (LED)",25.5,95,6,"Analogue/Digital","0.18","0.0","LG",32,0.274,33,93.1,347,"32in & under",6
"KALED50R95TA","China","LCD (LED)",66.8,284,5,"Analogue/Digital","0.4","0.4","KOGAN",49,0.675,99,99,421,"44-50in",5
"KALED50R95TB","China","LCD (LED)",66.8,284,5,"Analogue/Digital","0.4","0.4","KOGAN",49,0.675,99,99,421,"44-50in",5
"KALED50R95TC","China","LCD (LED)",66.8,284,5,"Analogue/Digital","0.4","0.4","KOGAN",49,0.675,99,99,421,"44-50in",5
"KALED50R95TD","China","LCD (LED)",66.8,284,5,"Analogue/Digital","0.4","0.4","KOGAN",49,0.675,99,99,421,"44-50in",5
"KALED50R95TE","China","LCD (LED)",66.8,284,5,"Analogue/Digital","0.4","0.4","KOGAN",49,0.675,99,99,421,"44-50in",5
"KALED65R95TA","China","LCD (LED)",94.2,371,6,"Analogue/Digital","0.45","0.45","KOGAN",64,1.147,130,82.1,323,"56-65in",6
"KALED65R95TB","China","LCD (LED)",94.2,371,6,"Analogue/Digital","0.45","0.45","KOGAN",64,1.147,130,82.1,323,"56-65in",6
"KALED65R95TC","China","LCD (LED)",94.2,371,6,"Analogue/Digital","0.45","0.45","KOGAN",64,1.147,130,82.1,323,"56-65in",6
"KALED65R95TD","China","LCD (LED)",94.2,371,6,"Analogue/Digital","0.45","0.45","KOGAN",64,1.147,130,82.1,323,"56-65in",6
"KALED65R95TE","China","LCD (LED)",94.2,371,6,"Analogue/Digital","0.45","0.45","KOGAN",64,1.147,130,82.1,323,"56-65in",6
"KALED75R95TA","China","LCD (LED)",109.4,488,6,"Analogue/Digital","0.45","0.45","KOGAN",75,1.531,171,71.5,319,"66-75in",6
"KALED75R95TB","China","LCD (LED)",109.4,488,6,"Analogue/Digital","0.45","0.45","KOGAN",75,1.531,171,71.5,319,"66-75in",6
"KALED75R95TC","China","LCD (LED)",109.4,488,6,"Analogue/Digital","0.45","0.45","KOGAN",75,1.531,171,71.5,319,"66-75in",6
"KALED75R95TD","China","LCD (LED)",109.4,488,6,"Analogue/Digital","0.45","0.45","KOGAN",75,1.531,171,71.5,319,"66-75in",6
"KALED75R95TE","China","LCD (LED)",109.4,488,6,"Analogue/Digital","0.45","0.45","KOGAN",75,1.531,171,71.5,319,"66-75in",6
"KALED55R95TA","China","LCD (LED)",70.8,302,5.5,"Analogue/Digital","0.46","0.46","KOGAN",55,0.822,106,86.1,367,"51-55in",6
"KALED55R95TB","China","LCD (LED)",70.8,302,5.5,"Analogue/Digital","0.46","0.46","KOGAN",55,0.822,106,86.1,367,"51-55in",6
"KALED55R95TC","China","LCD (LED)",70.8,302,5.5,"Analogue/Digital","0.46","0.46","KOGAN",55,0.822,106,86.1,367,"51-55in",6
"KALED55R95TD","China","LCD (LED)",70.8,302,5.5,"Analogue/Digital","0.46","0.46","KOGAN",55,0.822,106,86.1,367,"51-55in",6
"KALED55R95TE","China","LCD (LED)",70.8,302,5.5,"Analogue/Digital","0.46","0.46","KOGAN",55,0.822,106,86.1,367,"51-55in",6
"KALED32R95TA","China","LCD (LED)",22.9,104,6,"Analogue/Digital","0.35","0.35","KOGAN",31,0.273,36,83.9,381,"32in & under",6
"KALED32R95TB","China","LCD (LED)",22.9,104,6,"Analogue/Digital","0.35","0.35","KOGAN",31,0.273,36,83.9,381,"32in & under",6
"KALED32R95TC","China","LCD (LED)",22.9,104,6,"Analogue/Digital","0.35","0.35","KOGAN",31,0.273,36,83.9,381,"32in & under",6
"KALED32R95TD","China","LCD (LED)",22.9,104,6,"Analogue/Digital","0.35","0.35","KOGAN",31,0.273,36,83.9,381,"32in & under",6
"KALED32R95TE","China","LCD (LED)",22.9,104,6,"Analogue/Digital","0.35","0.35","KOGAN",31,0.273,36,83.9,381,"32in & under",6
"QA50LS01DAS","Vietnam","LCD (LED)",93,343,4,"Digital","0.5","0.0","SAMSUNG",49,0.675,120,137.8,508,"44-50in",4
"KALED40R95TA","China","LCD (LED)",36.5,148,6,"Analogue/Digital","0.35","0.35","KOGAN",39,0.426,52,85.7,347,"33-43in",6
"KALED40R95TB","China","LCD (LED)",36.5,148,6,"Analogue/Digital","0.35","0.35","KOGAN",39,0.426,52,85.7,347,"33-43in",6
"KALED40R95TC","China","LCD (LED)",36.5,148,6,"Analogue/Digital","0.35","0.35","KOGAN",39,0.426,52,85.7,347,"33-43in",6
"KALED40R95TD","China","LCD (LED)",36.5,148,6,"Analogue/Digital","0.35","0.35","KOGAN",39,0.426,52,85.7,347,"33-43in",6
"KALED40R95TE","China","LCD (LED)",36.5,148,6,"Analogue/Digital","0.35","0.35","KOGAN",39,0.426,52,85.7,347,"33-43in",6
"KALED43R95TA","China","LCD (LED)",52.9,214,5,"Analogue/Digital","0.45","0.45","KOGAN",42,0.497,75,106.4,431,"33-43in",5
"KALED43R95TB","China","LCD (LED)",52.9,214,5,"Analogue/Digital","0.45","0.45","KOGAN",42,0.497,75,106.4,431,"33-43in",5
"KALED43R95TC","China","LCD (LED)",52.9,214,5,"Analogue/Digital","0.45","0.45","KOGAN",42,0.497,75,106.4,431,"33-43in",5
"KALED43R95TD","China","LCD (LED)",52.9,214,5,"Analogue/Digital","0.45","0.45","KOGAN",42,0.497,75,106.4,431,"33-43in",5
"KALED43R95TE","China","LCD (LED)",52.9,214,5,"Analogue/Digital","0.45","0.45","KOGAN",42,0.497,75,106.4,431,"33-43in",5
"KALED50R95T*","China","LCD (LED)",66.8,284,5,"Analogue/Digital","0.4","0.4","KOGAN",49,0.675,99,99,421,"44-50in",5
"KALED65R95T*","China","LCD (LED)",94.2,371,6,"Analogue/Digital","0.45","0.45","KOGAN",64,1.147,130,82.1,323,"56-65in",6
"KALED75R95T*","China","LCD (LED)",109.4,488,6,"Analogue/Digital","0.45","0.45","KOGAN",75,1.531,171,71.5,319,"66-75in",6
"KALED55R95T*","China","LCD (LED)",70.8,302,5.5,"Analogue/Digital","0.46","0.46","KOGAN",55,0.822,106,86.1,367,"51-55in",6
"KALED43R95T*","China","LCD (LED)",52.9,214,5,"Analogue/Digital","0.45","0.45","KOGAN",42,0.497,75,106.4,431,"33-43in",5
"KALED40R95T*","China","LCD (LED)",36.5,148,6,"Analogue/Digital","0.35","0.35","KOGAN",39,0.426,52,85.7,347,"33-43in",6
"KALED32R95T*","China","LCD (LED)",22.9,104,6,"Analogue/Digital","0.35","0.35","KOGAN",31,0.273,36,83.9,381,"32in & under",6
"K65USW3","China","LCD",111.438,407,5.5,"Analogue/Digital","","","EKO",65,1.148,142,97.1,355,"56-65in",6
"K55USW2","China","LCD",82.242,301,5.5,"Analogue/Digital","","","EKO",55,0.823,105,99.9,366,"51-55in",6
"K55USW3","China","LCD",82.242,301,5.5,"Analogue/Digital","","","EKO",55,0.823,105,99.9,366,"51-55in",6
"KAQL65MQ9TA","China","LCD (LED)",136.1,532,4.5,"Analogue/Digital","0.37","0.0","KOGAN",65,1.175,186,115.8,453,"56-65in",4
"KAQL65MQ9TB","China","LCD (LED)",136.1,532,4.5,"Analogue/Digital","0.37","0.0","KOGAN",65,1.175,186,115.8,453,"56-65in",4
"KAQL65MQ9TC","China","LCD (LED)",136.1,532,4.5,"Analogue/Digital","0.37","0.0","KOGAN",65,1.175,186,115.8,453,"56-65in",4
"KAQL65MQ9TD","China","LCD (LED)",136.1,532,4.5,"Analogue/Digital","0.37","0.0","KOGAN",65,1.175,186,115.8,453,"56-65in",4
"KAQL65MQ9TE","China","LCD (LED)",136.1,532,4.5,"Analogue/Digital","0.37","0.0","KOGAN",65,1.175,186,115.8,453,"56-65in",4
"KAQL65MQ9T*","China","LCD (LED)",136.1,532,4.5,"Analogue/Digital","0.37","0.0","KOGAN",65,1.175,186,115.8,453,"56-65in",4
"LT-32ND35AS","China","LCD (LED)",36.9,145,4.5,"Analogue/Digital","0.33","0.0","JVC",32,0.274,51,134.7,529,"32in & under",4
"43C350NP","China","LCD (LED)",59.91,242,4.5,"Analogue/Digital","0.24","0.0","TOSHIBA",43,0.498,85,120.3,486,"33-43in",4
"50C350NP","China","LCD (LED)",61.1,254,5.5,"Analogue/Digital","0.26","0.0","TOSHIBA",50,0.675,89,90.5,376,"44-50in",6
"55C350NP","China","LCD (LED)",63.7,269,6,"Analogue/Digital","0.36","0.0","TOSHIBA",55,0.823,94,77.4,327,"51-55in",6
"65C350NP","China","LCD (LED)",89.74,369,6,"Analogue/Digital","0.37","0.0","TOSHIBA",64,1.147,129,78.2,322,"56-65in",6
"75C350NP","China","LCD (LED)",95.06,389,7,"Analogue/Digital","0.369","0.0","TOSHIBA",75,1.532,136,62,254,"66-75in",7
"85C350NP","China","LCD (LED)",150.59,599,6,"Analogue/Digital","0.36","0.0","TOSHIBA",85,1.971,210,76.4,304,"76-85in",6
"LED70AUSRC","China","LCD (LED)",135.9,532,5,"Analogue/Digital","","","TECO",70,1.338,186,101.6,398,"66-75in",5
"K70USW3","China","LCD (LED)",161,667,4,"Analogue/Digital","","","EKO",70,1.338,233,120.3,499,"66-75in",4
"KT16A0KOGA","China","LCD (LED)",15.1,58,4.5,"Analogue/Digital","","","SYLVOX",16,0.067,20,225.4,866,"32in & under",4
"LT-40N5155A","China","LCD (LED)",48.76,198,4.5,"Analogue/Digital","0.35","0.46","JVC",40,0.426,69,114.5,465,"33-43in",4
"UA43DU7000S","Vietnam","LCD (LED)",68,251,4,"Digital","0.5","0.0","SAMSUNG",43,0.498,88,136.5,504,"33-43in",4
"UA43DU7700S","Vietnam","LCD (LED)",68,251,4,"Digital","0.5","0.0","SAMSUNG",43,0.498,88,136.5,504,"33-43in",4
"UA43DU7700W","Vietnam","LCD (LED)",68,251,4,"Digital","0.5","0.0","SAMSUNG",43,0.498,88,136.5,504,"33-43in",4
"UA43DU7*00*","Vietnam","LCD (LED)",68,251,4,"Digital","0.5","0.0","SAMSUNG",43,0.498,88,136.5,504,"33-43in",4
"QA65QE1DAS","Vietnam","LCD (LED)",103,379,5.5,"Digital","0.5","0.0","SAMSUNG",65,1.148,133,89.7,330,"56-65in",6
"QA65QE1DA*","Vietnam","LCD (LED)",103,379,5.5,"Digital","0.5","0.0","SAMSUNG",65,1.148,133,89.7,330,"56-65in",6
"QA65QE1DAW","Vietnam","LCD (LED)",103,379,5.5,"Digital","0.5","0.0","SAMSUNG",65,1.148,133,89.7,330,"56-65in",6
"LT-65N7115A11E","China","LCD (LED)",104.2,415,5.5,"Analogue/Digital","","","JVC",64,1.147,145,90.8,362,"56-65in",6
"LT065A-04-FXTL","Poland","LCD (LED)",64.71,240,7,"Digital","","","HUBBL",65,1.148,84,56.4,209,"56-65in",7
"U70M9Q","China","LCD (LED)",123.6,481,5.5,"Analogue/Digital","0.41","0.0","CHIQ",70,1.339,168,92.3,359,"66-75in",6
"115X955 Max","China","LCD (LED)",600,2652,2,"Analogue/Digital","0.392","0.0","TCL",114,3.611,928,166.2,734,"86in+",2
"L32G7KPG","China","LCD (LED)",23.3,116,5.5,"Analogue/Digital","","","CHIQ",32,0.274,41,85,423,"32in & under",6
"K420FSG","China","LCD",48.96,180,5.5,"Analogue/Digital","0.25","0.0","EKO",41,0.468,63,104.6,385,"33-43in",6
"AWC240G","China","LCD (LED)",19.8,82,5,"Analogue/Digital","0.23","0.0","AIWA",24,0.153,29,129.4,536,"32in & under",5
"85U7NAU","China","LCD (LED)",204.59,829,4.5,"Analogue/Digital","0.46","0.0","HISENSE",85,1.971,290,103.8,421,"76-85in",4
"85U7NNZ","China","LCD (LED)",204.59,829,4.5,"Analogue/Digital","0.46","0.0","HISENSE",85,1.971,290,103.8,421,"76-85in",4
"85U7N series","China","LCD (LED)",204.59,829,4.5,"Analogue/Digital","0.46","0.0","HISENSE",85,1.971,290,103.8,421,"76-85in",4
"TL24HSWDTA","China","LCD",28.7,107,4,"Digital","0.32","0.0","TELEFUNKEN",24,0.156,37,184,686,"32in & under",4
"ATV32HDW-0424","China","LCD (LED)",27.2,101,6,"Analogue/Digital","","","BAUHN",32,0.274,35,99.3,369,"32in & under",6
"ATV32HDW-0824","China","LCD (LED)",27.2,101,6,"Analogue/Digital","","","BAUHN",32,0.274,35,99.3,369,"32in & under",6
"ATV32HDW-****","China","LCD (LED)",27.2,101,6,"Analogue/Digital","","","BAUHN",32,0.274,35,99.3,369,"32in & under",6
"ATV32HDW-0624","China","LCD (LED)",27.2,101,6,"Analogue/Digital","","","BAUHN",32,0.274,35,99.3,369,"32in & under",6
"AWS500W","China","LCD (LED)",57.2,211,6,"unknown","0.25","0.0","AIWA",50,0.675,74,84.7,313,"44-50in",6
"BP430FSG9800","China","LCD (LED)",50.67,208,5,"Analogue/Digital","","","BLAUPUNKT",42,0.498,73,101.7,418,"33-43in",5
"QA55LST7DAW","Mexico","LCD (LED)",206,755,1,"Digital","0.5","0.0","SAMSUNG",55,0.823,264,250.3,917,"51-55in",1
"QA55LST7DAS","Mexico","LCD (LED)",206,755,1,"Digital","0.5","0.0","SAMSUNG",55,0.823,264,250.3,917,"51-55in",1
"QA55LST7DA*","Mexico","LCD (LED)",206,755,1,"Digital","0.5","0.0","SAMSUNG",55,0.823,264,250.3,917,"51-55in",1
"KAQL75MQ9TA","China","LCD (LED)",145.4,609,5,"Analogue/Digital","0.42","0.0","KOGAN",75,1.531,213,95,398,"66-75in",5
"KAQL75MQ9TB","China","LCD (LED)",145.4,609,5,"Analogue/Digital","0.42","0.0","KOGAN",75,1.531,213,95,398,"66-75in",5
"KAQL75MQ9TC","China","LCD (LED)",145.4,609,5,"Analogue/Digital","0.42","0.0","KOGAN",75,1.531,213,95,398,"66-75in",5
"KAQL75MQ9TD","China","LCD (LED)",145.4,609,5,"Analogue/Digital","0.42","0.0","KOGAN",75,1.531,213,95,398,"66-75in",5
"KAQL75MQ9TE","China","LCD (LED)",145.4,609,5,"Analogue/Digital","0.42","0.0","KOGAN",75,1.531,213,95,398,"66-75in",5
"KAQL75MQ9T*","China","LCD (LED)",145.4,609,5,"Analogue/Digital","0.42","0.0","KOGAN",75,1.531,213,95,398,"66-75in",5
"BP32WOSDVD","China","LCD (LED)",33.5,125,5,"Analogue/Digital","0.36","0.0","BLAUPUNKT",32,0.274,44,122.3,456,"32in & under",5
"32LN660HBSD","Indonesia,South Korea","LCD (LED)",24,90,6,"Analogue/Digital","0.4","0.0","LG",32,0.274,31,87.6,328,"32in & under",6
"TL55QGG","China","LCD (LED)",103,379,4.5,"Analogue/Digital","","","TELEFUNKEN",55,0.823,133,125.2,461,"51-55in",4
"KAOD48X98JSTA","China","OLED",80.3,331,4,"Analogue/Digital","0.35","0.0","KOGAN",48,0.623,116,128.9,531,"44-50in",4
"KAOD48X98JSTB","China","OLED",80.3,331,4,"Analogue/Digital","0.35","0.0","KOGAN",48,0.623,116,128.9,531,"44-50in",4
"KAOD48X98JSTC","China","OLED",80.3,331,4,"Analogue/Digital","0.35","0.0","KOGAN",48,0.623,116,128.9,531,"44-50in",4
"KAOD48X98JSTD","China","OLED",80.3,331,4,"Analogue/Digital","0.35","0.0","KOGAN",48,0.623,116,128.9,531,"44-50in",4
"KAOD48X98JSTE","China","OLED",80.3,331,4,"Analogue/Digital","0.35","0.0","KOGAN",48,0.623,116,128.9,531,"44-50in",4
"KAOD48X98JST*","China","OLED",80.3,331,4,"Analogue/Digital","0.35","0.0","KOGAN",48,0.623,116,128.9,531,"44-50in",4
"SV43FWOS","China","LCD",40.1,165,6,"Digital","0.37","0.0","SVISION",43,0.498,58,80.5,331,"33-43in",6
"BP100WOSQ","China","LCD (LED)",350,1284,4,"Analogue/Digital","","","BLAUPUNKT",98,2.622,449,133.5,490,"86in+",4
"55U6NAU","China","LCD (LED)",79.98,339,5,"Analogue/Digital","0.28","0.0","HISENSE",55,0.823,119,97.2,412,"51-55in",5
"55U6NNZ","China","LCD (LED)",79.98,339,5,"Analogue/Digital","0.28","0.0","HISENSE",55,0.823,119,97.2,412,"51-55in",5
"65U6NAU","China","LCD (LED)",99.95,416,5.5,"Analogue/Digital","0.29","0.0","HISENSE",65,1.148,146,87.1,362,"56-65in",6
"65U6NNZ","China","LCD (LED)",99.95,416,5.5,"Analogue/Digital","0.29","0.0","HISENSE",65,1.148,146,87.1,362,"56-65in",6
"75U6NAU","China","LCD (LED)",133.76,547,5.5,"Analogue/Digital","0.31","0.0","HISENSE",75,1.532,191,87.3,357,"66-75in",6
"75U6NNZ","China","LCD (LED)",133.76,547,5.5,"Analogue/Digital","0.31","0.0","HISENSE",75,1.532,191,87.3,357,"66-75in",6
"85U6NAU","China","LCD (LED)",189.93,780,5,"Analogue/Digital","0.25","0.0","HISENSE",85,1.971,273,96.4,396,"76-85in",5
"85U6NNZ","China","LCD (LED)",189.93,780,5,"Analogue/Digital","0.25","0.0","HISENSE",85,1.971,273,96.4,396,"76-85in",5
"55U6N series","China","LCD (LED)",79.98,339,5,"Analogue/Digital","0.28","0.0","HISENSE",55,0.823,119,97.2,412,"51-55in",5
"65U6N series","China","LCD (LED)",99.95,416,5.5,"Analogue/Digital","0.29","0.0","HISENSE",65,1.148,146,87.1,362,"56-65in",6
"75U6N series","China","LCD (LED)",133.76,547,5.5,"Analogue/Digital","0.31","0.0","HISENSE",75,1.532,191,87.3,357,"66-75in",6
"85U6N series","China","LCD (LED)",189.93,780,5,"Analogue/Digital","0.25","0.0","HISENSE",85,1.971,273,96.4,396,"76-85in",5
"43Q6NAU","China","LCD (LED)",55.02,229,4.5,"Analogue/Digital","0.24","0.0","HISENSE",42,0.498,80,110.5,460,"33-43in",4
"43Q6NNZ","China","LCD (LED)",55.02,229,4.5,"Analogue/Digital","0.24","0.0","HISENSE",42,0.498,80,110.5,460,"33-43in",4
"50Q6NAU","China","LCD (LED)",55.49,227,6,"Analogue/Digital","0.34","0.0","HISENSE",50,0.675,79,82.2,336,"44-50in",6
"50Q6NNZ","China","LCD (LED)",55.49,227,6,"Analogue/Digital","0.34","0.0","HISENSE",50,0.675,79,82.2,336,"44-50in",6
"55Q6NAU","China","LCD (LED)",59.97,239,6,"Analogue/Digital","0.26","0.0","HISENSE",55,0.823,84,72.9,290,"51-55in",6
"55Q6NNZ","China","LCD (LED)",59.97,239,6,"Analogue/Digital","0.26","0.0","HISENSE",55,0.823,84,72.9,290,"51-55in",6
"65Q6NAU","China","LCD (LED)",90.42,369,6,"Analogue/Digital","0.3","0.0","HISENSE",65,1.148,129,78.8,321,"56-65in",6
"65Q6NNZ","China","LCD (LED)",90.42,369,6,"Analogue/Digital","0.3","0.0","HISENSE",65,1.148,129,78.8,321,"56-65in",6
"75Q6NAU","China","LCD (LED)",120.56,489,6,"Analogue/Digital","0.26","0.0","HISENSE",75,1.532,171,78.7,319,"66-75in",6
"75Q6NNZ","China","LCD (LED)",120.56,489,6,"Analogue/Digital","0.26","0.0","HISENSE",75,1.532,171,78.7,319,"66-75in",6
"85Q6NAU","China","LCD (LED)",172.13,696,5.5,"Analogue/Digital","0.31","0.0","HISENSE",85,1.971,244,87.3,353,"76-85in",6
"85Q6NNZ","China","LCD (LED)",172.13,696,5.5,"Analogue/Digital","0.31","0.0","HISENSE",85,1.971,244,87.3,353,"76-85in",6
"QA65LST7DAW","Mexico","LCD (LED)",260,952,1.5,"Digital","0.5","0.0","SAMSUNG",65,1.148,333,226.5,829,"56-65in",2
"QA65LST7DAS","Mexico","LCD (LED)",260,952,1.5,"Digital","0.5","0.0","SAMSUNG",65,1.148,333,226.5,829,"56-65in",2
"QA65LST7DA*","Mexico","LCD (LED)",260,952,1.5,"Digital","0.5","0.0","SAMSUNG",65,1.148,333,226.5,829,"56-65in",2
"QA75LST7DAW","Mexico","LCD (LED)",322,1178,2,"Digital","0.5","0.0","SAMSUNG",75,1.532,412,210.2,769,"66-75in",2
"QA75LST7DAS","Mexico","LCD (LED)",322,1178,2,"Digital","0.5","0.0","SAMSUNG",75,1.532,412,210.2,769,"66-75in",2
"QA75LST7DA*","Mexico","LCD (LED)",322,1178,2,"Digital","0.5","0.0","SAMSUNG",75,1.532,412,210.2,769,"66-75in",2
"19LED19HD","China","LCD (LED)",19.4,72,4,"Analogue/Digital","","","WINTAL",19,0.094,25,206.4,766,"32in & under",4
"AWC320G","China","LCD (LED)",28.6,116,5.5,"Analogue/Digital","0.4","0.0","AIWA",32,0.274,41,104.4,423,"32in & under",6
"KAOD55X98JSTA","China","OLED",88.3,378,4.5,"Analogue/Digital","0.35","0.0","KOGAN",55,0.823,132,107.3,459,"51-55in",4
"KAOD55X98JSTB","China","OLED",88.3,378,4.5,"Analogue/Digital","0.35","0.0","KOGAN",55,0.823,132,107.3,459,"51-55in",4
"KAOD55X98JSTC","China","OLED",88.3,378,4.5,"Analogue/Digital","0.35","0.0","KOGAN",55,0.823,132,107.3,459,"51-55in",4
"KAOD55X98JSTD","China","OLED",88.3,378,4.5,"Analogue/Digital","0.35","0.0","KOGAN",55,0.823,132,107.3,459,"51-55in",4
"KAOD55X98JSTE","China","OLED",88.3,378,4.5,"Analogue/Digital","0.35","0.0","KOGAN",55,0.823,132,107.3,459,"51-55in",4
"KAOD55X98JST*","China","OLED",88.3,378,4.5,"Analogue/Digital","0.35","0.0","KOGAN",55,0.823,132,107.3,459,"51-55in",4
"KT16K0KOGA","China","LCD (LED)",14.7,56,4.5,"Analogue/Digital","","","SYLVOX",16,0.067,20,219.4,836,"32in & under",4
"85C745 Pro","China","LCD (LED)",160.8,750,5,"Analogue/Digital","0.381","0.0","TCL",85,1.971,262,81.6,381,"76-85in",5
"KALED19PRIZE","China","LCD",15.8718,62,5,"Analogue/Digital","0.234284","0.235448","KOGAN",19,0.094,22,168.8,660,"32in & under",5
"43Q6N series","China","LCD (LED)",55.02,229,4.5,"Analogue/Digital","0.24","0.0","HISENSE",42,0.498,80,110.5,460,"33-43in",4
"50Q6N series","China","LCD (LED)",55.49,227,6,"Analogue/Digital","0.34","0.0","HISENSE",50,0.675,79,82.2,336,"44-50in",6
"65Q6N series","China","LCD (LED)",90.42,369,6,"Analogue/Digital","0.3","0.0","HISENSE",65,1.148,129,78.8,321,"56-65in",6
"75Q6N series","China","LCD (LED)",120.56,489,6,"Analogue/Digital","0.26","0.0","HISENSE",75,1.532,171,78.7,319,"66-75in",6
"85Q6N series","China","LCD (LED)",172.13,696,5.5,"Analogue/Digital","0.31","0.0","HISENSE",85,1.971,244,87.3,353,"76-85in",6
"55Z870NP","China","LCD (LED)",106.46,426,4,"Analogue/Digital","0.31","0.0","TOSHIBA",55,0.823,149,129.4,518,"51-55in",4
"65Z870NP","China","LCD (LED)",157.4,639,3.5,"Analogue/Digital","0.33","0.0","TOSHIBA",65,1.148,224,137.1,557,"56-65in",4
"75Z870NP","China","LCD (LED)",169.46,683,4.5,"Analogue/Digital","0.3","0.0","TOSHIBA",75,1.532,239,110.6,446,"66-75in",4
"85Z870NP","China","LCD (LED)",236.68,969,4,"Analogue/Digital","0.32","0.0","TOSHIBA",85,1.971,339,120.1,492,"76-85in",4
"100Z670NP","China","LCD (LED)",264.81,1070,5,"Analogue/Digital","0.31","0.0","TOSHIBA",100,2.73,374,97,392,"86in+",5
"ATV70UHDW-0624","China","LCD (LED)",109.038,400,6,"Analogue/Digital","","","BAUHN",70,1.332,140,81.9,300,"66-75in",6
"55Q6N series","China","LCD (LED)",59.97,239,6,"Analogue/Digital","0.26","0.0","HISENSE",55,0.823,84,72.9,290,"51-55in",6
"BP850WOSQ","China","LCD",257.2,980,3.5,"Digital","0.36","0.0","BLAUPUNKT",85,1.971,343,130.5,497,"76-85in",4
"KALED55U94VA","China","LCD (LED)",73.6,375,4.5,"Digital","","","KOGAN",55,0.822,131,89.5,456,"51-55in",4
"KALED55U94VB","China","LCD (LED)",73.6,375,4.5,"Digital","","","KOGAN",55,0.822,131,89.5,456,"51-55in",4
"KALED55U94VC","China","LCD (LED)",73.6,375,4.5,"Digital","","","KOGAN",55,0.822,131,89.5,456,"51-55in",4
"KALED55U94V Series","China","LCD (LED)",73.6,375,4.5,"Digital","","","KOGAN",55,0.822,131,89.5,456,"51-55in",4
"SVU50WOS","China","LCD",85.767,315,4.5,"Analogue/Digital","","","SVISION",50,0.675,110,127.1,467,"44-50in",4
"BP85WOS2","China","LCD (LED)",197.27,722,5,"Analogue/Digital","0.3","0.0","BLAUPUNKT",85,1.97,253,100.1,366,"76-85in",5
"KALED55T96QA","China,Vietnam","LCD (LED)",115,425,4,"Digital","","","KOGAN",55,0.823,149,139.7,516,"51-55in",4
"KALED55T96QB","China,Vietnam","LCD (LED)",115,425,4,"Digital","","","KOGAN",55,0.823,149,139.7,516,"51-55in",4
"KALED55T96QC","China,Vietnam","LCD (LED)",115,425,4,"Digital","","","KOGAN",55,0.823,149,139.7,516,"51-55in",4
"KAQL55T96QA","China,Vietnam","LCD (LED)",115,425,4,"Digital","","","KOGAN",55,0.823,149,139.7,516,"51-55in",4
"KAQL55T96QB","China,Vietnam","LCD (LED)",115,425,4,"Digital","","","KOGAN",55,0.823,149,139.7,516,"51-55in",4
"KAQL55T96QC","China,Vietnam","LCD (LED)",115,425,4,"Digital","","","KOGAN",55,0.823,149,139.7,516,"51-55in",4
"KALED32T96QA","China,Vietnam","LCD (LED)",35.2,145,4.5,"Digital","","","KOGAN",32,0.274,51,128.5,529,"32in & under",4
"KALED32T96QB","China,Vietnam","LCD (LED)",35.2,145,4.5,"Digital","","","KOGAN",32,0.274,51,128.5,529,"32in & under",4
"KALED32T96QC","China,Vietnam","LCD (LED)",35.2,145,4.5,"Digital","","","KOGAN",32,0.274,51,128.5,529,"32in & under",4
"KALED32T96QD","China,Vietnam","LCD (LED)",35.2,145,4.5,"Digital","","","KOGAN",32,0.274,51,128.5,529,"32in & under",4
"KALED50T96QA","China,Vietnam","LCD (LED)",99.42,395,3.5,"Digital","","","KOGAN",50,0.675,138,147.3,585,"44-50in",4
"KALED50T96QB","China,Vietnam","LCD (LED)",99.42,395,3.5,"Digital","","","KOGAN",50,0.675,138,147.3,585,"44-50in",4
"KALED50T96QC","China,Vietnam","LCD (LED)",99.42,395,3.5,"Digital","","","KOGAN",50,0.675,138,147.3,585,"44-50in",4
"KAQL50T96QA","China,Vietnam","LCD (LED)",99.42,395,3.5,"Digital","","","KOGAN",50,0.675,138,147.3,585,"44-50in",4
"KAQL50T96QB","China,Vietnam","LCD (LED)",99.42,395,3.5,"Digital","","","KOGAN",50,0.675,138,147.3,585,"44-50in",4
"KAQL50T96QC","China,Vietnam","LCD (LED)",99.42,395,3.5,"Digital","","","KOGAN",50,0.675,138,147.3,585,"44-50in",4
"KALED65T96QA","China,Vietnam","LCD (LED)",147.44,580,4,"Digital","","","KOGAN",65,1.148,203,128.4,505,"56-65in",4
"KALED65T96QB","China,Vietnam","LCD (LED)",147.44,580,4,"Digital","","","KOGAN",65,1.148,203,128.4,505,"56-65in",4
"KALED65T96QC","China,Vietnam","LCD (LED)",147.44,580,4,"Digital","","","KOGAN",65,1.148,203,128.4,505,"56-65in",4
"KAQL65T96QA","China,Vietnam","LCD (LED)",147.44,580,4,"Digital","","","KOGAN",65,1.148,203,128.4,505,"56-65in",4
"KAQL65T96QB","China,Vietnam","LCD (LED)",147.44,580,4,"Digital","","","KOGAN",65,1.148,203,128.4,505,"56-65in",4
"KAQL65T96QC","China,Vietnam","LCD (LED)",147.44,580,4,"Digital","","","KOGAN",65,1.148,203,128.4,505,"56-65in",4
"KALED75T96QA","China,Vietnam","LCD (LED)",180,680,4.5,"Digital","","","KOGAN",75,1.532,238,117.5,444,"66-75in",4
"KALED75T96QB","China,Vietnam","LCD (LED)",180,680,4.5,"Digital","","","KOGAN",75,1.532,238,117.5,444,"66-75in",4
"KALED75T96QC","China,Vietnam","LCD (LED)",180,680,4.5,"Digital","","","KOGAN",75,1.532,238,117.5,444,"66-75in",4
"KAQL75T96QA","China,Vietnam","LCD (LED)",180,680,4.5,"Digital","","","KOGAN",75,1.532,238,117.5,444,"66-75in",4
"KAQL75T96QB","China,Vietnam","LCD (LED)",180,680,4.5,"Digital","","","KOGAN",75,1.532,238,117.5,444,"66-75in",4
"KAQL75T96QC","China,Vietnam","LCD (LED)",180,680,4.5,"Digital","","","KOGAN",75,1.532,238,117.5,444,"66-75in",4
"KALED42T96QA","China,Vietnam","LCD (LED)",54.39,205,5,"Digital","","","KOGAN",41,0.466,72,116.7,440,"33-43in",5
"KALED42T96QB","China,Vietnam","LCD (LED)",54.39,205,5,"Digital","","","KOGAN",41,0.466,72,116.7,440,"33-43in",5
"KALED42T96QC","China,Vietnam","LCD (LED)",54.39,205,5,"Digital","","","KOGAN",41,0.466,72,116.7,440,"33-43in",5
"KALED42T96QD","China,Vietnam","LCD (LED)",54.39,205,5,"Digital","","","KOGAN",41,0.466,72,116.7,440,"33-43in",5
"K65USTW","China","LCD",126.1,463,5,"Analogue/Digital","0.42","0.0","EKO",65,1.148,162,109.8,403,"56-65in",5
"KAOD65X98JSTA","China","OLED",112.7,459,5,"Analogue/Digital","0.35","0.35","KOGAN",65,1.148,161,98.2,400,"56-65in",5
"KAOD65X98JSTB","China","OLED",112.7,459,5,"Analogue/Digital","0.35","0.35","KOGAN",65,1.148,161,98.2,400,"56-65in",5
"KAOD65X98JSTC","China","OLED",112.7,459,5,"Analogue/Digital","0.35","0.35","KOGAN",65,1.148,161,98.2,400,"56-65in",5
"KAOD65X98JSTD","China","OLED",112.7,459,5,"Analogue/Digital","0.35","0.35","KOGAN",65,1.148,161,98.2,400,"56-65in",5
"KAOD65X98JSTE","China","OLED",112.7,459,5,"Analogue/Digital","0.35","0.35","KOGAN",65,1.148,161,98.2,400,"56-65in",5
"KAOD65X98JST*","China","OLED",112.7,459,5,"Analogue/Digital","0.35","0.35","KOGAN",65,1.148,161,98.2,400,"56-65in",5
"K55USTW","China","LCD",115.9,426,4,"Analogue/Digital","0.44","0.0","EKO",55,0.823,149,140.8,518,"51-55in",4
"KALED32T96Q*","China,Vietnam","LCD (LED)",35.2,145,4.5,"Digital","","","KOGAN",32,0.274,51,128.5,529,"32in & under",4
"KALED42T96Q*","China,Vietnam","LCD (LED)",54.39,205,5,"Digital","","","KOGAN",41,0.466,72,116.7,440,"33-43in",5
"LT-55N7115A11E","China","LCD (LED)",60.9,247,6,"unknown","0.4","0.0","JVC",55,0.822,86,74.1,300,"51-55in",6
"U98F8TG PRO","China","LCD (LED)",299.4,1233,4,"Analogue/Digital","0.4","0.0","CHIQ",98,2.621,432,114.2,470,"86in+",4
"BILD S.77","Germany","OLED",220,833,3.5,"Analogue/Digital","0.42","77.0","LOEWE",77,1.62,292,135.8,514,"76-85in",4
"75UT80506LA","Indonesia,South Korea","LCD (LED)",165,605,5,"Analogue/Digital","0.4","0.0","LG",75,1.531,212,107.8,395,"66-75in",5
"LS24HDNF-12V","China","LCD",15.1,66,6,"unknown","0.2","0.0","LINSAR",24,0.153,23,98.7,431,"32in & under",6
"ATV75UHDW-0924","China","LCD",133.54,490,6,"Analogue/Digital","","","BAUHN",75,1.532,172,87.2,320,"66-75in",6
"KAQL55XQ98GSTA","China","LCD (LED)",92.8,378,4.5,"Analogue/Digital","0.3","0.0","KOGAN",55,0.823,132,112.8,459,"51-55in",4
"KAQL55XQ98GSTB","China","LCD (LED)",92.8,378,4.5,"Analogue/Digital","0.3","0.0","KOGAN",55,0.823,132,112.8,459,"51-55in",4
"KAQL55XQ98GSTC","China","LCD (LED)",92.8,378,4.5,"Analogue/Digital","0.3","0.0","KOGAN",55,0.823,132,112.8,459,"51-55in",4
"KAQL55XQ98GSTD","China","LCD (LED)",92.8,378,4.5,"Analogue/Digital","0.3","0.0","KOGAN",55,0.823,132,112.8,459,"51-55in",4
"KAQL55XQ98GSTE","China","LCD (LED)",92.8,378,4.5,"Analogue/Digital","0.3","0.0","KOGAN",55,0.823,132,112.8,459,"51-55in",4
"KAQL55XQ98GST*","China","LCD (LED)",92.8,378,4.5,"Analogue/Digital","0.3","0.0","KOGAN",55,0.823,132,112.8,459,"51-55in",4
"75T96 series","China,Vietnam","LCD (LED)",180,680,4.5,"Digital","","","KOGAN",75,1.532,238,117.5,444,"66-75in",4
"AWS400W","China","LCD (LED)",48.76,198,4.5,"Analogue/Digital","0.35","0.46","AIWA",40,0.426,69,114.5,465,"33-43in",4
"32A4NAU","China","LCD (LED)",22.8,93,6,"Analogue/Digital","0.31","0.0","HISENSE",32,0.274,33,83.2,339,"32in & under",6
"40A4NAU","China","LCD (LED)",29.07,121,7,"Analogue/Digital","0.28","0.0","HISENSE",40,0.426,42,68.2,284,"33-43in",7
"32A4NNZ","China","LCD (LED)",22.8,93,6,"Analogue/Digital","0.31","0.0","HISENSE",32,0.274,33,83.2,339,"32in & under",6
"32A4N","China","LCD (LED)",22.8,93,6,"Analogue/Digital","0.31","0.0","HISENSE",32,0.274,33,83.2,339,"32in & under",6
"40A4NNZ","China","LCD (LED)",29.07,121,7,"Analogue/Digital","0.28","0.0","HISENSE",40,0.426,42,68.2,284,"33-43in",7
"40A4N","China","LCD (LED)",29.07,121,7,"Analogue/Digital","0.28","0.0","HISENSE",40,0.426,42,68.2,284,"33-43in",7
"100Q7NAU","China","LCD (LED)",252.1,999,5,"Analogue/Digital","0.33","0.0","HISENSE",100,2.73,350,92.3,366,"86in+",5
"75U8NAU","China","LCD (LED)",177.17,720,4,"Analogue/Digital","0.31","0.0","HISENSE",75,1.532,252,115.6,470,"66-75in",4
"85U8NAU","China","LCD (LED)",262.49,1079,3.5,"Analogue/Digital","0.31","0.0","HISENSE",85,1.971,378,133.2,547,"76-85in",4
"65UXAU","China","LCD (LED)",137.97,569,4,"Analogue/Digital","0.38","0.0","HISENSE",65,1.148,199,120.2,496,"56-65in",4
"BM32WOSDVD","China","LCD (LED)",33.5,125,5,"Analogue/Digital","0.36","0.0","BROOKLYN",32,0.274,44,122.3,456,"32in & under",5
"UA43DUE800W","Vietnam","LCD (LED)",71,262,4,"Digital","0.5","0.0","SAMSUNG",43,0.498,92,142.6,526,"33-43in",4
"UA43DUE800S","Vietnam","LCD (LED)",71,262,4,"Digital","0.5","0.0","SAMSUNG",43,0.498,92,142.6,526,"33-43in",4
"UA43DUE800*","Vietnam","LCD (LED)",71,262,4,"Digital","0.5","0.0","SAMSUNG",43,0.498,92,142.6,526,"33-43in",4
"UA50DUE800W","Vietnam","LCD (LED)",83,306,4.5,"Digital","0.5","0.0","SAMSUNG",49,0.675,107,123,453,"44-50in",4
"UA50DUE800S","Vietnam","LCD (LED)",83,306,4.5,"Digital","0.5","0.0","SAMSUNG",49,0.675,107,123,453,"44-50in",4
"UA50DUE800*","Vietnam","LCD (LED)",83,306,4.5,"Digital","0.5","0.0","SAMSUNG",49,0.675,107,123,453,"44-50in",4
"UA55DUE800W","Vietnam","LCD (LED)",97,357,4.5,"Digital","0.5","0.0","SAMSUNG",55,0.823,125,117.9,434,"51-55in",4
"UA55DUE800S","Vietnam","LCD (LED)",97,357,4.5,"Digital","0.5","0.0","SAMSUNG",55,0.823,125,117.9,434,"51-55in",4
"UA55DUE800*","Vietnam","LCD (LED)",97,357,4.5,"Digital","0.5","0.0","SAMSUNG",55,0.823,125,117.9,434,"51-55in",4
"UA65DUE800W","Vietnam","LCD (LED)",122,448,5,"Digital","0.5","0.0","SAMSUNG",65,1.148,157,106.3,390,"56-65in",5
"UA65DUE800S","Vietnam","LCD (LED)",122,448,5,"Digital","0.5","0.0","SAMSUNG",65,1.148,157,106.3,390,"56-65in",5
"UA65DUE800*","Vietnam","LCD (LED)",122,448,5,"Digital","0.5","0.0","SAMSUNG",65,1.148,157,106.3,390,"56-65in",5
"UA75DUE800W","Vietnam","LCD (LED)",163,598,5,"Digital","0.5","0.0","SAMSUNG",75,1.532,209,106.4,390,"66-75in",5
"UA85DUE800W","Vietnam","LCD (LED)",195,715,5,"Digital","0.5","0.0","SAMSUNG",85,1.971,250,98.9,363,"76-85in",5
"AWS700W","China","LCD (LED)",140.89,576,4.5,"Analogue/Digital","0.28","0.5","AIWA",70,1.332,202,105.8,432,"66-75in",4
"KAQL85T96QA","China,Vietnam","LCD (LED)",280.55,1090,3.5,"Digital","","","KOGAN",85,1.971,382,142.3,553,"76-85in",4
"KAQL85T96QB","China,Vietnam","LCD (LED)",280.55,1090,3.5,"Digital","","","KOGAN",85,1.971,382,142.3,553,"76-85in",4
"KAQL85T96QC","China,Vietnam","LCD (LED)",280.55,1090,3.5,"Digital","","","KOGAN",85,1.971,382,142.3,553,"76-85in",4
"KAQL85T96QD","China,Vietnam","LCD (LED)",280.55,1090,3.5,"Digital","","","KOGAN",85,1.971,382,142.3,553,"76-85in",4
"**********85**********","China,Vietnam","LCD (LED)",280.55,1090,3.5,"Digital","","","KOGAN",85,1.971,382,142.3,553,"76-85in",4
"43UT801C0LA","Indonesia,South Korea","LCD (LED)",73,269,4,"Analogue/Digital","0.4","0.0","LG",43,0.498,94,146.6,540,"33-43in",4
"43UT801C0SB","Indonesia,South Korea","LCD (LED)",70,258,4,"Analogue/Digital","0.4","0.0","LG",43,0.498,90,140.6,518,"33-43in",4
"50UT801C0LA","Indonesia,South Korea","LCD (LED)",83,305,4.5,"Analogue/Digital","0.4","0.0","LG",49,0.675,107,123,452,"44-50in",4
"50UT801C0SB","Indonesia,South Korea","LCD (LED)",83,305,4.5,"Analogue/Digital","0.4","0.0","LG",49,0.675,107,123,452,"44-50in",4
"55UT801C0LA","Indonesia,South Korea","LCD (LED)",97,357,4.5,"Analogue/Digital","0.4","0.0","LG",55,0.823,125,117.9,434,"51-55in",4
"55UT801C0SB","Indonesia,South Korea","LCD (LED)",97,357,4.5,"Analogue/Digital","0.4","0.0","LG",55,0.823,125,117.9,434,"51-55in",4
"65UT801C0LA","Indonesia,South Korea","LCD (LED)",120,441,5,"Analogue/Digital","0.4","0.0","LG",65,1.148,154,104.5,384,"56-65in",5
"65UT801C0SB","Indonesia,South Korea","LCD (LED)",120,441,5,"Analogue/Digital","0.4","0.0","LG",65,1.148,154,104.5,384,"56-65in",5
"75UT801C0SB","Indonesia,South Korea","LCD (LED)",165,605,5,"Analogue/Digital","0.4","0.0","LG",75,1.531,212,107.8,395,"66-75in",5
"75UT811C0LA","Indonesia,South Korea","LCD (LED)",165,605,5,"Analogue/Digital","0.4","0.0","LG",75,1.531,212,107.8,395,"66-75in",5
"86UT801C0SB","Indonesia,South Korea","LCD (LED)",212,776,5,"Analogue/Digital","0.4","0.0","LG",86,2.02,272,105,384,"86in+",5
"86UT811C0LA","Indonesia,South Korea","LCD (LED)",212,776,5,"Analogue/Digital","0.4","0.0","LG",86,2.02,272,105,384,"86in+",5
"K75USWW","China","LCD",162.1,600,5,"Analogue/Digital","","","EKO",75,1.532,210,105.8,392,"66-75in",5
"AWS500G","China","OLED",64.6,276,5,"Analogue/Digital","0.35","0.0","AIWA",50,0.675,97,95.7,409,"44-50in",5
"K550UAT","China","LCD",110.12,404,4,"Analogue/Digital","0.4","0.0","EKO",55,0.823,141,133.8,491,"51-55in",4
"K550UATW","China","LCD",110.12,404,4,"Analogue/Digital","0.4","0.0","EKO",55,0.823,141,133.8,491,"51-55in",4
"KALED100T96QA","China,Vietnam","LCD (LED)",379.07,1497,3.5,"Digital","","","KOGAN",100,2.73,524,138.9,548,"86in+",4
"KALED100T96QB","China,Vietnam","LCD (LED)",379.07,1497,3.5,"Digital","","","KOGAN",100,2.73,524,138.9,548,"86in+",4
"KALED100T96QC","China,Vietnam","LCD (LED)",379.07,1497,3.5,"Digital","","","KOGAN",100,2.73,524,138.9,548,"86in+",4
"KAQL100T96QA","China,Vietnam","LCD (LED)",379.07,1497,3.5,"Digital","","","KOGAN",100,2.73,524,138.9,548,"86in+",4
"KAQL100T96QB","China,Vietnam","LCD (LED)",379.07,1497,3.5,"Digital","","","KOGAN",100,2.73,524,138.9,548,"86in+",4
"KAQL100T96QC","China,Vietnam","LCD (LED)",379.07,1497,3.5,"Digital","","","KOGAN",100,2.73,524,138.9,548,"86in+",4
"**********100**********","China,Vietnam","LCD (LED)",379.07,1497,3.5,"Digital","","","KOGAN",100,2.73,524,138.9,548,"86in+",4
"KAQL70T96QA","China,Vietnam","LCD (LED)",138.82,538,5,"Digital","","","KOGAN",70,1.338,188,103.8,402,"66-75in",5
"KAQL70T96QB","China,Vietnam","LCD (LED)",138.82,538,5,"Digital","","","KOGAN",70,1.338,188,103.8,402,"66-75in",5
"KAQL70T96QC","China,Vietnam","LCD (LED)",138.82,538,5,"Digital","","","KOGAN",70,1.338,188,103.8,402,"66-75in",5
"KAQL70T96QD","China,Vietnam","LCD (LED)",138.82,538,5,"Digital","","","KOGAN",70,1.338,188,103.8,402,"66-75in",5
"**********70**********","China,Vietnam","LCD (LED)",138.82,538,5,"Digital","","","KOGAN",70,1.338,188,103.8,402,"66-75in",5
"85C655","China","LCD (LED)",191,840,4.5,"Analogue/Digital","0.378","0.0","TCL",85,1.971,294,96.9,426,"76-85in",4
"70A6NNZ","China","LCD (LED)",103.99,430,6,"Analogue/Digital","0.35","0.0","HISENSE",70,1.338,150,77.7,321,"66-75in",6
"70A6NAU","China","LCD (LED)",103.99,430,6,"Analogue/Digital","0.35","0.0","HISENSE",70,1.338,150,77.7,321,"66-75in",6
"70A6N Series","China","LCD (LED)",103.99,430,6,"Analogue/Digital","0.35","0.0","HISENSE",70,1.338,150,77.7,321,"66-75in",6
"32V35NP","China","LCD (LED)",24.17,97,6,"Analogue/Digital","0.27","0.0","TOSHIBA",32,0.274,34,88.2,354,"32in & under",6
"43V35NP","China","LCD (LED)",33.62,137,7,"Analogue/Digital","0.27","0.0","TOSHIBA",43,0.498,48,67.5,275,"33-43in",7
"65U8NAU","China","LCD (LED)",151.8,639,3.5,"Analogue/Digital","0.35","0.0","HISENSE",65,1.148,224,132.2,557,"56-65in",4
"65U8NNZ","China","LCD (LED)",151.8,639,3.5,"Analogue/Digital","0.35","0.0","HISENSE",65,1.148,224,132.2,557,"56-65in",4
"65U8N Series","China","LCD (LED)",151.8,639,3.5,"Analogue/Digital","0.35","0.0","HISENSE",65,1.148,224,132.2,557,"56-65in",4
"AV-J193152A","China","LCD",19.4,73,4,"Analogue/Digital","0.3","0.0","JVC",19,0.094,26,206.4,777,"32in & under",4
"AV-J193155A","China","LCD",19.4,73,4,"Analogue/Digital","0.3","0.0","JVC",19,0.094,26,206.4,777,"32in & under",4
"19"" smart","China","LCD",19.4,73,4,"Analogue/Digital","0.3","0.0","JVC",19,0.094,26,206.4,777,"32in & under",4
"43UM662H4LC","Indonesia,South Korea","LCD (LED)",36,134,7,"Analogue/Digital","0.4","0.0","LG",43,0.498,47,72.3,269,"33-43in",7
"50UM662H4LC","Indonesia,South Korea","LCD (LED)",40,149,7,"Analogue/Digital","0.4","0.0","LG",49,0.675,52,59.3,221,"44-50in",7
"55UM662H4LC","Indonesia,South Korea","LCD (LED)",49,181,7,"Analogue/Digital","0.4","0.0","LG",55,0.823,63,59.5,220,"51-55in",7
"65UM662H4LC","Indonesia,South Korea","LCD (LED)",56,207,8,"Analogue/Digital","0.4","0.0","LG",65,1.148,72,48.8,180,"56-65in",8
"85A300W","China","LCD (LED)",143.6,600,6,"Analogue/Digital","0.233","0.0","TCL",85,1.971,210,72.9,304,"76-85in",6
"75A300W","China","LCD (LED)",115.4,500,5.5,"Analogue/Digital","0.301","0.0","TCL",75,1.531,175,75.4,327,"66-75in",6
"65A300W","China","LCD (LED)",103.5,425,5,"Analogue/Digital","0.254","0.0","TCL",64,1.147,149,90.2,371,"56-65in",5
"55A300W","China","LCD (LED)",90.7,372,4.5,"Analogue/Digital","0.249","0.0","TCL",55,0.822,130,110.3,453,"51-55in",4
"98UT9050PSA","China","LCD (LED)",354.9,1434,3.5,"Analogue/Digital","0.39","0.4","LG",98,2.622,502,135.4,547,"86in+",4
"98UT91006LA","China","LCD (LED)",354.9,1434,3.5,"Analogue/Digital","0.39","0.4","LG",98,2.622,502,135.4,547,"86in+",4
"98UT90006LA","China","LCD (LED)",354.9,1434,3.5,"Analogue/Digital","0.39","0.4","LG",98,2.622,502,135.4,547,"86in+",4
"98UT9000PUA","China","LCD (LED)",354.9,1434,3.5,"Analogue/Digital","0.39","0.4","LG",98,2.622,502,135.4,547,"86in+",4
"98UT9300KNA","China","LCD (LED)",354.9,1434,3.5,"Analogue/Digital","0.39","0.4","LG",98,2.622,502,135.4,547,"86in+",4
"98UT9######","China","LCD (LED)",354.9,1434,3.5,"Analogue/Digital","0.39","0.4","LG",98,2.622,502,135.4,547,"86in+",4
"AWC240WZ","China","LCD (LED)",26.3,105,4,"Digital","","","AIWA",24,0.153,37,171.9,686,"32in & under",4
"AWC320WZ","China","LCD (LED)",38.6,145,4.5,"Digital","","","AIWA",31,0.273,51,141.4,531,"32in & under",4
"KAQL75XQ98GSVA","China","LCD (LED)",159.6,643,4.5,"Digital","","","KOGAN",75,1.531,225,104.2,420,"66-75in",4
"KAQL75XQ98GSVB","China","LCD (LED)",159.6,643,4.5,"Digital","","","KOGAN",75,1.531,225,104.2,420,"66-75in",4
"KAQL75XQ98GSVC","China","LCD (LED)",159.6,643,4.5,"Digital","","","KOGAN",75,1.531,225,104.2,420,"66-75in",4
"QT70WX8A","China","LCD (LED)",128.9,550,4.5,"Analogue/Digital","0.39","0.44","QBELL",70,1.338,192,96.3,411,"66-75in",4
"S924TVSB","China","LCD (LED)",19.64,74,5.5,"Digital","0.39","0.39","SPHERE",24,0.156,26,125.9,474,"32in & under",6
"S924TVDVDSB","China","LCD (LED)",19.64,74,5.5,"Digital","0.39","0.39","SPHERE",24,0.156,26,125.9,474,"32in & under",6
"S927TVSB","China","LCD (LED)",24.6,92,5.5,"Digital","0.3","0.3","SPHERE",27,0.201,32,122.4,458,"32in & under",6
"S927TVDVDSB","China","LCD (LED)",24.6,92,5.5,"Digital","0.3","0.3","SPHERE",27,0.201,32,122.4,458,"32in & under",6
"S924","China","LCD (LED)",19.64,74,5.5,"Digital","0.39","0.39","SPHERE",24,0.156,26,125.9,474,"32in & under",6
"S927","China","LCD (LED)",24.6,92,5.5,"Digital","0.3","0.3","SPHERE",27,0.201,32,122.4,458,"32in & under",6
"KAQL75XQ98GSVA series","China","LCD (LED)",159.6,643,4.5,"Digital","","","KOGAN",75,1.531,225,104.2,420,"66-75in",4
"KAQL85XQ98GSVA","China","LCD (LED)",226.38,868,4.5,"Digital","","","KOGAN",85,1.971,304,114.9,440,"76-85in",4
"KAQL85XQ98GSVB","China","LCD (LED)",226.38,868,4.5,"Digital","","","KOGAN",85,1.971,304,114.9,440,"76-85in",4
"KAQL85XQ98GSVC","China","LCD (LED)",226.38,868,4.5,"Digital","","","KOGAN",85,1.971,304,114.9,440,"76-85in",4
"KAQL85XQ98GS series","China","LCD (LED)",226.38,868,4.5,"Digital","","","KOGAN",85,1.971,304,114.9,440,"76-85in",4
"KALED32F98VA","China","LCD (LED)",37.86,152,4,"Digital","","","KOGAN",31,0.273,53,138.7,557,"32in & under",4
"KALED32F98VB","China","LCD (LED)",37.86,152,4,"Digital","","","KOGAN",31,0.273,53,138.7,557,"32in & under",4
"KALED32F98VC","China","LCD (LED)",37.86,152,4,"Digital","","","KOGAN",31,0.273,53,138.7,557,"32in & under",4
"KALED32F98 series","China","LCD (LED)",37.86,152,4,"Digital","","","KOGAN",31,0.273,53,138.7,557,"32in & under",4
"LED32IHRK","China","LCD (LED)",35.6,140,4.5,"Analogue/Digital","0.32","0.0","TECO",31,0.273,49,130.4,513,"32in & under",4
"H50UHDQLDZEN","China","LCD (LED)",61.524,227,6,"Analogue/Digital","","","HYUNDAI",50,0.675,79,91.1,336,"44-50in",6
"H55UHDQLDZEN","China","LCD (LED)",72.83,268,6,"Analogue/Digital","","","HYUNDAI",55,0.823,94,88.5,326,"51-55in",6
"H65UHDQLDZEN","China","LCD (LED)",101.54,373,6,"Analogue/Digital","","","HYUNDAI",65,1.172,131,86.6,318,"56-65in",6
"H75UHDQLDZEN","China","LCD (LED)",130.146,477,6,"Analogue/Digital","","","HYUNDAI",75,1.532,167,85,311,"66-75in",6
"AT32HDW2-BCF","China","LCD (LED)",27.036,102,6,"Analogue/Digital","","","ALTIUS",32,0.274,36,98.7,372,"32in & under",6
"AWS420W","China","LCD (LED)",51.78,210,4.5,"Analogue/Digital","0.39","0.5","AIWA",42,0.468,74,110.6,449,"33-43in",4
"KAQL86T96QA","China,Vietnam","LCD (LED)",298.5,1117,3.5,"Digital","","","KOGAN",86,2.02,391,147.8,553,"86in+",4
"KAQL86T96QB","China,Vietnam","LCD (LED)",298.5,1117,3.5,"Digital","","","KOGAN",86,2.02,391,147.8,553,"86in+",4
"KAQL86T96QC","China,Vietnam","LCD (LED)",298.5,1117,3.5,"Digital","","","KOGAN",86,2.02,391,147.8,553,"86in+",4
"KAQL86T96QD","China,Vietnam","LCD (LED)",298.5,1117,3.5,"Digital","","","KOGAN",86,2.02,391,147.8,553,"86in+",4
"**********86**********","China,Vietnam","LCD (LED)",298.5,1117,3.5,"Digital","","","KOGAN",86,2.02,391,147.8,553,"86in+",4
"ATV43FHDW-1124","China","LCD",44.2,172,6,"Analogue/Digital","0.4","0.0","BAUHN",43,0.498,60,88.8,345,"33-43in",6
"K650UAT","China","LCD",147.21,540,4,"Analogue/Digital","0.34","0.0","EKO",65,1.148,189,128.2,470,"56-65in",4
"K650UATW","China","LCD",147.21,540,4,"Analogue/Digital","0.34","0.0","EKO",65,1.148,189,128.2,470,"56-65in",4
"ATV43FHDW-0125","China","LCD",44.2,172,6,"Analogue/Digital","0.4","0.0","BAUHN",43,0.498,60,88.8,345,"33-43in",6
"ATV43FHDW-****","China","LCD",44.2,172,6,"Analogue/Digital","0.4","0.0","BAUHN",43,0.498,60,88.8,345,"33-43in",6
"ATV55UHDW-1024","China","LCD (LED)",69.65,256,6,"Analogue/Digital","0.31","0.0","BAUHN",55,0.823,90,84.6,311,"51-55in",6
"ATV55UHDW-0125","China","LCD (LED)",69.65,256,6,"Analogue/Digital","0.31","0.0","BAUHN",55,0.823,90,84.6,311,"51-55in",6
"ATV55UHDW-****","China","LCD (LED)",69.65,256,6,"Analogue/Digital","0.31","0.0","BAUHN",55,0.823,90,84.6,311,"51-55in",6
"H55UHDMLDGTV","China","LCD (LED)",92.2,379,4.5,"Analogue/Digital","0.4","0.0","HYUNDAI",55,0.823,133,112,461,"51-55in",4
"KALED24D96SQA","China,Vietnam","LCD (LED)",23.98,95,4.5,"Digital","","","KOGAN",24,0.153,33,156.7,621,"32in & under",4
"KALED24D96SQB","China,Vietnam","LCD (LED)",23.98,95,4.5,"Digital","","","KOGAN",24,0.153,33,156.7,621,"32in & under",4
"KALED24D96SQC","China,Vietnam","LCD (LED)",23.98,95,4.5,"Digital","","","KOGAN",24,0.153,33,156.7,621,"32in & under",4
"KALED24D96SQD","China,Vietnam","LCD (LED)",23.98,95,4.5,"Digital","","","KOGAN",24,0.153,33,156.7,621,"32in & under",4
"**********24**********","China,Vietnam","LCD (LED)",23.98,95,4.5,"Digital","","","KOGAN",24,0.153,33,156.7,621,"32in & under",4
"KALED32D96SQA","China,Vietnam","LCD (LED)",31.84,131,5,"Digital","","","KOGAN",32,0.274,46,116.2,478,"32in & under",5
"KALED32D96SQB","China,Vietnam","LCD (LED)",31.84,131,5,"Digital","","","KOGAN",32,0.274,46,116.2,478,"32in & under",5
"KALED32D96SQC","China,Vietnam","LCD (LED)",31.84,131,5,"Digital","","","KOGAN",32,0.274,46,116.2,478,"32in & under",5
"KALED32D96SQD","China,Vietnam","LCD (LED)",31.84,131,5,"Digital","","","KOGAN",32,0.274,46,116.2,478,"32in & under",5
"**********32**********","China,Vietnam","LCD (LED)",31.84,131,5,"Digital","","","KOGAN",32,0.274,46,116.2,478,"32in & under",5
"LT-42NQ5155A","China","LCD",38.2,150,6,"unknown","0.34","0.0","JVC",42,0.466,52,82,322,"33-43in",6
"85BFL2214/97","China","LCD (LED)",114.6,463,7,"Analogue/Digital","0.46","0.76","PHILIPS",85,1.971,162,58.1,235,"76-85in",7
"32HFL4518/97","China","LCD (LED)",24.9,106,5.5,"Analogue/Digital","0.28","0.32","PHILIPS",32,0.274,37,90.9,387,"32in & under",6
"65PUT7129/98","China","LCD (LED)",122,488,4.5,"Analogue/Digital","","","PHILIPS",65,1.148,171,106.3,425,"56-65in",4
"24HFL4518/97","China","LCD (LED)",16.9,69,5.5,"Analogue/Digital","0.29","0.32","PHILIPS",24,0.153,24,110.5,451,"32in & under",6
"55PUT7129/98","China","LCD (LED)",105,411,4,"Analogue/Digital","","","PHILIPS",55,0.823,144,127.6,499,"51-55in",4
"KALED65U95TA","China","LCD (LED)",94.14,371,6,"Analogue/Digital","0.3","0.0","KOGAN",65,1.148,130,82,323,"56-65in",6
"KALED65U95TB","China","LCD (LED)",94.14,371,6,"Analogue/Digital","0.3","0.0","KOGAN",65,1.148,130,82,323,"56-65in",6
"KALED65U95TC","China","LCD (LED)",94.14,371,6,"Analogue/Digital","0.3","0.0","KOGAN",65,1.148,130,82,323,"56-65in",6
"KALED65U95TD","China","LCD (LED)",94.14,371,6,"Analogue/Digital","0.3","0.0","KOGAN",65,1.148,130,82,323,"56-65in",6
"KALED65U95TE","China","LCD (LED)",94.14,371,6,"Analogue/Digital","0.3","0.0","KOGAN",65,1.148,130,82,323,"56-65in",6
"KALED65U95T*","China","LCD (LED)",94.14,371,6,"Analogue/Digital","0.3","0.0","KOGAN",65,1.148,130,82,323,"56-65in",6
"50PUT7129/98","China","LCD (LED)",96,386,3.5,"Analogue/Digital","","","PHILIPS",50,0.675,135,142.2,572,"44-50in",4
"KALED75U95TA","China","LCD (LED)",154.03,608,5,"Analogue/Digital","0.3","0.0","KOGAN",75,1.532,213,100.5,397,"66-75in",5
"KALED75U95TB","China","LCD (LED)",154.03,608,5,"Analogue/Digital","0.3","0.0","KOGAN",75,1.532,213,100.5,397,"66-75in",5
"KALED75U95TC","China","LCD (LED)",154.03,608,5,"Analogue/Digital","0.3","0.0","KOGAN",75,1.532,213,100.5,397,"66-75in",5
"KALED75U95TD","China","LCD (LED)",154.03,608,5,"Analogue/Digital","0.3","0.0","KOGAN",75,1.532,213,100.5,397,"66-75in",5
"KALED75U95TE","China","LCD (LED)",154.03,608,5,"Analogue/Digital","0.3","0.0","KOGAN",75,1.532,213,100.5,397,"66-75in",5
"KALED75U95TF","China","LCD (LED)",154.03,608,5,"Analogue/Digital","0.3","0.0","KOGAN",75,1.532,213,100.5,397,"66-75in",5
"KALED75U95TG","China","LCD (LED)",154.03,608,5,"Analogue/Digital","0.3","0.0","KOGAN",75,1.532,213,100.5,397,"66-75in",5
"KALED75U95T*","China","LCD (LED)",154.03,608,5,"Analogue/Digital","0.3","0.0","KOGAN",75,1.532,213,100.5,397,"66-75in",5
"55PML8969/98","China","LCD (LED)",120,470,3.5,"Analogue/Digital","","","PHILIPS",55,0.823,164,145.8,571,"51-55in",4
"65PML8969/98","China","LCD (LED)",168,645,3.5,"Analogue/Digital","","","PHILIPS",65,1.148,226,146.3,562,"56-65in",4
"BE98D-H","Vietnam","LCD (LED)",332,1215,4,"Digital","0.5","0.0","SAMSUNG",98,2.621,425,126.7,464,"86in+",4
"ATV70UHDW-1124","China","LCD",108.294,397,6,"Analogue/Digital","","","BAUHN",70,1.338,139,80.9,297,"66-75in",6
"PT6515SU","China","LCD (LED)",105.43,439,5,"Analogue/Digital","0.3","0.48","PALSONIC",65,1.148,154,91.8,382,"56-65in",5
"H65UHDMLDGTV","China","LCD (LED)",149.6,576,4,"Analogue/Digital","0.4","0.0","HYUNDAI",64,1.147,202,130.4,502,"56-65in",4
"LTD19FT","China","LCD (LED)",15.3,58,5,"Digital","","","AOA",19,0.094,20,162.8,617,"32in & under",5
"BP24PTVW","China","LCD (LED)",16.33,76,5.5,"Analogue/Digital","1.012","1.32","BLAUPUNKT",24,0.156,27,104.7,487,"32in & under",6
"BP24PTVP","China","LCD (LED)",16.33,76,5.5,"Analogue/Digital","1.012","1.32","BLAUPUNKT",24,0.156,27,104.7,487,"32in & under",6
"BP24PTVBL","China","LCD (LED)",16.33,76,5.5,"Analogue/Digital","1.012","1.32","BLAUPUNKT",24,0.156,27,104.7,487,"32in & under",6
"BP24PTVG","China","LCD (LED)",16.33,76,5.5,"Analogue/Digital","1.012","1.32","BLAUPUNKT",24,0.156,27,104.7,487,"32in & under",6
"BP24****（*=Blank, 0-9,A-Z,a-z for marketing purpose, no technical difference)","China","LCD (LED)",16.33,76,5.5,"Analogue/Digital","1.012","1.32","BLAUPUNKT",24,0.156,27,104.7,487,"32in & under",6
"K700UATW","China","LCD",153.11,561,4.5,"Analogue/Digital","","","EKO",70,1.339,196,114.3,419,"66-75in",4
"LS32HDNF-12V","China","LCD (LED)",27.036,102,6,"Analogue/Digital","","","LINSAR",32,0.274,36,98.7,372,"32in & under",6
"AK4324S7WOS","China","LCD",44.2,172,6,"Analogue/Digital","0.4","0.0","AKAI",43,0.498,60,88.8,345,"33-43in",6
"AK55324S7WOS","China","LCD (LED)",68.12,256,6,"Analogue/Digital","0.32","0.0","AKAI",55,0.823,90,82.8,311,"51-55in",6
"G65UV50A","China","LCD",92.076,340,6,"Analogue/Digital","0.38409","0.64009","SONIQ",65,1.148,119,80.2,296,"56-65in",6
"PL7024WOS","China","LCD",108.294,397,6,"Analogue/Digital","","","POLAROID",70,1.338,139,80.9,297,"66-75in",6
"AWS320DVD","China","LCD (LED)",33.5,125,5,"unknown","0.36","0.0","AIWA",32,0.274,44,122.3,456,"32in & under",5
"QTH32T","China","LCD (LED)",35.3,131,5,"Analogue/Digital","","","QBELL",32,0.274,46,128.8,478,"32in & under",5
"UA50TU8000","Vietnam","LCD (LED)",91,335,4,"Digital","0.5","0.0","SAMSUNG",49,0.675,117,134.8,496,"44-50in",4
"UA50TU8000S","Vietnam","LCD (LED)",91,335,4,"Digital","0.5","0.0","SAMSUNG",49,0.675,117,134.8,496,"44-50in",4
"UA50TU8000W","Vietnam","LCD (LED)",91,335,4,"Digital","0.5","0.0","SAMSUNG",49,0.675,117,134.8,496,"44-50in",4
"UA65TU8000","Vietnam","LCD (LED)",116,426,5,"Digital","0.5","0.0","SAMSUNG",65,1.148,149,101,371,"56-65in",5
"UA65TU8000S","Vietnam","LCD (LED)",116,426,5,"Digital","0.5","0.0","SAMSUNG",65,1.148,149,101,371,"56-65in",5
"UA65TU8000W","Vietnam","LCD (LED)",116,426,5,"Digital","0.5","0.0","SAMSUNG",65,1.148,149,101,371,"56-65in",5
"UA55TU8000W","Vietnam","LCD (LED)",102,375,4.5,"Digital","0.5","0.0","SAMSUNG",55,0.823,131,123.9,456,"51-55in",4
"UA55TU8000S","Vietnam","LCD (LED)",102,375,4.5,"Digital","0.5","0.0","SAMSUNG",55,0.823,131,123.9,456,"51-55in",4
"UA55TU8000","Vietnam","LCD (LED)",102,375,4.5,"Digital","0.5","0.0","SAMSUNG",55,0.823,131,123.9,456,"51-55in",4
"KAQL50R96KA","China","LCD (LED)",56.9,250,5.5,"Analogue/Digital","0.373","0.0","KOGAN",50,0.676,88,84.2,370,"44-50in",6
"KAOD77X98JSVA","China","OLED",131.1,540,5.5,"Digital","","","KOGAN",77,1.619,189,81,334,"76-85in",6
"KAOD77X98JSVB","China","OLED",131.1,540,5.5,"Digital","","","KOGAN",77,1.619,189,81,334,"76-85in",6
"KAOD77X98JSVC","China","OLED",131.1,540,5.5,"Digital","","","KOGAN",77,1.619,189,81,334,"76-85in",6
"KAOD77X98JSV series","China","OLED",131.1,540,5.5,"Digital","","","KOGAN",77,1.619,189,81,334,"76-85in",6
"KAQL100XQ98GSVA","China","OLED",446.3,1670,3,"Digital","","","KOGAN",100,2.73,584,163.5,612,"86in+",3
"KAQL100XQ98GSVB","China","OLED",446.3,1670,3,"Digital","","","KOGAN",100,2.73,584,163.5,612,"86in+",3
"KAQL100XQ98GSVC","China","OLED",446.3,1670,3,"Digital","","","KOGAN",100,2.73,584,163.5,612,"86in+",3
"KAQL100XQ98GSV series","China","OLED",446.3,1670,3,"Digital","","","KOGAN",100,2.73,584,163.5,612,"86in+",3
"KAQL55R96KA","China","LCD (LED)",69.4,280,5.5,"Analogue/Digital","","","KOGAN",55,0.823,98,84.3,340,"51-55in",6
"KAQL65R96KA","China","LCD (LED)",92.9,400,5.5,"Analogue/Digital","","","KOGAN",65,1.148,140,80.9,348,"56-65in",6
"86NANO80A6A","Indonesia,South Korea","LCD (LED)",212,776,5,"Analogue/Digital","0.4","0.0","LG",86,2.02,272,105,384,"86in+",5
"86NANO80ASA","Indonesia,South Korea","LCD (LED)",212,776,5,"Analogue/Digital","0.4","0.0","LG",86,2.02,272,105,384,"86in+",5
"OLED55C5PSA","Indonesia,South Korea","OLED",101,371,4.5,"Analogue/Digital","0.4","0.0","LG",55,0.823,130,122.7,451,"51-55in",4
"OLED55C56LA","Indonesia,South Korea","OLED",101,371,4.5,"Analogue/Digital","0.4","0.0","LG",55,0.823,130,122.7,451,"51-55in",4
"OLED55G5PSA","Indonesia,South Korea","OLED",96,353,4.5,"Analogue/Digital","0.4","0.0","LG",55,0.823,124,116.6,429,"51-55in",4
"OLED55G55LW","Indonesia,South Korea","OLED",96,353,4.5,"Analogue/Digital","0.4","0.0","LG",55,0.823,124,116.6,429,"51-55in",4
"OLED65C5PSA","Indonesia,South Korea","OLED",124,455,5,"Analogue/Digital","0.4","0.0","LG",65,1.148,159,108,396,"56-65in",5
"OLED65C56LA","Indonesia,South Korea","OLED",124,455,5,"Analogue/Digital","0.4","0.0","LG",65,1.148,159,108,396,"56-65in",5
"OLED77C5PSA","Indonesia,South Korea","OLED",163,597,5,"Analogue/Digital","0.4","0.0","LG",77,1.62,209,100.6,369,"76-85in",5
"OLED77C56LA","Indonesia,South Korea","OLED",163,597,5,"Analogue/Digital","0.4","0.0","LG",77,1.62,209,100.6,369,"76-85in",5
"OLED83G5PSA","Indonesia,South Korea","OLED",189,692,5,"Analogue/Digital","0.4","0.0","LG",83,1.877,242,100.7,369,"76-85in",5
"OLED83G56LA","Indonesia,South Korea","OLED",189,692,5,"Analogue/Digital","0.4","0.0","LG",83,1.877,242,100.7,369,"76-85in",5
"ATV24HDW-0225","China","LCD",17.766,68,6,"Analogue/Digital","","","BAUHN",24,0.153,24,116.1,444,"32in & under",6
"U75M9","China","LCD",154.23,608,5,"Analogue/Digital","0.3","0.0","CHIQ",75,1.532,213,100.7,397,"66-75in",5
"DG24HDDVD12V","China","LCD (LED)",20.96,78,5,"Analogue/Digital","","","DGTEC",24,0.153,27,137,510,"32in & under",5
"QTU55T","China","LCD",92.1,339,5,"Analogue/Digital","0.4","0.0","QBELL",55,0.823,119,111.9,412,"51-55in",5
"K-55XR80M2","Malaysia,Vietnam","OLED",91.6,341,5,"Analogue/Digital","0.5","13.3","SONY",55,0.823,119,111.3,414,"51-55in",5
"K-65XR80M2","Malaysia","OLED",102.9,381,5.5,"Analogue/Digital","0.5","13.1","SONY",65,1.148,133,89.6,332,"56-65in",6
"QTU50T","China","LCD (LED)",76.8,284,5,"Analogue/Digital","","","QBELL",50,0.675,99,113.8,421,"44-50in",5
"50QNED80A6A","Indonesia,South Korea","LCD (LED)",68,251,5.5,"Analogue/Digital","0.4","0.0","LG",49,0.675,88,100.7,372,"44-50in",6
"50QNED81ASA","Indonesia,South Korea","LCD (LED)",68,251,5.5,"Analogue/Digital","0.4","0.0","LG",49,0.675,88,100.7,372,"44-50in",6
"OLED48C5PSA","Indonesia,South Korea","OLED",76,280,4.5,"Analogue/Digital","0.4","0.0","LG",48,0.623,98,122,449,"44-50in",4
"OLED48C56LA","Indonesia,South Korea","OLED",76,280,4.5,"Analogue/Digital","0.4","0.0","LG",48,0.623,98,122,449,"44-50in",4
"OLED55B5PSA","Indonesia,South Korea","OLED",88,324,5,"Analogue/Digital","0.4","0.0","LG",55,0.823,113,106.9,394,"51-55in",5
"OLED55B56LA","Indonesia,South Korea","OLED",88,324,5,"Analogue/Digital","0.4","0.0","LG",55,0.823,113,106.9,394,"51-55in",5
"OLED65B5PSA","Indonesia,South Korea","OLED",106,389,5.5,"Analogue/Digital","0.4","0.0","LG",65,1.148,136,92.3,339,"56-65in",6
"OLED65B56LA","Indonesia,South Korea","OLED",106,389,5.5,"Analogue/Digital","0.4","0.0","LG",65,1.148,136,92.3,339,"56-65in",6
"QTF40T","China","LCD (LED)",51.3,189,5,"Analogue/Digital","","","QBELL",40,0.426,66,120.4,444,"33-43in",5
"40PFT6529/79","China","LCD (LED)",41.6,167,5.5,"Analogue/Digital","","","PHILIPS",40,0.426,58,97.7,392,"33-43in",6
"K42FST","China","LCD (LED)",55,204,5,"Analogue/Digital","","","EKO",42,0.466,71,118,438,"33-43in",5
"32PHT6529/79","China","LCD (LED)",35.8,145,4.5,"Analogue/Digital","","","PHILIPS",32,0.274,51,130.7,529,"32in & under",4
"OLED42C5PSA","Indonesia,South Korea","OLED",65,240,4,"Analogue/Digital","0.4","0.0","LG",42,0.476,84,136.6,504,"33-43in",4
"OLED42C54LA","Indonesia,South Korea","OLED",65,240,4,"Analogue/Digital","0.4","0.0","LG",42,0.476,84,136.6,504,"33-43in",4
"OLED77G5PSA","Indonesia,South Korea","OLED",153,561,5.5,"Analogue/Digital","0.4","0.0","LG",77,1.62,196,94.4,346,"76-85in",6
"OLED77G56LA","Indonesia,South Korea","OLED",153,561,5.5,"Analogue/Digital","0.4","0.0","LG",77,1.62,196,94.4,346,"76-85in",6
"55QNED86A6A","Indonesia,South Korea","LCD (LED)",82,302,5.5,"Analogue/Digital","0.4","0.0","LG",55,0.823,106,99.6,367,"51-55in",6
"55QNED86ASA","Indonesia,South Korea","LCD (LED)",82,302,5.5,"Analogue/Digital","0.4","0.0","LG",55,0.823,106,99.6,367,"51-55in",6
"65QNED86A6A","Indonesia,South Korea","LCD (LED)",105,386,5.5,"Analogue/Digital","0.4","0.0","LG",65,1.148,135,91.5,336,"56-65in",6
"65QNED86ASA","Indonesia,South Korea","LCD (LED)",105,386,5.5,"Analogue/Digital","0.4","0.0","LG",65,1.148,135,91.5,336,"56-65in",6
"LTW50UHD","China","LCD (LED)",73.4,270,5,"Digital","0.4","0.0","AOA",50,0.675,94,108.7,400,"44-50in",5
"77OLED720/79","China","OLED",188.5,798,4,"Analogue/Digital","","","PHILIPS",78,1.7,279,110.9,469,"76-85in",4
"65NANO80A6A","Indonesia,South Korea","LCD (LED)",118,433,5,"Analogue/Digital","0.4","0.0","LG",65,1.148,152,102.8,377,"56-65in",5
"65NANO80ASA","Indonesia,South Korea","LCD (LED)",118,433,5,"Analogue/Digital","0.4","0.0","LG",65,1.148,152,102.8,377,"56-65in",5
"65QNED80A6A","Indonesia,South Korea","LCD (LED)",98,360,6,"Analogue/Digital","0.4","0.0","LG",65,1.148,126,85.4,314,"56-65in",6
"65QNED81ASA","Indonesia,South Korea","LCD (LED)",98,360,6,"Analogue/Digital","0.4","0.0","LG",65,1.148,126,85.4,314,"56-65in",6
"75NANO80A6A","Indonesia,South Korea","LCD (LED)",165,605,5,"Analogue/Digital","0.4","0.0","LG",75,1.531,212,107.8,395,"66-75in",5
"75NANO80ASA","Indonesia,South Korea","LCD (LED)",165,605,5,"Analogue/Digital","0.4","0.0","LG",75,1.531,212,107.8,395,"66-75in",5
"75QNED80A6A","Indonesia,South Korea","LCD (LED)",106,389,7,"Analogue/Digital","0.4","0.0","LG",75,1.531,136,69.2,254,"66-75in",7
"75QNED81ASA","Indonesia,South Korea","LCD (LED)",106,389,7,"Analogue/Digital","0.4","0.0","LG",75,1.531,136,69.2,254,"66-75in",7
"75QNED86ASA","Indonesia,South Korea","LCD (LED)",106,389,7,"Analogue/Digital","0.4","0.0","LG",75,1.531,136,69.2,254,"66-75in",7
"86QNED80A6A","Indonesia,South Korea","LCD (LED)",132,484,7,"Analogue/Digital","0.4","0.0","LG",86,2.02,169,65.3,240,"86in+",7
"AWS580G","China","LCD",82.5,331,5.5,"unknown","0.33","0.33","AIWA",58,0.917,116,90,361,"56-65in",6
"LT-70NQ7155A","China","LCD",141.1,550,4.5,"unknown","0.29","0.0","JVC",70,1.339,192,105.4,411,"66-75in",4
"86QNED81ASA","Indonesia,South Korea","LCD (LED)",132,484,7,"Analogue/Digital","0.4","0.0","LG",86,2.02,169,65.3,240,"86in+",7
"OLED48B5PSA","Indonesia,South Korea","OLED",74,273,4.5,"Analogue/Digital","0.4","0.0","LG",48,0.623,96,118.8,438,"44-50in",4
"43NANO80A6B","Indonesia,South Korea","LCD (LED)",70,258,4,"Analogue/Digital","0.4","0.0","LG",43,0.498,90,140.6,518,"33-43in",4
"43NANO80ASA","Indonesia,South Korea","LCD (LED)",70,258,4,"Analogue/Digital","0.4","0.0","LG",43,0.498,90,140.6,518,"33-43in",4
"43QNED80A6A","Indonesia,South Korea","LCD (LED)",64,236,4.5,"Analogue/Digital","0.4","0.0","LG",43,0.498,83,128.5,474,"33-43in",4
"43QNED81ASA","Indonesia,South Korea","LCD (LED)",64,236,4.5,"Analogue/Digital","0.4","0.0","LG",43,0.498,83,128.5,474,"33-43in",4
"50NANO80A6A","Indonesia,South Korea","LCD (LED)",83,305,4.5,"Analogue/Digital","0.4","0.0","LG",49,0.675,107,123,452,"44-50in",4
"50NANO80ASA","Indonesia,South Korea","LCD (LED)",83,305,4.5,"Analogue/Digital","0.4","0.0","LG",49,0.675,107,123,452,"44-50in",4
"55NANO80A6A","Indonesia,South Korea","LCD (LED)",92,338,5,"Analogue/Digital","0.4","0.0","LG",55,0.823,118,111.8,411,"51-55in",5
"55NANO80ASA","Indonesia,South Korea","LCD (LED)",92,338,5,"Analogue/Digital","0.4","0.0","LG",55,0.823,118,111.8,411,"51-55in",5
"55QNED80A6A","Indonesia,South Korea","LCD (LED)",82,302,5.5,"Analogue/Digital","0.4","0.0","LG",55,0.823,106,99.6,367,"51-55in",6
"55QNED81ASA","Indonesia,South Korea","LCD (LED)",82,302,5.5,"Analogue/Digital","0.4","0.0","LG",55,0.823,106,99.6,367,"51-55in",6
"50PUT7039/79","China","LCD (LED)",91.5,375,3.5,"Analogue/Digital","","","PHILIPS",50,0.675,131,135.6,556,"44-50in",4
"55PUT7039/79","China","LCD (LED)",99.2,404,4,"Analogue/Digital","","","PHILIPS",55,0.823,141,120.5,491,"51-55in",4
"UA43F6000FS","Vietnam","LCD (LED)",49,182,5.5,"Digital","0.5","0.0","SAMSUNG",43,0.498,64,98.4,365,"33-43in",6
"M55","China","LCD (LED)",79.3,320,5,"Analogue/Digital","","","PRISM+",55,0.823,112,96.4,389,"51-55in",5
"M65","China","LCD (LED)",111.6,450,5,"Analogue/Digital","","","PRISM+",65,1.148,158,97.2,392,"56-65in",5
"M75","China","LCD (LED)",140.4,580,5,"Analogue/Digital","","","PRISM+",75,1.532,203,91.6,379,"66-75in",5
"K32HSWV12","China","LCD (LED)",35.3,131,5,"Analogue/Digital","","","EKO",32,0.274,46,128.8,478,"32in & under",5
"OLED65G5PSA","Indonesia,South Korea","OLED",115,422,5,"Analogue/Digital","0.4","0.0","LG",65,1.148,148,100.2,368,"56-65in",5
"OLED65G56LA","Indonesia,South Korea","OLED",115,422,5,"Analogue/Digital","0.4","0.0","LG",65,1.148,148,100.2,368,"56-65in",5
"OLED77B5PSA","Indonesia,South Korea","OLED",135,495,6,"Analogue/Digital","0.4","0.0","LG",77,1.62,173,83.3,306,"76-85in",6
"OLED77B56LA","Indonesia,South Korea","OLED",135,495,6,"Analogue/Digital","0.4","0.0","LG",77,1.62,173,83.3,306,"76-85in",6
"55QNED82ASA","Indonesia,South Korea","LCD (LED)",92,338,5,"Analogue/Digital","0.4","0.0","LG",55,0.823,118,111.8,411,"51-55in",5
"65QNED82ASA","Indonesia,South Korea","LCD (LED)",98,360,6,"Analogue/Digital","0.4","0.0","LG",65,1.148,126,85.4,314,"56-65in",6
"86QNED82ASA","Indonesia,South Korea","LCD (LED)",132,484,7,"Analogue/Digital","0.4","0.0","LG",86,2.02,169,65.3,240,"86in+",7
"50QNED86ASA","Indonesia,South Korea","LCD (LED)",68,251,5.5,"Analogue/Digital","0.4","0.0","LG",49,0.675,88,100.7,372,"44-50in",6
"86QNED86A6A","Indonesia,South Korea","LCD (LED)",138,506,7,"Analogue/Digital","0.4","0.0","LG",86,2.02,177,68.3,250,"86in+",7
"86QNED86ASA","Indonesia,South Korea","LCD (LED)",138,506,7,"Analogue/Digital","0.4","0.0","LG",86,2.02,177,68.3,250,"86in+",7
"QTU70T","China","LCD (LED)",147.1,690,3.5,"Analogue/Digital","0.45","0.46","QBELL",70,1.338,241,109.9,516,"66-75in",4
"75PUT7039/79","China","LCD (LED)",162,667,4.5,"Analogue/Digital","","","PHILIPS",75,1.531,233,105.8,436,"66-75in",4
"65PUT7039/79","China","LCD (LED)",115,462,5,"Analogue/Digital","","","PHILIPS",65,1.178,162,97.6,392,"56-65in",5
"86PUT7039/79","China","LCD (LED)",231,963,4,"Analogue/Digital","","","PHILIPS",86,2.02,337,114.4,477,"86in+",4
"LT-32NQ5155A","China","LCD (LED)",24.84,110,5.5,"Analogue/Digital","","","JVC",32,0.274,38,90.7,401,"32in & under",6
"LT-43NQ5155A","China","LCD (LED)",38.4,163,6,"Analogue/Digital","","","JVC",42,0.498,57,77.1,327,"33-43in",6
"AV-AQ557155A","China","LCD (LED)",61.38,247,6,"Analogue/Digital","","","JVC",55,0.823,86,74.6,300,"51-55in",6
"LT-55NQ7155A","China","LCD (LED)",61.38,247,6,"Analogue/Digital","","","JVC",55,0.823,86,74.6,300,"51-55in",6
"LT-55NQ7155AW","China","LCD (LED)",61.38,247,6,"Analogue/Digital","","","JVC",55,0.823,86,74.6,300,"51-55in",6
"LT-55NQ7155AX","China","LCD (LED)",61.38,247,6,"Analogue/Digital","","","JVC",55,0.823,86,74.6,300,"51-55in",6
"AV-AQ657155A","China","LCD (LED)",105.96,448,5,"Analogue/Digital","","","JVC",64,1.147,157,92.4,391,"56-65in",5
"LT-65NQ7155A","China","LCD (LED)",105.96,448,5,"Analogue/Digital","","","JVC",64,1.147,157,92.4,391,"56-65in",5
"LT-65NQ7155AW","China","LCD (LED)",105.96,448,5,"Analogue/Digital","","","JVC",64,1.147,157,92.4,391,"56-65in",5
"LT-65NQ7155AX","China","LCD (LED)",105.96,448,5,"Analogue/Digital","","","JVC",64,1.147,157,92.4,391,"56-65in",5
"AQ657155 series","China","LCD (LED)",105.96,448,5,"Analogue/Digital","","","JVC",64,1.147,157,92.4,391,"56-65in",5
"AQ557155A series","China","LCD (LED)",61.38,247,6,"Analogue/Digital","","","JVC",55,0.823,86,74.6,300,"51-55in",6
"AV-JQ757115AE","China","LCD (LED)",106.68,466,6,"Analogue/Digital","","","JVC",75,1.531,163,69.7,304,"66-75in",6
"AV-JQ757115A series","China","LCD (LED)",106.68,466,6,"Analogue/Digital","","","JVC",75,1.531,163,69.7,304,"66-75in",6
"BP700UTS","China","LCD (LED)",147.1,690,3.5,"Analogue/Digital","0.45","0.46","BLAUPUNKT",70,1.338,241,109.9,516,"66-75in",4
"50QNED82ASA","Indonesia,South Korea","LCD (LED)",81,298,4.5,"Analogue/Digital","0.4","0.0","LG",49,0.675,104,120,441,"44-50in",4
"75QNED82ASA","Indonesia,South Korea","LCD (LED)",106,389,7,"Analogue/Digital","0.4","0.0","LG",75,1.531,136,69.2,254,"66-75in",7
"OLED83C5PSA","Indonesia,South Korea","OLED",189,692,5,"Analogue/Digital","0.4","0.0","LG",83,1.877,242,100.7,369,"76-85in",5
"OLED83C56LA","Indonesia,South Korea","OLED",189,692,5,"Analogue/Digital","0.4","0.0","LG",83,1.877,242,100.7,369,"76-85in",5
"55C7K","China","LCD (LED)",106,425,4,"Analogue/Digital","0.253","0.0","TCL",55,0.822,149,129,517,"51-55in",4
"50C7K","China","LCD (LED)",87.6,353,4,"Analogue/Digital","0.233","0.0","TCL",49,0.675,124,129.8,523,"44-50in",4
"75C7K","China","LCD (LED)",190,755,4,"Analogue/Digital","0.337","0.0","TCL",75,1.531,264,124.1,493,"66-75in",4
"85C7K","China","LCD (LED)",175.2,768,5,"Analogue/Digital","0.31","0.0","TCL",85,1.971,269,88.9,390,"76-85in",5
"55C6K","China","LCD (LED)",86.5,380,4.5,"Analogue/Digital","0.265","0.0","TCL",55,0.822,133,105.2,462,"51-55in",4
"65C6K","China","LCD (LED)",115,460,5,"Analogue/Digital","0.286","0.0","TCL",64,1.147,161,100.3,401,"56-65in",5
"75C6K","China","LCD (LED)",140,600,5,"Analogue/Digital","0.239","0.0","TCL",75,1.531,210,91.4,392,"66-75in",5
"85C6K","China","LCD (LED)",175.2,768,5,"Analogue/Digital","0.31","0.0","TCL",85,1.971,269,88.9,390,"76-85in",5
"ATV70UHDW-0325","China","LCD (LED)",109.038,400,6,"Analogue/Digital","","","BAUHN",70,1.332,140,81.9,300,"66-75in",6
"BP400FSG98","China","LCD",50.5,186,5,"Analogue/Digital","0.25","0.25","BLAUPUNKT",40,0.429,65,117.7,434,"33-43in",5
"BP320HSG98","China","LCD",34.296,130,5,"Analogue/Digital","0.262","0.0","BLAUPUNKT",31,0.272,46,126.1,478,"32in & under",5
"BP320FSG98","China","LCD",34.296,130,5,"Analogue/Digital","0.262","0.0","BLAUPUNKT",31,0.272,46,126.1,478,"32in & under",5
"K-55XR50","Malaysia,China","LCD (LED)",111.8,414,4,"Analogue/Digital","0.5","11.3","SONY",55,0.823,145,135.8,503,"51-55in",4
"K-65XR50","Malaysia,China","LCD (LED)",150.7,556,4,"Analogue/Digital","0.5","11.9","SONY",65,1.148,195,131.3,484,"56-65in",4
"BP750USG98","China","LCD",204.81,811,3.5,"Analogue/Digital","0.401","0.401","BLAUPUNKT",75,1.531,284,133.8,530,"66-75in",4
"K750UGTWQ","China","LCD",204.81,811,3.5,"Analogue/Digital","0.401","0.401","EKO",75,1.531,284,133.8,530,"66-75in",4
"65QNED9MA6A","Indonesia,South Korea","LCD (LED)",140,515,4.5,"Analogue/Digital","0.4","0.0","LG",65,1.148,180,122,449,"56-65in",4
"65QNED9MASA","Indonesia,South Korea","LCD (LED)",140,515,4.5,"Analogue/Digital","0.4","0.0","LG",65,1.148,180,122,449,"56-65in",4
"75QNED9MA6A","Indonesia,South Korea","LCD (LED)",153,561,5,"Analogue/Digital","0.4","0.0","LG",75,1.531,196,99.9,366,"66-75in",5
"75QNED9MASA","Indonesia,South Korea","LCD (LED)",153,561,5,"Analogue/Digital","0.4","0.0","LG",75,1.531,196,99.9,366,"66-75in",5
"86QNED9MA6A","Indonesia,South Korea","LCD (LED)",187,685,5.5,"Analogue/Digital","0.4","0.0","LG",86,2.02,240,92.6,339,"86in+",6
"86QNED9MASA","Indonesia,South Korea","LCD (LED)",187,685,5.5,"Analogue/Digital","0.4","0.0","LG",86,2.02,240,92.6,339,"86in+",6
"LT-50NQ7145AE","China","LCD (LED)",49.6,210,6,"Analogue/Digital","0.46","1.26","JVC",50,0.675,74,73.5,311,"44-50in",6
"BP550USG98","China","LCD",94.96,349,4.5,"Analogue/Digital","0.37","0.0","BLAUPUNKT",55,0.823,122,115.4,424,"51-55in",4
"K550UGTQ","China","LCD",87.96,349,4.5,"Analogue/Digital","0.347","0.347","EKO",55,0.823,122,106.9,424,"51-55in",4
"K500UGTQ","China","LCD",96.612,376,3.5,"Analogue/Digital","0.354","0.354","EKO",49,0.675,132,143.1,557,"44-50in",4
"BP500USG98","China","LCD",96.612,376,3.5,"Analogue/Digital","0.354","0.354","BLAUPUNKT",49,0.675,132,143.1,557,"44-50in",4
"QA65QN900FW","Vietnam","LCD (LED)",248,908,2,"Digital","0.5","0.0","SAMSUNG",65,1.148,318,216,791,"56-65in",2
"QA65QN900FS","Vietnam","LCD (LED)",248,908,2,"Digital","0.5","0.0","SAMSUNG",65,1.148,318,216,791,"56-65in",2
"QA65QN900F*","Vietnam","LCD (LED)",248,908,2,"Digital","0.5","0.0","SAMSUNG",65,1.148,318,216,791,"56-65in",2
"98P7K","China","LCD (LED)",148.6,700,6,"Analogue/Digital","0.433","0.0","TCL",97,2.62,245,56.7,267,"86in+",6
"QA43LS03FAW","Vietnam","LCD (LED)",70,259,4,"Digital","0.5","0.0","SAMSUNG",43,0.498,91,140.6,520,"33-43in",4
"QA43LS03FAS","Vietnam","LCD (LED)",70,259,4,"Digital","0.5","0.0","SAMSUNG",43,0.498,91,140.6,520,"33-43in",4
"QA43LS03FA*","Vietnam","LCD (LED)",70,259,4,"Digital","0.5","0.0","SAMSUNG",43,0.498,91,140.6,520,"33-43in",4
"QA55LS03FAW","Vietnam","LCD (LED)",111,408,4,"Digital","0.5","0.0","SAMSUNG",55,0.823,143,134.9,496,"51-55in",4
"QA55LS03FAS","Vietnam","LCD (LED)",111,408,4,"Digital","0.5","0.0","SAMSUNG",55,0.823,143,134.9,496,"51-55in",4
"QA55LS03FA*","Vietnam","LCD (LED)",111,408,4,"Digital","0.5","0.0","SAMSUNG",55,0.823,143,134.9,496,"51-55in",4
"QA48S90FAE","Vietnam","LCD (LED)",79,291,4.5,"Digital","0.5","0.0","SAMSUNG",48,0.623,102,126.8,467,"44-50in",4
"QA55S90FAW","Vietnam","LCD (LED)",109,401,4,"Digital","0.5","0.0","SAMSUNG",55,0.823,140,132.4,487,"51-55in",4
"QA55S90FAS","Vietnam","LCD (LED)",109,401,4,"Digital","0.5","0.0","SAMSUNG",55,0.823,140,132.4,487,"51-55in",4
"QA55S90FA*","Vietnam","LCD (LED)",109,401,4,"Digital","0.5","0.0","SAMSUNG",55,0.823,140,132.4,487,"51-55in",4
"BP500FTS","China","LCD (LED)",47.9,224,6,"Analogue/Digital","","","BLAUPUNKT",50,0.675,78,71,332,"44-50in",6
"QA83S90FAE","Vietnam","LCD (LED)",216,791,4.5,"Digital","0.5","0.0","SAMSUNG",83,1.877,277,115.1,421,"76-85in",4
"QA77S85FAE","Vietnam","LCD (LED)",138,507,6,"Digital","0.5","0.0","SAMSUNG",77,1.62,177,85.2,313,"76-85in",6
"AWS430QW","China","LCD (LED)",45.69,170,6,"Analogue/Digital","0.37","0.0","AIWA",43,0.498,59,91.7,341,"33-43in",6
"AWS650G2","China","LCD (LED)",92.9,371,6,"Analogue/Digital","0.41","0.0","AIWA",65,1.148,130,80.9,323,"56-65in",6
"BP650USG98","China","LCD",94.65,580,4,"Analogue/Digital","0.354","0.0","BLAUPUNKT",64,1.147,203,82.5,506,"56-65in",4
"AWS550QW","China","LCD (LED)",98.27,397,4,"Analogue/Digital","0.36","0.51","AIWA",55,0.823,139,119.4,482,"51-55in",4
"AWS650QW","China","LCD (LED)",134.33,541,4,"Analogue/Digital","0.34","0.49","AIWA",65,1.148,189,117,471,"56-65in",4
"AK40S9ZEN","China","LCD (LED)",40.4,149,6,"Digital","0.3","0.0","AKAI",40,0.426,52,94.8,350,"33-43in",6
"AWS500QW","China","LCD (LED)",79.06,321,4,"Analogue/Digital","0.36","0.49","AIWA",50,0.675,112,117.1,476,"44-50in",4
"K49FST","China","LCD (LED)",47.9,224,6,"Analogue/Digital","","","EKO",50,0.675,78,71,332,"44-50in",6
"43QNED82ASA","Indonesia,South Korea","LCD (LED)",70,258,4,"Analogue/Digital","0.4","0.0","LG",43,0.498,90,140.6,518,"33-43in",4
"50UA8450PSA","Indonesia,South Korea","LCD (LED)",83,305,4.5,"Analogue/Digital","0.4","0.0","LG",49,0.675,107,123,452,"44-50in",4
"55UA8450PSA","Indonesia,South Korea","LCD (LED)",92,338,5,"Analogue/Digital","0.4","0.0","LG",55,0.823,118,111.8,411,"51-55in",5
"OLED65M5PSA","Indonesia,South Korea","OLED",140,514,4.5,"Analogue/Digital","0.4","0.0","LG",65,1.148,180,122,448,"56-65in",4
"OLED65M59LA","Indonesia,South Korea","OLED",140,514,4.5,"Analogue/Digital","0.4","0.0","LG",65,1.148,180,122,448,"56-65in",4
"55P7K","China","LCD (LED)",69.8,284,5.5,"Analogue/Digital","0.346","0.0","TCL",55,0.822,99,84.9,345,"51-55in",6
"50P7K","China","LCD (LED)",60.2,245,5.5,"Analogue/Digital","0.359","0.0","TCL",49,0.675,86,89.2,363,"44-50in",6
"QA65QN80FAW","Vietnam","LCD (LED)",154,565,4,"Digital","0.5","0.0","SAMSUNG",65,1.148,198,134.1,492,"56-65in",4
"QA65QN80FAS","Vietnam","LCD (LED)",154,565,4,"Digital","0.5","0.0","SAMSUNG",65,1.148,198,134.1,492,"56-65in",4
"QA65QN80FA*","Vietnam","LCD (LED)",154,565,4,"Digital","0.5","0.0","SAMSUNG",65,1.148,198,134.1,492,"56-65in",4
"QA55S85FAE","Vietnam","LCD (LED)",104,383,4,"Digital","0.5","0.0","SAMSUNG",55,0.823,134,126.4,465,"51-55in",4
"ATV32HDW-0425","China","LCD",25.23,101,6,"Digital","0.39","0.0","BAUHN",32,0.274,35,92.1,369,"32in & under",6
"75PQT9020/79","China","LCD (LED)",203.5,824,3.5,"Analogue/Digital","","","PHILIPS",75,1.532,288,132.8,538,"66-75in",4
"QA55S95FAW","Vietnam","LCD (LED)",109,401,4,"Digital","0.5","0.0","SAMSUNG",55,0.823,140,132.4,487,"51-55in",4
"QA55S95FAS","Vietnam","LCD (LED)",109,401,4,"Digital","0.5","0.0","SAMSUNG",55,0.823,140,132.4,487,"51-55in",4
"QA55S95FA*","Vietnam","LCD (LED)",109,401,4,"Digital","0.5","0.0","SAMSUNG",55,0.823,140,132.4,487,"51-55in",4
"55S7NAU","China","LCD (LED)",87.99,381,4.5,"Analogue/Digital","0.35","0.0","HISENSE",55,0.823,133,106.9,463,"51-55in",4
"65S7NAU","China","LCD (LED)",105.58,416,5.5,"Analogue/Digital","0.36","0.0","HISENSE",65,1.148,146,92,362,"56-65in",6
"QA65S85FAE","Vietnam","LCD (LED)",129,474,4.5,"Digital","0.5","0.0","SAMSUNG",65,1.148,166,112.4,413,"56-65in",4
"QA65S90FAE","Vietnam","LCD (LED)",145,532,4,"Digital","0.5","0.0","SAMSUNG",65,1.148,186,126.3,463,"56-65in",4
"QA77S90FAE","Vietnam","LCD (LED)",174,638,5,"Digital","0.5","0.0","SAMSUNG",77,1.62,223,107.4,394,"76-85in",5
"QA55QN90FAW","Vietnam","LCD (LED)",110,405,4,"Digital","0.5","0.0","SAMSUNG",55,0.823,142,133.7,492,"51-55in",4
"QA55QN90FAS","Vietnam","LCD (LED)",110,405,4,"Digital","0.5","0.0","SAMSUNG",55,0.823,142,133.7,492,"51-55in",4
"QA55QN90FA*","Vietnam","LCD (LED)",110,405,4,"Digital","0.5","0.0","SAMSUNG",55,0.823,142,133.7,492,"51-55in",4
"K430FGTQ","China","LCD",45.012,196,5,"Analogue/Digital","0.301","0.301","EKO",43,0.5,69,90,392,"33-43in",5
"ATV55UHDW-0425","China","LCD",70,270,6,"Analogue/Digital","0.34","0.0","BAUHN",54,0.819,94,85.5,330,"51-55in",6
"65PQT9020/79","China","LCD (LED)",175.9,722,3,"Analogue/Digital","","","PHILIPS",65,1.148,253,153.2,629,"56-65in",3
"86PQT9020/79","China","LCD (LED)",287.2,1163,3,"Analogue/Digital","","","PHILIPS",86,2.02,407,142.2,576,"86in+",3
"K-75XR50","Malaysia,China","LCD (LED)",195.4,719,4,"Analogue/Digital","0.5","12.3","SONY",75,1.531,252,127.6,470,"66-75in",4
"OLED77T4PSA","Indonesia,South Korea","OLED",182,667,4.5,"Analogue/Digital","0.4","0.0","LG",77,1.62,233,112.3,412,"76-85in",4
"43UA8450PSA","Indonesia,South Korea","LCD (LED)",70,258,4,"Analogue/Digital","0.4","0.0","LG",43,0.498,90,140.6,518,"33-43in",4
"OLED77M5PSA","Indonesia,South Korea","OLED",178,654,4.5,"Analogue/Digital","0.4","0.0","LG",77,1.62,229,109.9,404,"76-85in",4
"K-85XR50","Malaysia,China","LCD (LED)",216.9,797,4.5,"Analogue/Digital","0.5","11.4","SONY",85,1.971,279,110,404,"76-85in",4
"OLED77M56LA","Indonesia,South Korea","OLED",178,654,4.5,"Analogue/Digital","0.4","0.0","LG",77,1.62,229,109.9,404,"76-85in",4
"OLED83M5PSA","Indonesia,South Korea","OLED",214,785,4.5,"Analogue/Digital","0.4","0.0","LG",83,1.877,275,114,418,"76-85in",4
"OLED83M56LA","Indonesia,South Korea","OLED",214,785,4.5,"Analogue/Digital","0.4","0.0","LG",83,1.877,275,114,418,"76-85in",4
"QA42S90FAE","Vietnam","LCD (LED)",67,248,4,"Digital","0.5","0.0","SAMSUNG",42,0.476,87,140.8,521,"33-43in",4
"QA43QN90FAW","Vietnam","LCD (LED)",62,229,4.5,"Digital","0.5","0.0","SAMSUNG",43,0.498,80,124.5,460,"33-43in",4
"QA43QN90FAS","Vietnam","LCD (LED)",62,229,4.5,"Digital","0.5","0.0","SAMSUNG",43,0.498,80,124.5,460,"33-43in",4
"QA43QN90FA*","Vietnam","LCD (LED)",62,229,4.5,"Digital","0.5","0.0","SAMSUNG",43,0.498,80,124.5,460,"33-43in",4
"QA55QN70FAW","Vietnam","LCD (LED)",107,394,4,"Digital","0.5","0.0","SAMSUNG",55,0.823,138,130,479,"51-55in",4
"QA55QN70FAS","Vietnam","LCD (LED)",107,394,4,"Digital","0.5","0.0","SAMSUNG",55,0.823,138,130,479,"51-55in",4
"QA55QN70FA*","Vietnam","LCD (LED)",107,394,4,"Digital","0.5","0.0","SAMSUNG",55,0.823,138,130,479,"51-55in",4
"QA65QN70FAW","Vietnam","LCD (LED)",141,518,4.5,"Digital","0.5","0.0","SAMSUNG",65,1.148,181,122.8,451,"56-65in",4
"QA65QN70FAS","Vietnam","LCD (LED)",141,518,4.5,"Digital","0.5","0.0","SAMSUNG",65,1.148,181,122.8,451,"56-65in",4
"QA65QN70FA*","Vietnam","LCD (LED)",141,518,4.5,"Digital","0.5","0.0","SAMSUNG",65,1.148,181,122.8,451,"56-65in",4
"QA65QN90FAW","Vietnam","LCD (LED)",137,503,4.5,"Digital","0.5","0.0","SAMSUNG",65,1.148,176,119.3,438,"56-65in",4
"QA65QN90FAS","Vietnam","LCD (LED)",137,503,4.5,"Digital","0.5","0.0","SAMSUNG",65,1.148,176,119.3,438,"56-65in",4
"QA65QN90FA*","Vietnam","LCD (LED)",137,503,4.5,"Digital","0.5","0.0","SAMSUNG",65,1.148,176,119.3,438,"56-65in",4
"QA65S95FAW","Vietnam","LCD (LED)",152,558,4,"Digital","0.5","0.0","SAMSUNG",65,1.148,195,132.4,486,"56-65in",4
"QA65S95FAS","Vietnam","LCD (LED)",152,558,4,"Digital","0.5","0.0","SAMSUNG",65,1.148,195,132.4,486,"56-65in",4
"QA65S95FA*","Vietnam","LCD (LED)",152,558,4,"Digital","0.5","0.0","SAMSUNG",65,1.148,195,132.4,486,"56-65in",4
"65C7K","China","LCD (LED)",134.4,510,4.5,"Analogue/Digital","0.287","0.0","TCL",64,1.147,178,117.2,445,"56-65in",4
"QA75QN70FAW","Vietnam","LCD (LED)",156,572,5,"Digital","0.5","0.0","SAMSUNG",75,1.532,200,101.8,373,"66-75in",5
"QA75QN70FAS","Vietnam","LCD (LED)",156,572,5,"Digital","0.5","0.0","SAMSUNG",75,1.532,200,101.8,373,"66-75in",5
"QA75QN70FA*","Vietnam","LCD (LED)",156,572,5,"Digital","0.5","0.0","SAMSUNG",75,1.532,200,101.8,373,"66-75in",5
"QA75QN900FW","Vietnam","LCD (LED)",271,992,2.5,"Digital","0.5","0.0","SAMSUNG",75,1.532,347,176.9,648,"66-75in",2
"QA75QN900FS","Vietnam","LCD (LED)",271,992,2.5,"Digital","0.5","0.0","SAMSUNG",75,1.532,347,176.9,648,"66-75in",2
"QA75QN900F*","Vietnam","LCD (LED)",271,992,2.5,"Digital","0.5","0.0","SAMSUNG",75,1.532,347,176.9,648,"66-75in",2
"QA75QN90FAW","Vietnam","LCD (LED)",151,554,5,"Digital","0.5","0.0","SAMSUNG",75,1.532,194,98.6,362,"66-75in",5
"QA75QN90FAS","Vietnam","LCD (LED)",151,554,5,"Digital","0.5","0.0","SAMSUNG",75,1.532,194,98.6,362,"66-75in",5
"QA75QN90FA*","Vietnam","LCD (LED)",151,554,5,"Digital","0.5","0.0","SAMSUNG",75,1.532,194,98.6,362,"66-75in",5
"QA77S95FAW","Vietnam","LCD (LED)",216,791,4,"Digital","0.5","0.0","SAMSUNG",77,1.628,277,132.7,486,"76-85in",4
"QA77S95FAS","Vietnam","LCD (LED)",216,791,4,"Digital","0.5","0.0","SAMSUNG",77,1.628,277,132.7,486,"76-85in",4
"QA77S95FA*","Vietnam","LCD (LED)",216,791,4,"Digital","0.5","0.0","SAMSUNG",77,1.628,277,132.7,486,"76-85in",4
"QA83S85FAE","Vietnam","LCD (LED)",186,682,5,"Digital","0.5","0.0","SAMSUNG",83,1.877,239,99.1,363,"76-85in",5
"QA85QN70FAW","Vietnam","LCD (LED)",199,729,5,"Digital","0.5","0.0","SAMSUNG",85,1.971,255,101,370,"76-85in",5
"QA85QN70FAS","Vietnam","LCD (LED)",199,729,5,"Digital","0.5","0.0","SAMSUNG",85,1.971,255,101,370,"76-85in",5
"QA85QN70FA*","Vietnam","LCD (LED)",199,729,5,"Digital","0.5","0.0","SAMSUNG",85,1.971,255,101,370,"76-85in",5
"QA85QN900FW","Vietnam","LCD (LED)",286,1047,3.5,"Digital","0.5","0.0","SAMSUNG",85,1.971,366,145.1,531,"76-85in",4
"QA85QN900FS","Vietnam","LCD (LED)",286,1047,3.5,"Digital","0.5","0.0","SAMSUNG",85,1.971,366,145.1,531,"76-85in",4
"QA85QN900F*","Vietnam","LCD (LED)",286,1047,3.5,"Digital","0.5","0.0","SAMSUNG",85,1.971,366,145.1,531,"76-85in",4
"QA85QN90FAW","Vietnam","LCD (LED)",211,773,5,"Digital","0.5","0.0","SAMSUNG",85,1.971,271,107.1,392,"76-85in",5
"QA85QN90FAS","Vietnam","LCD (LED)",211,773,5,"Digital","0.5","0.0","SAMSUNG",85,1.971,271,107.1,392,"76-85in",5
"QA85QN90FA*","Vietnam","LCD (LED)",211,773,5,"Digital","0.5","0.0","SAMSUNG",85,1.971,271,107.1,392,"76-85in",5
"QA85QN990FW","Vietnam","LCD (LED)",360,1317,2.5,"Digital","0.5","0.0","SAMSUNG",85,1.971,461,182.6,668,"76-85in",2
"QA85QN990FS","Vietnam","LCD (LED)",360,1317,2.5,"Digital","0.5","0.0","SAMSUNG",85,1.971,461,182.6,668,"76-85in",2
"QA85QN990F*","Vietnam","LCD (LED)",360,1317,2.5,"Digital","0.5","0.0","SAMSUNG",85,1.971,461,182.6,668,"76-85in",2
"QA98QN90FAW","Vietnam","LCD (LED)",242,886,5.5,"Digital","0.5","0.0","SAMSUNG",98,2.621,310,92.3,338,"86in+",6
"QA98QN90FAS","Vietnam","LCD (LED)",242,886,5.5,"Digital","0.5","0.0","SAMSUNG",98,2.621,310,92.3,338,"86in+",6
"QA98QN90FA*","Vietnam","LCD (LED)",242,886,5.5,"Digital","0.5","0.0","SAMSUNG",98,2.621,310,92.3,338,"86in+",6
"65P7K","China","LCD (LED)",75,320,6,"Analogue/Digital","0.337","0.0","TCL",64,1.147,112,65.4,279,"56-65in",6
"QA65QN990FW","Vietnam","LCD (LED)",282,1032,1,"Digital","0.5","0.0","SAMSUNG",65,1.148,361,245.6,899,"56-65in",1
"QA65QN990FS","Vietnam","LCD (LED)",282,1032,1,"Digital","0.5","0.0","SAMSUNG",65,1.148,361,245.6,899,"56-65in",1
"QA65QN990F*","Vietnam","LCD (LED)",282,1032,1,"Digital","0.5","0.0","SAMSUNG",65,1.148,361,245.6,899,"56-65in",1
"43P7K","China","LCD (LED)",50.5,220,4.5,"Analogue/Digital","0.335","0.0","TCL",42,0.498,77,101.4,442,"33-43in",4
"OLED97G5PSA","Indonesia,South Korea","OLED",228,835,5.5,"Analogue/Digital","0.4","0.0","LG",97,2.568,292,88.8,325,"86in+",6
"OLED97G56LA","Indonesia,South Korea","OLED",228,835,5.5,"Analogue/Digital","0.4","0.0","LG",97,2.568,292,88.8,325,"86in+",6
"OLED97M5PSA","Indonesia,South Korea","OLED",253,926,5,"Analogue/Digital","0.4","0.0","LG",97,2.568,324,98.5,361,"86in+",5
"OLED97M56LA","Indonesia,South Korea","OLED",253,926,5,"Analogue/Digital","0.4","0.0","LG",97,2.568,324,98.5,361,"86in+",5
"UA43TU8000W","Vietnam","LCD (LED)",69,255,4,"Digital","0.5","0.0","SAMSUNG",42,0.498,89,138.6,512,"33-43in",4
"UA43TU8000S","Vietnam","LCD (LED)",69,255,4,"Digital","0.5","0.0","SAMSUNG",42,0.498,89,138.6,512,"33-43in",4
"UA43TU8500S","Vietnam","LCD (LED)",69,255,4,"Digital","0.5","0.0","SAMSUNG",42,0.498,89,138.6,512,"33-43in",4
"UA43TU8000","Vietnam","LCD (LED)",69,255,4,"Digital","0.5","0.0","SAMSUNG",42,0.498,89,138.6,512,"33-43in",4
"UA75TU8000W","Vietnam","LCD (LED)",154,565,5,"Digital","0.5","0.0","SAMSUNG",75,1.536,198,100.3,368,"66-75in",5
"UA75TU8000S","Vietnam","LCD (LED)",154,565,5,"Digital","0.5","0.0","SAMSUNG",75,1.536,198,100.3,368,"66-75in",5
"UA75TU8000","Vietnam","LCD (LED)",154,565,5,"Digital","0.5","0.0","SAMSUNG",75,1.536,198,100.3,368,"66-75in",5
"QA65LS03FWW","Vietnam","LCD (LED)",154,565,4,"Digital","0.5","0.0","SAMSUNG",65,1.148,198,134.1,492,"56-65in",4
"QA65LS03FWS","Vietnam","LCD (LED)",154,565,4,"Digital","0.5","0.0","SAMSUNG",65,1.148,198,134.1,492,"56-65in",4
"QA65LS03FW*","Vietnam","LCD (LED)",154,565,4,"Digital","0.5","0.0","SAMSUNG",65,1.148,198,134.1,492,"56-65in",4
"QA83S95FAE","Vietnam","LCD (LED)",248,908,4,"Digital","0.5","0.0","SAMSUNG",83,1.877,318,132.1,484,"76-85in",4
"QA85Q8FAAW","Vietnam","LCD (LED)",196,718,5,"Digital","0.5","0.0","SAMSUNG",85,1.971,251,99.4,364,"76-85in",5
"QA85Q8FAAS","Vietnam","LCD (LED)",196,718,5,"Digital","0.5","0.0","SAMSUNG",85,1.971,251,99.4,364,"76-85in",5
"QA85Q8F5AW","Vietnam","LCD (LED)",196,718,5,"Digital","0.5","0.0","SAMSUNG",85,1.971,251,99.4,364,"76-85in",5
"QA85Q8F*A*","Vietnam","LCD (LED)",196,718,5,"Digital","0.5","0.0","SAMSUNG",85,1.971,251,99.4,364,"76-85in",5
"QA75Q8FAAW","Vietnam","LCD (LED)",181,664,4.5,"Digital","0.5","0.0","SAMSUNG",75,1.532,232,118.1,433,"66-75in",4
"QA75Q8FAAS","Vietnam","LCD (LED)",181,664,4.5,"Digital","0.5","0.0","SAMSUNG",75,1.532,232,118.1,433,"66-75in",4
"QA75Q8F5AW","Vietnam","LCD (LED)",181,664,4.5,"Digital","0.5","0.0","SAMSUNG",75,1.532,232,118.1,433,"66-75in",4
"QA75Q8F*A*","Vietnam","LCD (LED)",181,664,4.5,"Digital","0.5","0.0","SAMSUNG",75,1.532,232,118.1,433,"66-75in",4
"QA65Q8FAAW","Vietnam","LCD (LED)",122,448,5,"Digital","0.5","0.0","SAMSUNG",65,1.148,157,106.3,390,"56-65in",5
"QA65Q8FAAS","Vietnam","LCD (LED)",122,448,5,"Digital","0.5","0.0","SAMSUNG",65,1.148,157,106.3,390,"56-65in",5
"QA65Q8F5AW","Vietnam","LCD (LED)",122,448,5,"Digital","0.5","0.0","SAMSUNG",65,1.148,157,106.3,390,"56-65in",5
"QA65Q8F*A*","Vietnam","LCD (LED)",122,448,5,"Digital","0.5","0.0","SAMSUNG",65,1.148,157,106.3,390,"56-65in",5
"QA55Q8FAAW","Vietnam","LCD (LED)",79,291,5.5,"Digital","0.5","0.0","SAMSUNG",55,0.823,102,96,354,"51-55in",6
"QA55Q8FAAS","Vietnam","LCD (LED)",79,291,5.5,"Digital","0.5","0.0","SAMSUNG",55,0.823,102,96,354,"51-55in",6
"QA55Q8F5AW","Vietnam","LCD (LED)",79,291,5.5,"Digital","0.5","0.0","SAMSUNG",55,0.823,102,96,354,"51-55in",6
"QA55Q8F*A*","Vietnam","LCD (LED)",79,291,5.5,"Digital","0.5","0.0","SAMSUNG",55,0.823,102,96,354,"51-55in",6
"QA50Q8FAAW","Vietnam","LCD (LED)",75,277,5,"Digital","0.5","0.0","SAMSUNG",49,0.675,97,111.1,410,"44-50in",5
"QA50Q8FAAS","Vietnam","LCD (LED)",75,277,5,"Digital","0.5","0.0","SAMSUNG",49,0.675,97,111.1,410,"44-50in",5
"QA50Q8F5AW","Vietnam","LCD (LED)",75,277,5,"Digital","0.5","0.0","SAMSUNG",49,0.675,97,111.1,410,"44-50in",5
"QA50Q8F*A*","Vietnam","LCD (LED)",75,277,5,"Digital","0.5","0.0","SAMSUNG",49,0.675,97,111.1,410,"44-50in",5
"QA43Q8FAAW","Vietnam","LCD (LED)",68,251,4,"Digital","0.5","0.0","SAMSUNG",43,0.498,88,136.5,504,"33-43in",4
"QA43Q8FAAS","Vietnam","LCD (LED)",68,251,4,"Digital","0.5","0.0","SAMSUNG",43,0.498,88,136.5,504,"33-43in",4
"QA43Q8F5AW","Vietnam","LCD (LED)",68,251,4,"Digital","0.5","0.0","SAMSUNG",43,0.498,88,136.5,504,"33-43in",4
"QA43Q8F*A*","Vietnam","LCD (LED)",68,251,4,"Digital","0.5","0.0","SAMSUNG",43,0.498,88,136.5,504,"33-43in",4
"K-98XR50","China","LCD (LED)",356.4,1306,3.5,"Analogue/Digital","0.5","10.8","SONY",98,2.621,457,136,498,"86in+",4
"QA55QN80FAW","Vietnam","LCD (LED)",107,394,4,"Digital","0.5","0.0","SAMSUNG",55,0.823,138,130,479,"51-55in",4
"QA55QN80FAS","Vietnam","LCD (LED)",107,394,4,"Digital","0.5","0.0","SAMSUNG",55,0.823,138,130,479,"51-55in",4
"QA55QN80FA*","Vietnam","LCD (LED)",107,394,4,"Digital","0.5","0.0","SAMSUNG",55,0.823,138,130,479,"51-55in",4
"QA50QN80FAW","Vietnam","LCD (LED)",100,368,4,"Digital","0.5","0.0","SAMSUNG",50,0.708,129,141.2,520,"44-50in",4
"QA50QN80FAS","Vietnam","LCD (LED)",100,368,4,"Digital","0.5","0.0","SAMSUNG",50,0.708,129,141.2,520,"44-50in",4
"QA50QN80FA*","Vietnam","LCD (LED)",100,368,4,"Digital","0.5","0.0","SAMSUNG",50,0.708,129,141.2,520,"44-50in",4
"QA75QN80FAW","Vietnam","LCD (LED)",204,748,4,"Digital","0.5","0.0","SAMSUNG",75,1.532,262,133.2,488,"66-75in",4
"QA75QN80FAS","Vietnam","LCD (LED)",204,748,4,"Digital","0.5","0.0","SAMSUNG",75,1.532,262,133.2,488,"66-75in",4
"QA75QN80FA*","Vietnam","LCD (LED)",204,748,4,"Digital","0.5","0.0","SAMSUNG",75,1.532,262,133.2,488,"66-75in",4
"QA85QN80FAW","Vietnam","LCD (LED)",248,908,4,"Digital","0.5","0.0","SAMSUNG",85,1.971,318,125.8,461,"76-85in",4
"QA85QN80FAS","Vietnam","LCD (LED)",248,908,4,"Digital","0.5","0.0","SAMSUNG",85,1.971,318,125.8,461,"76-85in",4
"QA85QN80FA*","Vietnam","LCD (LED)",248,908,4,"Digital","0.5","0.0","SAMSUNG",85,1.971,318,125.8,461,"76-85in",4
"100QNED86A6","South Korea,Indonesia","LCD (LED)",260,952,5.5,"Analogue/Digital","0.4","0.0","LG",100,2.73,333,95.2,349,"86in+",6
"100QNED86AS","Indonesia,South Korea","LCD (LED)",260,952,5.5,"Analogue/Digital","0.4","0.0","LG",100,2.73,333,95.2,349,"86in+",6
"QA55QN85FAW","Vietnam","LCD (LED)",111,408,4,"Digital","0.5","0.0","SAMSUNG",55,0.823,143,134.9,496,"51-55in",4
"QA55QN85FAS","Vietnam","LCD (LED)",111,408,4,"Digital","0.5","0.0","SAMSUNG",55,0.823,143,134.9,496,"51-55in",4
"QA55QN85FA*","Vietnam","LCD (LED)",111,408,4,"Digital","0.5","0.0","SAMSUNG",55,0.823,143,134.9,496,"51-55in",4
"24LP60G","China","LCD (LED)",16.33,76,5.5,"Analogue/Digital","","","SKYWORTH",24,0.156,27,104.7,487,"32in & under",6
"QA65QN85FAW","Vietnam","LCD (LED)",140,514,4.5,"Digital","0.5","0.0","SAMSUNG",65,1.148,180,122,448,"56-65in",4
"QA65QN85FAS","Vietnam","LCD (LED)",140,514,4.5,"Digital","0.5","0.0","SAMSUNG",65,1.148,180,122,448,"56-65in",4
"QA65QN85FA*","Vietnam","LCD (LED)",140,514,4.5,"Digital","0.5","0.0","SAMSUNG",65,1.148,180,122,448,"56-65in",4
"QA75QN85FAW","Vietnam","LCD (LED)",166,609,5,"Digital","0.5","0.0","SAMSUNG",75,1.532,213,108.4,398,"66-75in",5
"QA75QN85FAS","Vietnam","LCD (LED)",166,609,5,"Digital","0.5","0.0","SAMSUNG",75,1.532,213,108.4,398,"66-75in",5
"QA75QN85FA*","Vietnam","LCD (LED)",166,609,5,"Digital","0.5","0.0","SAMSUNG",75,1.532,213,108.4,398,"66-75in",5
"QA85QN85FAW","Vietnam","LCD (LED)",211,773,5,"Digital","0.5","0.0","SAMSUNG",85,1.971,271,107.1,392,"76-85in",5
"QA85QN85FAS","Vietnam","LCD (LED)",211,773,5,"Digital","0.5","0.0","SAMSUNG",85,1.971,271,107.1,392,"76-85in",5
"QA85QN85FA*","Vietnam","LCD (LED)",211,773,5,"Digital","0.5","0.0","SAMSUNG",85,1.971,271,107.1,392,"76-85in",5
"QA50LS03FAW","Vietnam","LCD (LED)",92,339,4,"Digital","0.5","0.0","SAMSUNG",49,0.675,119,136.3,502,"44-50in",4
"QA50LS03FAS","Vietnam","LCD (LED)",92,339,4,"Digital","0.5","0.0","SAMSUNG",49,0.675,119,136.3,502,"44-50in",4
"QA50LS03FA*","Vietnam","LCD (LED)",92,339,4,"Digital","0.5","0.0","SAMSUNG",49,0.675,119,136.3,502,"44-50in",4
"QA65LS03FAW","Vietnam","LCD (LED)",153,562,4,"Digital","0.5","0.0","SAMSUNG",65,1.148,197,133.3,490,"56-65in",4
"QA75LS03FWW","Vietnam","LCD (LED)",189,693,4,"Digital","0.5","0.0","SAMSUNG",75,1.532,243,123.4,452,"66-75in",4
"QA75LS03FWS","Vietnam","LCD (LED)",189,693,4,"Digital","0.5","0.0","SAMSUNG",75,1.532,243,123.4,452,"66-75in",4
"QA75LS03FW*","Vietnam","LCD (LED)",189,693,4,"Digital","0.5","0.0","SAMSUNG",75,1.532,243,123.4,452,"66-75in",4
"QA85LS03FWW","Vietnam","LCD (LED)",220,806,4.5,"Digital","0.5","0.0","SAMSUNG",85,1.971,282,111.6,409,"76-85in",4
"QA85LS03FWS","Vietnam","LCD (LED)",220,806,4.5,"Digital","0.5","0.0","SAMSUNG",85,1.971,282,111.6,409,"76-85in",4
"QA85LS03FW*","Vietnam","LCD (LED)",220,806,4.5,"Digital","0.5","0.0","SAMSUNG",85,1.971,282,111.6,409,"76-85in",4
"QA50QN90FAW","Vietnam","LCD (LED)",77,284,5,"Digital","0.5","0.0","SAMSUNG",49,0.675,99,114.1,421,"44-50in",5
"QA50QN90FAS","Vietnam","LCD (LED)",77,284,5,"Digital","0.5","0.0","SAMSUNG",49,0.675,99,114.1,421,"44-50in",5
"QA50QN90FA*","Vietnam","LCD (LED)",77,284,5,"Digital","0.5","0.0","SAMSUNG",49,0.675,99,114.1,421,"44-50in",5
"MT24HDNFB","China","LCD (LED)",15.38,59,6,"Digital","0.5","0.0","MONSTER",24,0.153,21,100.5,386,"32in & under",6
"MT32HDNFB","China","LCD (LED)",15.87,60,8,"Digital","0.4","0.0","MONSTER",32,0.274,21,57.9,219,"32in & under",8
"QA55Q7FAAW","Vietnam","LCD (LED)",84,310,5,"Digital","0.5","0.0","SAMSUNG",55,0.823,108,102.1,377,"51-55in",5
"QA55Q7FAAS","Vietnam","LCD (LED)",84,310,5,"Digital","0.5","0.0","SAMSUNG",55,0.823,108,102.1,377,"51-55in",5
"QA55Q7F5AW","Vietnam","LCD (LED)",84,310,5,"Digital","0.5","0.0","SAMSUNG",55,0.823,108,102.1,377,"51-55in",5
"QA55Q7F5AS","Vietnam","LCD (LED)",84,310,5,"Digital","0.5","0.0","SAMSUNG",55,0.823,108,102.1,377,"51-55in",5
"QA55QEF1AW","Vietnam","LCD (LED)",84,310,5,"Digital","0.5","0.0","SAMSUNG",55,0.823,108,102.1,377,"51-55in",5
"QA55QEF1AS","Vietnam","LCD (LED)",84,310,5,"Digital","0.5","0.0","SAMSUNG",55,0.823,108,102.1,377,"51-55in",5
"55Q7F","Vietnam","LCD (LED)",84,310,5,"Digital","0.5","0.0","SAMSUNG",55,0.823,108,102.1,377,"51-55in",5
"QA65Q7FAAW","Vietnam","LCD (LED)",117,430,5,"Digital","0.5","0.0","SAMSUNG",65,1.148,150,101.9,375,"56-65in",5
"QA65Q7FAAS","Vietnam","LCD (LED)",117,430,5,"Digital","0.5","0.0","SAMSUNG",65,1.148,150,101.9,375,"56-65in",5
"QA65Q7F5AW","Vietnam","LCD (LED)",117,430,5,"Digital","0.5","0.0","SAMSUNG",65,1.148,150,101.9,375,"56-65in",5
"QA65Q7F5AS","Vietnam","LCD (LED)",117,430,5,"Digital","0.5","0.0","SAMSUNG",65,1.148,150,101.9,375,"56-65in",5
"QA65QEF1AW","Vietnam","LCD (LED)",117,430,5,"Digital","0.5","0.0","SAMSUNG",65,1.148,150,101.9,375,"56-65in",5
"QA65QEF1AS","Vietnam","LCD (LED)",117,430,5,"Digital","0.5","0.0","SAMSUNG",65,1.148,150,101.9,375,"56-65in",5
"QA75Q7FAAW","Vietnam","LCD (LED)",143,525,5.5,"Digital","0.5","0.0","SAMSUNG",75,1.532,184,93.3,343,"66-75in",6
"QA75Q7FAAS","Vietnam","LCD (LED)",143,525,5.5,"Digital","0.5","0.0","SAMSUNG",75,1.532,184,93.3,343,"66-75in",6
"QA75Q7F5AW","Vietnam","LCD (LED)",143,525,5.5,"Digital","0.5","0.0","SAMSUNG",75,1.532,184,93.3,343,"66-75in",6
"QA75Q7F5AS","Vietnam","LCD (LED)",143,525,5.5,"Digital","0.5","0.0","SAMSUNG",75,1.532,184,93.3,343,"66-75in",6
"QA75QEF1AW","Vietnam","LCD (LED)",143,525,5.5,"Digital","0.5","0.0","SAMSUNG",75,1.532,184,93.3,343,"66-75in",6
"QA75QEF1AS","Vietnam","LCD (LED)",143,525,5.5,"Digital","0.5","0.0","SAMSUNG",75,1.532,184,93.3,343,"66-75in",6
"QA85Q7FAAW","Vietnam","LCD (LED)",187,686,5.5,"Digital","0.5","0.0","SAMSUNG",85,1.971,240,94.9,348,"76-85in",6
"QA85Q7FAAS","Vietnam","LCD (LED)",187,686,5.5,"Digital","0.5","0.0","SAMSUNG",85,1.971,240,94.9,348,"76-85in",6
"QA85Q7F5AW","Vietnam","LCD (LED)",187,686,5.5,"Digital","0.5","0.0","SAMSUNG",85,1.971,240,94.9,348,"76-85in",6
"QA85Q7F5AS","Vietnam","LCD (LED)",187,686,5.5,"Digital","0.5","0.0","SAMSUNG",85,1.971,240,94.9,348,"76-85in",6
"QA85QEF1AW","Vietnam","LCD (LED)",187,686,5.5,"Digital","0.5","0.0","SAMSUNG",85,1.971,240,94.9,348,"76-85in",6
"QA85QEF1AS","Vietnam","LCD (LED)",187,686,5.5,"Digital","0.5","0.0","SAMSUNG",85,1.971,240,94.9,348,"76-85in",6
"85Q7F","Vietnam","LCD (LED)",187,686,5.5,"Digital","0.5","0.0","SAMSUNG",85,1.971,240,94.9,348,"76-85in",6
"QA100QN80FW","Vietnam","LCD (LED)",282,1032,5,"Digital","0.5","0.0","SAMSUNG",100,2.73,361,103.3,378,"86in+",5
"QA100QN80FS","Vietnam","LCD (LED)",282,1032,5,"Digital","0.5","0.0","SAMSUNG",100,2.73,361,103.3,378,"86in+",5
"QA100QN80F*","Vietnam","LCD (LED)",282,1032,5,"Digital","0.5","0.0","SAMSUNG",100,2.73,361,103.3,378,"86in+",5
"AWS550G","China","LCD (LED)",65.43,258,6,"Analogue/Digital","0.43","0.0","AIWA",55,0.823,90,79.5,313,"51-55in",6
"55UA7350PSB","China,Vietnam","LCD (LED)",91,334,5,"Analogue/Digital","","","LG",55,0.823,117,110.6,406,"51-55in",5
"50UA7350PSB","China,Vietnam","LCD (LED)",81,297,4.5,"Analogue/Digital","","","LG",49,0.675,104,120,440,"44-50in",4
"86UA8450PSA","China,Vietnam","LCD (LED)",155,568,6,"Analogue/Digital","","","LG",86,2.02,199,76.7,281,"86in+",6
"43UA7350PSB","China,Vietnam","LCD (LED)",66,242,4.5,"Analogue/Digital","","","LG",43,0.498,85,132.5,486,"33-43in",4
"75UA8450PSA","China,Vietnam","LCD (LED)",137,502,5.5,"Analogue/Digital","","","LG",75,1.531,176,89.5,328,"66-75in",6
"65UA7350PSB","China,Vietnam","LCD (LED)",115,422,5,"Analogue/Digital","","","LG",65,1.148,148,100.2,368,"56-65in",5
"50QNED80ASA","Indonesia,South Korea","LCD (LED)",68,251,5.5,"Analogue/Digital","0.4","0.0","LG",49,0.675,88,100.7,372,"44-50in",6
"75QNED86A6A","Indonesia,South Korea","LCD (LED)",106,389,7,"Analogue/Digital","0.4","0.0","LG",75,1.531,136,69.2,254,"66-75in",7
"EME-5501TE","China","LCD (LED)",104.8,391,4,"Analogue/Digital","","","EMETE",55,0.823,137,127.3,475,"51-55in",4
"EME-5502TE","China","LCD (LED)",104.8,391,4,"Analogue/Digital","","","EMETE",55,0.823,137,127.3,475,"51-55in",4
"EME-5503TE","China","LCD (LED)",104.8,391,4,"Analogue/Digital","","","EMETE",55,0.823,137,127.3,475,"51-55in",4
"EME-5504TE","China","LCD (LED)",104.8,391,4,"Analogue/Digital","","","EMETE",55,0.823,137,127.3,475,"51-55in",4
"EME-5505TE","China","LCD (LED)",104.8,391,4,"Analogue/Digital","","","EMETE",55,0.823,137,127.3,475,"51-55in",4
"EME-5506TE","China","LCD (LED)",104.8,391,4,"Analogue/Digital","","","EMETE",55,0.823,137,127.3,475,"51-55in",4
"EME-5507TE","China","LCD (LED)",104.8,391,4,"Analogue/Digital","","","EMETE",55,0.823,137,127.3,475,"51-55in",4
"EME-5508TE","China","LCD (LED)",104.8,391,4,"Analogue/Digital","","","EMETE",55,0.823,137,127.3,475,"51-55in",4
"EME-5509TE","China","LCD (LED)",104.8,391,4,"Analogue/Digital","","","EMETE",55,0.823,137,127.3,475,"51-55in",4
"EME-6501TE","China","LCD (LED)",110.08,415,5.5,"Analogue/Digital","","","EMETE",65,1.148,145,95.9,361,"56-65in",6
"EME-6502TE","China","LCD (LED)",110.08,415,5.5,"Analogue/Digital","","","EMETE",65,1.148,145,95.9,361,"56-65in",6
"EME-6503TE","China","LCD (LED)",110.08,415,5.5,"Analogue/Digital","","","EMETE",65,1.148,145,95.9,361,"56-65in",6
"EME-6504TE","China","LCD (LED)",110.08,415,5.5,"Analogue/Digital","","","EMETE",65,1.148,145,95.9,361,"56-65in",6
"EME-6505TE","China","LCD (LED)",110.08,415,5.5,"Analogue/Digital","","","EMETE",65,1.148,145,95.9,361,"56-65in",6
"EME-6506TE","China","LCD (LED)",110.08,415,5.5,"Analogue/Digital","","","EMETE",65,1.148,145,95.9,361,"56-65in",6
"EME-6507TE","China","LCD (LED)",110.08,415,5.5,"Analogue/Digital","","","EMETE",65,1.148,145,95.9,361,"56-65in",6
"EME-6508TE","China","LCD (LED)",110.08,415,5.5,"Analogue/Digital","","","EMETE",65,1.148,145,95.9,361,"56-65in",6
"EME-6509TE","China","LCD (LED)",110.08,415,5.5,"Analogue/Digital","","","EMETE",65,1.148,145,95.9,361,"56-65in",6
"EME-6510TE","China","LCD (LED)",110.08,415,5.5,"Analogue/Digital","","","EMETE",65,1.148,145,95.9,361,"56-65in",6
"EME-7501TE","China","LCD (LED)",175.6,650,4.5,"Analogue/Digital","","","EMETE",75,1.531,227,114.7,425,"66-75in",4
"EME-7502TE","China","LCD (LED)",175.6,650,4.5,"Analogue/Digital","","","EMETE",75,1.531,227,114.7,425,"66-75in",4
"EME-7503TE","China","LCD (LED)",175.6,650,4.5,"Analogue/Digital","","","EMETE",75,1.531,227,114.7,425,"66-75in",4
"EME-7504TE","China","LCD (LED)",175.6,650,4.5,"Analogue/Digital","","","EMETE",75,1.531,227,114.7,425,"66-75in",4
"EME-7505TE","China","LCD (LED)",175.6,650,4.5,"Analogue/Digital","","","EMETE",75,1.531,227,114.7,425,"66-75in",4
"EME-7506TE","China","LCD (LED)",175.6,650,4.5,"Analogue/Digital","","","EMETE",75,1.531,227,114.7,425,"66-75in",4
"EME-7507TE","China","LCD (LED)",175.6,650,4.5,"Analogue/Digital","","","EMETE",75,1.531,227,114.7,425,"66-75in",4
"EME-7508TE","China","LCD (LED)",175.6,650,4.5,"Analogue/Digital","","","EMETE",75,1.531,227,114.7,425,"66-75in",4
"EME-7509TE","China","LCD (LED)",175.6,650,4.5,"Analogue/Digital","","","EMETE",75,1.531,227,114.7,425,"66-75in",4
"EME-7510TE","China","LCD (LED)",175.6,650,4.5,"Analogue/Digital","","","EMETE",75,1.531,227,114.7,425,"66-75in",4
"EME-8501TE","China","LCD (LED)",199.69,740,5,"Analogue/Digital","","","EMETE",85,1.971,259,101.3,375,"76-85in",5
"EME-8502TE","China","LCD (LED)",199.69,740,5,"Analogue/Digital","","","EMETE",85,1.971,259,101.3,375,"76-85in",5
"EME-8503TE","China","LCD (LED)",199.69,740,5,"Analogue/Digital","","","EMETE",85,1.971,259,101.3,375,"76-85in",5
"EME-8504TE","China","LCD (LED)",199.69,740,5,"Analogue/Digital","","","EMETE",85,1.971,259,101.3,375,"76-85in",5
"EME-8505TE","China","LCD (LED)",199.69,740,5,"Analogue/Digital","","","EMETE",85,1.971,259,101.3,375,"76-85in",5
"EME-8506TE","China","LCD (LED)",199.69,740,5,"Analogue/Digital","","","EMETE",85,1.971,259,101.3,375,"76-85in",5
"EME-8507TE","China","LCD (LED)",199.69,740,5,"Analogue/Digital","","","EMETE",85,1.971,259,101.3,375,"76-85in",5
"EME-8508TE","China","LCD (LED)",199.69,740,5,"Analogue/Digital","","","EMETE",85,1.971,259,101.3,375,"76-85in",5
"EME-8509TE","China","LCD (LED)",199.69,740,5,"Analogue/Digital","","","EMETE",85,1.971,259,101.3,375,"76-85in",5
"EME-8510TE","China","LCD (LED)",199.69,740,5,"Analogue/Digital","","","EMETE",85,1.971,259,101.3,375,"76-85in",5
"EME-1001TE","China","LCD (LED)",320,1201,4,"Analogue/Digital","","","EMETE",100,2.73,420,117.2,440,"86in+",4
"EME-1002TE","China","LCD (LED)",320,1201,4,"Analogue/Digital","","","EMETE",100,2.73,420,117.2,440,"86in+",4
"EME-1003TE","China","LCD (LED)",320,1201,4,"Analogue/Digital","","","EMETE",100,2.73,420,117.2,440,"86in+",4
"EME-1004TE","China","LCD (LED)",320,1201,4,"Analogue/Digital","","","EMETE",100,2.73,420,117.2,440,"86in+",4
"EME-1005TE","China","LCD (LED)",320,1201,4,"Analogue/Digital","","","EMETE",100,2.73,420,117.2,440,"86in+",4
"EME-1006TE","China","LCD (LED)",320,1201,4,"Analogue/Digital","","","EMETE",100,2.73,420,117.2,440,"86in+",4
"EME-1007TE","China","LCD (LED)",320,1201,4,"Analogue/Digital","","","EMETE",100,2.73,420,117.2,440,"86in+",4
"EME-1008TE","China","LCD (LED)",320,1201,4,"Analogue/Digital","","","EMETE",100,2.73,420,117.2,440,"86in+",4
"EME-1009TE","China","LCD (LED)",320,1201,4,"Analogue/Digital","","","EMETE",100,2.73,420,117.2,440,"86in+",4
"EME-1010TE","China","LCD (LED)",320,1201,4,"Analogue/Digital","","","EMETE",100,2.73,420,117.2,440,"86in+",4
"ATV43FHDW-0325","China","LCD",39.8,172,6,"Analogue/Digital","0.35","0.0","BAUHN",43,0.511,60,77.9,337,"33-43in",6
"QA75QN990FW","Vietnam","LCD (LED)",285,1043,2.5,"Digital","0.5","0.0","SAMSUNG",75,1.532,365,186,681,"66-75in",2
"QA75QN990FS","Vietnam","LCD (LED)",285,1043,2.5,"Digital","0.5","0.0","SAMSUNG",75,1.532,365,186,681,"66-75in",2
"QA75QN990F*","Vietnam","LCD (LED)",285,1043,2.5,"Digital","0.5","0.0","SAMSUNG",75,1.532,365,186,681,"66-75in",2
"QA55QN1EFAW","Vietnam","LCD (LED)",112,412,4,"Digital","0.5","0.0","SAMSUNG",55,0.823,144,136.1,501,"51-55in",4
"QA55QN1EFAS","Vietnam","LCD (LED)",112,412,4,"Digital","0.5","0.0","SAMSUNG",55,0.823,144,136.1,501,"51-55in",4
"QA55QN1EFA*","Vietnam","LCD (LED)",112,412,4,"Digital","0.5","0.0","SAMSUNG",55,0.823,144,136.1,501,"51-55in",4
"QA65QN1EFAW","Vietnam","LCD (LED)",131,481,4.5,"Digital","0.5","0.0","SAMSUNG",65,1.148,168,114.1,419,"56-65in",4
"QA65QN1EFAS","Vietnam","LCD (LED)",131,481,4.5,"Digital","0.5","0.0","SAMSUNG",65,1.148,168,114.1,419,"56-65in",4
"QA65QN1EFA*","Vietnam","LCD (LED)",131,481,4.5,"Digital","0.5","0.0","SAMSUNG",65,1.148,168,114.1,419,"56-65in",4
"QA75QN1EFAW","Vietnam","LCD (LED)",178,653,4.5,"Digital","0.5","0.0","SAMSUNG",75,1.532,229,116.2,426,"66-75in",4
"QA75QN1EFAS","Vietnam","LCD (LED)",178,653,4.5,"Digital","0.5","0.0","SAMSUNG",75,1.532,229,116.2,426,"66-75in",4
"QA75QN1EFA*","Vietnam","LCD (LED)",178,653,4.5,"Digital","0.5","0.0","SAMSUNG",75,1.532,229,116.2,426,"66-75in",4
"QA85QN1EFAW","Vietnam","LCD (LED)",220,806,4.5,"Digital","0.5","0.0","SAMSUNG",85,1.971,282,111.6,409,"76-85in",4
"QA85QN1EFAS","Vietnam","LCD (LED)",220,806,4.5,"Digital","0.5","0.0","SAMSUNG",85,1.971,282,111.6,409,"76-85in",4
"QA85QN1EFA*","Vietnam","LCD (LED)",220,806,4.5,"Digital","0.5","0.0","SAMSUNG",85,1.971,282,111.6,409,"76-85in",4
"QA65Q*F SERIES","Vietnam","LCD (LED)",117,430,5,"Digital","0.5","0.0","SAMSUNG",65,1.148,150,101.9,375,"56-65in",5
"QA75Q*F SERIES","Vietnam","LCD (LED)",143,525,5.5,"Digital","0.5","0.0","SAMSUNG",75,1.532,184,93.3,343,"66-75in",6
"EME-5510TE","China","LCD (LED)",104.8,391,4,"Analogue/Digital","","","EMETE",55,0.823,137,127.3,475,"51-55in",4
"EME-55XXTE","China","LCD (LED)",104.8,391,4,"Analogue/Digital","","","EMETE",55,0.823,137,127.3,475,"51-55in",4
"EME-65XXTE","China","LCD (LED)",110.08,415,5.5,"Analogue/Digital","","","EMETE",65,1.148,145,95.9,361,"56-65in",6
"EME-75XXTE","China","LCD (LED)",175.6,650,4.5,"Analogue/Digital","","","EMETE",75,1.531,227,114.7,425,"66-75in",4
"EME-85XXTE","China","LCD (LED)",199.69,740,5,"Analogue/Digital","","","EMETE",85,1.971,259,101.3,375,"76-85in",5
"EME-10XXTE","China","LCD (LED)",320,1201,4,"Analogue/Digital","","","EMETE",100,2.73,420,117.2,440,"86in+",4
"85P7K","China","LCD (LED)",186.5,826,4.5,"Analogue/Digital","0.356","0.0","TCL",85,1.971,289,94.6,419,"76-85in",4
"65C8K","China","LCD (LED)",107.4,450,5,"Analogue/Digital","0.305","0.0","TCL",64,1.147,158,93.6,392,"56-65in",5
"75C8K","China","LCD (LED)",128.9,547,5.5,"Analogue/Digital","0.346","0.0","TCL",75,1.531,191,84.2,357,"66-75in",6
"98C8K","China","LCD (LED)",165.6,769,6,"Analogue/Digital","0.329","0.0","TCL",97,2.62,269,63.2,294,"86in+",6
"OLED83B5PSA","Indonesia,South Korea","OLED",151,554,6,"Analogue/Digital","0.4","0.0","LG",83,1.877,194,80.4,295,"76-85in",6
"OLED83B56LA","Indonesia,South Korea","OLED",151,554,6,"Analogue/Digital","0.4","0.0","LG",83,1.877,194,80.4,295,"76-85in",6
"75P7K","China","LCD (LED)",104.7,460,6,"Analogue/Digital","0.334","0.0","TCL",75,1.531,161,68.4,300,"66-75in",6
"K400FGTQ","China","LCD",50.5,186,5,"Analogue/Digital","0.25","0.25","EKO",40,0.429,65,117.7,434,"33-43in",5
"KALED55U95TA","China","LCD (LED)",65.43,258,6,"Analogue/Digital","0.43","0.0","KOGAN",55,0.823,90,79.5,313,"51-55in",6
"BP400FTS","China","LCD",59.75,230,4,"Analogue/Digital","","","BLAUPUNKT",40,0.426,80,140.3,540,"33-43in",4
"K40FST","China","LCD",59.75,230,4,"Analogue/Digital","","","EKO",40,0.426,80,140.3,540,"33-43in",4
"65UA8450PSA","Indonesia,South Korea","LCD (LED)",118,433,5,"Analogue/Digital","0.4","0.0","LG",65,1.148,152,102.8,377,"56-65in",5
"KAL24DH5400QA","China,Vietnam","LCD (LED)",20.83,85,5,"Digital","","","KOGAN",24,0.153,30,136.1,556,"32in & under",5
"KAL24DH5400QB","China,Vietnam","LCD (LED)",20.83,85,5,"Digital","","","KOGAN",24,0.153,30,136.1,556,"32in & under",5
"KAL24DH5400QC","China,Vietnam","LCD (LED)",20.83,85,5,"Digital","","","KOGAN",24,0.153,30,136.1,556,"32in & under",5
"KAL24DH5400QD","China,Vietnam","LCD (LED)",20.83,85,5,"Digital","","","KOGAN",24,0.153,30,136.1,556,"32in & under",5
"65QNED93ASA","China","LCD (LED)",159.1,678,3,"Analogue/Digital","0.33","0.34","LG",65,1.148,237,138.6,591,"56-65in",3
"65QNED93A6A","China","LCD (LED)",159.1,678,3,"Analogue/Digital","0.33","0.34","LG",65,1.148,237,138.6,591,"56-65in",3
"65QNED92A6A","China","LCD (LED)",159.1,678,3,"Analogue/Digital","0.33","0.34","LG",65,1.148,237,138.6,591,"56-65in",3
"65QNED92ASA","China","LCD (LED)",159.1,678,3,"Analogue/Digital","0.33","0.34","LG",65,1.148,237,138.6,591,"56-65in",3
"65QNED92AUA","China","LCD (LED)",159.1,678,3,"Analogue/Digital","0.33","0.34","LG",65,1.148,237,138.6,591,"56-65in",3
"65QNED93AKA","China","LCD (LED)",159.1,678,3,"Analogue/Digital","0.33","0.34","LG",65,1.148,237,138.6,591,"56-65in",3
"65QNED9#### (# can be A-Z, 0-9 or ""-"" or ""."" or blank)","China","LCD (LED)",159.1,678,3,"Analogue/Digital","0.33","0.34","LG",65,1.148,237,138.6,591,"56-65in",3
"75QNED93ASA","China","LCD (LED)",190.2,806,3.5,"Analogue/Digital","0.31","0.32","LG",75,1.532,282,124.2,526,"66-75in",4
"75QNED93A6A","China","LCD (LED)",190.2,806,3.5,"Analogue/Digital","0.31","0.32","LG",75,1.532,282,124.2,526,"66-75in",4
"75QNED92A6A","China","LCD (LED)",190.2,806,3.5,"Analogue/Digital","0.31","0.32","LG",75,1.532,282,124.2,526,"66-75in",4
"75QNED92ASA","China","LCD (LED)",190.2,806,3.5,"Analogue/Digital","0.31","0.32","LG",75,1.532,282,124.2,526,"66-75in",4
"75QNED92AUA","China","LCD (LED)",190.2,806,3.5,"Analogue/Digital","0.31","0.32","LG",75,1.532,282,124.2,526,"66-75in",4
"75QNED93AKA","China","LCD (LED)",190.2,806,3.5,"Analogue/Digital","0.31","0.32","LG",75,1.532,282,124.2,526,"66-75in",4
"75QNED9#### (# can be A-Z, 0-9 or ""-"" or “.” or blank)","China","LCD (LED)",190.2,806,3.5,"Analogue/Digital","0.31","0.32","LG",75,1.532,282,124.2,526,"66-75in",4
"40A4QAU","China","LCD (LED)",28.17,121,7,"Analogue/Digital","0.25","0.0","HISENSE",40,0.426,42,66.1,284,"33-43in",7
"40A4QNZ","China","LCD (LED)",28.17,121,7,"Analogue/Digital","0.25","0.0","HISENSE",40,0.426,42,66.1,284,"33-43in",7
"32A4QAU","China","LCD (LED)",22.07,89,6,"Analogue/Digital","0.37","0.0","HISENSE",32,0.274,31,80.5,325,"32in & under",6
"32A4QNZ","China","LCD (LED)",22.07,89,6,"Analogue/Digital","0.37","0.0","HISENSE",32,0.274,31,80.5,325,"32in & under",6
"43Q6QAU","China","LCD (LED)",51.09,203,5,"Analogue/Digital","0.26","0.0","HISENSE",42,0.498,71,102.6,408,"33-43in",5
"43Q6QNZ","China","LCD (LED)",51.09,203,5,"Analogue/Digital","0.26","0.0","HISENSE",42,0.498,71,102.6,408,"33-43in",5
"50Q6QAU","China","LCD (LED)",59.02,239,5.5,"Analogue/Digital","0.26","0.0","HISENSE",50,0.675,84,87.4,354,"44-50in",6
"50Q6QNZ","China","LCD (LED)",59.02,239,5.5,"Analogue/Digital","0.26","0.0","HISENSE",50,0.675,84,87.4,354,"44-50in",6
"55Q6QAU","China","LCD (LED)",62,259,6,"Analogue/Digital","0.27","0.0","HISENSE",55,0.823,91,75.3,315,"51-55in",6
"55Q6QNZ","China","LCD (LED)",62,259,6,"Analogue/Digital","0.27","0.0","HISENSE",55,0.823,91,75.3,315,"51-55in",6
"65Q6QAU","China","LCD (LED)",98.86,399,5.5,"Analogue/Digital","0.38","0.0","HISENSE",65,1.148,140,86.1,348,"56-65in",6
"65Q6QNZ","China","LCD (LED)",98.86,399,5.5,"Analogue/Digital","0.38","0.0","HISENSE",65,1.148,140,86.1,348,"56-65in",6
"75Q6QAU","China","LCD (LED)",117.04,479,6,"Analogue/Digital","0.26","0.0","HISENSE",75,1.532,168,76.4,313,"66-75in",6
"75Q6QNZ","China","LCD (LED)",117.04,479,6,"Analogue/Digital","0.26","0.0","HISENSE",75,1.532,168,76.4,313,"66-75in",6
"85Q6QAU","China","LCD (LED)",177.89,698,5.5,"Analogue/Digital","0.26","0.0","HISENSE",85,1.971,244,90.3,354,"76-85in",6
"85Q6QNZ","China","LCD (LED)",177.89,698,5.5,"Analogue/Digital","0.26","0.0","HISENSE",85,1.971,244,90.3,354,"76-85in",6
"65U7QAU","China","LCD (LED)",115.94,465,5,"Analogue/Digital","0.375","0.0","HISENSE",65,1.148,163,101,405,"56-65in",5
"65U7QNZ","China","LCD (LED)",115.94,465,5,"Analogue/Digital","0.375","0.0","HISENSE",65,1.148,163,101,405,"56-65in",5
"75U7QAU","China","LCD (LED)",145.91,579,5,"Analogue/Digital","0.39","0.0","HISENSE",75,1.532,203,95.2,378,"66-75in",5
"75U7QNZ","China","LCD (LED)",145.91,579,5,"Analogue/Digital","0.39","0.0","HISENSE",75,1.532,203,95.2,378,"66-75in",5
"85U7QAU","China","LCD (LED)",186.38,759,5,"Analogue/Digital","0.34","0.0","HISENSE",85,1.971,266,94.6,385,"76-85in",5
"85U7QNZ","China","LCD (LED)",186.38,759,5,"Analogue/Digital","0.34","0.0","HISENSE",85,1.971,266,94.6,385,"76-85in",5
"100U7QAU","China","LCD (LED)",222.34,888,5.5,"Analogue/Digital","0.35","0.0","HISENSE",100,2.73,311,81.4,325,"86in+",6
"100U7QNZ","China","LCD (LED)",222.34,888,5.5,"Analogue/Digital","0.35","0.0","HISENSE",100,2.73,311,81.4,325,"86in+",6
"85QNED93ASA","China","LCD (LED)",225.8,952,4,"Analogue/Digital","0.32","0.33","LG",85,1.971,333,114.6,483,"76-85in",4
"85QNED93A6A","China","LCD (LED)",225.8,952,4,"Analogue/Digital","0.32","0.33","LG",85,1.971,333,114.6,483,"76-85in",4
"85QNED92A6A","China","LCD (LED)",225.8,952,4,"Analogue/Digital","0.32","0.33","LG",85,1.971,333,114.6,483,"76-85in",4
"85QNED92ASA","China","LCD (LED)",225.8,952,4,"Analogue/Digital","0.32","0.33","LG",85,1.971,333,114.6,483,"76-85in",4
"85QNED92AUA","China","LCD (LED)",225.8,952,4,"Analogue/Digital","0.32","0.33","LG",85,1.971,333,114.6,483,"76-85in",4
"85QNED93AKA","China","LCD (LED)",225.8,952,4,"Analogue/Digital","0.32","0.33","LG",85,1.971,333,114.6,483,"76-85in",4
"85QNED9#### (# can be A-Z, 0-9 or ""-"" or ""."" or blank)","China","LCD (LED)",225.8,952,4,"Analogue/Digital","0.32","0.33","LG",85,1.971,333,114.6,483,"76-85in",4
"KAL24DH5400Q*","China,Vietnam","LCD (LED)",20.83,85,5,"Digital","","","KOGAN",24,0.153,30,136.1,556,"32in & under",5
"K70USTW","China","LCD (LED)",147.1,690,3.5,"Analogue/Digital","0.45","0.46","EKO",70,1.338,241,109.9,516,"66-75in",4
"32E5500H","China","LCD (LED)",24.3,100,6,"Analogue/Digital","0.299","0.0","COOCAA",32,0.274,35,88.7,365,"32in & under",6
"40A4Q","China","LCD (LED)",28.17,121,7,"Analogue/Digital","0.25","0.0","HISENSE",40,0.426,42,66.1,284,"33-43in",7
"LT-40NQ5155A","China","LCD (LED)",32.46,151,6,"Analogue/Digital","","","JVC",39,0.426,53,76.2,354,"33-43in",6
"AV-AQ405165A","China","LCD (LED)",47.04,194,5.5,"Analogue/Digital","","","JVC",42,0.497,68,94.6,390,"33-43in",6
"AV-JQ405155A","China","LCD (LED)",47.04,194,5.5,"Analogue/Digital","","","JVC",42,0.497,68,94.6,390,"33-43in",6
"LT-43NQ7155A","China","LCD (LED)",47.04,194,5.5,"Analogue/Digital","","","JVC",42,0.497,68,94.6,390,"33-43in",6
"AV-AQ405165A series","China","LCD (LED)",47.04,194,5.5,"Analogue/Digital","","","JVC",42,0.497,68,94.6,390,"33-43in",6
"AV-A557155A","China","LCD (LED)",112.38,466,3.5,"Analogue/Digital","","","JVC",55,0.823,163,136.5,566,"51-55in",4
"AV-J557155A","China","LCD (LED)",112.38,466,3.5,"Analogue/Digital","","","JVC",55,0.823,163,136.5,566,"51-55in",4
"LT-55N7155A","China","LCD (LED)",112.38,466,3.5,"Analogue/Digital","","","JVC",55,0.823,163,136.5,566,"51-55in",4
"LT-55N7165A","China","LCD (LED)",112.38,466,3.5,"Analogue/Digital","","","JVC",55,0.823,163,136.5,566,"51-55in",4
"AV-A557155A series","China","LCD (LED)",112.38,466,3.5,"Analogue/Digital","","","JVC",55,0.823,163,136.5,566,"51-55in",4
"AV-AE557155A","China","LCD (LED)",75.48,302,5.5,"Analogue/Digital","","","JVC",55,0.845,106,89.3,357,"51-55in",6
"AV-JE557165A","China","LCD (LED)",75.48,302,5.5,"Analogue/Digital","","","JVC",55,0.845,106,89.3,357,"51-55in",6
"LT-55NE7155A","China","LCD (LED)",75.48,302,5.5,"Analogue/Digital","","","JVC",55,0.845,106,89.3,357,"51-55in",6
"AV-AE557155A series","China","LCD (LED)",75.48,302,5.5,"Analogue/Digital","","","JVC",55,0.845,106,89.3,357,"51-55in",6
"AV-A657155A","China","LCD (LED)",156.42,640,3.5,"Analogue/Digital","","","JVC",64,1.147,224,136.4,558,"56-65in",4
"AV-J657155A","China","LCD (LED)",156.42,640,3.5,"Analogue/Digital","","","JVC",64,1.147,224,136.4,558,"56-65in",4
"LT-65N7165A","China","LCD (LED)",156.42,640,3.5,"Analogue/Digital","","","JVC",64,1.147,224,136.4,558,"56-65in",4
"AV-A657155A series","China","LCD (LED)",156.42,640,3.5,"Analogue/Digital","","","JVC",64,1.147,224,136.4,558,"56-65in",4
"AV-AE657155A","China","LCD (LED)",107.58,448,5,"Analogue/Digital","","","JVC",65,1.182,157,91,379,"56-65in",5
"AV-JE657165A","China","LCD (LED)",107.58,448,5,"Analogue/Digital","","","JVC",65,1.182,157,91,379,"56-65in",5
"LT-65NE7155A","China","LCD (LED)",107.58,448,5,"Analogue/Digital","","","JVC",65,1.182,157,91,379,"56-65in",5
"AV-AE657155A series","China","LCD (LED)",107.58,448,5,"Analogue/Digital","","","JVC",65,1.182,157,91,379,"56-65in",5
"K320HGPB","China","LCD (LED)",32.4,127,5,"Analogue/Digital","0.415","0.0","EKO",32,0.274,44,118.2,464,"32in & under",5
"LS60UHDNF25","China","LCD",86.09,320,6,"unknown","0.35","0.0","LINSAR",60,0.996,112,86.4,321,"56-65in",6
"AWC400W","China","LCD",33.1,123,6,"Analogue/Digital","0.25","0.0","AIWA",40,0.426,43,77.7,289,"33-43in",6
"55PQT9020/79","China","LCD (LED)",136.1,532,3,"Analogue/Digital","","","PHILIPS",55,0.823,186,165.4,646,"51-55in",3
"QA43Q7FAAW","Vietnam","LCD (LED)",68,251,4,"Digital","0.5","0.0","SAMSUNG",43,0.498,88,136.5,504,"33-43in",4
"QA43Q7FAAS","Vietnam","LCD (LED)",68,251,4,"Digital","0.5","0.0","SAMSUNG",43,0.498,88,136.5,504,"33-43in",4
"QA43QEF1AW","Vietnam","LCD (LED)",68,251,4,"Digital","0.5","0.0","SAMSUNG",43,0.498,88,136.5,504,"33-43in",4
"QA43QEF1AS","Vietnam","LCD (LED)",68,251,4,"Digital","0.5","0.0","SAMSUNG",43,0.498,88,136.5,504,"33-43in",4
"QA43Q*F SERIES","Vietnam","LCD (LED)",68,251,4,"Digital","0.5","0.0","SAMSUNG",43,0.498,88,136.5,504,"33-43in",4
"QA50Q7FAAW","Vietnam","LCD (LED)",79,291,4.5,"Digital","0.5","0.0","SAMSUNG",49,0.675,102,117,431,"44-50in",4
"QA50Q7FAAS","Vietnam","LCD (LED)",79,291,4.5,"Digital","0.5","0.0","SAMSUNG",49,0.675,102,117,431,"44-50in",4
"QA50QEF1AW","Vietnam","LCD (LED)",79,291,4.5,"Digital","0.5","0.0","SAMSUNG",49,0.675,102,117,431,"44-50in",4
"QA50QEF1AS","Vietnam","LCD (LED)",79,291,4.5,"Digital","0.5","0.0","SAMSUNG",49,0.675,102,117,431,"44-50in",4
"QA50Q*F SERIES","Vietnam","LCD (LED)",79,291,4.5,"Digital","0.5","0.0","SAMSUNG",49,0.675,102,117,431,"44-50in",4
"98C7K","China","LCD (LED)",164,800,6,"Analogue/Digital","0.338","0.0","TCL",97,2.62,280,62.6,305,"86in+",6
"55QNED70A6A","Indonesia,South Korea","LCD (LED)",92,338,5,"Analogue/Digital","0.4","0.0","LG",55,0.823,118,111.8,411,"51-55in",5
"55QNED70ASA","Indonesia,South Korea","LCD (LED)",92,338,5,"Analogue/Digital","0.4","0.0","LG",55,0.823,118,111.8,411,"51-55in",5
"65QNED70A6A","Indonesia,South Korea","LCD (LED)",118,433,5,"Analogue/Digital","0.4","0.0","LG",65,1.148,152,102.8,377,"56-65in",5
"65QNED70ASA","Indonesia,South Korea","LCD (LED)",118,433,5,"Analogue/Digital","0.4","0.0","LG",65,1.148,152,102.8,377,"56-65in",5
"55Z670RP","China","LCD (LED)",75.21,305,5.5,"Analogue/Digital","0.31","0.0","TOSHIBA",55,0.823,107,91.4,371,"51-55in",6
"65Z670RP","China","LCD (LED)",105.39,416,5.5,"Analogue/Digital","0.32","0.0","TOSHIBA",65,1.148,146,91.8,362,"56-65in",6
"75Z670RP","China","LCD (LED)",121.59,489,6,"Analogue/Digital","0.41","0.0","TOSHIBA",75,1.532,171,79.4,319,"66-75in",6
"85Z670RP","China","LCD (LED)",171.81,688,5.5,"Analogue/Digital","0.26","0.0","TOSHIBA",85,1.971,241,87.2,349,"76-85in",6
"QA55QN3EFAW","Vietnam","LCD (LED)",113,416,4,"Digital","0.5","0.0","SAMSUNG",55,0.823,146,137.3,505,"51-55in",4
"QA55QN3EFAS","Vietnam","LCD (LED)",113,416,4,"Digital","0.5","0.0","SAMSUNG",55,0.823,146,137.3,505,"51-55in",4
"QA55QN3EFA*","Vietnam","LCD (LED)",113,416,4,"Digital","0.5","0.0","SAMSUNG",55,0.823,146,137.3,505,"51-55in",4
"65OLED789/98","China","OLED",122.5,493,4.5,"Analogue/Digital","0.36","0.39","PHILIPS",65,1.148,173,106.7,429,"56-65in",4
"QA65QN3EFAS","Vietnam","LCD (LED)",136,499,4.5,"Digital","0.5","0.0","SAMSUNG",65,1.148,175,118.5,435,"56-65in",4
"55OLED789/98","China","OLED",97,391,4,"Analogue/Digital","0.35","0.39","PHILIPS",55,0.823,137,117.9,475,"51-55in",4
"QA65LST7TAW","Mexico","LCD (LED)",271,992,1.5,"Digital","0.5","0.0","SAMSUNG",64,1.147,347,236.3,865,"56-65in",2
"QA75LST7TAW","Mexico","LCD (LED)",340,1244,1.5,"Digital","0.5","0.0","SAMSUNG",75,1.531,435,222.1,813,"66-75in",2
"ATV75UHDT-0725","China","LCD",130.5,485,6,"unknown","0.42","130.5","BAUHN",75,1.532,170,85.2,317,"66-75in",6
"UA75U8000FW","Vietnam","LCD (LED)",136,499,5.5,"Digital","0.5","0.0","SAMSUNG",75,1.532,175,88.8,326,"66-75in",6
"UA75U8000FS","Vietnam","LCD (LED)",136,499,5.5,"Digital","0.5","0.0","SAMSUNG",75,1.532,175,88.8,326,"66-75in",6
"UA75U8500FW","Vietnam","LCD (LED)",136,499,5.5,"Digital","0.5","0.0","SAMSUNG",75,1.532,175,88.8,326,"66-75in",6
"UA75U8500FS","Vietnam","LCD (LED)",136,499,5.5,"Digital","0.5","0.0","SAMSUNG",75,1.532,175,88.8,326,"66-75in",6
"UA75UE100FS","Vietnam","LCD (LED)",136,499,5.5,"Digital","0.5","0.0","SAMSUNG",75,1.532,175,88.8,326,"66-75in",6
"UA75U**00F*","Vietnam","LCD (LED)",136,499,5.5,"Digital","0.5","0.0","SAMSUNG",75,1.532,175,88.8,326,"66-75in",6
"UA65UE100FS","Vietnam","LCD (LED)",113,416,5.5,"Digital","0.5","0.0","SAMSUNG",65,1.148,146,98.4,362,"56-65in",6
"UA65U**00F*","Vietnam","LCD (LED)",113,416,5.5,"Digital","0.5","0.0","SAMSUNG",65,1.148,146,98.4,362,"56-65in",6
"UA65U8000FW","Vietnam","LCD (LED)",113,416,5.5,"Digital","0.5","0.0","SAMSUNG",65,1.148,146,98.4,362,"56-65in",6
"UA65U8000FS","Vietnam","LCD (LED)",113,416,5.5,"Digital","0.5","0.0","SAMSUNG",65,1.148,146,98.4,362,"56-65in",6
"UA65U8500FW","Vietnam","LCD (LED)",113,416,5.5,"Digital","0.5","0.0","SAMSUNG",65,1.148,146,98.4,362,"56-65in",6
"UA65U8500FS","Vietnam","LCD (LED)",113,416,5.5,"Digital","0.5","0.0","SAMSUNG",65,1.148,146,98.4,362,"56-65in",6
"UA55U8500FW","Vietnam","LCD (LED)",79,291,5.5,"Digital","0.5","0.0","SAMSUNG",55,0.823,102,96,354,"51-55in",6
"UA55U8500FS","Vietnam","LCD (LED)",79,291,5.5,"Digital","0.5","0.0","SAMSUNG",55,0.823,102,96,354,"51-55in",6
"UA55UE100FS","Vietnam","LCD (LED)",79,291,5.5,"Digital","0.5","0.0","SAMSUNG",55,0.823,102,96,354,"51-55in",6
"UA55U**00F*","Vietnam","LCD (LED)",79,291,5.5,"Digital","0.5","0.0","SAMSUNG",55,0.823,102,96,354,"51-55in",6
"UA55U8000FW","Vietnam","LCD (LED)",79,291,5.5,"Digital","0.5","0.0","SAMSUNG",55,0.823,102,96,354,"51-55in",6
"UA55U8000FS","Vietnam","LCD (LED)",79,291,5.5,"Digital","0.5","0.0","SAMSUNG",55,0.823,102,96,354,"51-55in",6
"UA43UE100FS","Vietnam","LCD (LED)",68,251,4,"Digital","0.5","0.0","SAMSUNG",43,0.498,88,136.5,504,"33-43in",4
"UA43U**00F*","Vietnam","LCD (LED)",68,251,4,"Digital","0.5","0.0","SAMSUNG",43,0.498,88,136.5,504,"33-43in",4
"UA43U8000FW","Vietnam","LCD (LED)",68,251,4,"Digital","0.5","0.0","SAMSUNG",43,0.498,88,136.5,504,"33-43in",4
"UA43U8000FS","Vietnam","LCD (LED)",68,251,4,"Digital","0.5","0.0","SAMSUNG",43,0.498,88,136.5,504,"33-43in",4
"UA43U8500FW","Vietnam","LCD (LED)",68,251,4,"Digital","0.5","0.0","SAMSUNG",43,0.498,88,136.5,504,"33-43in",4
"UA43U8500FS","Vietnam","LCD (LED)",68,251,4,"Digital","0.5","0.0","SAMSUNG",43,0.498,88,136.5,504,"33-43in",4
"UA50U8000FW","Vietnam","LCD (LED)",71,262,5,"Digital","0.5","0.0","SAMSUNG",49,0.675,92,105.2,388,"44-50in",5
"UA50U8000FS","Vietnam","LCD (LED)",71,262,5,"Digital","0.5","0.0","SAMSUNG",49,0.675,92,105.2,388,"44-50in",5
"UA50U8500FW","Vietnam","LCD (LED)",71,262,5,"Digital","0.5","0.0","SAMSUNG",49,0.675,92,105.2,388,"44-50in",5
"UA50U8500FS","Vietnam","LCD (LED)",71,262,5,"Digital","0.5","0.0","SAMSUNG",49,0.675,92,105.2,388,"44-50in",5
"UA50UE100FS","Vietnam","LCD (LED)",71,262,5,"Digital","0.5","0.0","SAMSUNG",49,0.675,92,105.2,388,"44-50in",5
"UA50U**00F*","Vietnam","LCD (LED)",71,262,5,"Digital","0.5","0.0","SAMSUNG",49,0.675,92,105.2,388,"44-50in",5
"UA85UE100FS","Vietnam","LCD (LED)",142,521,6,"Digital","0.5","0.0","SAMSUNG",85,1.971,182,72,264,"76-85in",6
"UA85U**00F*","Vietnam","LCD (LED)",142,521,6,"Digital","0.5","0.0","SAMSUNG",85,1.971,182,72,264,"76-85in",6
"UA85U8000FW","Vietnam","LCD (LED)",142,521,6,"Digital","0.5","0.0","SAMSUNG",85,1.971,182,72,264,"76-85in",6
"UA85U8000FS","Vietnam","LCD (LED)",142,521,6,"Digital","0.5","0.0","SAMSUNG",85,1.971,182,72,264,"76-85in",6
"UA85U8500FW","Vietnam","LCD (LED)",142,521,6,"Digital","0.5","0.0","SAMSUNG",85,1.971,182,72,264,"76-85in",6
"UA85U8500FS","Vietnam","LCD (LED)",142,521,6,"Digital","0.5","0.0","SAMSUNG",85,1.971,182,72,264,"76-85in",6
"FF43U65","China","LCD (LED)",42.7,175,5.5,"Analogue/Digital","0.347","0.0","FFALCON",42,0.498,61,85.7,351,"33-43in",6
"FF50U65","China","LCD (LED)",50,205,6,"Analogue/Digital","0.367","0.0","FFALCON",49,0.675,72,74.1,304,"44-50in",6
"FF55U65","China","LCD (LED)",64.3,261,6,"Analogue/Digital","0.379","0.0","FFALCON",55,0.822,91,78.2,318,"51-55in",6
"FF65U65","China","LCD (LED)",77.1,320,6,"Analogue/Digital","0.344","0.0","FFALCON",64,1.147,112,67.2,279,"56-65in",6
"FF75U65","China","LCD (LED)",97.2,400,6,"Analogue/Digital","0.313","0.0","FFALCON",75,1.531,140,63.5,261,"66-75in",6
"55U7QAU","China","LCD (LED)",92.78,379,4.5,"Analogue/Digital","0.35","0.0","HISENSE",55,0.823,133,112.7,461,"51-55in",4
"55U7QNZ","China","LCD (LED)",92.78,379,4.5,"Analogue/Digital","0.35","0.0","HISENSE",55,0.823,133,112.7,461,"51-55in",4
"65U7Q series","China","LCD (LED)",115.94,465,5,"Analogue/Digital","0.375","0.0","HISENSE",65,1.148,163,101,405,"56-65in",5
"55G6500H","China","LCD (LED)",67.9,280,5.5,"Analogue/Digital","","","COOCAA",55,0.823,98,82.5,340,"51-55in",6
"85U7Q series","China","LCD (LED)",186.38,759,5,"Analogue/Digital","0.34","0.0","HISENSE",85,1.971,266,94.6,385,"76-85in",5
"100U7Q series","China","LCD (LED)",222.34,888,5.5,"Analogue/Digital","0.35","0.0","HISENSE",100,2.73,311,81.4,325,"86in+",6
"75U7Q series","China","LCD (LED)",145.91,579,5,"Analogue/Digital","0.39","0.0","HISENSE",75,1.532,203,95.2,378,"66-75in",5
"QA98QN990FW","Vietnam","LCD (LED)",358,1310,3.5,"Digital","0.5","0.0","SAMSUNG",98,2.621,458,136.6,500,"86in+",4
"QA98QN990FS","Vietnam","LCD (LED)",358,1310,3.5,"Digital","0.5","0.0","SAMSUNG",98,2.621,458,136.6,500,"86in+",4
"QA98QN990F*","Vietnam","LCD (LED)",358,1310,3.5,"Digital","0.5","0.0","SAMSUNG",98,2.621,458,136.6,500,"86in+",4
"KALED50U95VA","China","LCD (LED)",60.48,247,5.5,"Analogue/Digital","","","KOGAN",49,0.675,86,89.6,366,"44-50in",6
"KALED50U95VB","China","LCD (LED)",60.48,247,5.5,"Analogue/Digital","","","KOGAN",49,0.675,86,89.6,366,"44-50in",6
"KALED50U95VC","China","LCD (LED)",60.48,247,5.5,"Analogue/Digital","","","KOGAN",49,0.675,86,89.6,366,"44-50in",6
"KALED50U95V series","China","LCD (LED)",60.48,247,5.5,"Analogue/Digital","","","KOGAN",49,0.675,86,89.6,366,"44-50in",6
"43Q6Q series","China","LCD (LED)",51.09,203,5,"Analogue/Digital","0.26","0.0","HISENSE",42,0.498,71,102.6,408,"33-43in",5
"50Q6Q series","China","LCD (LED)",59.02,239,5.5,"Analogue/Digital","0.26","0.0","HISENSE",50,0.675,84,87.4,354,"44-50in",6
"55Q6Q series","China","LCD (LED)",62,259,6,"Analogue/Digital","0.27","0.0","HISENSE",55,0.823,91,75.3,315,"51-55in",6
"65Q6Q series","China","LCD (LED)",98.86,399,5.5,"Analogue/Digital","0.38","0.0","HISENSE",65,1.148,140,86.1,348,"56-65in",6
"85Q6Q series","China","LCD (LED)",177.89,698,5.5,"Analogue/Digital","0.26","0.0","HISENSE",85,1.971,244,90.3,354,"76-85in",6
"85X11K","China","LCD (LED)",239.2,980,3.5,"Analogue/Digital","0.371","0.0","TCL",85,1.971,343,121.4,497,"76-85in",4
"115C7K","China","LCD (LED)",280,1100,6,"Analogue/Digital","0.394","0.0","TCL",114,3.611,385,77.5,305,"86in+",6
"32S5K","China","LCD (LED)",25.4,130,5,"Analogue/Digital","0.416","0.0","TCL",31,0.273,46,93,476,"32in & under",5
"40S5K","China","LCD (LED)",30.3,140,6,"Analogue/Digital","0.337","0.0","TCL",39,0.426,49,71.1,329,"33-43in",6
"SW55G4F","China","LCD (LED)",64.3,260,6,"Analogue/Digital","","","SKYWORTH",55,0.823,91,78.1,316,"51-55in",6
"32LR655BPSA","Indonesia,South Korea","LCD (LED)",30,112,5.5,"Analogue/Digital","0.4","0.0","LG",32,0.274,39,109.5,409,"32in & under",6
"65Q7QAU","China","LCD (LED)",104.99,416,5.5,"Analogue/Digital","0.33","0.0","HISENSE",65,1.148,146,91.5,362,"56-65in",6
"65Q7QNZ","China","LCD (LED)",104.99,416,5.5,"Analogue/Digital","0.33","0.0","HISENSE",65,1.148,146,91.5,362,"56-65in",6
"75Q7QAU","China","LCD (LED)",122.25,489,6,"Analogue/Digital","0.27","0.0","HISENSE",75,1.532,171,79.8,319,"66-75in",6
"75Q7QNZ","China","LCD (LED)",122.25,489,6,"Analogue/Digital","0.27","0.0","HISENSE",75,1.532,171,79.8,319,"66-75in",6
"85Q7QAU","China","LCD (LED)",175.06,698,5.5,"Analogue/Digital","0.26","0.0","HISENSE",85,1.971,244,88.8,354,"76-85in",6
"85Q7QNZ","China","LCD (LED)",175.06,698,5.5,"Analogue/Digital","0.26","0.0","HISENSE",85,1.971,244,88.8,354,"76-85in",6
"100Q7QAU","China","LCD (LED)",238.44,955,5.5,"Analogue/Digital","0.35","0.0","HISENSE",100,2.73,334,87.3,350,"86in+",6
"100Q7QNZ","China","LCD (LED)",238.44,955,5.5,"Analogue/Digital","0.35","0.0","HISENSE",100,2.73,334,87.3,350,"86in+",6
"65Q7Q series","China","LCD (LED)",104.99,416,5.5,"Analogue/Digital","0.33","0.0","HISENSE",65,1.148,146,91.5,362,"56-65in",6
"75Q7Q series","China","LCD (LED)",122.25,489,6,"Analogue/Digital","0.27","0.0","HISENSE",75,1.532,171,79.8,319,"66-75in",6
"85Q7Q series","China","LCD (LED)",175.06,698,5.5,"Analogue/Digital","0.26","0.0","HISENSE",85,1.971,244,88.8,354,"76-85in",6
"100Q7Q series","China","LCD (LED)",238.44,955,5.5,"Analogue/Digital","0.35","0.0","HISENSE",100,2.73,334,87.3,350,"86in+",6
"KAQL85WQ98GSVA","China","LCD (LED)",216.3,863,4.5,"Analogue/Digital","","","KOGAN",85,1.971,302,109.7,438,"76-85in",4
"KAQL85WQ98GSVB","China","LCD (LED)",216.3,863,4.5,"Analogue/Digital","","","KOGAN",85,1.971,302,109.7,438,"76-85in",4
"KAQL85WQ98GSVC","China","LCD (LED)",216.3,863,4.5,"Analogue/Digital","","","KOGAN",85,1.971,302,109.7,438,"76-85in",4
"KAQL85 series","China","LCD (LED)",216.3,863,4.5,"Analogue/Digital","","","KOGAN",85,1.971,302,109.7,438,"76-85in",4
"SV500FTS","China","LCD (LED)",47.9,224,6,"Analogue/Digital","","","SVISION",50,0.675,78,71,332,"44-50in",6
"ZEN 3202","China","LCD (LED)",35.97,134,4.5,"unknown","0.5","0.0","ZEN TV",31,0.272,47,132.2,493,"32in & under",4
"ZEN 3201","China","LCD (LED)",35.97,134,4.5,"unknown","0.5","0.0","ZEN TV",31,0.272,47,132.2,493,"32in & under",4
"ZEN2401","China","LCD",21.55,81,5,"unknown","0.3","0.0","ZEN TV",24,0.165,28,130.6,491,"32in & under",5
"65U8QAU","China","LCD (LED)",129.15,520,4.5,"Analogue/Digital","0.4","0.0","HISENSE",65,1.148,182,112.5,453,"56-65in",4
"65U8QNZ","China","LCD (LED)",129.15,520,4.5,"Analogue/Digital","0.4","0.0","HISENSE",65,1.148,182,112.5,453,"56-65in",4
"75U8QAU","China","LCD (LED)",169.46,679,4.5,"Analogue/Digital","0.39","0.0","HISENSE",75,1.532,238,110.6,443,"66-75in",4
"85U8QAU","China","LCD (LED)",191.41,780,5,"Analogue/Digital","0.34","0.0","HISENSE",85,1.971,273,97.1,396,"76-85in",5
"65U8Q Series","China","LCD (LED)",129.15,520,4.5,"Analogue/Digital","0.4","0.0","HISENSE",65,1.148,182,112.5,453,"56-65in",4
"75U8QNZ","China","LCD (LED)",169.46,679,4.5,"Analogue/Digital","0.39","0.0","HISENSE",75,1.532,238,110.6,443,"66-75in",4
"75U8Q Series","China","LCD (LED)",169.46,679,4.5,"Analogue/Digital","0.39","0.0","HISENSE",75,1.532,238,110.6,443,"66-75in",4
"85U8QNZ","China","LCD (LED)",191.41,780,5,"Analogue/Digital","0.34","0.0","HISENSE",85,1.971,273,97.1,396,"76-85in",5
"85U8Q","China","LCD (LED)",191.41,780,5,"Analogue/Digital","0.34","0.0","HISENSE",85,1.971,273,97.1,396,"76-85in",5
"75QNED70A6A","Indonesia,South Korea","LCD (LED)",165,605,5,"Analogue/Digital","0.4","0.0","LG",75,1.531,212,107.8,395,"66-75in",5
"75QNED70ASA","Indonesia,South Korea","LCD (LED)",165,605,5,"Analogue/Digital","0.4","0.0","LG",75,1.531,212,107.8,395,"66-75in",5
"U75M10F","China","LCD",136.1,532,5.5,"Analogue/Digital","0.4","0.0","CHIQ",75,1.532,186,88.8,347,"66-75in",6
"AWS650WG","China","LCD (LED)",97.1,357,6,"Analogue/Digital","0.35","0.0","AIWA",65,1.148,125,84.6,311,"56-65in",6
"ZEN 2402","China","LCD",23.82,90,4.5,"unknown","0.4","0.0","ZEN TV",23,0.151,31,157.7,596,"32in & under",4
"RT-24G01A","China","LCD",23.89,90,4.5,"unknown","0.4","0.0","RCA",23,0.151,31,158.2,596,"32in & under",4
"KAQL75WQ98GSVA","China","LCD (LED)",130.8,542,5.5,"Analogue/Digital","","","KOGAN",75,1.531,190,85.4,354,"66-75in",6
"KAQL75WQ98GSVB","China","LCD (LED)",130.8,542,5.5,"Analogue/Digital","","","KOGAN",75,1.531,190,85.4,354,"66-75in",6
"KAQL75WQ98GSVC","China","LCD (LED)",130.8,542,5.5,"Analogue/Digital","","","KOGAN",75,1.531,190,85.4,354,"66-75in",6
"KAQL75WQ98 series","China","LCD (LED)",130.8,542,5.5,"Analogue/Digital","","","KOGAN",75,1.531,190,85.4,354,"66-75in",6
"AK40FHDZEN","China","LCD (LED)",36.9,137,6,"Digital","0.3","0.0","AKAI",40,0.426,48,86.6,322,"33-43in",6
"KAQL75MQ8TA","China","LCD (LED)",135.9,531,5.5,"Analogue/Digital","0.3","0.0","KOGAN",75,1.532,186,88.7,347,"66-75in",6
"KAQL75MQ8TB","China","LCD (LED)",135.9,531,5.5,"Analogue/Digital","0.3","0.0","KOGAN",75,1.532,186,88.7,347,"66-75in",6
"KAQL75MQ8TC","China","LCD (LED)",135.9,531,5.5,"Analogue/Digital","0.3","0.0","KOGAN",75,1.532,186,88.7,347,"66-75in",6
"KAQL75MQ8TD","China","LCD (LED)",135.9,531,5.5,"Analogue/Digital","0.3","0.0","KOGAN",75,1.532,186,88.7,347,"66-75in",6
"LED (backlighting) TV","China","LCD (LED)",135.9,531,5.5,"Analogue/Digital","0.3","0.0","KOGAN",75,1.532,186,88.7,347,"66-75in",6
"40E5500H","China","LCD (LED)",32.9,135,6,"Analogue/Digital","","","COOCAA",40,0.426,47,77.2,317,"33-43in",6
"KAQL65MQ8TA","China","LCD (LED)",109.1,436,5,"Analogue/Digital","0.3","0.0","KOGAN",65,1.148,153,95,380,"56-65in",5
"KAQL65MQ8TB","China","LCD (LED)",109.1,436,5,"Analogue/Digital","0.3","0.0","KOGAN",65,1.148,153,95,380,"56-65in",5
"KAQL65MQ8TC","China","LCD (LED)",109.1,436,5,"Analogue/Digital","0.3","0.0","KOGAN",65,1.148,153,95,380,"56-65in",5
"KAQL65MQ8TD","China","LCD (LED)",109.1,436,5,"Analogue/Digital","0.3","0.0","KOGAN",65,1.148,153,95,380,"56-65in",5
"KAQL65MQ8TE","China","LCD (LED)",109.1,436,5,"Analogue/Digital","0.3","0.0","KOGAN",65,1.148,153,95,380,"56-65in",5
"VNG3F55","China","LCD (LED)",57.9,304,5.5,"Analogue/Digital","","","VEON",55,0.823,106,70.4,369,"51-55in",6
"VNG3F5525","China","LCD (LED)",57.9,304,5.5,"Analogue/Digital","","","VEON",55,0.823,106,70.4,369,"51-55in",6
"VNG3F55 Serise","China","LCD (LED)",57.9,304,5.5,"Analogue/Digital","","","VEON",55,0.823,106,70.4,369,"51-55in",6
"KAQL75MQ8TE","China","LCD (LED)",135.9,531,5.5,"Analogue/Digital","0.3","0.0","KOGAN",75,1.532,186,88.7,347,"66-75in",6
"40E5500H","China","LCD (LED)",32.3,140,6,"Analogue/Digital","","","SKYWORTH",40,0.426,49,75.8,329,"33-43in",6
"32LR650BPSA","Indonesia,South Korea","LCD (LED)",30,112,5.5,"Analogue/Digital","0.4","0.0","LG",32,0.274,39,109.5,409,"32in & under",6
"KAQL55MQ8TA","China","LCD (LED)",93.2,378,4.5,"Analogue/Digital","0.3","0.0","KOGAN",55,0.823,132,113.2,459,"51-55in",4
"KAQL55MQ8TB","China","LCD (LED)",93.2,378,4.5,"Analogue/Digital","0.3","0.0","KOGAN",55,0.823,132,113.2,459,"51-55in",4
"KAQL55MQ8TC","China","LCD (LED)",93.2,378,4.5,"Analogue/Digital","0.3","0.0","KOGAN",55,0.823,132,113.2,459,"51-55in",4
"KAQL55MQ8TD","China","LCD (LED)",93.2,378,4.5,"Analogue/Digital","0.3","0.0","KOGAN",55,0.823,132,113.2,459,"51-55in",4
"KAQL55MQ8TE","China","LCD (LED)",93.2,378,4.5,"Analogue/Digital","0.3","0.0","KOGAN",55,0.823,132,113.2,459,"51-55in",4
"LS24HDNFB","China","LCD (LED)",15.38,59,6,"Digital","0.5","0.0","LINSAR",24,0.153,21,100.5,386,"32in & under",6
"LS32HDNFB","China","LCD (LED)",15.87,60,8,"Digital","0.4","0.0","LINSAR",32,0.274,21,57.9,219,"32in & under",8
"L40M10","China","LCD (LED)",35.2,152,5.5,"Analogue/Digital","0.43","0.0","CHIQ",40,0.426,53,82.6,357,"33-43in",6
"L32M10","China","LCD (LED)",24.2,112,5.5,"Analogue/Digital","0.45","0.0","CHIQ",32,0.274,39,88.3,409,"32in & under",6
"U65QM10","China","LCD (LED)",136.6,520,4.5,"Analogue/Digital","0.3","0.0","CHIQ",65,1.148,182,119,453,"56-65in",4
"U65M10F","China","LCD (LED)",94.1,371,6,"unknown","0.3","0.3","CHIQ",65,1.148,130,82,323,"56-65in",6
"L40G5AU","China","LCD (LED)",36.5,148,6,"unknown","0.35","0.35","CHIQ",39,0.426,52,85.7,347,"33-43in",6
"DG70UHDW22041","China","LCD",108.294,397,6,"Analogue/Digital","","","DGTEC",70,1.338,139,80.9,297,"66-75in",6
"AWS400G2","China","LCD (LED)",35.2,152,5.5,"Analogue/Digital","0.43","0.0","AIWA",40,0.426,53,82.6,357,"33-43in",6
"KALED55U95TB","China","LCD (LED)",108.4,441,3.5,"Analogue/Digital","0.43","0.0","KOGAN",55,0.823,154,131.7,536,"51-55in",4
"KALED55U95TC","China","LCD (LED)",108.4,441,3.5,"Analogue/Digital","0.43","0.0","KOGAN",55,0.823,154,131.7,536,"51-55in",4
"KALED55U95TD","China","LCD (LED)",108.4,441,3.5,"Analogue/Digital","0.43","0.0","KOGAN",55,0.823,154,131.7,536,"51-55in",4
"KALED55U95TE","China","LCD (LED)",108.4,441,3.5,"Analogue/Digital","0.43","0.0","KOGAN",55,0.823,154,131.7,536,"51-55in",4
"KALED55U95TF","China","LCD (LED)",108.4,441,3.5,"Analogue/Digital","0.43","0.0","KOGAN",55,0.823,154,131.7,536,"51-55in",4
"KAQL32FQ9TA","China","LCD (LED)",27.1,116,5.5,"Analogue/Digital","0.4","0.0","KOGAN",32,0.274,41,98.9,423,"32in & under",6
"KAQL32FQ9TB","China","LCD (LED)",27.1,116,5.5,"Analogue/Digital","0.4","0.0","KOGAN",32,0.274,41,98.9,423,"32in & under",6
"KAQL32FQ9TC","China","LCD (LED)",27.1,116,5.5,"Analogue/Digital","0.4","0.0","KOGAN",32,0.274,41,98.9,423,"32in & under",6
"KAQL32FQ9TD","China","LCD (LED)",27.1,116,5.5,"Analogue/Digital","0.4","0.0","KOGAN",32,0.274,41,98.9,423,"32in & under",6
"KAQL32FQ9TE","China","LCD (LED)",27.1,116,5.5,"Analogue/Digital","0.4","0.0","KOGAN",32,0.274,41,98.9,423,"32in & under",6
"98X11K","China","LCD (LED)",313.1,1350,3.5,"Analogue/Digital","0.407","0.0","TCL",97,2.62,472,119.5,515,"86in+",4
"KAOD55X98JSVA","China","LCD (LED)",96.66,422,4,"Analogue/Digital","","","KOGAN",55,0.822,148,117.6,513,"51-55in",4
"KAOD55X98JSVB","China","LCD (LED)",96.66,422,4,"Analogue/Digital","","","KOGAN",55,0.822,148,117.6,513,"51-55in",4
"KAOD55X98JSVC","China","LCD (LED)",96.66,422,4,"Analogue/Digital","","","KOGAN",55,0.822,148,117.6,513,"51-55in",4
"KAOD55X98JSV series","China","LCD (LED)",96.66,422,4,"Analogue/Digital","","","KOGAN",55,0.822,148,117.6,513,"51-55in",4
"KAOD65X98JSVA","China","LCD (LED)",105.84,448,5,"Analogue/Digital","","","KOGAN",64,1.147,157,92.3,391,"56-65in",5
"KAOD65X98JSVB","China","LCD (LED)",105.84,448,5,"Analogue/Digital","","","KOGAN",64,1.147,157,92.3,391,"56-65in",5
"KAOD65X98JSVC","China","LCD (LED)",105.84,448,5,"Analogue/Digital","","","KOGAN",64,1.147,157,92.3,391,"56-65in",5
"KAOD65X98JSV series","China","LCD (LED)",105.84,448,5,"Analogue/Digital","","","KOGAN",64,1.147,157,92.3,391,"56-65in",5
"FF32S55","China","LCD (LED)",25.4,130,5,"Analogue/Digital","0.416","0.0","FFALCON",31,0.273,46,93,476,"32in & under",5
"FF40S55","China","LCD (LED)",30.3,140,6,"Analogue/Digital","0.337","0.0","FFALCON",39,0.426,49,71.1,329,"33-43in",6
"BE43FX-H","Vietnam","LCD (LED)",68,251,4,"Digital","0.5","0.0","SAMSUNG",43,0.498,88,136.5,504,"33-43in",4
"BE50FX-H","Vietnam","LCD (LED)",71,262,5,"Digital","0.5","0.0","SAMSUNG",49,0.675,92,105.2,388,"44-50in",5
"BE55FX-H","Vietnam","LCD (LED)",79,291,5.5,"Digital","0.5","0.0","SAMSUNG",55,0.823,102,96,354,"51-55in",6
"SW43G3F","China","LCD (LED)",54.9,212,5,"Analogue/Digital","","","SKYWORTH",43,0.498,74,110.2,426,"33-43in",5
"SW55G3F","China","LCD (LED)",64.6,260,6,"Analogue/Digital","","","SKYWORTH",55,0.823,91,78.5,316,"51-55in",6
"85Q6600H","China","LCD (LED)",181.9,730,5,"Analogue/Digital","","","SKYWORTH",86,2.02,255,90,361,"86in+",5
"ATV50UHDT-0825","China","LCD (LED)",56.59,220,6,"unknown","0.432","0.0","BAUHN",49,0.675,77,83.8,326,"44-50in",6
"OT55A6KOEC","China","LCD",79.95,300,5.5,"Analogue/Digital","0.43","0.549","SYLVOX",55,0.823,105,97.1,365,"51-55in",6
"55U6QAU PRO","China","LCD (LED)",100.24,399,4,"Analogue/Digital","0.36","0.0","HISENSE",55,0.823,140,121.8,485,"51-55in",4
"55U6QNZ PRO","China","LCD (LED)",100.24,399,4,"Analogue/Digital","0.36","0.0","HISENSE",55,0.823,140,121.8,485,"51-55in",4
"65U6QAU PRO","China","LCD (LED)",110.31,439,5,"Analogue/Digital","0.32","0.0","HISENSE",65,1.148,154,96.1,382,"56-65in",5
"65U6QNZ PRO","China","LCD (LED)",110.31,439,5,"Analogue/Digital","0.32","0.0","HISENSE",65,1.148,154,96.1,382,"56-65in",5
"75U6QAU PRO","China","LCD (LED)",133.21,539,5.5,"Analogue/Digital","0.33","0.0","HISENSE",75,1.532,189,87,352,"66-75in",6
"75U6QNZ PRO","China","LCD (LED)",133.21,539,5.5,"Analogue/Digital","0.33","0.0","HISENSE",75,1.532,189,87,352,"66-75in",6
"85U6QAU PRO","China","LCD (LED)",154.51,618,6,"Analogue/Digital","0.3","0.0","HISENSE",85,1.971,216,78.4,314,"76-85in",6
"85U6QNZ PRO","China","LCD (LED)",154.51,618,6,"Analogue/Digital","0.3","0.0","HISENSE",85,1.971,216,78.4,314,"76-85in",6
"100U6QAU PRO","China","LCD (LED)",248.33,988,5,"Analogue/Digital","0.35","0.0","HISENSE",100,2.73,346,91,362,"86in+",5
"100U6QNZ PRO","China","LCD (LED)",248.33,988,5,"Analogue/Digital","0.35","0.0","HISENSE",100,2.73,346,91,362,"86in+",5
"BE65FX-H","Vietnam","LCD (LED)",113,416,5.5,"Digital","0.5","0.0","SAMSUNG",65,1.148,146,98.4,362,"56-65in",6
"BE75FX-H","Vietnam","LCD (LED)",136,499,5.5,"Digital","0.5","0.0","SAMSUNG",75,1.532,175,88.8,326,"66-75in",6
"BE85FX-H","Vietnam","LCD (LED)",142,521,6,"Digital","0.5","0.0","SAMSUNG",85,1.971,182,72,264,"76-85in",6
"55U6Q PRO series","China","LCD (LED)",100.24,399,4,"Analogue/Digital","0.36","0.0","HISENSE",55,0.823,140,121.8,485,"51-55in",4
"65U6Q PRO series","China","LCD (LED)",110.31,439,5,"Analogue/Digital","0.32","0.0","HISENSE",65,1.148,154,96.1,382,"56-65in",5
"75U6Q PRO series","China","LCD (LED)",133.21,539,5.5,"Analogue/Digital","0.33","0.0","HISENSE",75,1.532,189,87,352,"66-75in",6
"85U6Q PRO series","China","LCD (LED)",154.51,618,6,"Analogue/Digital","0.3","0.0","HISENSE",85,1.971,216,78.4,314,"76-85in",6
"100U6Q PRO series","China","LCD (LED)",248.33,988,5,"Analogue/Digital","0.35","0.0","HISENSE",100,2.73,346,91,362,"86in+",5
"75Q6600H","China","LCD (LED)",147.3,590,5,"Analogue/Digital","","","SKYWORTH",75,1.532,206,96.1,385,"66-75in",5
"SW65G4F","China","LCD (LED)",121.6,490,4.5,"Analogue/Digital","","","SKYWORTH",65,1.148,172,105.9,427,"56-65in",4
"HG43U800FAW","Vietnam","LCD (LED)",66,244,4,"Digital","0.5","0.0","SAMSUNG",43,0.498,85,132.5,490,"33-43in",4
"HG50U800FAW","Vietnam","LCD (LED)",73,270,5,"Digital","0.5","0.0","SAMSUNG",49,0.675,94,108.1,400,"44-50in",5
"HG55U800FAW","Vietnam","LCD (LED)",81,299,5.5,"Digital","0.5","0.0","SAMSUNG",55,0.823,105,98.4,363,"51-55in",6
"HG65U800FAW","Vietnam","LCD (LED)",103,379,5.5,"Digital","0.5","0.0","SAMSUNG",65,1.148,133,89.7,330,"56-65in",6
"HG75U800FAW","Vietnam","LCD (LED)",140,514,5.5,"Digital","0.5","0.0","SAMSUNG",75,1.532,180,91.4,336,"66-75in",6
"HG85U800FAW","Vietnam","LCD (LED)",164,602,6,"Digital","0.5","0.0","SAMSUNG",85,1.971,211,83.2,305,"76-85in",6
"U43QM10","China","LCD (LED)",53.7,214,5,"unknown","0.36","0.0","CHIQ",43,0.498,75,107.8,430,"33-43in",5
"OT55KOC","China","LCD",79.95,300,5.5,"Analogue/Digital","0.43","0.549","SYLVOX",55,0.823,105,97.1,365,"51-55in",6
"OT55A6KOEC, OT55KOC","China","LCD",79.95,300,5.5,"Analogue/Digital","0.43","0.549","SYLVOX",55,0.823,105,97.1,365,"51-55in",6
"OT65A6KOEC","China","LCD",104.68002,390,5.5,"Analogue/Digital","0.41728","0.541","SYLVOX",65,1.148,136,91.2,340,"56-65in",6
"OT65KOC","China","LCD",104.68002,390,5.5,"Analogue/Digital","0.41728","0.541","SYLVOX",65,1.148,136,91.2,340,"56-65in",6
"OT75A6KOEC","China","LCD",134.5602,495,5.5,"Analogue/Digital","0.367584","0.4825","SYLVOX",75,1.532,173,87.8,323,"66-75in",6
"OT75KOC","China","LCD",134.5602,495,5.5,"Analogue/Digital","0.367584","0.4825","SYLVOX",75,1.532,173,87.8,323,"66-75in",6
"OT65A6KOEC, OT65KOC","China","LCD",104.68002,390,5.5,"Analogue/Digital","0.41728","0.541","SYLVOX",65,1.148,136,91.2,340,"56-65in",6
"OT75A6KOEC, OT75KOC","China","LCD",134.5602,495,5.5,"Analogue/Digital","0.367584","0.4825","SYLVOX",75,1.532,173,87.8,323,"66-75in",6
"U50QM10","China","LCD (LED)",66.2,265,5,"unknown","0.4","0.0","CHIQ",50,0.675,93,98.1,393,"44-50in",5
"U55M10F","China","LCD (LED)",74.4,295,5.5,"unknown","0.4","0.0","CHIQ",55,0.823,103,90.4,358,"51-55in",6
"U75QM10","China","LCD (LED)",136.6,543,5.5,"unknown","0.4","0.0","CHIQ",75,1.532,190,89.2,354,"66-75in",6
"43UK660H0LA","Indonesia,South Korea","LCD (LED)",46,170,6,"Analogue/Digital","0.4","0.0","LG",43,0.498,59,92.4,341,"33-43in",6
"50UK660H0LA","South Korea,Indonesia","LCD (LED)",53,196,6,"Analogue/Digital","0.4","0.0","LG",49,0.675,69,78.5,290,"44-50in",6
"55UK660H0LA","Indonesia,South Korea","LCD (LED)",54,200,7,"Analogue/Digital","0.4","0.0","LG",55,0.823,70,65.6,243,"51-55in",7
"65UK660H0LA","Indonesia,South Korea","LCD (LED)",67,247,7,"Analogue/Digital","0.4","0.0","LG",65,1.148,86,58.4,215,"56-65in",7
"LS85UHDZEN25S","China","LCD (LED)",163.7,615,6,"unknown","0.41","0.0","LINSAR",85,1.971,215,83.1,312,"76-85in",6
"65X8700G","China","LCD (LED)",111.6,450,5,"Analogue/Digital","","","SKYWORTH",65,1.148,158,97.2,392,"56-65in",5
"AK50UHDZEN","China","LCD (LED)",59.84,221,6,"Digital","","","AKAI",50,0.675,77,88.7,327,"44-50in",6
"KALED43U95VA","China","LCD (LED)",63.12,269,4,"Analogue/Digital","","","KOGAN",42,0.498,94,126.7,540,"33-43in",4
"KALED43U95VB","China","LCD (LED)",63.12,269,4,"Analogue/Digital","","","KOGAN",42,0.498,94,126.7,540,"33-43in",4
"KALED43U95VC","China","LCD (LED)",63.12,269,4,"Analogue/Digital","","","KOGAN",42,0.498,94,126.7,540,"33-43in",4
"KAQL65XQ98GSVA","China","LCD (LED)",157.32,634,3.5,"Analogue/Digital","","","KOGAN",64,1.147,222,137.2,553,"56-65in",4
"KAQL65XQ98GSVB","China","LCD (LED)",157.32,634,3.5,"Analogue/Digital","","","KOGAN",64,1.147,222,137.2,553,"56-65in",4
"KAQL65XQ98GSVC","China","LCD (LED)",157.32,634,3.5,"Analogue/Digital","","","KOGAN",64,1.147,222,137.2,553,"56-65in",4
"KAQL65XQ98****","China","LCD (LED)",157.32,634,3.5,"Analogue/Digital","","","KOGAN",64,1.147,222,137.2,553,"56-65in",4
"55Q7700G","China","LCD (LED)",71.1,304,5.5,"Analogue/Digital","","","SKYWORTH",55,0.823,106,86.4,369,"51-55in",6
"43E5500H","China","LCD (LED)",36.6,173,6,"Analogue/Digital","","","SKYWORTH",43,0.498,61,73.5,347,"33-43in",6
"65Q7700G","China","LCD (LED)",118.6,465,5,"Analogue/Digital","","","SKYWORTH",65,1.148,163,103.3,405,"56-65in",5
"K75USTW","China","LCD (LED)",142.18,682,4.5,"Analogue/Digital","","","EKO",75,1.532,239,92.8,445,"66-75in",4
"KALED43U95****","China","LCD (LED)",63.12,269,4,"Analogue/Digital","","","KOGAN",42,0.498,94,126.7,540,"33-43in",4
"KALD24DH67NA","China","LCD",22.3,83,5,"Analogue/Digital","0.14","0.0","KOGAN",24,0.153,29,145.8,542,"32in & under",5
"QA115QN90FW","Vietnam","LCD (LED)",428,1565,4.5,"Digital","0.5","0.0","SAMSUNG",114,3.613,548,118.5,433,"86in+",4
"QA115QN90FS","Vietnam","LCD (LED)",428,1565,4.5,"Digital","0.5","0.0","SAMSUNG",114,3.613,548,118.5,433,"86in+",4
"QA115QN90F*","Vietnam","LCD (LED)",428,1565,4.5,"Digital","0.5","0.0","SAMSUNG",114,3.613,548,118.5,433,"86in+",4
"KALD24D97SNA","China","LCD",22,83,5,"Analogue/Digital","0.27","0.0","KOGAN",24,0.153,29,143.8,542,"32in & under",5
"LT-42NQ5155AJ","China","LCD (LED)",49.21,200,5,"Analogue/Digital","0.33","0.43","JVC",42,0.468,70,105.1,427,"33-43in",5
"KALD32D97SNA","China","LCD",35.2,131,5,"Analogue/Digital","0.27","0.0","KOGAN",32,0.274,46,128.5,478,"32in & under",5
"LTG43UHD","China","LCD (LED)",50.04,185,5.5,"Digital","0.3","0.0","AOA",43,0.498,65,100.5,371,"33-43in",6
"UA32F6000FW","Vietnam","LCD (LED)",36,134,4.5,"Digital","0.5","0.0","SAMSUNG",31,0.274,47,131.4,489,"32in & under",4
"UA32F6000FS","Vietnam","LCD (LED)",36,134,4.5,"Digital","0.5","0.0","SAMSUNG",31,0.274,47,131.4,489,"32in & under",4
"S32F6000FW","Vietnam","LCD (LED)",36,134,4.5,"Digital","0.5","0.0","SAMSUNG",31,0.274,47,131.4,489,"32in & under",4
"S32F6000FS","Vietnam","LCD (LED)",36,134,4.5,"Digital","0.5","0.0","SAMSUNG",31,0.274,47,131.4,489,"32in & under",4
"**32F6000F*","Vietnam","LCD (LED)",36,134,4.5,"Digital","0.5","0.0","SAMSUNG",31,0.274,47,131.4,489,"32in & under",4
"OLED48G5PSA","Indonesia,South Korea","OLED",62,229,5.5,"Analogue/Digital","0.4","0.0","LG",48,0.623,80,99.5,368,"44-50in",6
"OLED48G56LS","Indonesia,South Korea","OLED",62,229,5.5,"Analogue/Digital","0.4","0.0","LG",48,0.623,80,99.5,368,"44-50in",6
"32LP70G","China","LCD (LED)",32.4,127,5,"Analogue/Digital","0.415","0.0","SKYWORTH",32,0.274,44,118.2,464,"32in & under",5
"LED55M10","Australia","LCD (LED)",143.5,530,3,"Analogue/Digital","","","ENGLAON",55,0.823,186,174.4,644,"51-55in",3
"KALD24DH67NB","China","LCD",22.3,83,5,"Analogue/Digital","0.14","0.0","KOGAN",24,0.153,29,145.8,542,"32in & under",5
"KALD24DH67NC","China","LCD",22.3,83,5,"Analogue/Digital","0.14","0.0","KOGAN",24,0.153,29,145.8,542,"32in & under",5
"KALD24DH67ND","China","LCD",22.3,83,5,"Analogue/Digital","0.14","0.0","KOGAN",24,0.153,29,145.8,542,"32in & under",5
"KALD24D97SNB","China","LCD",22,83,5,"Analogue/Digital","0.27","0.0","KOGAN",24,0.153,29,143.8,542,"32in & under",5
"KALD24D97SNC","China","LCD",22,83,5,"Analogue/Digital","0.27","0.0","KOGAN",24,0.153,29,143.8,542,"32in & under",5
"KALD24D97SND","China","LCD",22,83,5,"Analogue/Digital","0.27","0.0","KOGAN",24,0.153,29,143.8,542,"32in & under",5
"KALD32D97SNB","China","LCD",35.2,131,5,"Analogue/Digital","0.27","0.0","KOGAN",32,0.274,46,128.5,478,"32in & under",5
"KALD32D97SNC","China","LCD",35.2,131,5,"Analogue/Digital","0.27","0.0","KOGAN",32,0.274,46,128.5,478,"32in & under",5
"KALD32D97SND","China","LCD",35.2,131,5,"Analogue/Digital","0.27","0.0","KOGAN",32,0.274,46,128.5,478,"32in & under",5
"SW32LP70G","China","LCD (LED)",32.4,127,5,"Analogue/Digital","0.415","0.0","SKYWORTH",32,0.274,44,118.2,464,"32in & under",5
"KAQL55T97QA","China,Vietnam","LCD",110.95,427,4,"Digital","","","KOGAN",55,0.823,149,134.8,519,"51-55in",4
"KAQL55T97QB","China,Vietnam","LCD",110.95,427,4,"Digital","","","KOGAN",55,0.823,149,134.8,519,"51-55in",4
"KAQL55T97QC","China,Vietnam","LCD",110.95,427,4,"Digital","","","KOGAN",55,0.823,149,134.8,519,"51-55in",4
"KAQL55T97QD","China,Vietnam","LCD",110.95,427,4,"Digital","","","KOGAN",55,0.823,149,134.8,519,"51-55in",4
"KAQL55T97Q*","China,Vietnam","LCD",110.95,427,4,"Digital","","","KOGAN",55,0.823,149,134.8,519,"51-55in",4
"KAQL65T97QA","China,Vietnam","LCD",162.79,651,3.5,"Digital","","","KOGAN",65,1.148,228,141.8,567,"56-65in",4
"KAQL65T97QB","China,Vietnam","LCD",162.79,651,3.5,"Digital","","","KOGAN",65,1.148,228,141.8,567,"56-65in",4
"KAQL65T97QC","China,Vietnam","LCD",162.79,651,3.5,"Digital","","","KOGAN",65,1.148,228,141.8,567,"56-65in",4
"KAQL65T97QD","China,Vietnam","LCD",162.79,651,3.5,"Digital","","","KOGAN",65,1.148,228,141.8,567,"56-65in",4
"KAQL65T97Q*","China,Vietnam","LCD",162.79,651,3.5,"Digital","","","KOGAN",65,1.148,228,141.8,567,"56-65in",4
"50G6500H","China","LCD (LED)",55.3,230,5.5,"Analogue/Digital","","","COOCAA",49,0.675,80,81.9,341,"44-50in",6
"K43FST","China","LCD (LED)",50,184,5.5,"Analogue/Digital","0.27","0.0","EKO",43,0.506,64,98.8,364,"33-43in",6
"100U8QAU","China","LCD (LED)",259.29,1028,5,"Analogue/Digital","0.38","0.0","HISENSE",100,2.73,360,95,377,"86in+",5
"100U8QNZ","China","LCD (LED)",259.29,1028,5,"Analogue/Digital","0.38","0.0","HISENSE",100,2.73,360,95,377,"86in+",5
"100UXAU","China","LCD (LED)",268.08,1058,5,"Analogue/Digital","0.39","0.0","HISENSE",100,2.73,370,98.2,388,"86in+",5
"100UXNZ","China","LCD (LED)",268.08,1058,5,"Analogue/Digital","0.39","0.0","HISENSE",100,2.73,370,98.2,388,"86in+",5
"100U8Q series","China","LCD (LED)",259.29,1028,5,"Analogue/Digital","0.38","0.0","HISENSE",100,2.73,360,95,377,"86in+",5
"100UX series","China","LCD (LED)",268.08,1058,5,"Analogue/Digital","0.39","0.0","HISENSE",100,2.73,370,98.2,388,"86in+",5
"116UXAU","China","LCD (LED)",303.84,1148,6,"Analogue/Digital","0.43","0.0","HISENSE",116,3.682,402,82.5,312,"86in+",6
"116UXNZ","China","LCD (LED)",303.84,1148,6,"Analogue/Digital","0.43","0.0","HISENSE",116,3.682,402,82.5,312,"86in+",6
"116UX series","China","LCD (LED)",303.84,1148,6,"Analogue/Digital","0.43","0.0","HISENSE",116,3.682,402,82.5,312,"86in+",6
"65UK760H0SD","Indonesia,South Korea","LCD (LED)",126,462,5,"Analogue/Digital","0.4","0.0","LG",65,1.148,162,109.8,402,"56-65in",5
"60G6500H","China","LCD (LED)",68.2,300,6,"Analogue/Digital","","","COOCAA",60,0.996,105,68.5,301,"56-65in",6
"55UK767H0SA","Indonesia,South Korea","LCD (LED)",80,295,5.5,"Analogue/Digital","0.4","0.0","LG",55,0.823,103,97.2,358,"51-55in",6
"HG43U700FAW","Vietnam","LCD (LED)",58,215,5,"Digital","0.5","0.0","SAMSUNG",43,0.498,75,116.5,432,"33-43in",5
"HG50U700FAW","Vietnam","LCD (LED)",66,244,5.5,"Digital","0.5","0.0","SAMSUNG",49,0.675,85,97.8,361,"44-50in",6
"KAL40F98TA","China","LCD (LED)",40.4,167,5.5,"Analogue/Digital","0.41","0.0","KOGAN",40,0.426,58,94.8,392,"33-43in",6
"KAL40F98TB","China","LCD (LED)",40.4,167,5.5,"Analogue/Digital","0.41","0.0","KOGAN",40,0.426,58,94.8,392,"33-43in",6
"KAL40F98TC","China","LCD (LED)",40.4,167,5.5,"Analogue/Digital","0.41","0.0","KOGAN",40,0.426,58,94.8,392,"33-43in",6
"KAL40F98TD","China","LCD (LED)",40.4,167,5.5,"Analogue/Digital","0.41","0.0","KOGAN",40,0.426,58,94.8,392,"33-43in",6
"KAL40F98TE","China","LCD (LED)",40.4,167,5.5,"Analogue/Digital","0.41","0.0","KOGAN",40,0.426,58,94.8,392,"33-43in",6
"KAL40F98T*","China","LCD (LED)",40.4,167,5.5,"Analogue/Digital","0.41","0.0","KOGAN",40,0.426,58,94.8,392,"33-43in",6
"HG55U700FAW","Vietnam","LCD (LED)",68,251,6,"Digital","0.5","0.0","SAMSUNG",55,0.823,88,82.6,305,"51-55in",6
"HG65U700FAW","Vietnam","LCD (LED)",95,350,6,"Digital","0.5","0.0","SAMSUNG",65,1.148,122,82.8,305,"56-65in",6
"HG75U700FAW","Vietnam","LCD (LED)",118,434,6,"Digital","0.5","0.0","SAMSUNG",75,1.532,152,77,283,"66-75in",6
"DG55UHDW-23352","China","LCD",70,270,6,"Analogue/Digital","0.34","0.0","DGTEC",54,0.819,94,85.5,330,"51-55in",6
"AWCD24DW","China","LCD (LED)",23.55,88,4.5,"Analogue/Digital","0.28","0.0","AIWA",24,0.156,31,151,564,"32in & under",4
"KAQL50Q97TA","China","LCD (LED)",102.2,422,3,"Analogue/Digital","0.3","0.0","KOGAN",50,0.675,148,151.4,625,"44-50in",3
"KAQL50Q97TB","China","LCD (LED)",102.2,422,3,"Analogue/Digital","0.3","0.0","KOGAN",50,0.675,148,151.4,625,"44-50in",3
"KAQL50Q97TC","China","LCD (LED)",102.2,422,3,"Analogue/Digital","0.3","0.0","KOGAN",50,0.675,148,151.4,625,"44-50in",3
"KAQL50Q97TD","China","LCD (LED)",102.2,422,3,"Analogue/Digital","0.3","0.0","KOGAN",50,0.675,148,151.4,625,"44-50in",3
"KAQL50Q97TE","China","LCD (LED)",102.2,422,3,"Analogue/Digital","0.3","0.0","KOGAN",50,0.675,148,151.4,625,"44-50in",3
"KAQL50Q97T*","China","LCD (LED)",102.2,422,3,"Analogue/Digital","0.3","0.0","KOGAN",50,0.675,148,151.4,625,"44-50in",3
"K430FGT","China","LCD",45.012,196,5,"Analogue/Digital","0.301","0.301","EKO",43,0.5,69,90,392,"33-43in",5
"ATV70UHDW-0625","China","LCD (LED)",108.29,397,6,"Analogue/Digital","","","BAUHN",70,1.338,139,80.9,297,"66-75in",6
"ATV70UHDW-1025","China","LCD (LED)",108.29,397,6,"Analogue/Digital","","","BAUHN",70,1.338,139,80.9,297,"66-75in",6
"ATV70UHDW-****","China","LCD (LED)",108.29,397,6,"Analogue/Digital","","","BAUHN",70,1.338,139,80.9,297,"66-75in",6
"KAQL55Q97TA","China","LCD (LED)",129.3,513,3,"Analogue/Digital","0.3","0.0","KOGAN",55,0.823,180,157.1,623,"51-55in",3
"KAQL55Q97TB","China","LCD (LED)",129.3,513,3,"Analogue/Digital","0.3","0.0","KOGAN",55,0.823,180,157.1,623,"51-55in",3
"KAQL55Q97TC","China","LCD (LED)",129.3,513,3,"Analogue/Digital","0.3","0.0","KOGAN",55,0.823,180,157.1,623,"51-55in",3
"KAQL55Q97TD","China","LCD (LED)",129.3,513,3,"Analogue/Digital","0.3","0.0","KOGAN",55,0.823,180,157.1,623,"51-55in",3
"KAQL55Q97TE","China","LCD (LED)",129.3,513,3,"Analogue/Digital","0.3","0.0","KOGAN",55,0.823,180,157.1,623,"51-55in",3
"KAQL55Q97T*","China","LCD (LED)",129.3,513,3,"Analogue/Digital","0.3","0.0","KOGAN",55,0.823,180,157.1,623,"51-55in",3
"KAQL65Q97TA","China","LCD (LED)",180.8,696,3,"Analogue/Digital","0.3","0.0","KOGAN",65,1.148,244,157.5,606,"56-65in",3
"KAQL65Q97TB","China","LCD (LED)",180.8,696,3,"Analogue/Digital","0.3","0.0","KOGAN",65,1.148,244,157.5,606,"56-65in",3
"KAQL65Q97TC","China","LCD (LED)",180.8,696,3,"Analogue/Digital","0.3","0.0","KOGAN",65,1.148,244,157.5,606,"56-65in",3
"KAQL65Q97TD","China","LCD (LED)",180.8,696,3,"Analogue/Digital","0.3","0.0","KOGAN",65,1.148,244,157.5,606,"56-65in",3
"KAQL65Q97TE","China","LCD (LED)",180.8,696,3,"Analogue/Digital","0.3","0.0","KOGAN",65,1.148,244,157.5,606,"56-65in",3
"KAQL65Q97T*","China","LCD (LED)",180.8,696,3,"Analogue/Digital","0.3","0.0","KOGAN",65,1.148,244,157.5,606,"56-65in",3
"KAL32R98TA","China","LCD (LED)",27.7,116,5.5,"Analogue/Digital","0.4","0.0","KOGAN",32,0.274,41,101.1,423,"32in & under",6
"KAL32R98TB","China","LCD (LED)",27.7,116,5.5,"Analogue/Digital","0.4","0.0","KOGAN",32,0.274,41,101.1,423,"32in & under",6
"KAL32R98TC","China","LCD (LED)",27.7,116,5.5,"Analogue/Digital","0.4","0.0","KOGAN",32,0.274,41,101.1,423,"32in & under",6
"KAL32R98TD","China","LCD (LED)",27.7,116,5.5,"Analogue/Digital","0.4","0.0","KOGAN",32,0.274,41,101.1,423,"32in & under",6
"KAL32R98TE","China","LCD (LED)",27.7,116,5.5,"Analogue/Digital","0.4","0.0","KOGAN",32,0.274,41,101.1,423,"32in & under",6
"KAL32R98T*","China","LCD (LED)",27.7,116,5.5,"Analogue/Digital","0.4","0.0","KOGAN",32,0.274,41,101.1,423,"32in & under",6
"65UK762H0LB","Indonesia,South Korea","LCD (LED)",106,389,5.5,"Analogue/Digital","0.4","0.0","LG",65,1.148,136,92.3,339,"56-65in",6
"43UK762H0LB","Indonesia,South Korea","LCD (LED)",65,240,4.5,"Analogue/Digital","0.4","0.0","LG",43,0.498,84,130.5,482,"33-43in",4
"50UK762H0LB","Indonesia,South Korea","LCD (LED)",68,251,5.5,"Analogue/Digital","0.4","0.0","LG",49,0.675,88,100.7,372,"44-50in",6
"55UK762H0LB","Indonesia,South Korea","LCD (LED)",95,349,4.5,"Analogue/Digital","0.4","0.0","LG",55,0.823,122,115.4,424,"51-55in",4
"T-185J201","China","LCD (LED)",15.3,58,5,"Digital","","","TENET",19,0.094,20,162.8,617,"32in & under",5
"60Q6600H","China","LCD (LED)",69.3,280,6,"Analogue/Digital","","","SKYWORTH",60,0.996,98,69.6,281,"56-65in",6
"LT-43NQ5165A","China","LCD (LED)",38.4,163,6,"Analogue/Digital","0.39","0.0","JVC",42,0.498,57,77.1,327,"33-43in",6
"DG70UHDW-22795","China","LCD (LED)",108.29,397,6,"Analogue/Digital","","","DGTEC",70,1.338,139,80.9,297,"66-75in",6
"DG70UHDW-*****","China","LCD (LED)",108.29,397,6,"Analogue/Digital","","","DGTEC",70,1.338,139,80.9,297,"66-75in",6
"DG70UHDW-22658","China","LCD (LED)",108.29,397,6,"Analogue/Digital","","","DGTEC",70,1.338,139,80.9,297,"66-75in",6
"43UA841C0SA","Indonesia,South Korea","LCD (LED)",70,258,4,"Analogue/Digital","0.4","0.0","LG",43,0.498,90,140.6,518,"33-43in",4
"50UA841C0SA","Indonesia,South Korea","LCD (LED)",83,305,4.5,"Analogue/Digital","0.4","0.0","LG",49,0.675,107,123,452,"44-50in",4
"55UA841C0SA","Indonesia,South Korea","LCD (LED)",92,338,5,"Analogue/Digital","0.4","0.0","LG",55,0.823,118,111.8,411,"51-55in",5
"65UA841C0SA","Indonesia,South Korea","LCD (LED)",118,433,5,"Analogue/Digital","0.4","0.0","LG",65,1.148,152,102.8,377,"56-65in",5
"43UK767H0LB","Indonesia,South Korea","LCD (LED)",62,229,4.5,"Analogue/Digital","0.4","0.0","LG",43,0.498,80,124.5,460,"33-43in",4
"ATV75UHDW-0925","China","LCD",128.89,485,6,"Digital","0.31","0.0","BAUHN",75,1.532,170,84.1,317,"66-75in",6
"50UK767H0LB","Indonesia,South Korea","LCD (LED)",54,200,6,"Analogue/Digital","0.4","0.0","LG",49,0.675,70,80,296,"44-50in",6
"55UK767H0LB","Indonesia,South Korea","LCD (LED)",55,203,7,"Analogue/Digital","0.4","0.0","LG",55,0.823,71,66.8,247,"51-55in",7
"65UK767H0LB","Indonesia,South Korea","LCD (LED)",69,254,7,"Analogue/Digital","0.4","0.0","LG",65,1.148,89,60.1,221,"56-65in",7
"BP550USG60100","China","LCD",133.926,530,3,"Analogue/Digital","0.365","0.365","BLAUPUNKT",55,0.823,186,162.7,644,"51-55in",3
"BP650USG60100","China","LCD",157.044,640,3.5,"Analogue/Digital","0.307","0.307","BLAUPUNKT",65,1.149,224,136.7,557,"56-65in",4
"KALED43U95TA","China","LCD (LED)",66.3,258,4,"Analogue/Digital","0.37","0.0","KOGAN",43,0.498,90,133.1,518,"33-43in",4
"KALED43U95TB","China","LCD (LED)",66.3,258,4,"Analogue/Digital","0.37","0.0","KOGAN",43,0.498,90,133.1,518,"33-43in",4
"KALED43U95TC","China","LCD (LED)",66.3,258,4,"Analogue/Digital","0.37","0.0","KOGAN",43,0.498,90,133.1,518,"33-43in",4
"KALED43U95TD","China","LCD (LED)",66.3,258,4,"Analogue/Digital","0.37","0.0","KOGAN",43,0.498,90,133.1,518,"33-43in",4
"KALED43U95TE","China","LCD (LED)",66.3,258,4,"Analogue/Digital","0.37","0.0","KOGAN",43,0.498,90,133.1,518,"33-43in",4
"KALED43U95T*","China","LCD (LED)",66.3,258,4,"Analogue/Digital","0.37","0.0","KOGAN",43,0.498,90,133.1,518,"33-43in",4
"LT-32NQ3165A","China","LCD (LED)",25.26,110,5.5,"Analogue/Digital","0.4","0.0","JVC",32,0.274,38,92.2,401,"32in & under",6
"KAL24DH5400VA","China","LCD (LED)",23,94,4.5,"Analogue/Digital","0.38","0.0","KOGAN",24,0.153,33,150.3,614,"32in & under",4
"KAL24DH5400VB","China","LCD (LED)",23,94,4.5,"Analogue/Digital","0.38","0.0","KOGAN",24,0.153,33,150.3,614,"32in & under",4
"KAL24DH5400VC","China","LCD (LED)",23,94,4.5,"Analogue/Digital","0.38","0.0","KOGAN",24,0.153,33,150.3,614,"32in & under",4
"KAL24DH5400VA,KAL24DH5400VB,KAL24DH5400VC","China","LCD (LED)",23,94,4.5,"Analogue/Digital","0.38","0.0","KOGAN",24,0.153,33,150.3,614,"32in & under",4
"DG55UHDW-22858","China","LCD",70,270,6,"Analogue/Digital","0.34","0.0","DGTEC",54,0.819,94,85.5,330,"51-55in",6
"AWCD32DW","China","LCD (LED)",33.5,125,5,"Analogue/Digital","0.36","0.0","AIWA",32,0.274,44,122.3,456,"32in & under",5
"KALED50U95TA","China","LCD (LED)",80.1,349,4,"Analogue/Digital","0.3","0.0","KOGAN",50,0.675,122,118.7,517,"44-50in",4
"KALED50U95TB","China","LCD (LED)",80.1,349,4,"Analogue/Digital","0.3","0.0","KOGAN",50,0.675,122,118.7,517,"44-50in",4
"KALED50U95TC","China","LCD (LED)",80.1,349,4,"Analogue/Digital","0.3","0.0","KOGAN",50,0.675,122,118.7,517,"44-50in",4
"KALED50U95TD","China","LCD (LED)",80.1,349,4,"Analogue/Digital","0.3","0.0","KOGAN",50,0.675,122,118.7,517,"44-50in",4
"KALED50U95TE","China","LCD (LED)",80.1,349,4,"Analogue/Digital","0.3","0.0","KOGAN",50,0.675,122,118.7,517,"44-50in",4
"KALED50U95T*","China","LCD (LED)",80.1,349,4,"Analogue/Digital","0.3","0.0","KOGAN",50,0.675,122,118.7,517,"44-50in",4
"KAQL70T97QA","China,Vietnam","LCD",139.61,538,5,"Digital","","","KOGAN",70,1.338,188,104.3,402,"66-75in",5
"KAQL70T97QB","China,Vietnam","LCD",139.61,538,5,"Digital","","","KOGAN",70,1.338,188,104.3,402,"66-75in",5
"KAQL70T97QC","China,Vietnam","LCD",139.61,538,5,"Digital","","","KOGAN",70,1.338,188,104.3,402,"66-75in",5
"KAQL70T97QD","China,Vietnam","LCD",139.61,538,5,"Digital","","","KOGAN",70,1.338,188,104.3,402,"66-75in",5
"KAQL70T97Q*","China,Vietnam","LCD",139.61,538,5,"Digital","","","KOGAN",70,1.338,188,104.3,402,"66-75in",5
"GH5200","Hong Kong","LCD",21.64,81,5,"Analogue/Digital","","","DIGITECH",24,0.156,28,138.7,519,"32in & under",5
"GH5226","Hong Kong","LCD",21.64,81,5,"Analogue/Digital","","","DIGITECH",24,0.156,28,138.7,519,"32in & under",5
"AK65UHDZEN","China","LCD (LED)",94.374,347,6,"Analogue/Digital","","","AKAI",65,1.148,121,82.2,302,"56-65in",6
"GH5202","Hong Kong","LCD",35.04,130,4.5,"Analogue/Digital","","","DIGITECH",31,0.268,46,130.7,485,"32in & under",4
"GH5228","Hong Kong","LCD",35.04,130,4.5,"Analogue/Digital","","","DIGITECH",31,0.268,46,130.7,485,"32in & under",4
"GH5204","Hong Kong","LCD",14.89,56,5.5,"Analogue/Digital","","","DIGITECH",19,0.096,20,155.1,583,"32in & under",6
"GH5220","Hong Kong","LCD",21.71,81,3.5,"Analogue/Digital","","","DIGITECH",19,0.096,28,226.1,844,"32in & under",4
"GH5222","Hong Kong","LCD",25.17,94,4.5,"Analogue/Digital","","","DIGITECH",24,0.156,33,161.3,603,"32in & under",4
"GH5230","Hong Kong","LCD",25.17,94,4.5,"Analogue/Digital","","","DIGITECH",24,0.156,33,161.3,603,"32in & under",4
"GH5224","Hong Kong","LCD",24.52,92,6,"Analogue/Digital","","","DIGITECH",31,0.268,32,91.5,343,"32in & under",6
"UA32T5300A","Vietnam","LCD (LED)",31,116,5.5,"Digital","0.5","0.0","SAMSUNG",31,0.273,41,113.6,425,"32in & under",6
"UA32T5300AW","Vietnam","LCD (LED)",31,116,5.5,"Digital","0.5","0.0","SAMSUNG",31,0.273,41,113.6,425,"32in & under",6
"UA32T5300AS","Vietnam","LCD (LED)",31,116,5.5,"Digital","0.5","0.0","SAMSUNG",31,0.273,41,113.6,425,"32in & under",6
"75UK767H0LB","Indonesia,South Korea","LCD (LED)",147,539,5.5,"Analogue/Digital","0.4","0.0","LG",75,1.531,189,96,352,"66-75in",6
"TL400TQ","China","LCD (LED)",43.5,167,5.5,"Analogue/Digital","","","TELEFUNKEN",40,0.426,58,102.1,392,"33-43in",6
"43PK640S0SB","China,Vietnam","LCD (LED)",65.9,242,4.5,"Analogue/Digital","","","LG",43,0.498,85,132.3,486,"33-43in",4
"50PK640S0SB","China,Vietnam","LCD (LED)",81,297,4.5,"Analogue/Digital","","","LG",49,0.675,104,120,440,"44-50in",4
"55PK640S0SB","Vietnam,China","LCD (LED)",91,334,5,"Analogue/Digital","","","LG",55,0.823,117,110.6,406,"51-55in",5
"65PK640S0SB","China,Vietnam","LCD (LED)",115,422,5,"Analogue/Digital","","","LG",65,1.148,148,100.2,368,"56-65in",5
"75PK640S0SA","China,Vietnam","LCD (LED)",136.9,501,5.5,"Analogue/Digital","","","LG",75,1.531,175,89.4,327,"66-75in",6
"86PK640S0SA","China,Vietnam","LCD (LED)",155,567,6,"Analogue/Digital","","","LG",86,2.02,198,76.7,281,"86in+",6
"75UA841C0SA","China,Vietnam","LCD (LED)",137,502,5.5,"Analogue/Digital","","","LG",75,1.531,176,89.5,328,"66-75in",6
"86UA841C0SA","China,Vietnam","LCD (LED)",155,568,6,"Analogue/Digital","","","LG",86,2.02,199,76.7,281,"86in+",6
"KAQL75MQ8ZTA","China","LCD (LED)",193.1,751,4,"Analogue/Digital","0.4","0.0","KOGAN",75,1.532,263,126,490,"66-75in",4
"KAQL75MQ8ZTB","China","LCD (LED)",193.1,751,4,"Analogue/Digital","0.4","0.0","KOGAN",75,1.532,263,126,490,"66-75in",4
"KAQL75MQ8ZTC","China","LCD (LED)",193.1,751,4,"Analogue/Digital","0.4","0.0","KOGAN",75,1.532,263,126,490,"66-75in",4
"KAQL75MQ8ZTD","China","LCD (LED)",193.1,751,4,"Analogue/Digital","0.4","0.0","KOGAN",75,1.532,263,126,490,"66-75in",4
"KAQL75MQ8ZTE","China","LCD (LED)",193.1,751,4,"Analogue/Digital","0.4","0.0","KOGAN",75,1.532,263,126,490,"66-75in",4
"KAQL75MQ8ZT*","China","LCD (LED)",193.1,751,4,"Analogue/Digital","0.4","0.0","KOGAN",75,1.532,263,126,490,"66-75in",4
"KAL24R98TA","China","LCD (LED)",19.2,83,5,"Analogue/Digital","0.4","0.0","KOGAN",24,0.153,29,125.5,542,"32in & under",5
"KAL24R98TB","China","LCD (LED)",19.2,83,5,"Analogue/Digital","0.4","0.0","KOGAN",24,0.153,29,125.5,542,"32in & under",5
"KAL24R98TC","China","LCD (LED)",19.2,83,5,"Analogue/Digital","0.4","0.0","KOGAN",24,0.153,29,125.5,542,"32in & under",5
"KAL24R98TD","China","LCD (LED)",19.2,83,5,"Analogue/Digital","0.4","0.0","KOGAN",24,0.153,29,125.5,542,"32in & under",5
"KAL24R98TE","China","LCD (LED)",19.2,83,5,"Analogue/Digital","0.4","0.0","KOGAN",24,0.153,29,125.5,542,"32in & under",5
"Stellar 55 DR+ OLED","Germany","OLED",70,258,6,"Analogue/Digital","0.4","0.7","LOEWE",55,0.822,90,85.2,314,"51-55in",6
"Stella 65 DR+","Germany","OLED",85,313,6,"Analogue/Digital","0.4","0.7","LOEWE",65,1.149,110,74,272,"56-65in",6
"Inspire 48 OLED","Germany","OLED",61,225,5.5,"Analogue/Digital","0.37","0.41","LOEWE",48,0.622,79,98.1,362,"44-50in",6
"We SEE 48 OLED","Germany","OLED",61,225,5.5,"Analogue/Digital","0.37","0.41","LOEWE",48,0.622,79,98.1,362,"44-50in",6
"Inspire 55 OLED","Germany","OLED",76.5,281,5.5,"Analogue/Digital","0.3","0.4","LOEWE",55,0.822,98,93.1,342,"51-55in",6
"We SEE 55 OLED","Germany","OLED",76.5,281,5.5,"Analogue/Digital","0.3","0.4","LOEWE",55,0.822,98,93.1,342,"51-55in",6
"LOEWE 55 OLED","Germany","OLED",76.5,281,5.5,"Analogue/Digital","0.3","0.4","LOEWE",55,0.822,98,93.1,342,"51-55in",6
"Inspire 65 OLED","Germany","OLED",98,360,6,"Analogue/Digital","0.3","0.4","LOEWE",65,1.149,126,85.3,313,"56-65in",6
"We SEE 65 OLED","Germany","OLED",98,360,6,"Analogue/Digital","0.3","0.4","LOEWE",65,1.149,126,85.3,313,"56-65in",6
"LOEWE 65 OLED","Germany","OLED",98,360,6,"Analogue/Digital","0.3","0.4","LOEWE",65,1.149,126,85.3,313,"56-65in",6
"Stellar 42 DR+ OLED","Germany","OLED",52,192,5,"Analogue/Digital","0.4","0.7","LOEWE",42,0.476,67,109.2,403,"33-43in",5
"Stellar 48 DR+ OLED","Germany","OLED",58,214,5.5,"Analogue/Digital","0.4","0.7","LOEWE",48,0.623,75,93.1,343,"44-50in",6
"QA98Q7FAAW","Vietnam","LCD (LED)",293,1073,4.5,"Digital","0.5","0.0","SAMSUNG",98,2.621,376,111.8,409,"86in+",4
"QA98Q7FAAS","Vietnam","LCD (LED)",293,1073,4.5,"Digital","0.5","0.0","SAMSUNG",98,2.621,376,111.8,409,"86in+",4
"QA98Q7FAA*","Vietnam","LCD (LED)",293,1073,4.5,"Digital","0.5","0.0","SAMSUNG",98,2.621,376,111.8,409,"86in+",4
"ATV40FHDW-1125","China","LCD",34.7,150,6,"Analogue/Digital","0.395","0.0","BAUHN",40,0.432,52,80.3,347,"33-43in",6
"TL320TQ","China","LCD (LED)",38.12,145,4.5,"Analogue/Digital","","","TELEFUNKEN",32,0.274,51,139.1,529,"32in & under",4
"LOEWE","Germany","OLED",61,225,5.5,"Analogue/Digital","0.37","0.41","LOEWE",48,0.622,79,98.1,362,"44-50in",6
"LT-55NQ7165A","China","LCD (LED)",58.7,247,6,"Analogue/Digital","0.45","0.0","JVC",55,0.849,86,69.1,291,"51-55in",6
"KAQL55MQ8ZTA","China","LCD (LED)",131.3,513,3,"Analogue/Digital","0.3","0.0","KOGAN",55,0.821,180,159.9,625,"51-55in",3
"KAQL55MQ8ZTB","China","LCD (LED)",131.3,513,3,"Analogue/Digital","0.3","0.0","KOGAN",55,0.821,180,159.9,625,"51-55in",3
"KAQL55MQ8ZTC","China","LCD (LED)",131.3,513,3,"Analogue/Digital","0.3","0.0","KOGAN",55,0.821,180,159.9,625,"51-55in",3
"KAQL55MQ8ZTD","China","LCD (LED)",131.3,513,3,"Analogue/Digital","0.3","0.0","KOGAN",55,0.821,180,159.9,625,"51-55in",3
"KAQL55MQ8ZTE","China","LCD (LED)",131.3,513,3,"Analogue/Digital","0.3","0.0","KOGAN",55,0.821,180,159.9,625,"51-55in",3
"KAQL55MQ8ZT*","China","LCD (LED)",131.3,513,3,"Analogue/Digital","0.3","0.0","KOGAN",55,0.821,180,159.9,625,"51-55in",3
"KAQL65MQ8ZTA","China","LCD (LED)",120.1,462,5,"Analogue/Digital","0.36","0.0","KOGAN",65,1.148,162,104.6,402,"56-65in",5
"KAQL65MQ8ZTB","China","LCD (LED)",120.1,462,5,"Analogue/Digital","0.36","0.0","KOGAN",65,1.148,162,104.6,402,"56-65in",5
"KAQL65MQ8ZTC","China","LCD (LED)",120.1,462,5,"Analogue/Digital","0.36","0.0","KOGAN",65,1.148,162,104.6,402,"56-65in",5
"KAQL65MQ8ZTD","China","LCD (LED)",120.1,462,5,"Analogue/Digital","0.36","0.0","KOGAN",65,1.148,162,104.6,402,"56-65in",5
"KAQL65MQ8ZTE","China","LCD (LED)",120.1,462,5,"Analogue/Digital","0.36","0.0","KOGAN",65,1.148,162,104.6,402,"56-65in",5
"KAQL65MQ8ZT*","China","LCD (LED)",120.1,462,5,"Analogue/Digital","0.36","0.0","KOGAN",65,1.148,162,104.6,402,"56-65in",5
"85G6500H","China","LCD (LED)",143.6,555,6,"Analogue/Digital","0.389","0.0","COOCAA",85,1.969,194,72.9,282,"76-85in",6
"65G6500H","China","LCD (LED)",83.6,330,6,"Analogue/Digital","","","COOCAA",65,1.148,115,72.8,287,"56-65in",6
"KAL24R98T*","China","LCD (LED)",19.2,83,5,"Analogue/Digital","0.4","0.0","KOGAN",24,0.153,29,125.5,542,"32in & under",5
"86UA841CPSA","China,Vietnam","LCD (LED)",155,568,6,"Analogue/Digital","","","LG",86,2.02,199,76.7,281,"86in+",6
"75UA841CPSA","China,Vietnam","LCD (LED)",137,502,5.5,"Analogue/Digital","","","LG",75,1.531,176,89.5,328,"66-75in",6
"ATV65UHDW-1125","China","LCD",94.374,357,6,"Analogue/Digital","","","BAUHN",65,1.148,125,82.2,311,"56-65in",6
"ATV70UHDT-0126","China","LCD",110.35,405,6,"Analogue/Digital","","","BAUHN",70,1.332,142,82.8,304,"66-75in",6
"OQ65A3KOHJ","China","LCD",101.358,400,5.5,"Analogue/Digital","0.36552","1.5118","SYLVOX",65,1.148,140,88.3,348,"56-65in",6
"OQ75A3KOHJ","China","LCD",130.692,510,5.5,"Analogue/Digital","0.33236","1.268","SYLVOX",75,1.532,178,85.3,333,"66-75in",6
"HG24F800FAW","Vietnam","LCD (LED)",21,80,5,"Digital","0.5","0.0","SAMSUNG",24,0.156,28,134.6,513,"32in & under",5
"KAQL65MQXTA","China","LCD (LED)",208.5,810,2.5,"Analogue/Digital","0.357","0.0","KOGAN",65,1.148,284,181.6,706,"56-65in",2
"KAQL75MQXTA","China","LCD (LED)",248.3,950,3,"Analogue/Digital","0.35","0.0","KOGAN",75,1.532,332,162.1,620,"66-75in",3
"KAQL85MQXTA","China","LCD (LED)",321.3,1350,2.5,"Analogue/Digital","0.328","0.0","KOGAN",85,1.971,472,163,685,"76-85in",2
"LS65UHDZEN25S","China","LCD (LED)",94.374,347,6,"Analogue/Digital","","","LINSAR",65,1.148,121,82.2,302,"56-65in",6
"DG75UHDW-23351","China","LCD",128.89,485,6,"Digital","0.31","0.0","DGTEC",75,1.532,170,84.1,317,"66-75in",6
"LT-65NQ7165A","China","LCD (LED)",66.42,298,6,"Analogue/Digital","0.45","0.0","JVC",64,1.141,104,58.2,261,"56-65in",6
"55UA731C0SB","China,Vietnam","LCD (LED)",91,334,5,"Analogue/Digital","","","LG",55,0.823,117,110.6,406,"51-55in",5
"65UA731C0SB","China,Vietnam","LCD (LED)",115,422,5,"Analogue/Digital","","","LG",65,1.148,148,100.2,368,"56-65in",5
"43UA731C0SB","China,Vietnam","LCD (LED)",66,242,4.5,"Analogue/Digital","","","LG",43,0.498,85,132.5,486,"33-43in",4
"MRA115MR95F","Vietnam","LCD (LED)",464,1697,4,"Digital","0.5","0.0","SAMSUNG",114,3.613,594,128.4,470,"86in+",4
"50UA731C0SB","China,Vietnam","LCD (LED)",81,297,4.5,"Analogue/Digital","","","LG",49,0.675,104,120,440,"44-50in",4
"BP750USG60100","China","LCD",211.836,950,3,"Analogue/Digital","0.34","0.34","BLAUPUNKT",75,1.531,332,138.4,621,"66-75in",3
"KALED60U95TA","China","LCD (LED)",102,404,5,"Analogue/Digital","0.3","0.0","KOGAN",60,0.996,141,102.4,406,"56-65in",5
"KALED60U95TB","China","LCD (LED)",102,404,5,"Analogue/Digital","0.3","0.0","KOGAN",60,0.996,141,102.4,406,"56-65in",5
"KALED60U95TC","China","LCD (LED)",102,404,5,"Analogue/Digital","0.3","0.0","KOGAN",60,0.996,141,102.4,406,"56-65in",5
"KALED60U95TD","China","LCD (LED)",102,404,5,"Analogue/Digital","0.3","0.0","KOGAN",60,0.996,141,102.4,406,"56-65in",5
"KALED60U95TE","China","LCD (LED)",102,404,5,"Analogue/Digital","0.3","0.0","KOGAN",60,0.996,141,102.4,406,"56-65in",5
"KALED60U95T*","China","LCD (LED)",102,404,5,"Analogue/Digital","0.3","0.0","KOGAN",60,0.996,141,102.4,406,"56-65in",5
"QA65Q6FAAW","Vietnam","LCD (LED)",110,405,5.5,"Digital","0.5","0.0","SAMSUNG",65,1.148,142,95.8,353,"56-65in",6
"QA65Q6FAAS","Vietnam","LCD (LED)",110,405,5.5,"Digital","0.5","0.0","SAMSUNG",65,1.148,142,95.8,353,"56-65in",6
"QA65Q6FAA*","Vietnam","LCD (LED)",110,405,5.5,"Digital","0.5","0.0","SAMSUNG",65,1.148,142,95.8,353,"56-65in",6
"QA85Q6FAAW","Vietnam","LCD (LED)",146,536,6,"Digital","0.5","0.0","SAMSUNG",85,1.971,188,74.1,272,"76-85in",6
"QA85Q6FAAS","Vietnam","LCD (LED)",146,536,6,"Digital","0.5","0.0","SAMSUNG",85,1.971,188,74.1,272,"76-85in",6
"QA85Q6FAA*","Vietnam","LCD (LED)",146,536,6,"Digital","0.5","0.0","SAMSUNG",85,1.971,188,74.1,272,"76-85in",6
"QA75Q6FAAS","Vietnam","LCD (LED)",134,492,5.5,"Digital","0.5","0.0","SAMSUNG",75,1.532,172,87.5,321,"66-75in",6
"QA75Q6FAA*","Vietnam","LCD (LED)",134,492,5.5,"Digital","0.5","0.0","SAMSUNG",75,1.532,172,87.5,321,"66-75in",6
"QA75Q6FAAW","Vietnam","LCD (LED)",134,492,5.5,"Digital","0.5","0.0","SAMSUNG",75,1.532,172,87.5,321,"66-75in",6
"AWS430QWE","China","LCD (LED)",38.16,163,6,"Analogue/Digital","0.45","0.0","AIWA",42,0.498,57,76.6,327,"33-43in",6
"LT-40NQ5165A","China","LCD (LED)",32.46,151,6,"Analogue/Digital","0.41","0.0","JVC",39,0.426,53,76.2,354,"33-43in",6
"LT-40*******","China","LCD (LED)",32.46,151,6,"Analogue/Digital","0.41","0.0","JVC",39,0.426,53,76.2,354,"33-43in",6
"LED24JFRDHU","China","LCD (LED)",17.48,70,5.5,"Analogue/Digital","","","TECO",24,0.156,24,112.1,449,"32in & under",6
"LED19JHRHU","China","LCD (LED)",18.47,75,4,"Analogue/Digital","","","TECO",19,0.094,26,196.5,798,"32in & under",4
"ATV49FHDT-0126","China","LCD",52.6,195,6,"Analogue/Digital","0.395","0.0","BAUHN",50,0.676,68,77.8,288,"44-50in",6
"BP24TIZDVD","China","LCD (LED)",25.68,96,4.5,"Analogue/Digital","0.24","0.0","BLAUPUNKT",24,0.156,34,164.6,615,"32in & under",4
"BP32TIZDVD","China","LCD (LED)",34.76,129,5,"Analogue/Digital","0.24","0.0","BLAUPUNKT",32,0.274,45,126.9,471,"32in & under",5
"BP40TIZDVD","China","LCD (LED)",35.63,132,6,"Analogue/Digital","0.26","0.0","BLAUPUNKT",40,0.426,46,83.6,310,"33-43in",6
"AV-BQ557165A","China","LCD (LED)",60.62,247,6,"Analogue/Digital","0.45","0.0","JVC",55,0.823,86,73.7,300,"51-55in",6
"DG70UHDW-23353","China","LCD (LED)",108.29,397,6,"Analogue/Digital","","","DGTEC",70,1.338,139,80.9,297,"66-75in",6
"K320HGT12V","China","LCD (LED)",31.784,130,5,"Analogue/Digital","0.219","0.219","EKO",32,0.274,46,116,474,"32in & under",5
"K650UGT**","China","LCD",94.65,580,4,"Analogue/Digital","0.354","0.0","EKO",64,1.147,203,82.5,506,"56-65in",4
"K650UGT2Q","China","LCD",94.65,580,4,"Analogue/Digital","0.354","0.0","EKO",64,1.147,203,82.5,506,"56-65in",4
"AT24HDNFB","China","LCD (LED)",15.38,59,6,"Digital","0.5","0.0","ALTIUS",24,0.153,21,100.5,386,"32in & under",6
"K750UATW","China","LCD",195.75,758,4,"Analogue/Digital","0.36","0.36","EKO",75,1.531,265,127.9,495,"66-75in",4
"AWS500WN","China","LCD (LED)",58.95,218,6,"Analogue/Digital","0.37","0.0","AIWA",50,0.675,76,87.3,323,"44-50in",6
"AWS55DW","China","LCD (LED)",90.11,332,5,"Analogue/Digital","0.32","0.0","AIWA",55,0.823,116,109.5,403,"51-55in",5
"AWS650QWG","China","LCD (LED)",92.39,340,6,"Analogue/Digital","0.39","0.0","AIWA",65,1.148,119,80.5,296,"56-65in",6
"K-43S20M2","Vietnam","LCD (LED)",57,214,5,"Analogue/Digital","0.5","12.0","SONY",42,0.498,75,114.5,430,"33-43in",5
"K-50S20M2","Vietnam","LCD (LED)",65.8,246,5.5,"Analogue/Digital","0.5","12.3","SONY",49,0.675,86,97.5,364,"44-50in",6
"K-55S20M2","Vietnam","LCD (LED)",83.6,311,5,"Analogue/Digital","0.5","13.2","SONY",55,0.823,109,101.6,378,"51-55in",5
"K-65S20M2","Vietnam","LCD (LED)",109.8,407,5.5,"Analogue/Digital","0.5","12.4","SONY",65,1.148,142,95.6,355,"56-65in",6
"K-75S20M2","Vietnam","LCD (LED)",133,491,5.5,"Analogue/Digital","0.5","12.1","SONY",75,1.531,172,86.9,321,"66-75in",6
"BP320FSG9800","China","LCD",28,160,4,"Analogue/Digital","0.303","0.303","BLAUPUNKT",32,0.274,56,102.2,584,"32in & under",4
"AWS550QWE","China","LCD (LED)",60.78,247,6,"Analogue/Digital","0.45","0.0","AIWA",54,0.817,86,74.4,302,"51-55in",6
"AWS550QWE，AWS550QW","China","LCD (LED)",60.78,247,6,"Analogue/Digital","0.45","0.0","AIWA",54,0.817,86,74.4,302,"51-55in",6
"AV-BQ557165AE","China","LCD (LED)",60.78,247,6,"Analogue/Digital","0.45","0.0","JVC",54,0.817,86,74.4,302,"51-55in",6
"K320FGTQ","China","LCD",34.296,130,5,"Analogue/Digital","0.262","0.0","EKO",31,0.272,46,126.1,478,"32in & under",5
"K320****","China","LCD",34.296,130,5,"Analogue/Digital","0.262","0.0","EKO",31,0.272,46,126.1,478,"32in & under",5
"K320HGTLB","China","LCD",34.296,130,5,"Analogue/Digital","0.262","0.0","EKO",31,0.272,46,126.1,478,"32in & under",5
"K320HGTLW","China","LCD",34.296,130,5,"Analogue/Digital","0.262","0.0","EKO",31,0.272,46,126.1,478,"32in & under",5
"AV-BQ557165AE, AV-BQ557165A","China","LCD (LED)",60.78,247,6,"Analogue/Digital","0.45","0.0","JVC",54,0.817,86,74.4,302,"51-55in",6
"55SPA-Outdoor-TV","China","LCD (LED)",114.75,421,4,"Digital","0.4","0.0","SPARK ELECTRONICS",55,0.823,147,139.4,512,"51-55in",4
"65SPA-Outdoor-TV","China","LCD (LED)",114.75,421,4,"Digital","0.4","0.0","SPARK ELECTRONICS",55,0.823,147,139.4,512,"51-55in",4
"75SPA-Outdoor-TV","China","LCD (LED)",114.75,421,4,"Digital","0.4","0.0","SPARK ELECTRONICS",55,0.823,147,139.4,512,"51-55in",4
"55ALF-Outdoor-TV","China","LCD (LED)",114.75,421,4,"Digital","0.4","0.0","SPARK ELECTRONICS",55,0.823,147,139.4,512,"51-55in",4
"65ALF-Outdoor-TV","China","LCD (LED)",114.75,421,4,"Digital","0.4","0.0","SPARK ELECTRONICS",55,0.823,147,139.4,512,"51-55in",4
"75ALFOutdoor-TV","China","LCD (LED)",114.75,421,4,"Digital","0.4","0.0","SPARK ELECTRONICS",55,0.823,147,139.4,512,"51-55in",4
"Outdoor TV","China","LCD (LED)",114.75,421,4,"Digital","0.4","0.0","SPARK ELECTRONICS",55,0.823,147,139.4,512,"51-55in",4
"65"" Patio Pro","China","LCD",158.28,582,4,"Analogue/Digital","","","SPARK ELECTRONICS",65,1.148,204,137.9,507,"56-65in",4
"65"" Patio","China","LCD",158.28,582,4,"Analogue/Digital","","","SPARK ELECTRONICS",65,1.148,204,137.9,507,"56-65in",4
"65"" Pavilion 2 Pro","China","LCD",158.28,582,4,"Analogue/Digital","","","SPARK ELECTRONICS",65,1.148,204,137.9,507,"56-65in",4
"65"" Pavilion 2","China","LCD",158.28,582,4,"Analogue/Digital","","","SPARK ELECTRONICS",65,1.148,204,137.9,507,"56-65in",4
"55"" Patio Pro","China","LCD",127.74,471,3.5,"Analogue/Digital","","","SPARK ELECTRONICS",55,0.825,165,154.8,571,"51-55in",4
"55"" Patio","China","LCD",127.74,471,3.5,"Analogue/Digital","","","SPARK ELECTRONICS",55,0.825,165,154.8,571,"51-55in",4
"55"" Pavilion 2","China","LCD",127.74,471,3.5,"Analogue/Digital","","","SPARK ELECTRONICS",55,0.825,165,154.8,571,"51-55in",4
"55"" Pavilion 2 Pro","China","LCD",127.74,471,3.5,"Analogue/Digital","","","SPARK ELECTRONICS",55,0.825,165,154.8,571,"51-55in",4
"AWC24DW","China","LCD (LED)",26.3,105,4,"Analogue/Digital","0.4","0.0","AIWA",24,0.153,37,171.9,686,"32in & under",4
"AWC240WZ，AWC24DW","China","LCD (LED)",26.3,105,4,"Analogue/Digital","0.4","0.0","AIWA",24,0.153,37,171.9,686,"32in & under",4
"75"" Patio","China","LCD",252.5,930,3,"Analogue/Digital","","","SPARK ELECTRONICS",74,1.529,326,165.1,608,"66-75in",3
"75"" Patio Pro","China","LCD",252.5,930,3,"Analogue/Digital","","","SPARK ELECTRONICS",74,1.529,326,165.1,608,"66-75in",3
"75"" Pavilion 2","China","LCD",252.5,930,3,"Analogue/Digital","","","SPARK ELECTRONICS",74,1.529,326,165.1,608,"66-75in",3
"75"" Pavilion 2 Pro","China","LCD",252.5,930,3,"Analogue/Digital","","","SPARK ELECTRONICS",74,1.529,326,165.1,608,"66-75in",3
"86"" Patio","China","LCD",482.4,1771,1,"Analogue/Digital","","","SPARK ELECTRONICS",86,2.022,620,238.6,876,"86in+",1
"86"" Patio Pro","China","LCD",482.4,1771,1,"Analogue/Digital","","","SPARK ELECTRONICS",86,2.022,620,238.6,876,"86in+",1
"86"" Pavilion 2","China","LCD",482.4,1771,1,"Analogue/Digital","","","SPARK ELECTRONICS",86,2.022,620,238.6,876,"86in+",1
"86"" Pavilion 2 Pro","China","LCD",482.4,1771,1,"Analogue/Digital","","","SPARK ELECTRONICS",86,2.022,620,238.6,876,"86in+",1
"65"" Lumin","China","LCD",240.9,890,2,"Analogue/Digital","","","SPARK ELECTRONICS",64,1.143,312,210.8,779,"56-65in",2
"75"" Lumin","China","LCD",340.8,1255,1.5,"Analogue/Digital","","","SPARK ELECTRONICS",74,1.529,439,222.9,821,"66-75in",2
"KAQL100MQXTA","China","LCD (LED)",254.9,1050,5,"Analogue/Digital","0.76","0.0","KOGAN",100,2.73,368,93.4,385,"86in+",5
"KAQL100MQXTB","China","LCD (LED)",254.9,1050,5,"Analogue/Digital","0.76","0.0","KOGAN",100,2.73,368,93.4,385,"86in+",5
"KAQL100MQXTC","China","LCD (LED)",254.9,1050,5,"Analogue/Digital","0.76","0.0","KOGAN",100,2.73,368,93.4,385,"86in+",5
"KAQL100MQXTD","China","LCD (LED)",254.9,1050,5,"Analogue/Digital","0.76","0.0","KOGAN",100,2.73,368,93.4,385,"86in+",5
"KAQL100MQXT*","China","LCD (LED)",254.9,1050,5,"Analogue/Digital","0.76","0.0","KOGAN",100,2.73,368,93.4,385,"86in+",5
"55QNED86BSA","Indonesia,South Korea","LCD (LED)",82,302,5.5,"Analogue/Digital","0.4","0.0","LG",55,0.823,106,99.6,367,"51-55in",6
"55QNED87B6A","Indonesia,South Korea","LCD (LED)",82,302,5.5,"Analogue/Digital","0.4","0.0","LG",55,0.823,106,99.6,367,"51-55in",6
"65QNED86BSA","Indonesia,South Korea","LCD (LED)",100,368,6,"Analogue/Digital","0.4","0.0","LG",65,1.148,129,87.1,321,"56-65in",6
"65QNED87B6A","Indonesia,South Korea","LCD (LED)",100,368,6,"Analogue/Digital","0.4","0.0","LG",65,1.148,129,87.1,321,"56-65in",6
"75QNED86BSA","Indonesia,South Korea","LCD (LED)",105,386,7,"Analogue/Digital","0.4","0.0","LG",75,1.531,135,68.6,252,"66-75in",7
"75QNED87B6A","Indonesia,South Korea","LCD (LED)",105,386,7,"Analogue/Digital","0.4","0.0","LG",75,1.531,135,68.6,252,"66-75in",7
"55HFL4025/97","China","LCD (LED)",61.2,270,6,"Analogue/Digital","","","PHILIPS",55,0.823,94,74.4,328,"51-55in",6
"55HFL7025/97","China","LCD (LED)",67.5,297,5.5,"Analogue/Digital","","","PHILIPS",55,0.823,104,82,361,"51-55in",6
"50HFL4025/97","China","LCD (LED)",47.5,210,6,"Analogue/Digital","","","PHILIPS",50,0.676,74,70.3,311,"44-50in",6
"50HFL7025/97","China","LCD (LED)",52.1,230,5.5,"Analogue/Digital","","","PHILIPS",49,0.675,80,77.2,341,"44-50in",6
"65HFL7025/97","China","LCD (LED)",76.6,337,6,"Analogue/Digital","","","PHILIPS",65,1.148,118,66.7,294,"56-65in",6
"AWS500QWE","China","LCD (LED)",51.6,210,6,"Analogue/Digital","0.45","0.0","AIWA",49,0.675,74,76.4,311,"44-50in",6
"AWS500QW，AWS500QWE","China","LCD (LED)",51.6,210,6,"Analogue/Digital","0.45","0.0","AIWA",49,0.675,74,76.4,311,"44-50in",6
"32HFL4025/97","China","LCD (LED)",24.7,117,5.5,"Analogue/Digital","","","PHILIPS",32,0.274,41,90.1,427,"32in & under",6
"24HFL4025/97","China","LCD (LED)",20.2,90,4.5,"Analogue/Digital","","","PHILIPS",24,0.153,31,132,588,"32in & under",4
"43HFL4025/97","China","LCD (LED)",32.5,192,5.5,"Analogue/Digital","","","PHILIPS",43,0.498,67,65.3,386,"33-43in",6
"43HFL7025/97","China","LCD (LED)",41.5,183,5.5,"Analogue/Digital","","","PHILIPS",43,0.498,64,83.3,367,"33-43in",6
"OLED65B6PSA","Indonesia,South Korea","OLED",106,389,5.5,"Analogue/Digital","0.4","0.0","LG",65,1.148,136,92.3,339,"56-65in",6
"OLED65B66LA","Indonesia,South Korea","OLED",106,389,5.5,"Analogue/Digital","0.4","0.0","LG",65,1.148,136,92.3,339,"56-65in",6
"L24D6CG","China","LCD (LED)",20,82,5,"unknown","0.23","0.0","CHIQ",24,0.153,29,130.7,536,"32in & under",5
"43NU850B6LA","Indonesia,South Korea","LCD (LED)",62,229,4.5,"Analogue/Digital","0.4","0.0","LG",43,0.498,80,124.5,460,"33-43in",4
"43NU855BPSA","Indonesia,South Korea","LCD (LED)",62,229,4.5,"Analogue/Digital","0.4","0.0","LG",43,0.498,80,124.5,460,"33-43in",4
"55NU850B6LA","Indonesia,South Korea","LCD (LED)",80,295,5.5,"Analogue/Digital","0.4","0.0","LG",55,0.823,103,97.2,358,"51-55in",6
"55NU855BPSA","Indonesia,South Korea","LCD (LED)",80,295,5.5,"Analogue/Digital","0.4","0.0","LG",55,0.823,103,97.2,358,"51-55in",6
"43QNED80B6B","Indonesia,South Korea","LCD (LED)",63,232,4.5,"Analogue/Digital","0.4","0.0","LG",43,0.498,81,126.5,466,"33-43in",4
"43QNED80BSA","Indonesia,South Korea","LCD (LED)",63,232,4.5,"Analogue/Digital","0.4","0.0","LG",43,0.498,81,126.5,466,"33-43in",4
"50NU850B6LA","Indonesia,South Korea","LCD (LED)",76,280,5,"Analogue/Digital","0.4","0.0","LG",49,0.675,98,112.6,415,"44-50in",5
"50NU855BPSA","Indonesia,South Korea","LCD (LED)",76,280,5,"Analogue/Digital","0.4","0.0","LG",49,0.675,98,112.6,415,"44-50in",5
"65NU850B6LA","Indonesia,South Korea","LCD (LED)",100,368,6,"Analogue/Digital","0.4","0.0","LG",65,1.148,129,87.1,321,"56-65in",6
"65NU855BPSA","Indonesia,South Korea","LCD (LED)",100,368,6,"Analogue/Digital","0.4","0.0","LG",65,1.148,129,87.1,321,"56-65in",6
"65QNED80B6B","Indonesia,South Korea","LCD (LED)",140,514,4.5,"Analogue/Digital","0.4","0.0","LG",65,1.148,180,122,448,"56-65in",4
"65QNED80BSA","Indonesia,South Korea","LCD (LED)",140,514,4.5,"Analogue/Digital","0.4","0.0","LG",65,1.148,180,122,448,"56-65in",4
"75MRGB86B6A","Indonesia,South Korea","LCD (LED)",106,389,7,"Analogue/Digital","0.4","0.0","LG",75,1.531,136,69.2,254,"66-75in",7
"75MRGB86BSA","Indonesia,South Korea","LCD (LED)",106,389,7,"Analogue/Digital","0.4","0.0","LG",75,1.531,136,69.2,254,"66-75in",7
"75QNED70B6A","Indonesia,South Korea","LCD (LED)",132,484,6,"Analogue/Digital","0.4","0.0","LG",75,1.531,169,86.2,316,"66-75in",6
"75QNED70BSA","Indonesia,South Korea","LCD (LED)",132,484,6,"Analogue/Digital","0.4","0.0","LG",75,1.531,169,86.2,316,"66-75in",6
"OT43A7K5GD","China","LCD",51.6354,200,5,"Analogue/Digital","0.44572","0.73004","SYLVOX",43,0.498,70,103.7,402,"33-43in",5
"OT43A7K5GF","China","LCD",51.03,205,5,"Analogue/Digital","0.45184","1.81696","SYLVOX",43,0.498,72,102.5,412,"33-43in",5
"OQ43A7K5GF","China","LCD",51.03,205,5,"Analogue/Digital","0.45184","1.81696","SYLVOX",43,0.498,72,102.5,412,"33-43in",5
"OT43A2KEGE","China","LCD",51.03,205,5,"Analogue/Digital","0.45184","1.81696","SYLVOX",43,0.498,72,102.5,412,"33-43in",5
"OQ43A2KEGE","China","LCD",51.03,205,5,"Analogue/Digital","0.45184","1.81696","SYLVOX",43,0.498,72,102.5,412,"33-43in",5
"OQ43A2KOGF","China","LCD",51.03,205,5,"Analogue/Digital","0.45184","1.81696","SYLVOX",43,0.498,72,102.5,412,"33-43in",5
"OT43A2KOGF","China","LCD",51.03,205,5,"Analogue/Digital","0.45184","1.81696","SYLVOX",43,0.498,72,102.5,412,"33-43in",5
"OT43B2K5GF","China","LCD",51.03,205,5,"Analogue/Digital","0.45184","1.81696","SYLVOX",43,0.498,72,102.5,412,"33-43in",5
"OT43A2K3GF","China","LCD",51.03,205,5,"Analogue/Digital","0.45184","1.81696","SYLVOX",43,0.498,72,102.5,412,"33-43in",5
"OQ43A2K3GF","China","LCD",51.03,205,5,"Analogue/Digital","0.45184","1.81696","SYLVOX",43,0.498,72,102.5,412,"33-43in",5
"O*43****GF","China","LCD",51.03,205,5,"Analogue/Digital","0.45184","1.81696","SYLVOX",43,0.498,72,102.5,412,"33-43in",5
"85QNED80B6A","Indonesia,South Korea","LCD (LED)",212,776,5,"Analogue/Digital","0.4","0.0","LG",85,1.971,272,107.6,394,"76-85in",5
"85QNED80BSA","Indonesia,South Korea","LCD (LED)",212,776,5,"Analogue/Digital","0.4","0.0","LG",85,1.971,272,107.6,394,"76-85in",5
"OLED65C6PSA","Indonesia,South Korea","OLED",109,400,5.5,"Analogue/Digital","0.4","0.0","LG",65,1.148,140,94.9,348,"56-65in",6
"OLED65C66LA","Indonesia,South Korea","OLED",109,400,5.5,"Analogue/Digital","0.4","0.0","LG",65,1.148,140,94.9,348,"56-65in",6
"OQ43A7K5GD","China","LCD",51.6354,200,5,"Analogue/Digital","0.44572","0.73004","SYLVOX",43,0.498,70,103.7,402,"33-43in",5
"OQ43A2KEGC","China","LCD",51.6354,200,5,"Analogue/Digital","0.44572","0.73004","SYLVOX",43,0.498,70,103.7,402,"33-43in",5
"OT43A2KOGD","China","LCD",51.6354,200,5,"Analogue/Digital","0.44572","0.73004","SYLVOX",43,0.498,70,103.7,402,"33-43in",5
"OQ43A2KOGD","China","LCD",51.6354,200,5,"Analogue/Digital","0.44572","0.73004","SYLVOX",43,0.498,70,103.7,402,"33-43in",5
"OT43B3K5GD","China","LCD",51.6354,200,5,"Analogue/Digital","0.44572","0.73004","SYLVOX",43,0.498,70,103.7,402,"33-43in",5
"OQ43B3K5GD","China","LCD",51.6354,200,5,"Analogue/Digital","0.44572","0.73004","SYLVOX",43,0.498,70,103.7,402,"33-43in",5
"OT43BЗKЗGD","China","LCD",51.6354,200,5,"Analogue/Digital","0.44572","0.73004","SYLVOX",43,0.498,70,103.7,402,"33-43in",5
"OQ43BЗKЗGD","China","LCD",51.6354,200,5,"Analogue/Digital","0.44572","0.73004","SYLVOX",43,0.498,70,103.7,402,"33-43in",5
"OT43A2K3GD","China","LCD",51.6354,200,5,"Analogue/Digital","0.44572","0.73004","SYLVOX",43,0.498,70,103.7,402,"33-43in",5
"O*43**K***","China","LCD",51.6354,200,5,"Analogue/Digital","0.44572","0.73004","SYLVOX",43,0.498,70,103.7,402,"33-43in",5
"OQ55A3K8HG","China","LCD",65.5236,245,6,"Analogue/Digital","0.37062","0.41184","SYLVOX",55,0.823,86,79.6,298,"51-55in",6
"OT55A7K5GF","China","LCD",71.3472,265,6,"Analogue/Digital","0.376548","0.677","SYLVOX",55,0.823,93,86.7,322,"51-55in",6
"OQ55A7K5GF","China","LCD",71.3472,265,6,"Analogue/Digital","0.376548","0.677","SYLVOX",55,0.823,93,86.7,322,"51-55in",6
"OT55A2KEGE","China","LCD",71.3472,265,6,"Analogue/Digital","0.376548","0.677","SYLVOX",55,0.823,93,86.7,322,"51-55in",6
"OQ55A2KEGE","China","LCD",71.3472,265,6,"Analogue/Digital","0.376548","0.677","SYLVOX",55,0.823,93,86.7,322,"51-55in",6
"OQ55A2KOGF","China","LCD",71.3472,265,6,"Analogue/Digital","0.376548","0.677","SYLVOX",55,0.823,93,86.7,322,"51-55in",6
"OT55A2KOGF","China","LCD",71.3472,265,6,"Analogue/Digital","0.376548","0.677","SYLVOX",55,0.823,93,86.7,322,"51-55in",6
"OT55B2K5GF","China","LCD",71.3472,265,6,"Analogue/Digital","0.376548","0.677","SYLVOX",55,0.823,93,86.7,322,"51-55in",6
"OT55A2K3GF","China","LCD",71.3472,265,6,"Analogue/Digital","0.376548","0.677","SYLVOX",55,0.823,93,86.7,322,"51-55in",6
"OQ55A2K3GF","China","LCD",71.3472,265,6,"Analogue/Digital","0.376548","0.677","SYLVOX",55,0.823,93,86.7,322,"51-55in",6
"O*55**K*G*","China","LCD",71.3472,265,6,"Analogue/Digital","0.376548","0.677","SYLVOX",55,0.823,93,86.7,322,"51-55in",6
"OT55A7K5GD","China","LCD",67.434,255,6,"Analogue/Digital","0.3956","0.70004","SYLVOX",55,0.823,89,81.9,310,"51-55in",6
"OQ55A7K5GD","China","LCD",67.434,255,6,"Analogue/Digital","0.3956","0.70004","SYLVOX",55,0.823,89,81.9,310,"51-55in",6
"OQ55A2KEGC","China","LCD",67.434,255,6,"Analogue/Digital","0.3956","0.70004","SYLVOX",55,0.823,89,81.9,310,"51-55in",6
"OT55A2KOGD","China","LCD",67.434,255,6,"Analogue/Digital","0.3956","0.70004","SYLVOX",55,0.823,89,81.9,310,"51-55in",6
"OQ55A2KOGD","China","LCD",67.434,255,6,"Analogue/Digital","0.3956","0.70004","SYLVOX",55,0.823,89,81.9,310,"51-55in",6
"OT55B3K5GD","China","LCD",67.434,255,6,"Analogue/Digital","0.3956","0.70004","SYLVOX",55,0.823,89,81.9,310,"51-55in",6
"OQ55B3K5GD","China","LCD",67.434,255,6,"Analogue/Digital","0.3956","0.70004","SYLVOX",55,0.823,89,81.9,310,"51-55in",6
"OT55BЗKЗGD","China","LCD",67.434,255,6,"Analogue/Digital","0.3956","0.70004","SYLVOX",55,0.823,89,81.9,310,"51-55in",6
"OQ55BЗKЗGD","China","LCD",67.434,255,6,"Analogue/Digital","0.3956","0.70004","SYLVOX",55,0.823,89,81.9,310,"51-55in",6
"OT55A2K3GD","China","LCD",67.434,255,6,"Analogue/Digital","0.3956","0.70004","SYLVOX",55,0.823,89,81.9,310,"51-55in",6
"OQ65A3K8HG","China","LCD",93.012,350,6,"Analogue/Digital","0.3831","0.52664","SYLVOX",65,1.148,122,81,305,"56-65in",6
"OT65A7K5GF","China","LCD",90.0792,340,6,"Analogue/Digital","0.48412","0.95696","SYLVOX",65,1.148,119,78.5,296,"56-65in",6
"OQ65A7K5GF","China","LCD",90.0792,340,6,"Analogue/Digital","0.48412","0.95696","SYLVOX",65,1.148,119,78.5,296,"56-65in",6
"OT65A2KEGE","China","LCD",90.0792,340,6,"Analogue/Digital","0.48412","0.95696","SYLVOX",65,1.148,119,78.5,296,"56-65in",6
"OQ65A2KEGE","China","LCD",90.0792,340,6,"Analogue/Digital","0.48412","0.95696","SYLVOX",65,1.148,119,78.5,296,"56-65in",6
"OQ65A2KOGF","China","LCD",90.0792,340,6,"Analogue/Digital","0.48412","0.95696","SYLVOX",65,1.148,119,78.5,296,"56-65in",6
"OT65A2KOGF","China","LCD",90.0792,340,6,"Analogue/Digital","0.48412","0.95696","SYLVOX",65,1.148,119,78.5,296,"56-65in",6
"OT65B2K5GF","China","LCD",90.0792,340,6,"Analogue/Digital","0.48412","0.95696","SYLVOX",65,1.148,119,78.5,296,"56-65in",6
"OT65A2K3GF","China","LCD",90.0792,340,6,"Analogue/Digital","0.48412","0.95696","SYLVOX",65,1.148,119,78.5,296,"56-65in",6
"OQ65A2K3GF","China","LCD",90.0792,340,6,"Analogue/Digital","0.48412","0.95696","SYLVOX",65,1.148,119,78.5,296,"56-65in",6
"O*65**K*G*","China","LCD",90.0792,340,6,"Analogue/Digital","0.48412","0.95696","SYLVOX",65,1.148,119,78.5,296,"56-65in",6
"OT65A7K5GD","China","LCD",90.1488,340,6,"Analogue/Digital","0.48624","1.63308","SYLVOX",65,1.148,119,78.5,296,"56-65in",6
"OQ65A7K5GD","China","LCD",90.1488,340,6,"Analogue/Digital","0.48624","1.63308","SYLVOX",65,1.148,119,78.5,296,"56-65in",6
"OQ65A2KEGC","China","LCD",90.1488,340,6,"Analogue/Digital","0.48624","1.63308","SYLVOX",65,1.148,119,78.5,296,"56-65in",6
"OT65A2KOGD","China","LCD",90.1488,340,6,"Analogue/Digital","0.48624","1.63308","SYLVOX",65,1.148,119,78.5,296,"56-65in",6
"OQ65A2KOGD","China","LCD",90.1488,340,6,"Analogue/Digital","0.48624","1.63308","SYLVOX",65,1.148,119,78.5,296,"56-65in",6
"OT65B3K5GD","China","LCD",90.1488,340,6,"Analogue/Digital","0.48624","1.63308","SYLVOX",65,1.148,119,78.5,296,"56-65in",6
"OQ65B3K5GD","China","LCD",90.1488,340,6,"Analogue/Digital","0.48624","1.63308","SYLVOX",65,1.148,119,78.5,296,"56-65in",6
"OT65BЗKЗGD","China","LCD",90.1488,340,6,"Analogue/Digital","0.48624","1.63308","SYLVOX",65,1.148,119,78.5,296,"56-65in",6
"OQ65BЗKЗGD","China","LCD",90.1488,340,6,"Analogue/Digital","0.48624","1.63308","SYLVOX",65,1.148,119,78.5,296,"56-65in",6
"OT65A2K3GD","China","LCD",90.1488,340,6,"Analogue/Digital","0.48624","1.63308","SYLVOX",65,1.148,119,78.5,296,"56-65in",6
"OQ75A3K8HG","China","LCD",103.59,385,7,"Analogue/Digital","0.336164","0.42388","SYLVOX",75,1.532,135,67.6,251,"66-75in",7
"OT75A7K5GF","China","LCD",124.536,460,6,"Analogue/Digital","0.49384","0.77584","SYLVOX",75,1.532,161,81.3,300,"66-75in",6
"OQ75A7K5GF","China","LCD",124.536,460,6,"Analogue/Digital","0.49384","0.77584","SYLVOX",75,1.532,161,81.3,300,"66-75in",6
"OT75A2KEGE","China","LCD",124.536,460,6,"Analogue/Digital","0.49384","0.77584","SYLVOX",75,1.532,161,81.3,300,"66-75in",6
"OQ75A2KEGE","China","LCD",124.536,460,6,"Analogue/Digital","0.49384","0.77584","SYLVOX",75,1.532,161,81.3,300,"66-75in",6
"OQ75A2KOGF","China","LCD",124.536,460,6,"Analogue/Digital","0.49384","0.77584","SYLVOX",75,1.532,161,81.3,300,"66-75in",6
"OT75A2KOGF","China","LCD",124.536,460,6,"Analogue/Digital","0.49384","0.77584","SYLVOX",75,1.532,161,81.3,300,"66-75in",6
"OT75B2K5GF","China","LCD",124.536,460,6,"Analogue/Digital","0.49384","0.77584","SYLVOX",75,1.532,161,81.3,300,"66-75in",6
"OT75A2K3GF","China","LCD",124.536,460,6,"Analogue/Digital","0.49384","0.77584","SYLVOX",75,1.532,161,81.3,300,"66-75in",6
"OQ75A2K3GF","China","LCD",124.536,460,6,"Analogue/Digital","0.49384","0.77584","SYLVOX",75,1.532,161,81.3,300,"66-75in",6
"O75**K*G*","China","LCD",124.536,460,6,"Analogue/Digital","0.49384","0.77584","SYLVOX",75,1.532,161,81.3,300,"66-75in",6
"OT75A7K5GD","China","LCD",119.9244,450,6,"Analogue/Digital","0.48856","0.93928","SYLVOX",75,1.532,158,78.3,294,"66-75in",6
"OQ75A7K5GD","China","LCD",119.9244,450,6,"Analogue/Digital","0.48856","0.93928","SYLVOX",75,1.532,158,78.3,294,"66-75in",6
"OQ75A2KEGC","China","LCD",119.9244,450,6,"Analogue/Digital","0.48856","0.93928","SYLVOX",75,1.532,158,78.3,294,"66-75in",6
"OT75A2KOGD","China","LCD",119.9244,450,6,"Analogue/Digital","0.48856","0.93928","SYLVOX",75,1.532,158,78.3,294,"66-75in",6
"OQ75A2KOGD","China","LCD",119.9244,450,6,"Analogue/Digital","0.48856","0.93928","SYLVOX",75,1.532,158,78.3,294,"66-75in",6
"OT75B3K5GD","China","LCD",119.9244,450,6,"Analogue/Digital","0.48856","0.93928","SYLVOX",75,1.532,158,78.3,294,"66-75in",6
"OQ75B3K5GD","China","LCD",119.9244,450,6,"Analogue/Digital","0.48856","0.93928","SYLVOX",75,1.532,158,78.3,294,"66-75in",6
"OT75BЗKЗGD","China","LCD",119.9244,450,6,"Analogue/Digital","0.48856","0.93928","SYLVOX",75,1.532,158,78.3,294,"66-75in",6
"OQ75BЗKЗGD","China","LCD",119.9244,450,6,"Analogue/Digital","0.48856","0.93928","SYLVOX",75,1.532,158,78.3,294,"66-75in",6
"OT75A2K3GD","China","LCD",119.9244,450,6,"Analogue/Digital","0.48856","0.93928","SYLVOX",75,1.532,158,78.3,294,"66-75in",6
"O*75**K*G*","China","LCD",119.9244,450,6,"Analogue/Digital","0.48856","0.93928","SYLVOX",75,1.532,158,78.3,294,"66-75in",6
"AV-BO507165A","China","LCD (LED)",51.6,210,6,"Analogue/Digital","0.45","0.0","AIWA",49,0.675,74,76.4,311,"44-50in",6
"AV-BQ507165AE","China","LCD (LED)",51.6,210,6,"Analogue/Digital","0.45","0.0","AIWA",49,0.675,74,76.4,311,"44-50in",6
"AV-JQ507165A","China","LCD (LED)",51.6,210,6,"Analogue/Digital","0.45","0.0","AIWA",49,0.675,74,76.4,311,"44-50in",6
"AWS700WS","China","LCD (LED)",149.6,548,4.5,"Analogue/Digital","0.34","0.0","AIWA",69,1.347,192,111.1,407,"66-75in",4
"LT-70NQ7165A","China","LCD (LED)",136.3,550,4.5,"Analogue/Digital","0.37","0.0","JVC",70,1.339,192,101.8,411,"66-75in",4
"AWS60DG","China","LCD (LED)",102,404,5,"Analogue/Digital","0.3","0.0","AIWA",60,0.996,141,102.4,406,"56-65in",5
"K50FST","China","LCD (LED)",55.52,228,6,"Analogue/Digital","","","EKO",50,0.675,80,82.3,338,"44-50in",6
"TL500TQZ","China","LCD (LED)",55.52,228,6,"Analogue/Digital","","","TELEFUNKEN",50,0.675,80,82.3,338,"44-50in",6
"TL500TQZ1","China","LCD (LED)",55.52,228,6,"Analogue/Digital","","","TELEFUNKEN",50,0.675,80,82.3,338,"44-50in",6
"TL500TQZ2","China","LCD (LED)",55.52,228,6,"Analogue/Digital","","","TELEFUNKEN",50,0.675,80,82.3,338,"44-50in",6
"TL500TQZ3","China","LCD (LED)",55.52,228,6,"Analogue/Digital","","","TELEFUNKEN",50,0.675,80,82.3,338,"44-50in",6
"LED32BHSRC","China","LCD (LED)",27.42,116,5.5,"Analogue/Digital","0.4","0.0","TECO",32,0.278,41,98.6,417,"32in & under",6
"50QNED70B6C","Indonesia,South Korea","LCD (LED)",76,280,5,"Analogue/Digital","0.4","0.0","LG",49,0.675,98,112.6,415,"44-50in",5
"50QNED70BSA","Indonesia,South Korea","LCD (LED)",76,280,5,"Analogue/Digital","0.4","0.0","LG",49,0.675,98,112.6,415,"44-50in",5
"50QNED80B6B","Indonesia,South Korea","LCD (LED)",80,295,4.5,"Analogue/Digital","0.4","0.0","LG",49,0.675,103,118.5,437,"44-50in",4
"50QNED80BSA","Indonesia,South Korea","LCD (LED)",80,295,4.5,"Analogue/Digital","0.4","0.0","LG",49,0.675,103,118.5,437,"44-50in",4
"55MRGB86B6A","Indonesia,South Korea","LCD (LED)",78,287,5.5,"Analogue/Digital","0.4","0.0","LG",55,0.823,100,94.8,349,"51-55in",6
"55MRGB86BSA","Indonesia,South Korea","LCD (LED)",78,287,5.5,"Analogue/Digital","0.4","0.0","LG",55,0.823,100,94.8,349,"51-55in",6
"55QNED70B6C","Indonesia,South Korea","LCD (LED)",82,302,5.5,"Analogue/Digital","0.4","0.0","LG",55,0.823,106,99.6,367,"51-55in",6
"55QNED70BSA","Indonesia,South Korea","LCD (LED)",82,302,5.5,"Analogue/Digital","0.4","0.0","LG",55,0.823,106,99.6,367,"51-55in",6
"55QNED80B6B","Indonesia,South Korea","LCD (LED)",88,324,5,"Analogue/Digital","0.4","0.0","LG",55,0.823,113,106.9,394,"51-55in",5
"55QNED80BSA","Indonesia,South Korea","LCD (LED)",88,324,5,"Analogue/Digital","0.4","0.0","LG",55,0.823,113,106.9,394,"51-55in",5
"75QNED80B6A","Indonesia,South Korea","LCD (LED)",166,608,5,"Analogue/Digital","0.4","0.0","LG",75,1.531,213,108.4,397,"66-75in",5
"75QNED80BSA","Indonesia,South Korea","LCD (LED)",166,608,5,"Analogue/Digital","0.4","0.0","LG",75,1.531,213,108.4,397,"66-75in",5
"85QNED70B6A","Indonesia,South Korea","LCD (LED)",158,579,6,"Analogue/Digital","0.4","0.0","LG",85,1.971,203,80.2,294,"76-85in",6
"85QNED70BSA","Indonesia,South Korea","LCD (LED)",158,579,6,"Analogue/Digital","0.4","0.0","LG",85,1.971,203,80.2,294,"76-85in",6
"43QNED70B6C","Indonesia,South Korea","LCD (LED)",63,232,4.5,"Analogue/Digital","0.4","0.0","LG",43,0.498,81,126.5,466,"33-43in",4
"43QNED70BSA","Indonesia,South Korea","LCD (LED)",63,232,4.5,"Analogue/Digital","0.4","0.0","LG",43,0.498,81,126.5,466,"33-43in",4
"65QNED70B6C","Indonesia,South Korea","LCD (LED)",100,368,6,"Analogue/Digital","0.4","0.0","LG",65,1.148,129,87.1,321,"56-65in",6
"65QNED70BSA","Indonesia,South Korea","LCD (LED)",100,368,6,"Analogue/Digital","0.4","0.0","LG",65,1.148,129,87.1,321,"56-65in",6
"75NU850B6LA","Indonesia,South Korea","LCD (LED)",130,477,6,"Analogue/Digital","0.4","0.0","LG",75,1.531,167,84.9,312,"66-75in",6
"75NU855BPSA","Indonesia,South Korea","LCD (LED)",130,477,6,"Analogue/Digital","0.4","0.0","LG",75,1.531,167,84.9,312,"66-75in",6
"85NU850B6LA","Indonesia,South Korea","LCD (LED)",155,568,6,"Analogue/Digital","0.4","0.0","LG",85,1.971,199,78.6,288,"76-85in",6
"85NU855BPSA","Indonesia,South Korea","LCD (LED)",155,568,6,"Analogue/Digital","0.4","0.0","LG",85,1.971,199,78.6,288,"76-85in",6
"OLED48B6PSA","Indonesia,South Korea","OLED",78,287,4.5,"Analogue/Digital","0.4","0.0","LG",48,0.623,100,125.2,461,"44-50in",4
"OLED48C6PSA","Indonesia,South Korea","OLED",60,222,5.5,"Analogue/Digital","0.4","0.0","LG",48,0.623,78,96.3,356,"44-50in",6
"OLED48C66LA","Indonesia,South Korea","OLED",60,222,5.5,"Analogue/Digital","0.4","0.0","LG",48,0.623,78,96.3,356,"44-50in",6
"OLED55B6PSA","Indonesia,South Korea","OLED",90,331,5,"Analogue/Digital","0.4","0.0","LG",55,0.823,116,109.4,402,"51-55in",5
"OLED55B66LA","Indonesia,South Korea","OLED",90,331,5,"Analogue/Digital","0.4","0.0","LG",55,0.823,116,109.4,402,"51-55in",5
"OLED55C6PSA","Indonesia,South Korea","OLED",96,353,4.5,"Analogue/Digital","0.4","0.0","LG",55,0.823,124,116.6,429,"51-55in",4
"OLED55C66LA","Indonesia,South Korea","OLED",96,353,4.5,"Analogue/Digital","0.4","0.0","LG",55,0.823,124,116.6,429,"51-55in",4
"OLED55G6PSB","Indonesia,South Korea","OLED",92,338,5,"Analogue/Digital","0.4","0.0","LG",55,0.823,118,111.8,411,"51-55in",5
"OLED65G6PSB","Indonesia,South Korea","OLED",112,411,5.5,"Analogue/Digital","0.4","0.0","LG",65,1.148,144,97.6,358,"56-65in",6
"OLED77B6PSA","Indonesia,South Korea","OLED",138,506,6,"Analogue/Digital","0.4","0.0","LG",77,1.62,177,85.2,312,"76-85in",6
"OLED77B66LA","Indonesia,South Korea","OLED",138,506,6,"Analogue/Digital","0.4","0.0","LG",77,1.62,177,85.2,312,"76-85in",6
"OLED77G6PSB","Indonesia,South Korea","OLED",140,514,6,"Analogue/Digital","0.4","0.0","LG",77,1.62,180,86.4,317,"76-85in",6
"ATV24HDTB-0226","China","LCD",17.9,68,6,"Analogue/Digital","0.4237","0.0","BAUHN",24,0.153,24,117,444,"32in & under",6
"86MRGB86B6A","Indonesia,South Korea","LCD (LED)",146,535,6,"Analogue/Digital","0.4","0.0","LG",86,2.02,187,72.3,265,"86in+",6
"86MRGB86BSA","Indonesia,South Korea","LCD (LED)",146,535,6,"Analogue/Digital","0.4","0.0","LG",86,2.02,187,72.3,265,"86in+",6
"UA43M70HAW","Vietnam","LCD (LED)",70,259,4,"Digital","0.5","0.0","SAMSUNG",43,0.498,91,140.6,520,"33-43in",4
"UA43M70HAS","Vietnam","LCD (LED)",70,259,4,"Digital","0.5","0.0","SAMSUNG",43,0.498,91,140.6,520,"33-43in",4
"UA43M70HA*","Vietnam","LCD (LED)",70,259,4,"Digital","0.5","0.0","SAMSUNG",43,0.498,91,140.6,520,"33-43in",4
"UA50M70HAW","Vietnam","LCD (LED)",73,270,5,"Digital","0.5","0.0","SAMSUNG",49,0.675,94,108.1,400,"44-50in",5
"UA50M70HAS","Vietnam","LCD (LED)",73,270,5,"Digital","0.5","0.0","SAMSUNG",49,0.675,94,108.1,400,"44-50in",5
"UA50M70HA*","Vietnam","LCD (LED)",73,270,5,"Digital","0.5","0.0","SAMSUNG",49,0.675,94,108.1,400,"44-50in",5
"UA55M70HAW","Vietnam","LCD (LED)",84,310,5,"Digital","0.5","0.0","SAMSUNG",55,0.823,108,102.1,377,"51-55in",5
"UA55M70HAS","Vietnam","LCD (LED)",84,310,5,"Digital","0.5","0.0","SAMSUNG",55,0.823,108,102.1,377,"51-55in",5
"UA55M70HA*","Vietnam","LCD (LED)",84,310,5,"Digital","0.5","0.0","SAMSUNG",55,0.823,108,102.1,377,"51-55in",5
"UA65M70HAW","Vietnam","LCD (LED)",111,408,5.5,"Digital","0.5","0.0","SAMSUNG",65,1.148,143,96.7,355,"56-65in",6
"UA65M70HAS","Vietnam","LCD (LED)",111,408,5.5,"Digital","0.5","0.0","SAMSUNG",65,1.148,143,96.7,355,"56-65in",6
"UA65M70HA*","Vietnam","LCD (LED)",111,408,5.5,"Digital","0.5","0.0","SAMSUNG",65,1.148,143,96.7,355,"56-65in",6
"UA75M70HAW","Vietnam","LCD (LED)",142,521,5.5,"Digital","0.5","0.0","SAMSUNG",75,1.532,182,92.7,340,"66-75in",6
"UA75M70HAS","Vietnam","LCD (LED)",142,521,5.5,"Digital","0.5","0.0","SAMSUNG",75,1.532,182,92.7,340,"66-75in",6
"UA75M70HA*","Vietnam","LCD (LED)",142,521,5.5,"Digital","0.5","0.0","SAMSUNG",75,1.532,182,92.7,340,"66-75in",6
"UA85M70HAW","Vietnam","LCD (LED)",151,554,6,"Digital","0.5","0.0","SAMSUNG",85,1.971,194,76.6,281,"76-85in",6
"UA85M70HAS","Vietnam","LCD (LED)",151,554,6,"Digital","0.5","0.0","SAMSUNG",85,1.971,194,76.6,281,"76-85in",6
"UA85M70HA*","Vietnam","LCD (LED)",151,554,6,"Digital","0.5","0.0","SAMSUNG",85,1.971,194,76.6,281,"76-85in",6
"UA43U8000HW","Vietnam","LCD (LED)",67,248,4,"Digital","0.5","0.0","SAMSUNG",43,0.498,87,134.5,498,"33-43in",4
"UA43U8000HS","Vietnam","LCD (LED)",67,248,4,"Digital","0.5","0.0","SAMSUNG",43,0.498,87,134.5,498,"33-43in",4
"UA43U8500HW","Vietnam","LCD (LED)",67,248,4,"Digital","0.5","0.0","SAMSUNG",43,0.498,87,134.5,498,"33-43in",4
"UA43U8500HS","Vietnam","LCD (LED)",67,248,4,"Digital","0.5","0.0","SAMSUNG",43,0.498,87,134.5,498,"33-43in",4
"UA43U8*00H*","Vietnam","LCD (LED)",67,248,4,"Digital","0.5","0.0","SAMSUNG",43,0.498,87,134.5,498,"33-43in",4
"UA50U8000HW","Vietnam","LCD (LED)",71,262,5,"Digital","0.5","0.0","SAMSUNG",49,0.675,92,105.2,388,"44-50in",5
"UA50U8000HS","Vietnam","LCD (LED)",71,262,5,"Digital","0.5","0.0","SAMSUNG",49,0.675,92,105.2,388,"44-50in",5
"UA50U8500HW","Vietnam","LCD (LED)",71,262,5,"Digital","0.5","0.0","SAMSUNG",49,0.675,92,105.2,388,"44-50in",5
"UA50U8500HS","Vietnam","LCD (LED)",71,262,5,"Digital","0.5","0.0","SAMSUNG",49,0.675,92,105.2,388,"44-50in",5
"UA50U8*00H*","Vietnam","LCD (LED)",71,262,5,"Digital","0.5","0.0","SAMSUNG",49,0.675,92,105.2,388,"44-50in",5
"OLED77C6PSA","Indonesia,South Korea","OLED",126,462,6,"Analogue/Digital","0.4","0.0","LG",77,1.62,162,77.8,285,"76-85in",6
"OLED77C66LA","Indonesia,South Korea","OLED",126,462,6,"Analogue/Digital","0.4","0.0","LG",77,1.62,162,77.8,285,"76-85in",6
"OLED83G6PSB","Indonesia,South Korea","OLED",155,568,6,"Analogue/Digital","0.4","0.0","LG",83,1.877,199,82.6,303,"76-85in",6
"55UA8055PSA","Indonesia,South Korea","LCD (LED)",92,338,5,"Analogue/Digital","0.4","0.0","LG",55,0.823,118,111.8,411,"51-55in",5
"65UA8055PSA","Indonesia,South Korea","LCD (LED)",118,433,5,"Analogue/Digital","0.4","0.0","LG",65,1.148,152,102.8,377,"56-65in",5
"OLED42C6PSA","Indonesia,South Korea","OLED",55,203,5,"Analogue/Digital","0.4","0.0","LG",42,0.476,71,115.5,426,"33-43in",5
"OLED42C67LA","Indonesia,South Korea","OLED",55,203,5,"Analogue/Digital","0.4","0.0","LG",42,0.476,71,115.5,426,"33-43in",5
"OLED83B6PSA","Indonesia,South Korea","OLED",151,554,6,"Analogue/Digital","0.4","0.0","LG",83,1.877,194,80.4,295,"76-85in",6
"OLED83C6PSA","Indonesia,South Korea","OLED",133,488,6,"Analogue/Digital","0.4","0.0","LG",83,1.877,171,70.9,260,"76-85in",6
"OLED83C66LA","Indonesia,South Korea","OLED",133,488,6,"Analogue/Digital","0.4","0.0","LG",83,1.877,171,70.9,260,"76-85in",6
"65MRGB86B6A","Indonesia,South Korea","LCD (LED)",99,364,6,"Analogue/Digital","0.4","0.0","LG",65,1.148,127,86.2,317,"56-65in",6
"65MRGB86BSA","Indonesia,South Korea","LCD (LED)",99,364,6,"Analogue/Digital","0.4","0.0","LG",65,1.148,127,86.2,317,"56-65in",6
"KAQL75Q97TA","China","LCD (LED)",179.1,685,4.5,"Analogue/Digital","0.3","0.0","KOGAN",75,1.532,240,116.9,447,"66-75in",4
"KAQL75Q97TB","China","LCD (LED)",179.1,685,4.5,"Analogue/Digital","0.3","0.0","KOGAN",75,1.532,240,116.9,447,"66-75in",4
"KAQL75Q97TC","China","LCD (LED)",179.1,685,4.5,"Analogue/Digital","0.3","0.0","KOGAN",75,1.532,240,116.9,447,"66-75in",4
"KAQL75Q97TD","China","LCD (LED)",179.1,685,4.5,"Analogue/Digital","0.3","0.0","KOGAN",75,1.532,240,116.9,447,"66-75in",4
"KAQL75Q97TE","China","LCD (LED)",179.1,685,4.5,"Analogue/Digital","0.3","0.0","KOGAN",75,1.532,240,116.9,447,"66-75in",4
"KAQL75Q97T*","China","LCD (LED)",179.1,685,4.5,"Analogue/Digital","0.3","0.0","KOGAN",75,1.532,240,116.9,447,"66-75in",4
"KAQL85MQXTB","China","LCD (LED)",255.138,1080,3.5,"Analogue/Digital","0.603","0.0","KOGAN",85,1.971,378,129.4,548,"76-85in",4
"KAQL85MQXTC","China","LCD (LED)",255.138,1080,3.5,"Analogue/Digital","0.603","0.0","KOGAN",85,1.971,378,129.4,548,"76-85in",4
"KAQL85MQXTD","China","LCD (LED)",255.138,1080,3.5,"Analogue/Digital","0.603","0.0","KOGAN",85,1.971,378,129.4,548,"76-85in",4
"KAQL85MQXT*","China","LCD (LED)",255.138,1080,3.5,"Analogue/Digital","0.603","0.0","KOGAN",85,1.971,378,129.4,548,"76-85in",4
"KAQL75MQXTB","China","LCD (LED)",214.632,850,3.5,"Analogue/Digital","0.536","0.0","KOGAN",75,1.532,298,140.1,555,"66-75in",4
"KAQL75MQXTC","China","LCD (LED)",214.632,850,3.5,"Analogue/Digital","0.536","0.0","KOGAN",75,1.532,298,140.1,555,"66-75in",4
"KAQL75MQXTD","China","LCD (LED)",214.632,850,3.5,"Analogue/Digital","0.536","0.0","KOGAN",75,1.532,298,140.1,555,"66-75in",4
"KAQL75MQXT*","China","LCD (LED)",214.632,850,3.5,"Analogue/Digital","0.536","0.0","KOGAN",75,1.532,298,140.1,555,"66-75in",4
"KAQL65MQXTB","China","LCD (LED)",197.274,810,2.5,"Analogue/Digital","0.589","0.0","KOGAN",65,1.148,284,171.8,706,"56-65in",2
"KAQL65MQXTC","China","LCD (LED)",197.274,810,2.5,"Analogue/Digital","0.589","0.0","KOGAN",65,1.148,284,171.8,706,"56-65in",2
"KAQL65MQXTD","China","LCD (LED)",197.274,810,2.5,"Analogue/Digital","0.589","0.0","KOGAN",65,1.148,284,171.8,706,"56-65in",2
"KAQL65MQXT*","China","LCD (LED)",197.274,810,2.5,"Analogue/Digital","0.589","0.0","KOGAN",65,1.148,284,171.8,706,"56-65in",2
"KAQL65MQ9ZTA","China","LCD (LED)",147.3,579,4,"Analogue/Digital","0.4","0.0","KOGAN",65,1.148,203,128.3,504,"56-65in",4
"KAQL65MQ9ZTB","China","LCD (LED)",147.3,579,4,"Analogue/Digital","0.4","0.0","KOGAN",65,1.148,203,128.3,504,"56-65in",4
"KAQL65MQ9ZTC","China","LCD (LED)",147.3,579,4,"Analogue/Digital","0.4","0.0","KOGAN",65,1.148,203,128.3,504,"56-65in",4
"KAQL65MQ9ZTD","China","LCD (LED)",147.3,579,4,"Analogue/Digital","0.4","0.0","KOGAN",65,1.148,203,128.3,504,"56-65in",4
"KAQL65MQ9ZTE","China","LCD (LED)",147.3,579,4,"Analogue/Digital","0.4","0.0","KOGAN",65,1.148,203,128.3,504,"56-65in",4
"KAQL65MQ9ZT*","China","LCD (LED)",147.3,579,4,"Analogue/Digital","0.4","0.0","KOGAN",65,1.148,203,128.3,504,"56-65in",4
"KAQL75MQ9ZTA","China","LCD (LED)",223.7,853,3.5,"Analogue/Digital","0.42","0.0","KOGAN",75,1.532,299,146,557,"66-75in",4
"KAQL75MQ9ZTB","China","LCD (LED)",223.7,853,3.5,"Analogue/Digital","0.42","0.0","KOGAN",75,1.532,299,146,557,"66-75in",4
"KAQL75MQ9ZTC","China","LCD (LED)",223.7,853,3.5,"Analogue/Digital","0.42","0.0","KOGAN",75,1.532,299,146,557,"66-75in",4
"KAQL75MQ9ZTD","China","LCD (LED)",223.7,853,3.5,"Analogue/Digital","0.42","0.0","KOGAN",75,1.532,299,146,557,"66-75in",4
"KAQL75MQ9ZTE","China","LCD (LED)",223.7,853,3.5,"Analogue/Digital","0.42","0.0","KOGAN",75,1.532,299,146,557,"66-75in",4
"KAQL75MQ9ZT*","China","LCD (LED)",223.7,853,3.5,"Analogue/Digital","0.42","0.0","KOGAN",75,1.532,299,146,557,"66-75in",4
"KAQL100MQ9ZTA","China","LCD (LED)",219.1,955,5.5,"Analogue/Digital","0.38","0.0","KOGAN",100,2.73,334,80.3,350,"86in+",6
"KAQL100MQ9ZTB","China","LCD (LED)",219.1,955,5.5,"Analogue/Digital","0.38","0.0","KOGAN",100,2.73,334,80.3,350,"86in+",6
"KAQL100MQ9ZTC","China","LCD (LED)",219.1,955,5.5,"Analogue/Digital","0.38","0.0","KOGAN",100,2.73,334,80.3,350,"86in+",6
"KAQL100MQ9ZTD","China","LCD (LED)",219.1,955,5.5,"Analogue/Digital","0.38","0.0","KOGAN",100,2.73,334,80.3,350,"86in+",6
"KAQL100MQ9ZTE","China","LCD (LED)",219.1,955,5.5,"Analogue/Digital","0.38","0.0","KOGAN",100,2.73,334,80.3,350,"86in+",6
"KAQL100MQ9ZT*","China","LCD (LED)",219.1,955,5.5,"Analogue/Digital","0.38","0.0","KOGAN",100,2.73,334,80.3,350,"86in+",6
"TL430TQZ","China","LCD (LED)",58.3,215,5,"Analogue/Digital","","","TELEFUNKEN",43,0.498,75,117.1,432,"33-43in",5
"TL430TQZ1","China","LCD (LED)",58.3,215,5,"Analogue/Digital","","","TELEFUNKEN",43,0.498,75,117.1,432,"33-43in",5
"TL430TQZ2","China","LCD (LED)",58.3,215,5,"Analogue/Digital","","","TELEFUNKEN",43,0.498,75,117.1,432,"33-43in",5
"TL430TQZ3","China","LCD (LED)",58.3,215,5,"Analogue/Digital","","","TELEFUNKEN",43,0.498,75,117.1,432,"33-43in",5
"QTF50T","China","LCD (LED)",55.52,228,6,"Analogue/Digital","","","QBELL",50,0.675,80,82.3,338,"44-50in",6
"UA65U8000HW","Vietnam","LCD (LED)",112,412,5.5,"Digital","0.5","0.0","SAMSUNG",65,1.148,144,97.6,359,"56-65in",6
"UA65U8000HS","Vietnam","LCD (LED)",112,412,5.5,"Digital","0.5","0.0","SAMSUNG",65,1.148,144,97.6,359,"56-65in",6
"UA65U8500HW","Vietnam","LCD (LED)",112,412,5.5,"Digital","0.5","0.0","SAMSUNG",65,1.148,144,97.6,359,"56-65in",6
"UA65U8500HS","Vietnam","LCD (LED)",112,412,5.5,"Digital","0.5","0.0","SAMSUNG",65,1.148,144,97.6,359,"56-65in",6
"UA65U8*00H*","Vietnam","LCD (LED)",112,412,5.5,"Digital","0.5","0.0","SAMSUNG",65,1.148,144,97.6,359,"56-65in",6
"UA55U8000HW","Vietnam","LCD (LED)",79,291,5.5,"Digital","0.5","0.0","SAMSUNG",55,0.823,102,96,354,"51-55in",6
"UA55U8000HS","Vietnam","LCD (LED)",79,291,5.5,"Digital","0.5","0.0","SAMSUNG",55,0.823,102,96,354,"51-55in",6
"UA55U8500HW","Vietnam","LCD (LED)",79,291,5.5,"Digital","0.5","0.0","SAMSUNG",55,0.823,102,96,354,"51-55in",6
"UA55U8500HS","Vietnam","LCD (LED)",79,291,5.5,"Digital","0.5","0.0","SAMSUNG",55,0.823,102,96,354,"51-55in",6
"UA55U8*00H*","Vietnam","LCD (LED)",79,291,5.5,"Digital","0.5","0.0","SAMSUNG",55,0.823,102,96,354,"51-55in",6
"UA85U8000HW","Vietnam","LCD (LED)",142,521,6,"Digital","0.5","0.0","SAMSUNG",85,1.971,182,72,264,"76-85in",6
"UA85U8000HS","Vietnam","LCD (LED)",142,521,6,"Digital","0.5","0.0","SAMSUNG",85,1.971,182,72,264,"76-85in",6
"UA85U8500HW","Vietnam","LCD (LED)",142,521,6,"Digital","0.5","0.0","SAMSUNG",85,1.971,182,72,264,"76-85in",6
"UA85U8500HS","Vietnam","LCD (LED)",142,521,6,"Digital","0.5","0.0","SAMSUNG",85,1.971,182,72,264,"76-85in",6
"UA85U8*00H*","Vietnam","LCD (LED)",142,521,6,"Digital","0.5","0.0","SAMSUNG",85,1.971,182,72,264,"76-85in",6
"UA75U8000HW","Vietnam","LCD (LED)",133,489,6,"Digital","0.5","0.0","SAMSUNG",75,1.532,171,86.8,319,"66-75in",6
"UA75U8000HS","Vietnam","LCD (LED)",133,489,6,"Digital","0.5","0.0","SAMSUNG",75,1.532,171,86.8,319,"66-75in",6
"UA75U8500HW","Vietnam","LCD (LED)",133,489,6,"Digital","0.5","0.0","SAMSUNG",75,1.532,171,86.8,319,"66-75in",6
"UA75U8500HS","Vietnam","LCD (LED)",133,489,6,"Digital","0.5","0.0","SAMSUNG",75,1.532,171,86.8,319,"66-75in",6
"UA75U8*00H*","Vietnam","LCD (LED)",133,489,6,"Digital","0.5","0.0","SAMSUNG",75,1.532,171,86.8,319,"66-75in",6
"KAL50U96VA","China","LCD (LED)",60.48,247,5.5,"Analogue/Digital","0.45","0.0","KOGAN",49,0.675,86,89.6,366,"44-50in",6
"KAL50U96VB","China","LCD (LED)",60.48,247,5.5,"Analogue/Digital","0.45","0.0","KOGAN",49,0.675,86,89.6,366,"44-50in",6
"KAL50U96VC","China","LCD (LED)",60.48,247,5.5,"Analogue/Digital","0.45","0.0","KOGAN",49,0.675,86,89.6,366,"44-50in",6
"KAL50U96VA, KAL50U96V,KAL50U96VC","China","LCD (LED)",60.48,247,5.5,"Analogue/Digital","0.45","0.0","KOGAN",49,0.675,86,89.6,366,"44-50in",6
"KAL55U96VA","China","LCD (LED)",58.7,335,5,"Analogue/Digital","0.45","0.0","KOGAN",55,0.849,117,69.1,395,"51-55in",5
"KAL55U96VB","China","LCD (LED)",58.7,335,5,"Analogue/Digital","0.45","0.0","KOGAN",55,0.849,117,69.1,395,"51-55in",5
"KAL55U96VC","China","LCD (LED)",58.7,335,5,"Analogue/Digital","0.45","0.0","KOGAN",55,0.849,117,69.1,395,"51-55in",5
"KAL55U96VA,KAL55U96VB,KAL55U96VC","China","LCD (LED)",58.7,335,5,"Analogue/Digital","0.45","0.0","KOGAN",55,0.849,117,69.1,395,"51-55in",5
"QA85QN80HAW","Vietnam","LCD (LED)",223,817,4.5,"Digital","0.5","0.0","SAMSUNG",85,1.971,286,113.1,415,"76-85in",4
"QA85QN80HAS","Vietnam","LCD (LED)",223,817,4.5,"Digital","0.5","0.0","SAMSUNG",85,1.971,286,113.1,415,"76-85in",4
"QA85QN80HA*","Vietnam","LCD (LED)",223,817,4.5,"Digital","0.5","0.0","SAMSUNG",85,1.971,286,113.1,415,"76-85in",4
"QA65S85HAE","Vietnam","LCD (LED)",128,470,4.5,"Digital","0.5","0.0","SAMSUNG",65,1.148,164,111.5,409,"56-65in",4
"QA55S85HAE","Vietnam","LCD (LED)",100,368,4.5,"Digital","0.5","0.0","SAMSUNG",55,0.823,129,121.5,447,"51-55in",4
"QA75QN80HAW","Vietnam","LCD (LED)",189,693,4,"Digital","0.5","0.0","SAMSUNG",75,1.532,243,123.4,452,"66-75in",4
"QA75QN80HAS","Vietnam","LCD (LED)",189,693,4,"Digital","0.5","0.0","SAMSUNG",75,1.532,243,123.4,452,"66-75in",4
"QA75QN80HA*","Vietnam","LCD (LED)",189,693,4,"Digital","0.5","0.0","SAMSUNG",75,1.532,243,123.4,452,"66-75in",4
"QA55S90HAW","Vietnam","LCD (LED)",108,397,4,"Digital","0.5","0.0","SAMSUNG",55,0.823,139,131.2,482,"51-55in",4
"QA55S90HAS","Vietnam","LCD (LED)",108,397,4,"Digital","0.5","0.0","SAMSUNG",55,0.823,139,131.2,482,"51-55in",4
"QA55S90HA*","Vietnam","LCD (LED)",108,397,4,"Digital","0.5","0.0","SAMSUNG",55,0.823,139,131.2,482,"51-55in",4
"UA55M80HAW","Vietnam","LCD (LED)",75,277,5.5,"Digital","0.5","0.0","SAMSUNG",55,0.823,97,91.1,337,"51-55in",6
"UA55M80HAS","Vietnam","LCD (LED)",75,277,5.5,"Digital","0.5","0.0","SAMSUNG",55,0.823,97,91.1,337,"51-55in",6
"UA55M80HA*","Vietnam","LCD (LED)",75,277,5.5,"Digital","0.5","0.0","SAMSUNG",55,0.823,97,91.1,337,"51-55in",6
"86QNED86BSA","Indonesia,South Korea","LCD (LED)",137,503,7,"Analogue/Digital","0.4","0.0","LG",86,2.02,176,67.8,249,"86in+",7
"86QNED87B6A","Indonesia,South Korea","LCD (LED)",137,503,7,"Analogue/Digital","0.4","0.0","LG",86,2.02,176,67.8,249,"86in+",7
"CCA-BFHD24TV","China","LCD",17.88,67,6,"unknown","0.28","0.0","BELGIQUE",24,0.155,23,115.4,432,"32in & under",6
"VK-2401D","China","LCD",17.88,67,6,"unknown","0.28","0.0","BELGIQUE",24,0.155,23,115.4,432,"32in & under",6
"CCA-BFHD32TV","China","LCD",35.42,131,5,"unknown","0.32","0.0","BELGIQUE",32,0.276,46,128.3,475,"32in & under",5
"VK-3201D","China","LCD",35.42,131,5,"unknown","0.32","0.0","BELGIQUE",32,0.276,46,128.3,475,"32in & under",5
"CCA-BFHD40TV","China","LCD",69.27,256,3.5,"unknown","0.5","0.0","BELGIQUE",39,0.429,90,161.5,597,"33-43in",4
"VK-4001D","China","LCD",69.27,256,3.5,"unknown","0.5","0.0","BELGIQUE",39,0.429,90,161.5,597,"33-43in",4
"UA58U8000HS","Vietnam","LCD (LED)",96,353,5,"Digital","0.5","0.0","SAMSUNG",58,0.916,124,104.8,385,"56-65in",5
"UA70U8000HS","Vietnam","LCD (LED)",128,470,5.5,"Digital","0.5","0.0","SAMSUNG",70,1.338,164,95.7,351,"66-75in",6
"KAQL55MQ9ZTA","China","LCD (LED)",97.4,426,4,"Analogue/Digital","0.4","0.0","KOGAN",55,0.823,149,118.3,518,"51-55in",4
"KAQL55MQ9ZTB","China","LCD (LED)",97.4,426,4,"Analogue/Digital","0.4","0.0","KOGAN",55,0.823,149,118.3,518,"51-55in",4
"KAQL55MQ9ZTC","China","LCD (LED)",97.4,426,4,"Analogue/Digital","0.4","0.0","KOGAN",55,0.823,149,118.3,518,"51-55in",4
"KAQL55MQ9ZTD","China","LCD (LED)",97.4,426,4,"Analogue/Digital","0.4","0.0","KOGAN",55,0.823,149,118.3,518,"51-55in",4
"KAQL55MQ9ZTE","China","LCD (LED)",97.4,426,4,"Analogue/Digital","0.4","0.0","KOGAN",55,0.823,149,118.3,518,"51-55in",4
"KAQL55MQ9ZT*","China","LCD (LED)",97.4,426,4,"Analogue/Digital","0.4","0.0","KOGAN",55,0.823,149,118.3,518,"51-55in",4
"TL320TQ1","China","LCD (LED)",35.1,131,5,"Analogue/Digital","","","TELEFUNKEN",32,0.274,46,128.1,478,"32in & under",5
"TL320QT","China","LCD (LED)",35.1,131,5,"Analogue/Digital","","","TELEFUNKEN",32,0.274,46,128.1,478,"32in & under",5
"TL320QT2","China","LCD (LED)",35.1,131,5,"Analogue/Digital","","","TELEFUNKEN",32,0.274,46,128.1,478,"32in & under",5
"TL320QT3","China","LCD (LED)",35.1,131,5,"Analogue/Digital","","","TELEFUNKEN",32,0.274,46,128.1,478,"32in & under",5
"QA55QN80HAW","Vietnam","LCD (LED)",102,375,4.5,"Digital","0.5","0.0","SAMSUNG",55,0.823,131,123.9,456,"51-55in",4
"QA55QN80HAS","Vietnam","LCD (LED)",102,375,4.5,"Digital","0.5","0.0","SAMSUNG",55,0.823,131,123.9,456,"51-55in",4
"QA55QN80HA*","Vietnam","LCD (LED)",102,375,4.5,"Digital","0.5","0.0","SAMSUNG",55,0.823,131,123.9,456,"51-55in",4
"QA65QN80HAW","Vietnam","LCD (LED)",153,562,4,"Digital","0.5","0.0","SAMSUNG",65,1.148,197,133.3,490,"56-65in",4
"QA65QN80HAS","Vietnam","LCD (LED)",153,562,4,"Digital","0.5","0.0","SAMSUNG",65,1.148,197,133.3,490,"56-65in",4
"QA65QN80HA*","Vietnam","LCD (LED)",153,562,4,"Digital","0.5","0.0","SAMSUNG",65,1.148,197,133.3,490,"56-65in",4
"MRA75R95HAW","Vietnam","LCD (LED)",203,744,4,"Digital","0.5","0.0","SAMSUNG",75,1.532,260,132.5,486,"66-75in",4
"MRA75R95HAS","Vietnam","LCD (LED)",203,744,4,"Digital","0.5","0.0","SAMSUNG",75,1.532,260,132.5,486,"66-75in",4
"MRA75R95HA*","Vietnam","LCD (LED)",203,744,4,"Digital","0.5","0.0","SAMSUNG",75,1.532,260,132.5,486,"66-75in",4
"MRA85R95HAW","Vietnam","LCD (LED)",260,952,4,"Digital","0.5","0.0","SAMSUNG",85,1.971,333,131.9,483,"76-85in",4
"MRA85R95HAS","Vietnam","LCD (LED)",260,952,4,"Digital","0.5","0.0","SAMSUNG",85,1.971,333,131.9,483,"76-85in",4
"MRA85R95HA*","Vietnam","LCD (LED)",260,952,4,"Digital","0.5","0.0","SAMSUNG",85,1.971,333,131.9,483,"76-85in",4
"MRA65R95HAW","Vietnam","LCD (LED)",153,562,4,"Digital","0.5","0.0","SAMSUNG",65,1.148,197,133.3,490,"56-65in",4
"MRA65R95HAS","Vietnam","LCD (LED)",153,562,4,"Digital","0.5","0.0","SAMSUNG",65,1.148,197,133.3,490,"56-65in",4
"MRA65R95HA*","Vietnam","LCD (LED)",153,562,4,"Digital","0.5","0.0","SAMSUNG",65,1.148,197,133.3,490,"56-65in",4
"QA83S90HAE","Vietnam","LCD (LED)",215,788,4.5,"Digital","0.5","0.0","SAMSUNG",83,1.877,276,114.5,420,"76-85in",4
"QA77S90HAW","Vietnam","LCD (LED)",173,635,5,"Digital","0.5","0.0","SAMSUNG",77,1.628,222,106.3,390,"76-85in",5
"QA77S90HAS","Vietnam","LCD (LED)",173,635,5,"Digital","0.5","0.0","SAMSUNG",77,1.628,222,106.3,390,"76-85in",5
"QA77S90HA*","Vietnam","LCD (LED)",173,635,5,"Digital","0.5","0.0","SAMSUNG",77,1.628,222,106.3,390,"76-85in",5
"OLED55G66LW","Indonesia,South Korea","OLED",92,338,5,"Analogue/Digital","0.4","0.0","LG",55,0.823,118,111.8,411,"51-55in",5
"OLED65G66LW","Indonesia,South Korea","OLED",112,411,5.5,"Analogue/Digital","0.4","0.0","LG",65,1.148,144,97.6,358,"56-65in",6
"OLED77G66LW","Indonesia,South Korea","OLED",140,514,6,"Analogue/Digital","0.4","0.0","LG",77,1.62,180,86.4,317,"76-85in",6
"OLED83G66LW","Indonesia,South Korea","OLED",155,568,6,"Analogue/Digital","0.4","0.0","LG",83,1.877,199,82.6,303,"76-85in",6
"QA65S90HAW","Vietnam","LCD (LED)",138,507,4.5,"Digital","0.5","0.0","SAMSUNG",65,1.148,177,120.2,442,"56-65in",4
"QA65S90HAS","Vietnam","LCD (LED)",138,507,4.5,"Digital","0.5","0.0","SAMSUNG",65,1.148,177,120.2,442,"56-65in",4
"QA65S90HA*","Vietnam","LCD (LED)",138,507,4.5,"Digital","0.5","0.0","SAMSUNG",65,1.148,177,120.2,442,"56-65in",4
"QA50QN70HAW","Vietnam","LCD (LED)",83,306,4.5,"Digital","0.5","0.0","SAMSUNG",49,0.675,107,123,453,"44-50in",4
"QA50QN70HAS","Vietnam","LCD (LED)",83,306,4.5,"Digital","0.5","0.0","SAMSUNG",49,0.675,107,123,453,"44-50in",4
"QA50QN70HA*","Vietnam","LCD (LED)",83,306,4.5,"Digital","0.5","0.0","SAMSUNG",49,0.675,107,123,453,"44-50in",4
"QA65QN70HAW","Vietnam","LCD (LED)",130,478,4.5,"Digital","0.5","0.0","SAMSUNG",65,1.148,167,113.2,416,"56-65in",4
"QA65QN70HAS","Vietnam","LCD (LED)",130,478,4.5,"Digital","0.5","0.0","SAMSUNG",65,1.148,167,113.2,416,"56-65in",4
"QA65QN70HA*","Vietnam","LCD (LED)",130,478,4.5,"Digital","0.5","0.0","SAMSUNG",65,1.148,167,113.2,416,"56-65in",4
"CCA-BFHD**TV","China","LCD",17.88,67,6,"unknown","0.28","0.0","BELGIQUE",24,0.155,23,115.4,432,"32in & under",6
"55LX7BPSA","China","LCD (LED)",76.1,313,5,"Analogue/Digital","0.34","0.38","LG",55,0.823,110,92.5,380,"51-55in",5
"55LX7B6LA","China","LCD (LED)",76.1,313,5,"Analogue/Digital","0.34","0.38","LG",55,0.823,110,92.5,380,"51-55in",5
"55LX7BPUA","China","LCD (LED)",76.1,313,5,"Analogue/Digital","0.34","0.38","LG",55,0.823,110,92.5,380,"51-55in",5
"55LX7BKNA","China","LCD (LED)",76.1,313,5,"Analogue/Digital","0.34","0.38","LG",55,0.823,110,92.5,380,"51-55in",5
"55LX7B###","China","LCD (LED)",76.1,313,5,"Analogue/Digital","0.34","0.38","LG",55,0.823,110,92.5,380,"51-55in",5
"QA100QN80HW","Vietnam","LCD (LED)",278,1018,5,"Digital","0.5","0.0","SAMSUNG",100,2.73,356,101.8,373,"86in+",5
"QA100QN80HS","Vietnam","LCD (LED)",278,1018,5,"Digital","0.5","0.0","SAMSUNG",100,2.73,356,101.8,373,"86in+",5
"QA100QN80H*","Vietnam","LCD (LED)",278,1018,5,"Digital","0.5","0.0","SAMSUNG",100,2.73,356,101.8,373,"86in+",5
"QA55QN70HAW","Vietnam","LCD (LED)",105,386,4,"Digital","0.5","0.0","SAMSUNG",55,0.823,135,127.6,469,"51-55in",4
"QA55QN70HAS","Vietnam","LCD (LED)",105,386,4,"Digital","0.5","0.0","SAMSUNG",55,0.823,135,127.6,469,"51-55in",4
"QA55QN70HA*","Vietnam","LCD (LED)",105,386,4,"Digital","0.5","0.0","SAMSUNG",55,0.823,135,127.6,469,"51-55in",4
"QA43QN70HAW","Vietnam","LCD (LED)",69,255,4,"Digital","0.5","0.0","SAMSUNG",43,0.499,89,138.3,511,"33-43in",4
"QA43QN70HAS","Vietnam","LCD (LED)",69,255,4,"Digital","0.5","0.0","SAMSUNG",43,0.499,89,138.3,511,"33-43in",4
"QA43QN70HA*","Vietnam","LCD (LED)",69,255,4,"Digital","0.5","0.0","SAMSUNG",43,0.499,89,138.3,511,"33-43in",4
"QA77S95HAE","Vietnam","LCD (LED)",213,781,4,"Digital","0.5","0.0","SAMSUNG",77,1.62,273,131.5,482,"76-85in",4
"QA75LS03HWW","Vietnam","LCD (LED)",187,686,4,"Digital","0.5","0.0","SAMSUNG",75,1.532,240,122.1,448,"66-75in",4
"QA75LS03HWS","Vietnam","LCD (LED)",187,686,4,"Digital","0.5","0.0","SAMSUNG",75,1.532,240,122.1,448,"66-75in",4
"QA75LS03HW*","Vietnam","LCD (LED)",187,686,4,"Digital","0.5","0.0","SAMSUNG",75,1.532,240,122.1,448,"66-75in",4
"UA85M80HAW","Vietnam","LCD (LED)",141,518,6,"Digital","0.5","0.0","SAMSUNG",85,1.971,181,71.5,263,"76-85in",6
"UA85M80HAS","Vietnam","LCD (LED)",141,518,6,"Digital","0.5","0.0","SAMSUNG",85,1.971,181,71.5,263,"76-85in",6
"UA85M80HA*","Vietnam","LCD (LED)",141,518,6,"Digital","0.5","0.0","SAMSUNG",85,1.971,181,71.5,263,"76-85in",6
"UA75M80HAW","Vietnam","LCD (LED)",117,430,6,"Digital","0.5","0.0","SAMSUNG",75,1.532,150,76.4,281,"66-75in",6
"UA75M80HAS","Vietnam","LCD (LED)",117,430,6,"Digital","0.5","0.0","SAMSUNG",75,1.532,150,76.4,281,"66-75in",6
"UA75M80HA*","Vietnam","LCD (LED)",117,430,6,"Digital","0.5","0.0","SAMSUNG",75,1.532,150,76.4,281,"66-75in",6
"UA65M80HAW","Vietnam","LCD (LED)",101,372,6,"Digital","0.5","0.0","SAMSUNG",65,1.148,130,88,324,"56-65in",6
"UA65M80HAS","Vietnam","LCD (LED)",101,372,6,"Digital","0.5","0.0","SAMSUNG",65,1.148,130,88,324,"56-65in",6
"UA65M80HA*","Vietnam","LCD (LED)",101,372,6,"Digital","0.5","0.0","SAMSUNG",65,1.148,130,88,324,"56-65in",6
"65LX7BPSA","China","LCD (LED)",86.6,368,6,"Analogue/Digital","0.33","0.34","LG",65,1.148,129,75.4,321,"56-65in",6
"65LX7B6LA","China","LCD (LED)",86.6,368,6,"Analogue/Digital","0.33","0.34","LG",65,1.148,129,75.4,321,"56-65in",6
"65LX7BPUA","China","LCD (LED)",86.6,368,6,"Analogue/Digital","0.33","0.34","LG",65,1.148,129,75.4,321,"56-65in",6
"65LX7BKNA","China","LCD (LED)",86.6,368,6,"Analogue/Digital","0.33","0.34","LG",65,1.148,129,75.4,321,"56-65in",6
"65LX7B###","China","LCD (LED)",86.6,368,6,"Analogue/Digital","0.33","0.34","LG",65,1.148,129,75.4,321,"56-65in",6
"K-50XR30M2","Thailand","LCD (LED)",85.5,318,4.5,"Analogue/Digital","0.5","12.0","SONY",49,0.674,111,126.9,472,"44-50in",4
"75NU805BPSB","China,Vietnam","LCD",118,433,6,"Analogue/Digital","","","LG",75,1.531,152,77.1,283,"66-75in",6
"55NU805BPSB","China,Vietnam","LCD",85,312,5,"Analogue/Digital","","","LG",55,0.823,109,103.3,379,"51-55in",5
"85NU805BPSB","China,Vietnam","LCD",160,586,6,"Analogue/Digital","","","LG",85,1.971,205,81.2,297,"76-85in",6
"65NU805BPSB","China,Vietnam","LCD",92,338,6,"Analogue/Digital","","","LG",65,1.148,118,80.1,294,"56-65in",6
"98NU855BPSB","China,Vietnam","LCD",340,1243,4,"Analogue/Digital","","","LG",98,2.622,435,129.7,474,"86in+",4
"K-65XR30M2","Thailand","LCD (LED)",130.2,481,4.5,"Analogue/Digital","0.5","13.6","SONY",65,1.148,168,113.4,419,"56-65in",4
"K-75XR30M2","Thailand","LCD (LED)",172,633,4.5,"Analogue/Digital","0.5","12.1","SONY",75,1.532,222,112.3,413,"66-75in",4
"K-85XR30M2","Thailand","LCD (LED)",166.9,615,6,"Analogue/Digital","0.5","12.8","SONY",85,1.971,215,84.7,312,"76-85in",6
"K-65XR70M2","China","LCD (LED)",129.4,477,4.5,"Analogue/Digital","0.5","9.9","SONY",65,1.148,167,112.7,416,"56-65in",4
"K-55XR70M2","China","LCD (LED)",105.9,392,4,"Analogue/Digital","0.5","10.9","SONY",55,0.823,137,128.7,476,"51-55in",4
"K-50XR70M2","China","LCD (LED)",105.8,392,3.5,"Analogue/Digital","0.5","12.1","SONY",49,0.675,137,156.7,581,"44-50in",4
"K-100XR30M2","Thailand","LCD (LED)",191.6,705,6,"Analogue/Digital","0.5","12.8","SONY",100,2.73,247,70.2,258,"86in+",6
"43Q5600H","China","LCD (LED)",38.7,165,6,"Analogue/Digital","","","SKYWORTH",43,0.498,58,77.7,331,"33-43in",6
"KAL65U96VA","China","LCD (LED)",122.82,506,4.5,"Digital","0.45","0.0","KOGAN",65,1.147,177,107.1,441,"56-65in",4
"KAL65U96VB","China","LCD (LED)",122.82,506,4.5,"Digital","0.45","0.0","KOGAN",65,1.147,177,107.1,441,"56-65in",4
"KAL65U96VC","China","LCD (LED)",122.82,506,4.5,"Digital","0.45","0.0","KOGAN",65,1.147,177,107.1,441,"56-65in",4
"KAL65U96VA, KAL65U96VB, KAL65U96VC","China","LCD (LED)",122.82,506,4.5,"Digital","0.45","0.0","KOGAN",65,1.147,177,107.1,441,"56-65in",4
"OLED97G6PSA","Indonesia,South Korea","OLED",228,835,5.5,"Analogue/Digital","0.4","0.0","LG",97,2.568,292,88.8,325,"86in+",6
"OLED97G66LW","Indonesia,South Korea","OLED",228,835,5.5,"Analogue/Digital","0.4","0.0","LG",97,2.568,292,88.8,325,"86in+",6
"100MRGB96B6","Indonesia,South Korea","LCD (LED)",200,733,6,"Analogue/Digital","0.4","0.0","LG",100,2.73,257,73.3,268,"86in+",6
"100MRGB96BS","Indonesia,South Korea","LCD (LED)",200,733,6,"Analogue/Digital","0.4","0.0","LG",100,2.73,257,73.3,268,"86in+",6
"100QNED86BS","Indonesia,South Korea","LCD (LED)",230,842,6,"Analogue/Digital","0.4","0.0","LG",100,2.73,295,84.2,308,"86in+",6
"100QNED87B6","Indonesia,South Korea","LCD (LED)",230,842,6,"Analogue/Digital","0.4","0.0","LG",100,2.73,295,84.2,308,"86in+",6
"K-65XR90M2","Malaysia,China","LCD (LED)",151.4,559,4,"Analogue/Digital","0.5","15.3","SONY",65,1.148,196,131.9,487,"56-65in",4
"65P7LS","China","LCD (LED)",82.8,360,6,"Analogue/Digital","0.37","0.0","TCL",64,1.147,126,72.2,314,"56-65in",6
"65C8L","China","LCD (LED)",109.4,465,5,"Analogue/Digital","0.413","0.0","TCL",64,1.147,163,95.4,405,"56-65in",5
"85C8L","China","LCD (LED)",190.4,770,5,"Analogue/Digital","0.377","0.0","TCL",85,1.971,270,96.6,391,"76-85in",5
"98C8L","China","LCD (LED)",196.2,818,6,"Analogue/Digital","0.362","0.0","TCL",97,2.62,286,74.9,312,"86in+",6
"85X11L","China","LCD (LED)",290,1171,3,"Analogue/Digital","0.328","0.0","TCL",85,1.971,410,147.1,594,"76-85in",3
"98X11L","China","LCD (LED)",444.6,1790,2.5,"Analogue/Digital","0.316","0.0","TCL",97,2.62,626,169.7,683,"86in+",2
"QA65S95HAW","Vietnam","LCD (LED)",151,554,4,"Digital","0.5","0.0","SAMSUNG",65,1.148,194,131.5,483,"56-65in",4
"QA65S95HAS","Vietnam","LCD (LED)",151,554,4,"Digital","0.5","0.0","SAMSUNG",65,1.148,194,131.5,483,"56-65in",4
"QA65S95HA*","Vietnam","LCD (LED)",151,554,4,"Digital","0.5","0.0","SAMSUNG",65,1.148,194,131.5,483,"56-65in",4
"QA75QN70HAW","Vietnam","LCD (LED)",138,507,5.5,"Digital","0.5","0.0","SAMSUNG",75,1.532,177,90.1,331,"66-75in",6
"QA75QN70HAS","Vietnam","LCD (LED)",138,507,5.5,"Digital","0.5","0.0","SAMSUNG",75,1.532,177,90.1,331,"66-75in",6
"QA75QN70HA*","Vietnam","LCD (LED)",138,507,5.5,"Digital","0.5","0.0","SAMSUNG",75,1.532,177,90.1,331,"66-75in",6
"QA77S85HAE","Vietnam","LCD (LED)",137,503,6,"Digital","0.5","0.0","SAMSUNG",77,1.62,176,84.6,310,"76-85in",6
"QA83S85HAE","Vietnam","LCD (LED)",185,678,5,"Digital","0.5","0.0","SAMSUNG",83,1.877,237,98.6,361,"76-85in",5
"QA83S95HAE","Vietnam","LCD (LED)",247,905,4,"Digital","0.5","0.0","SAMSUNG",83,1.877,317,131.6,482,"76-85in",4
"QA85LS03HWW","Vietnam","LCD (LED)",219,802,4.5,"Digital","0.5","0.0","SAMSUNG",85,1.971,281,111.1,407,"76-85in",4
"QA85LS03HWS","Vietnam","LCD (LED)",219,802,4.5,"Digital","0.5","0.0","SAMSUNG",85,1.971,281,111.1,407,"76-85in",4
"QA85LS03HW*","Vietnam","LCD (LED)",219,802,4.5,"Digital","0.5","0.0","SAMSUNG",85,1.971,281,111.1,407,"76-85in",4
"QA50QN80HAW","Vietnam","LCD (LED)",99,364,3.5,"Digital","0.5","0.0","SAMSUNG",49,0.675,127,146.7,539,"44-50in",4
"QA50QN80HAS","Vietnam","LCD (LED)",99,364,3.5,"Digital","0.5","0.0","SAMSUNG",49,0.675,127,146.7,539,"44-50in",4
"QA50QN80HA*","Vietnam","LCD (LED)",99,364,3.5,"Digital","0.5","0.0","SAMSUNG",49,0.675,127,146.7,539,"44-50in",4
"QA48S90HAE","Vietnam","LCD (LED)",78,288,4.5,"Digital","0.5","0.0","SAMSUNG",48,0.623,101,125.2,462,"44-50in",4
"MRA65R85HAS","Vietnam","LCD (LED)",147,540,4,"Digital","0.5","0.0","SAMSUNG",65,1.148,189,128,470,"56-65in",4
"MRA65R85HAW","Vietnam","LCD (LED)",147,540,4,"Digital","0.5","0.0","SAMSUNG",65,1.148,189,128,470,"56-65in",4
"MRA65R85HA*","Vietnam","LCD (LED)",147,540,4,"Digital","0.5","0.0","SAMSUNG",65,1.148,189,128,470,"56-65in",4
"MRA85R85HAW","Vietnam","LCD (LED)",234,857,4.5,"Digital","0.5","0.0","SAMSUNG",85,1.971,300,118.7,435,"76-85in",4
"MRA85R85HAS","Vietnam","LCD (LED)",234,857,4.5,"Digital","0.5","0.0","SAMSUNG",85,1.971,300,118.7,435,"76-85in",4
"MRA85R85HA*","Vietnam","LCD (LED)",234,857,4.5,"Digital","0.5","0.0","SAMSUNG",85,1.971,300,118.7,435,"76-85in",4
"QA65LS03HWW","Vietnam","LCD (LED)",153,562,4,"Digital","0.5","0.0","SAMSUNG",65,1.148,197,133.3,490,"56-65in",4
"QA65LS03HWS","Vietnam","LCD (LED)",153,562,4,"Digital","0.5","0.0","SAMSUNG",65,1.148,197,133.3,490,"56-65in",4
"QA65LS03HW*","Vietnam","LCD (LED)",153,562,4,"Digital","0.5","0.0","SAMSUNG",65,1.148,197,133.3,490,"56-65in",4
"KAL32R98VA","China","LCD (LED)",38.1,152,4,"Digital","0.42","0.0","KOGAN",31,0.273,53,139.6,557,"32in & under",4
"KAL32R98VB","China","LCD (LED)",38.1,152,4,"Digital","0.42","0.0","KOGAN",31,0.273,53,139.6,557,"32in & under",4
"KAL32R98VC","China","LCD (LED)",38.1,152,4,"Digital","0.42","0.0","KOGAN",31,0.273,53,139.6,557,"32in & under",4
"KAL32R98VA, KAL32R98VB,KAL32R98VC","China","LCD (LED)",38.1,152,4,"Digital","0.42","0.0","KOGAN",31,0.273,53,139.6,557,"32in & under",4
"UR-LED2406DVD","China","LCD",22.1,84,5,"unknown","0.57","0.0","MYVI",24,0.156,29,141.7,538,"32in & under",5
"UR-LED3206DVD","China","LCD",42.9,160,4,"unknown","0.63","0.0","MYVI",32,0.279,56,153.8,573,"32in & under",4
"65X66CH","China","LCD (LED)",79.1,310,6,"Analogue/Digital","","","COOCAA",65,1.148,108,68.9,270,"56-65in",6
"QA55QN1EHAW","Vietnam","LCD (LED)",105,386,4,"Digital","0.5","0.0","SAMSUNG",55,0.823,135,127.6,469,"51-55in",4
"QA55QN1EHAS","Vietnam","LCD (LED)",105,386,4,"Digital","0.5","0.0","SAMSUNG",55,0.823,135,127.6,469,"51-55in",4
"QA55QN1EHA*","Vietnam","LCD (LED)",105,386,4,"Digital","0.5","0.0","SAMSUNG",55,0.823,135,127.6,469,"51-55in",4
"QA65QN1EHAW","Vietnam","LCD (LED)",130,478,4.5,"Digital","0.5","0.0","SAMSUNG",65,1.148,167,113.2,416,"56-65in",4
"QA65QN1EHAS","Vietnam","LCD (LED)",130,478,4.5,"Digital","0.5","0.0","SAMSUNG",65,1.148,167,113.2,416,"56-65in",4
"QA65QN1EHA*","Vietnam","LCD (LED)",130,478,4.5,"Digital","0.5","0.0","SAMSUNG",65,1.148,167,113.2,416,"56-65in",4
"MRA75R85HAW","Vietnam","LCD (LED)",180,660,4.5,"Digital","0.5","0.0","SAMSUNG",75,1.532,231,117.5,431,"66-75in",4
"MRA75R85HAS","Vietnam","LCD (LED)",180,660,4.5,"Digital","0.5","0.0","SAMSUNG",75,1.532,231,117.5,431,"66-75in",4
"MRA75R85HA*","Vietnam","LCD (LED)",180,660,4.5,"Digital","0.5","0.0","SAMSUNG",75,1.532,231,117.5,431,"66-75in",4
"QA85QN1EHAW","Vietnam","LCD (LED)",196,718,5,"Digital","0.5","0.0","SAMSUNG",85,1.971,251,99.4,364,"76-85in",5
"QA75QN1EHAW","Vietnam","LCD (LED)",138,507,5.5,"Digital","0.5","0.0","SAMSUNG",75,1.532,177,90.1,331,"66-75in",6
"QA55LS03HWW","Vietnam","LCD (LED)",111,408,4,"Digital","0.5","0.0","SAMSUNG",55,0.823,143,134.9,496,"51-55in",4
"QA55LS03HWS","Vietnam","LCD (LED)",111,408,4,"Digital","0.5","0.0","SAMSUNG",55,0.823,143,134.9,496,"51-55in",4
"QA55LS03HW*","Vietnam","LCD (LED)",111,408,4,"Digital","0.5","0.0","SAMSUNG",55,0.823,143,134.9,496,"51-55in",4
"QA42S90HAE","Vietnam","LCD (LED)",66,244,4,"Digital","0.5","0.0","SAMSUNG",42,0.476,85,138.7,513,"33-43in",4
"QA48S85HAE","Vietnam","LCD (LED)",86,317,4,"Digital","0.5","0.0","SAMSUNG",48,0.623,111,138,509,"44-50in",4
"QA55S95HAW","Vietnam","LCD (LED)",105,386,4,"Digital","0.5","0.0","SAMSUNG",55,0.823,135,127.6,469,"51-55in",4
"QA55S95HAS","Vietnam","LCD (LED)",105,386,4,"Digital","0.5","0.0","SAMSUNG",55,0.823,135,127.6,469,"51-55in",4
"QA55S95HA*","Vietnam","LCD (LED)",105,386,4,"Digital","0.5","0.0","SAMSUNG",55,0.823,135,127.6,469,"51-55in",4
"QA85QN70HAW","Vietnam","LCD (LED)",196,718,5,"Digital","0.5","0.0","SAMSUNG",85,1.971,251,99.4,364,"76-85in",5
"QA85QN70HAS","Vietnam","LCD (LED)",196,718,5,"Digital","0.5","0.0","SAMSUNG",85,1.971,251,99.4,364,"76-85in",5
"QA85QN70HA*","Vietnam","LCD (LED)",196,718,5,"Digital","0.5","0.0","SAMSUNG",85,1.971,251,99.4,364,"76-85in",5
"QA55LS03HEW","Vietnam","LCD (LED)",110,405,4,"Digital","0.5","0.0","SAMSUNG",55,0.823,142,133.7,492,"51-55in",4
"UA55M1EHAW","Vietnam","LCD (LED)",84,310,5,"Digital","0.5","0.0","SAMSUNG",55,0.823,108,102.1,377,"51-55in",5
"UA55M1EHAS","Vietnam","LCD (LED)",84,310,5,"Digital","0.5","0.0","SAMSUNG",55,0.823,108,102.1,377,"51-55in",5
"UA55M1EHA*","Vietnam","LCD (LED)",84,310,5,"Digital","0.5","0.0","SAMSUNG",55,0.823,108,102.1,377,"51-55in",5
"LS50QLDVTV","China","LCD",51.1,207,6,"Digital","0.28","0.0","LINSAR",50,0.675,72,75.7,307,"44-50in",6
"K-85XR90M2","Malaysia,China","LCD (LED)",228.1,839,4.5,"Analogue/Digital","0.5","13.7","SONY",85,1.971,294,115.7,426,"76-85in",4
"K-75XR90M2","Malaysia,China","LCD (LED)",181.2,668,4.5,"Analogue/Digital","0.5","13.3","SONY",75,1.531,234,118.4,436,"66-75in",4
"UA65M1EHAW","Vietnam","LCD (LED)",111,408,5.5,"Digital","0.5","0.0","SAMSUNG",65,1.148,143,96.7,355,"56-65in",6
"UA65M1EHAS","Vietnam","LCD (LED)",111,408,5.5,"Digital","0.5","0.0","SAMSUNG",65,1.148,143,96.7,355,"56-65in",6
"UA65M1EHA*","Vietnam","LCD (LED)",111,408,5.5,"Digital","0.5","0.0","SAMSUNG",65,1.148,143,96.7,355,"56-65in",6
"UA75M1EHAW","Vietnam","LCD (LED)",142,521,5.5,"Digital","0.5","0.0","SAMSUNG",75,1.532,182,92.7,340,"66-75in",6
"UA75M1EHAS","Vietnam","LCD (LED)",142,521,5.5,"Digital","0.5","0.0","SAMSUNG",75,1.532,182,92.7,340,"66-75in",6
"UA75M1EHA*","Vietnam","LCD (LED)",142,521,5.5,"Digital","0.5","0.0","SAMSUNG",75,1.532,182,92.7,340,"66-75in",6
"UA85M1EHAW","Vietnam","LCD (LED)",151,554,6,"Digital","0.5","0.0","SAMSUNG",85,1.971,194,76.6,281,"76-85in",6
"50NU805BPSC","China","LCD (LED)",75,276,5,"Analogue/Digital","","","LG",49,0.675,97,111.1,409,"44-50in",5
"43NU805BPSC","China","LCD (LED)",58,213,5,"Analogue/Digital","","","LG",43,0.498,75,116.5,428,"33-43in",5
"32LB650B6LA","Indonesia,South Korea","LCD (LED)",29,108,5.5,"Analogue/Digital","0.4","0.0","LG",32,0.274,38,105.8,394,"32in & under",6
"KAQL85MQ9TA","China","LCD (LED)",227.8,871,4.5,"Analogue/Digital","0.41","0.0","KOGAN",85,1.971,305,115.6,442,"76-85in",4
"KAQL85MQ9TB","China","LCD (LED)",227.8,871,4.5,"Analogue/Digital","0.41","0.0","KOGAN",85,1.971,305,115.6,442,"76-85in",4
"KAQL85MQ9TC","China","LCD (LED)",227.8,871,4.5,"Analogue/Digital","0.41","0.0","KOGAN",85,1.971,305,115.6,442,"76-85in",4
"KAQL85MQ9TD","China","LCD (LED)",227.8,871,4.5,"Analogue/Digital","0.41","0.0","KOGAN",85,1.971,305,115.6,442,"76-85in",4
"KAQL85MQ9TE","China","LCD (LED)",227.8,871,4.5,"Analogue/Digital","0.41","0.0","KOGAN",85,1.971,305,115.6,442,"76-85in",4
"KAQL85MQ9T*","China","LCD (LED)",227.8,871,4.5,"Analogue/Digital","0.41","0.0","KOGAN",85,1.971,305,115.6,442,"76-85in",4
"43Q56CH","China","LCD (LED)",37.6,160,6,"Analogue/Digital","","","COOCAA",43,0.498,56,75.5,321,"33-43in",6
"AWB757DW","China","LCD",140.14,514,5.5,"Digital","0.32","0.0","AIWA",75,1.532,180,91.5,336,"66-75in",6
"AWB243DH","China","LCD",23.45,97,4,"Digital","0.38","0.0","AIWA",24,0.153,34,153.3,634,"32in & under",4
"32LB655BPSA","Indonesia,South Korea","LCD (LED)",29,108,5.5,"Analogue/Digital","0.4","0.0","LG",32,0.274,38,105.8,394,"32in & under",6
"LS55QLDVTV","China","LCD",62.37,252,6,"Digital","0.32","0.0","LINSAR",55,0.823,88,75.8,306,"51-55in",6
"LS65QLDVTV","China","LCD",83.67,338,6,"Digital","0.31","0.0","LINSAR",65,1.148,118,72.9,294,"56-65in",6
"LS75QLDVTV","China","LCD",103.19,416,6,"Digital","0.3","0.0","LINSAR",75,1.532,146,67.4,272,"66-75in",6
"LS85QLDVTV","China","LCD",141.25,569,6,"Digital","0.28","0.0","LINSAR",85,1.971,199,71.7,289,"76-85in",6
"QA43LS03HEW","Vietnam","LCD (LED)",69,255,4,"Digital","0.5","0.0","SAMSUNG",43,0.498,89,138.6,512,"33-43in",4
"QA43LS03HES","Vietnam","LCD (LED)",69,255,4,"Digital","0.5","0.0","SAMSUNG",43,0.498,89,138.6,512,"33-43in",4
"QA43LS03HE*","Vietnam","LCD (LED)",69,255,4,"Digital","0.5","0.0","SAMSUNG",43,0.498,89,138.6,512,"33-43in",4
"QA98LS03HEW","Vietnam","LCD (LED)",202,740,6,"Digital","0.5","0.0","SAMSUNG",97,2.604,259,77.6,284,"86in+",6
"QA98LS03HES","Vietnam","LCD (LED)",202,740,6,"Digital","0.5","0.0","SAMSUNG",97,2.604,259,77.6,284,"86in+",6
"QA98LS03HE*","Vietnam","LCD (LED)",202,740,6,"Digital","0.5","0.0","SAMSUNG",97,2.604,259,77.6,284,"86in+",6
"UA98U9000HW","Vietnam","LCD (LED)",258,945,5,"Digital","0.5","0.0","SAMSUNG",98,2.622,331,98.4,360,"86in+",5
"UA98U9000HS","Vietnam","LCD (LED)",258,945,5,"Digital","0.5","0.0","SAMSUNG",98,2.622,331,98.4,360,"86in+",5
"UA98U9000H*","Vietnam","LCD (LED)",258,945,5,"Digital","0.5","0.0","SAMSUNG",98,2.622,331,98.4,360,"86in+",5
"QA85LS03HEW","Vietnam","LCD (LED)",208,762,5,"Digital","0.5","0.0","SAMSUNG",85,1.971,267,105.5,387,"76-85in",5
"QA65LS03HEW","Vietnam","LCD (LED)",147,540,4,"Digital","0.5","0.0","SAMSUNG",65,1.148,189,128,470,"56-65in",4
"HG32F800FAW","Vietnam","LCD (LED)",32,120,5,"Digital","0.5","0.0","SAMSUNG",31,0.274,42,116.8,438,"32in & under",5
"MRA55R85HAW","Vietnam","LCD (LED)",112,412,4,"Digital","0.5","0.0","SAMSUNG",55,0.823,144,136.1,501,"51-55in",4
"MRA55R85HAS","Vietnam","LCD (LED)",112,412,4,"Digital","0.5","0.0","SAMSUNG",55,0.823,144,136.1,501,"51-55in",4
"MRA55R85HA*","Vietnam","LCD (LED)",112,412,4,"Digital","0.5","0.0","SAMSUNG",55,0.823,144,136.1,501,"51-55in",4
"55C7L","China","LCD (LED)",96.7,425,4,"Analogue/Digital","0.283","0.0","TCL",55,0.822,149,117.6,517,"51-55in",4
"FF65U65A","China","LCD (LED)",56.2,300,6,"Analogue/Digital","0.362","0.0","FFALCON",64,1.147,105,49,262,"56-65in",6
"75P7LS","China","LCD (LED)",97.6,450,6,"Analogue/Digital","0.349","0.0","TCL",75,1.531,158,63.7,294,"66-75in",6
"85C7L","China","LCD (LED)",193.2,768,5,"Analogue/Digital","0.327","0.0","TCL",85,1.971,269,98,390,"76-85in",5
"98C7L","China","LCD (LED)",190.9,800,6,"Analogue/Digital","0.324","0.0","TCL",97,2.62,280,72.9,305,"86in+",6
"75C8L","China","LCD (LED)",157.4,684,4.5,"Analogue/Digital","0.389","0.0","TCL",75,1.531,239,102.8,447,"66-75in",4
"43P7LS","China","LCD (LED)",57,250,4,"Analogue/Digital","0.345","0.0","TCL",42,0.498,88,114.5,502,"33-43in",4
"50P7LS","China","LCD (LED)",58.6,240,5.5,"Analogue/Digital","0.369","0.0","TCL",49,0.675,84,86.8,356,"44-50in",6
"55P7LS","China","LCD (LED)",54.8,260,6,"Analogue/Digital","0.373","0.0","TCL",55,0.822,91,66.7,316,"51-55in",6
"85P7LS","China","LCD (LED)",186.5,826,4.5,"Analogue/Digital","0.356","0.0","TCL",85,1.971,289,94.6,419,"76-85in",4
"FF43U65A","China","LCD (LED)",42.4,190,5.5,"Analogue/Digital","0.346","0.0","FFALCON",42,0.498,66,85.1,382,"33-43in",6
"FF50U65A","China","LCD (LED)",50,205,6,"Analogue/Digital","0.367","0.0","FFALCON",49,0.675,72,74.1,304,"44-50in",6
"FF55U65A","China","LCD (LED)",49.6,260,6,"Analogue/Digital","0.344","0.0","FFALCON",55,0.822,91,60.3,316,"51-55in",6
"FF75U65A","China","LCD (LED)",96.8,400,6,"Analogue/Digital","0.342","0.0","FFALCON",75,1.531,140,63.2,261,"66-75in",6
"75X11L","China","LCD (LED)",211.6,853,3.5,"Analogue/Digital","0.407","0.0","TCL",75,1.531,299,138.2,557,"66-75in",4
"75QNED82BSA","Indonesia,South Korea","LCD (LED)",148,543,5.5,"Analogue/Digital","0.4","0.0","LG",75,1.531,190,96.7,355,"66-75in",6
"85QNED82BSA","Indonesia,South Korea","LCD (LED)",183,670,5.5,"Analogue/Digital","0.4","0.0","LG",85,1.971,234,92.8,340,"76-85in",6
"55QNED82BSA","Indonesia,South Korea","LCD (LED)",81,298,5.5,"Analogue/Digital","0.4","0.0","LG",55,0.823,104,98.4,362,"51-55in",6
"65QNED82BSA","Indonesia,South Korea","LCD (LED)",110,404,5.5,"Analogue/Digital","0.4","0.0","LG",65,1.148,141,95.8,352,"56-65in",6
"K-75XR70M2","Malaysia,China","LCD (LED)",140.5,519,5.5,"Analogue/Digital","0.5","11.6","SONY",75,1.531,182,91.8,339,"66-75in",6
"K-85XR70M2","Malaysia,China","LCD (LED)",197.9,729,5,"Analogue/Digital","0.5","14.2","SONY",85,1.971,255,100.4,370,"76-85in",5
"K-55XR30M2","Thailand","LCD (LED)",100.4,372,4.5,"Analogue/Digital","0.5","11.5","SONY",55,0.823,130,122,452,"51-55in",4
"QA75LS03HEW","Vietnam","LCD (LED)",175,642,4.5,"Digital","0.5","0.0","SAMSUNG",75,1.532,225,114.2,419,"66-75in",4
"75C7L","China","LCD (LED)",129.1,586,5,"Analogue/Digital","0.349","0.0","TCL",75,1.531,205,84.3,383,"66-75in",5
"65C7L","China","LCD (LED)",99.5,488,4.5,"Analogue/Digital","0.338","0.0","TCL",64,1.147,171,86.7,425,"56-65in",4
"ATV55UHDW-0426","China","LCD",71.6,270,6,"Analogue/Digital","0.47","0.0","BAUHN",54,0.819,94,87.4,330,"51-55in",6
"QA40Q5FAAW","Vietnam","LCD (LED)",41,153,5.5,"Digital","0.5","0.0","SAMSUNG",40,0.426,54,96.2,359,"33-43in",6
"QA40Q5FAAS","Vietnam","LCD (LED)",41,153,5.5,"Digital","0.5","0.0","SAMSUNG",40,0.426,54,96.2,359,"33-43in",6
"QA40Q5FAA*","Vietnam","LCD (LED)",41,153,5.5,"Digital","0.5","0.0","SAMSUNG",40,0.426,54,96.2,359,"33-43in",6
"QA43Q5FAAW","Vietnam","LCD (LED)",48,178,5.5,"Digital","0.5","0.0","SAMSUNG",43,0.498,62,96.4,357,"33-43in",6
"QA43Q5FAAS","Vietnam","LCD (LED)",48,178,5.5,"Digital","0.5","0.0","SAMSUNG",43,0.498,62,96.4,357,"33-43in",6
"QA43Q5FAA*","Vietnam","LCD (LED)",48,178,5.5,"Digital","0.5","0.0","SAMSUNG",43,0.498,62,96.4,357,"33-43in",6
"50QNED86BSA","Indonesia,South Korea","LCD (LED)",68,251,5.5,"Analogue/Digital","0.4","0.0","LG",49,0.675,88,100.7,372,"44-50in",6
"75MRGB96BSA","Indonesia,South Korea","LCD (LED)",148,543,5.5,"Analogue/Digital","0.4","0.0","LG",75,1.531,190,96.7,355,"66-75in",6
"86MRGB96BSA","Indonesia,South Korea","LCD (LED)",172,630,6,"Analogue/Digital","0.4","0.0","LG",86,2.02,220,85.1,312,"86in+",6
"55C6L","China","LCD (LED)",74.1,300,5.5,"Analogue/Digital","0.331","0.0","TCL",55,0.822,105,90.1,365,"51-55in",6
"65C6L","China","LCD (LED)",81.1,380,5.5,"Analogue/Digital","0.322","0.0","TCL",64,1.147,133,70.7,331,"56-65in",6
"75C6L","China","LCD (LED)",118.9,511,5.5,"Analogue/Digital","0.346","0.0","TCL",75,1.531,179,77.7,334,"66-75in",6
"85C6L","China","LCD (LED)",124.9,555,6,"Analogue/Digital","0.326","0.0","TCL",85,1.971,194,63.4,282,"76-85in",6
"K-98XR70M2","Malaysia,China","LCD (LED)",217,798,6,"Analogue/Digital","0.5","12.4","SONY",98,2.621,279,82.8,304,"86in+",6
"40A4SAU","China","LCD (LED)",28.17,121,7,"Analogue/Digital","0.25","0.0","HISENSE",40,0.426,42,66.1,284,"33-43in",7
"40A4SNZ","China","LCD (LED)",28.17,121,7,"Analogue/Digital","0.25","0.0","HISENSE",40,0.426,42,66.1,284,"33-43in",7
"32A4SAU","China","LCD (LED)",22.07,89,6,"Analogue/Digital","0.37","0.0","HISENSE",32,0.274,31,80.5,325,"32in & under",6
"32A4SNZ","China","LCD (LED)",22.07,89,6,"Analogue/Digital","0.37","0.0","HISENSE",32,0.274,31,80.5,325,"32in & under",6
"32A4S","China","LCD (LED)",22.07,89,6,"Analogue/Digital","0.37","0.0","HISENSE",32,0.274,31,80.5,325,"32in & under",6
"40A4S","China","LCD (LED)",28.17,121,7,"Analogue/Digital","0.25","0.0","HISENSE",40,0.426,42,66.1,284,"33-43in",7
"43NU85CB6LA","Indonesia,South Korea","LCD (LED)",62,229,4.5,"Analogue/Digital","0.4","0.0","LG",43,0.498,80,124.5,460,"33-43in",4
"43NU85CBPSA","Indonesia,South Korea","LCD (LED)",62,229,4.5,"Analogue/Digital","0.4","0.0","LG",43,0.498,80,124.5,460,"33-43in",4
"50NU85CB6LA","Indonesia,South Korea","LCD (LED)",76,280,5,"Analogue/Digital","0.4","0.0","LG",49,0.675,98,112.6,415,"44-50in",5
"50NU85CBPSA","Indonesia,South Korea","LCD (LED)",76,280,5,"Analogue/Digital","0.4","0.0","LG",49,0.675,98,112.6,415,"44-50in",5
"55NU85CB6LA","Indonesia,South Korea","LCD (LED)",80,295,5.5,"Analogue/Digital","0.4","0.0","LG",55,0.823,103,97.2,358,"51-55in",6
"55NU85CBPSA","Indonesia,South Korea","LCD (LED)",80,295,5.5,"Analogue/Digital","0.4","0.0","LG",55,0.823,103,97.2,358,"51-55in",6
"65NU85CB6LA","Indonesia,South Korea","LCD (LED)",100,368,6,"Analogue/Digital","0.4","0.0","LG",65,1.148,129,87.1,321,"56-65in",6
"65NU85CBPSA","Indonesia,South Korea","LCD (LED)",100,368,6,"Analogue/Digital","0.4","0.0","LG",65,1.148,129,87.1,321,"56-65in",6
"75NU85CB6LA","Indonesia,South Korea","LCD (LED)",130,477,6,"Analogue/Digital","0.4","0.0","LG",75,1.531,167,84.9,312,"66-75in",6
"75NU85CBPSA","Indonesia,South Korea","LCD (LED)",130,477,6,"Analogue/Digital","0.4","0.0","LG",75,1.531,167,84.9,312,"66-75in",6
"85NU85CB6LA","Indonesia,South Korea","LCD (LED)",155,568,6,"Analogue/Digital","0.4","0.0","LG",85,1.971,199,78.6,288,"76-85in",6
"85NU85CBPSA","Indonesia,South Korea","LCD (LED)",155,568,6,"Analogue/Digital","0.4","0.0","LG",85,1.971,199,78.6,288,"76-85in",6
"AWB657QW","China","LCD (LED)",106.434,391,5.5,"Digital","","","AIWA",65,1.148,137,92.7,341,"56-65in",6
"L75MC-SAU","China","LCD (LED)",90.8,393,6,"Analogue/Digital","","","XIAOMI",75,1.532,138,59.3,257,"66-75in",6
"L65MC-SAU","China","LCD (LED)",78.8,355,6,"Analogue/Digital","","","XIAOMI",65,1.148,124,68.6,309,"56-65in",6
"ATV50UHDW-0326","China","LCD",61.7,227,6,"Analogue/Digital","","","BAUHN",49,0.675,79,91.4,336,"44-50in",6
"ATV70UHDW-0326","China","LCD",108.3,397,6,"Analogue/Digital","","","BAUHN",70,1.338,139,80.9,297,"66-75in",6
"AWS500QWS","China","LCD",83.118,306,4.5,"Digital","","","AIWA",50,0.694,107,119.8,441,"44-50in",4
"40Q6SAU","China","LCD (LED)",30.63,119,7,"Analogue/Digital","0.24","0.0","HISENSE",40,0.426,42,71.9,279,"33-43in",7
"40Q6SNZ","China","LCD (LED)",30.63,119,7,"Analogue/Digital","0.24","0.0","HISENSE",40,0.426,42,71.9,279,"33-43in",7
"43Q6SAU","China","LCD (LED)",49.62,188,5.5,"Analogue/Digital","0.27","0.0","HISENSE",42,0.498,66,99.6,378,"33-43in",6
"43Q6SNZ","China","LCD (LED)",49.62,188,5.5,"Analogue/Digital","0.27","0.0","HISENSE",42,0.498,66,99.6,378,"33-43in",6
"50Q6SAU","China","LCD (LED)",50.32,199,6,"Analogue/Digital","0.32","0.0","HISENSE",50,0.675,70,74.5,295,"44-50in",6
"55Q6SAU","China","LCD (LED)",52.49,205,7,"Analogue/Digital","0.33","0.0","HISENSE",55,0.823,72,63.8,249,"51-55in",7
"55Q6SNZ","China","LCD (LED)",52.49,205,7,"Analogue/Digital","0.33","0.0","HISENSE",55,0.823,72,63.8,249,"51-55in",7
"65Q6SAU","China","LCD (LED)",69.23,288,7,"Analogue/Digital","0.32","0.0","HISENSE",65,1.148,101,60.3,251,"56-65in",7
"65Q6SNZ","China","LCD (LED)",69.23,288,7,"Analogue/Digital","0.32","0.0","HISENSE",65,1.148,101,60.3,251,"56-65in",7
"75Q6SAU","China","LCD (LED)",102.05,391,7,"Analogue/Digital","0.32","0.0","HISENSE",75,1.532,137,66.6,255,"66-75in",7
"75Q6SNZ","China","LCD (LED)",102.05,391,7,"Analogue/Digital","0.32","0.0","HISENSE",75,1.532,137,66.6,255,"66-75in",7
"85Q6SAU","China","LCD (LED)",129.96,499,7,"Analogue/Digital","0.34","0.0","HISENSE",85,1.971,175,65.9,253,"76-85in",7
"85Q6SNZ","China","LCD (LED)",129.96,499,7,"Analogue/Digital","0.34","0.0","HISENSE",85,1.971,175,65.9,253,"76-85in",7
"40Q6S","China","LCD (LED)",30.63,119,7,"Analogue/Digital","0.24","0.0","HISENSE",40,0.426,42,71.9,279,"33-43in",7
"43Q6S series","China","LCD (LED)",49.62,188,5.5,"Analogue/Digital","0.27","0.0","HISENSE",42,0.498,66,99.6,378,"33-43in",6
"50Q6SNZ","China","LCD (LED)",50.32,199,6,"Analogue/Digital","0.32","0.0","HISENSE",50,0.675,70,74.5,295,"44-50in",6
"50Q6S series","China","LCD (LED)",50.32,199,6,"Analogue/Digital","0.32","0.0","HISENSE",50,0.675,70,74.5,295,"44-50in",6
"65Q6S series","China","LCD (LED)",69.23,288,7,"Analogue/Digital","0.32","0.0","HISENSE",65,1.148,101,60.3,251,"56-65in",7
"55Q6S series","China","LCD (LED)",52.49,205,7,"Analogue/Digital","0.33","0.0","HISENSE",55,0.823,72,63.8,249,"51-55in",7
"75Q6S series","China","LCD (LED)",102.05,391,7,"Analogue/Digital","0.32","0.0","HISENSE",75,1.532,137,66.6,255,"66-75in",7
"85Q6S series","China","LCD (LED)",129.96,499,7,"Analogue/Digital","0.34","0.0","HISENSE",85,1.971,175,65.9,253,"76-85in",7
"55U7SAU","China","LCD (LED)",87.25,339,5,"Analogue/Digital","0.38","0.0","HISENSE",55,0.823,119,106,412,"51-55in",5
"55U7SNZ","China","LCD (LED)",87.25,339,5,"Analogue/Digital","0.38","0.0","HISENSE",55,0.823,119,106,412,"51-55in",5
"100U7SAU","China","LCD (LED)",215.17,856,6,"Analogue/Digital","0.4","0.0","HISENSE",100,2.73,300,78.8,314,"86in+",6
"100U7SNZ","China","LCD (LED)",215.17,856,6,"Analogue/Digital","0.4","0.0","HISENSE",100,2.73,300,78.8,314,"86in+",6
"85U7SAU","China","LCD (LED)",174.17,688,5.5,"Analogue/Digital","0.43","0.0","HISENSE",85,1.971,241,88.4,349,"76-85in",6
"85U7SNZ","China","LCD (LED)",174.17,688,5.5,"Analogue/Digital","0.43","0.0","HISENSE",85,1.971,241,88.4,349,"76-85in",6
"75U7SAU","China","LCD (LED)",135.5,521,5.5,"Analogue/Digital","0.36","0.0","HISENSE",75,1.532,182,88.4,340,"66-75in",6
"75U7SNZ","China","LCD (LED)",135.5,521,5.5,"Analogue/Digital","0.36","0.0","HISENSE",75,1.532,182,88.4,340,"66-75in",6
"65U7SAU","China","LCD (LED)",117.57,465,5,"Analogue/Digital","0.34","0.0","HISENSE",65,1.148,163,102.4,405,"56-65in",5
"65U7SNZ","China","LCD (LED)",117.57,465,5,"Analogue/Digital","0.34","0.0","HISENSE",65,1.148,163,102.4,405,"56-65in",5
"55U7S series","China","LCD (LED)",87.25,339,5,"Analogue/Digital","0.38","0.0","HISENSE",55,0.823,119,106,412,"51-55in",5
"65U7S series","China","LCD (LED)",117.57,465,5,"Analogue/Digital","0.34","0.0","HISENSE",65,1.148,163,102.4,405,"56-65in",5
"75U7S series","China","LCD (LED)",135.5,521,5.5,"Analogue/Digital","0.36","0.0","HISENSE",75,1.532,182,88.4,340,"66-75in",6
"85U7S series","China","LCD (LED)",174.17,688,5.5,"Analogue/Digital","0.43","0.0","HISENSE",85,1.971,241,88.4,349,"76-85in",6
"100U7S series","China","LCD (LED)",215.17,856,6,"Analogue/Digital","0.4","0.0","HISENSE",100,2.73,300,78.8,314,"86in+",6
"55S7SAU","China","LCD (LED)",79.6,305,5.5,"Analogue/Digital","0.39","0.0","HISENSE",55,0.823,107,96.7,371,"51-55in",6
"65S7SAU","China","LCD (LED)",88.52,359,6,"Analogue/Digital","0.33","0.0","HISENSE",65,1.148,126,77.1,313,"56-65in",6
"55S7SNZ","China","LCD (LED)",79.6,305,5.5,"Analogue/Digital","0.39","0.0","HISENSE",55,0.823,107,96.7,371,"51-55in",6
"55S7S","China","LCD (LED)",79.6,305,5.5,"Analogue/Digital","0.39","0.0","HISENSE",55,0.823,107,96.7,371,"51-55in",6
"65S7SNZ","China","LCD (LED)",88.52,359,6,"Analogue/Digital","0.33","0.0","HISENSE",65,1.148,126,77.1,313,"56-65in",6
"65S7S","China","LCD (LED)",88.52,359,6,"Analogue/Digital","0.33","0.0","HISENSE",65,1.148,126,77.1,313,"56-65in",6
"65UR9SAU","China","LCD (LED)",138.43,520,4.5,"Analogue/Digital","0.33","0.0","HISENSE",65,1.148,182,120.6,453,"56-65in",4
"65UR9SNZ","China","LCD (LED)",138.43,520,4.5,"Analogue/Digital","0.33","0.0","HISENSE",65,1.148,182,120.6,453,"56-65in",4
"75UR9SAU","China","LCD (LED)",135.5,520,5.5,"Analogue/Digital","0.36","0.0","HISENSE",75,1.532,182,88.4,339,"66-75in",6
"75UR9SNZ","China","LCD (LED)",135.5,520,5.5,"Analogue/Digital","0.36","0.0","HISENSE",75,1.532,182,88.4,339,"66-75in",6
"85UR9SAU","China","LCD (LED)",182.87,698,5.5,"Analogue/Digital","0.43","0.0","HISENSE",85,1.971,244,92.8,354,"76-85in",6
"85UR9SNZ","China","LCD (LED)",182.87,698,5.5,"Analogue/Digital","0.43","0.0","HISENSE",85,1.971,244,92.8,354,"76-85in",6
"75U85AU","China","LCD (LED)",141.6,548,5.5,"Analogue/Digital","0.43","0.0","HISENSE",75,1.532,192,92.4,358,"66-75in",6
"75U85NZ","China","LCD (LED)",141.6,548,5.5,"Analogue/Digital","0.43","0.0","HISENSE",75,1.532,192,92.4,358,"66-75in",6
"85U85AU","China","LCD (LED)",187.48,777,5,"Analogue/Digital","0.41","0.0","HISENSE",85,1.971,272,95.1,394,"76-85in",5
"85U85NZ","China","LCD (LED)",187.48,777,5,"Analogue/Digital","0.41","0.0","HISENSE",85,1.971,272,95.1,394,"76-85in",5
"75U85 Series","China","LCD (LED)",141.6,548,5.5,"Analogue/Digital","0.43","0.0","HISENSE",75,1.532,192,92.4,358,"66-75in",6
"85U85","China","LCD (LED)",187.48,777,5,"Analogue/Digital","0.41","0.0","HISENSE",85,1.971,272,95.1,394,"76-85in",5
"65UR9S Series","China","LCD (LED)",138.43,520,4.5,"Analogue/Digital","0.33","0.0","HISENSE",65,1.148,182,120.6,453,"56-65in",4
"75UR9S Series","China","LCD (LED)",135.5,520,5.5,"Analogue/Digital","0.36","0.0","HISENSE",75,1.532,182,88.4,339,"66-75in",6
"85UR9S","China","LCD (LED)",182.87,698,5.5,"Analogue/Digital","0.43","0.0","HISENSE",85,1.971,244,92.8,354,"76-85in",6
"32Q6SAU","China","LCD (LED)",24.82,99,6,"Analogue/Digital","0.39","0.0","HISENSE",32,0.274,35,90.6,361,"32in & under",6
"32Q6SNZ","China","LCD (LED)",24.82,99,6,"Analogue/Digital","0.39","0.0","HISENSE",32,0.274,35,90.6,361,"32in & under",6
"32Q6","China","LCD (LED)",24.82,99,6,"Analogue/Digital","0.39","0.0","HISENSE",32,0.274,35,90.6,361,"32in & under",6
"32Q6QNZ","China","LCD (LED)",24.82,99,6,"Analogue/Digital","0.39","0.0","HISENSE",32,0.274,35,90.6,361,"32in & under",6
"32Q6QAU","China","LCD (LED)",24.82,99,6,"Analogue/Digital","0.39","0.0","HISENSE",32,0.274,35,90.6,361,"32in & under",6
"75S7QAU","China","LCD (LED)",123.02,489,6,"Analogue/Digital","0.39","0.0","HISENSE",75,1.532,171,80.3,319,"66-75in",6
"75S7QNZ","China","LCD (LED)",123.02,489,6,"Analogue/Digital","0.39","0.0","HISENSE",75,1.532,171,80.3,319,"66-75in",6
"75S7SAU","China","LCD (LED)",123.02,489,6,"Analogue/Digital","0.39","0.0","HISENSE",75,1.532,171,80.3,319,"66-75in",6
"75S7SNZ","China","LCD (LED)",123.02,489,6,"Analogue/Digital","0.39","0.0","HISENSE",75,1.532,171,80.3,319,"66-75in",6
"75S7 Series","China","LCD (LED)",123.02,489,6,"Analogue/Digital","0.39","0.0","HISENSE",75,1.532,171,80.3,319,"66-75in",6
"98P8LS","China","LCD (LED)",186.4,866,5.5,"Analogue/Digital","0.323","0.0","TCL",97,2.62,303,71.1,331,"86in+",6
"ATV40FHDW-0426","China","LCD (LED)",40.5,150,6,"Analogue/Digital","","","BAUHN",40,0.426,52,95.1,352,"33-43in",6
"OLED77W6PSA","Indonesia,South Korea","OLED",165,605,5,"Analogue/Digital","0.4","0.0","LG",77,1.62,212,101.9,373,"76-85in",5
"OLED77W66LA","Indonesia,South Korea","OLED",165,605,5,"Analogue/Digital","0.4","0.0","LG",77,1.62,212,101.9,373,"76-85in",5
"OLED83W6PSA","Indonesia,South Korea","OLED",180,660,5.5,"Analogue/Digital","0.4","0.0","LG",83,1.877,231,95.9,352,"76-85in",6
"OLED83W66LA","Indonesia,South Korea","OLED",180,660,5.5,"Analogue/Digital","0.4","0.0","LG",83,1.877,231,95.9,352,"76-85in",6
"DG49FHDT-23899","China","LCD",52.6,195,6,"Analogue/Digital","0.395","0.0","DGTEC",50,0.676,68,77.8,288,"44-50in",6
"55Z670SP","China","LCD (LED)",63.69,245,6,"Analogue/Digital","0.35","0.0","TOSHIBA",55,0.823,86,77.4,298,"51-55in",6
"65Z670SP","China","LCD (LED)",95.12,369,6,"Analogue/Digital","0.32","0.0","TOSHIBA",65,1.148,129,82.9,321,"56-65in",6
"75Z670SP","China","LCD (LED)",117.42,450,6,"Analogue/Digital","0.43","0.0","TOSHIBA",75,1.532,158,76.6,294,"66-75in",6
"85Z670SP","China","LCD (LED)",155.83,599,6,"Analogue/Digital","0.36","0.0","TOSHIBA",85,1.971,210,79.1,304,"76-85in",6
"32E5500H","China","LCD (LED)",18.4,90,6,"Analogue/Digital","","","SKYWORTH",32,0.274,31,67.2,328,"32in & under",6
"50C350RP","China","LCD (LED)",54.86,228,6,"Analogue/Digital","0.3","0.0","TOSHIBA",50,0.675,80,81.3,338,"44-50in",6
"50C350SP","China","LCD (LED)",54.86,228,6,"Analogue/Digital","0.3","0.0","TOSHIBA",50,0.675,80,81.3,338,"44-50in",6
"50C350","China","LCD (LED)",54.86,228,6,"Analogue/Digital","0.3","0.0","TOSHIBA",50,0.675,80,81.3,338,"44-50in",6
"65C350RP","China","LCD (LED)",81.08,321,6,"Analogue/Digital","0.32","0.0","TOSHIBA",65,1.148,112,70.6,280,"56-65in",6
"65C350SP","China","LCD (LED)",81.08,321,6,"Analogue/Digital","0.32","0.0","TOSHIBA",65,1.148,112,70.6,280,"56-65in",6
"65C350","China","LCD (LED)",81.08,321,6,"Analogue/Digital","0.32","0.0","TOSHIBA",65,1.148,112,70.6,280,"56-65in",6
"85C350RP","China","LCD (LED)",155.84,624,6,"Analogue/Digital","0.33","0.0","TOSHIBA",85,1.971,218,79.1,317,"76-85in",6
"85C350SP","China","LCD (LED)",155.84,624,6,"Analogue/Digital","0.33","0.0","TOSHIBA",85,1.971,218,79.1,317,"76-85in",6
"85C350","China","LCD (LED)",155.84,624,6,"Analogue/Digital","0.33","0.0","TOSHIBA",85,1.971,218,79.1,317,"76-85in",6
"75Z770RP","China","LCD (LED)",137.3,548,5.5,"Analogue/Digital","0.33","0.0","TOSHIBA",75,1.532,192,89.6,358,"66-75in",6
"75Z770SP","China","LCD (LED)",137.3,548,5.5,"Analogue/Digital","0.33","0.0","TOSHIBA",75,1.532,192,89.6,358,"66-75in",6
"75Z770","China","LCD (LED)",137.3,548,5.5,"Analogue/Digital","0.33","0.0","TOSHIBA",75,1.532,192,89.6,358,"66-75in",6
"43C350SP","China","LCD (LED)",50.56,194,5.5,"Analogue/Digital","0.23","0.0","TOSHIBA",43,0.498,68,101.5,390,"33-43in",6
"43C350RP","China","LCD (LED)",50.56,194,5.5,"Analogue/Digital","0.23","0.0","TOSHIBA",43,0.498,68,101.5,390,"33-43in",6
"43C350","China","LCD (LED)",50.56,194,5.5,"Analogue/Digital","0.23","0.0","TOSHIBA",43,0.498,68,101.5,390,"33-43in",6
"55C350RP","China","LCD (LED)",63.29,259,6,"Analogue/Digital","0.31","0.0","TOSHIBA",55,0.823,91,76.9,315,"51-55in",6
"55C350SP","China","LCD (LED)",63.29,259,6,"Analogue/Digital","0.31","0.0","TOSHIBA",55,0.823,91,76.9,315,"51-55in",6
"55C350","China","LCD (LED)",63.29,259,6,"Analogue/Digital","0.31","0.0","TOSHIBA",55,0.823,91,76.9,315,"51-55in",6
"75C350RP","China","LCD (LED)",87.19,345,7,"Analogue/Digital","0.29","0.0","TOSHIBA",75,1.532,121,56.9,225,"66-75in",7
"75C350SP","China","LCD (LED)",87.19,345,7,"Analogue/Digital","0.29","0.0","TOSHIBA",75,1.532,121,56.9,225,"66-75in",7
"75C350","China","LCD (LED)",87.19,345,7,"Analogue/Digital","0.29","0.0","TOSHIBA",75,1.532,121,56.9,225,"66-75in",7
"65Z770RP","China","LCD (LED)",128.56,520,4.5,"Analogue/Digital","0.36","0.0","TOSHIBA",65,1.148,182,112,453,"56-65in",4
"65Z770SP","China","LCD (LED)",128.56,520,4.5,"Analogue/Digital","0.36","0.0","TOSHIBA",65,1.148,182,112,453,"56-65in",4
"65Z770","China","LCD (LED)",128.56,520,4.5,"Analogue/Digital","0.36","0.0","TOSHIBA",65,1.148,182,112,453,"56-65in",4
"85Z770RP","China","LCD (LED)",167.13,666,5.5,"Analogue/Digital","0.35","0.0","TOSHIBA",85,1.971,233,84.8,338,"76-85in",6
"85Z770SP","China","LCD (LED)",167.13,666,5.5,"Analogue/Digital","0.35","0.0","TOSHIBA",85,1.971,233,84.8,338,"76-85in",6
"85Z770","China","LCD (LED)",167.13,666,5.5,"Analogue/Digital","0.35","0.0","TOSHIBA",85,1.971,233,84.8,338,"76-85in",6
"L85MC-SAU","China","LCD (LED)",135,595,6,"Analogue/Digital","","","XIAOMI",85,1.971,208,68.5,302,"76-85in",6
"L98MC-SAU","China","LCD (LED)",189.8,808,6,"Analogue/Digital","","","XIAOMI",98,2.622,283,72.4,308,"86in+",6
"K-115XR90M2","Malaysia","LCD (LED)",351.3,1288,5,"Analogue/Digital","0.5","12.2","SONY",114,3.613,451,97.2,356,"86in+",5
"43UJ660H5LD","Indonesia,South Korea","LCD (LED)",40,149,6,"Analogue/Digital","0.4","0.0","LG",43,0.498,52,80.3,299,"33-43in",6
"55UJ660H5LD","Indonesia,South Korea","LCD (LED)",46,170,8,"Analogue/Digital","0.4","0.0","LG",55,0.823,59,55.9,207,"51-55in",8
"65UJ660H5LD","Indonesia,South Korea","LCD (LED)",50,185,9,"Analogue/Digital","0.4","0.0","LG",65,1.148,65,43.6,161,"56-65in",9
"43NU830B6LA","Indonesia,South Korea","LCD (LED)",62,229,4.5,"Analogue/Digital","0.4","0.0","LG",43,0.498,80,124.5,460,"33-43in",4
"50NU830B6LA","Indonesia,South Korea","LCD (LED)",76,280,5,"Analogue/Digital","0.4","0.0","LG",49,0.675,98,112.6,415,"44-50in",5
"55NU830B6LA","Indonesia,South Korea","LCD (LED)",80,295,5.5,"Analogue/Digital","0.4","0.0","LG",55,0.823,103,97.2,358,"51-55in",6
"65NU830B6LA","Indonesia,South Korea","LCD (LED)",100,368,6,"Analogue/Digital","0.4","0.0","LG",65,1.148,129,87.1,321,"56-65in",6
"75NU830B6LA","Indonesia,South Korea","LCD (LED)",130,477,6,"Analogue/Digital","0.4","0.0","LG",75,1.531,167,84.9,312,"66-75in",6
"32LK660H0LD","Indonesia,South Korea","LCD (LED)",24,90,6,"Analogue/Digital","0.4","0.0","LG",32,0.274,31,87.6,328,"32in & under",6
"AWB505DW","China","LCD",49.08,200,6,"Digital","","","AIWA",50,0.675,70,72.7,296,"44-50in",6
"QA85QN990HW","Vietnam","LCD (LED)",329,1204,3,"Digital","0.5","0.0","SAMSUNG",85,1.971,421,166.9,611,"76-85in",3
"QA85QN990HS","Vietnam","LCD (LED)",329,1204,3,"Digital","0.5","0.0","SAMSUNG",85,1.971,421,166.9,611,"76-85in",3
"QA85QN990H*","Vietnam","LCD (LED)",329,1204,3,"Digital","0.5","0.0","SAMSUNG",85,1.971,421,166.9,611,"76-85in",3
"UA100M90HW","Vietnam","LCD (LED)",181,664,7,"Digital","0.5","0.0","SAMSUNG",100,2.73,232,66.3,243,"86in+",7
"UA100M90HS","Vietnam","LCD (LED)",181,664,7,"Digital","0.5","0.0","SAMSUNG",100,2.73,232,66.3,243,"86in+",7
"UA100M90H*","Vietnam","LCD (LED)",181,664,7,"Digital","0.5","0.0","SAMSUNG",100,2.73,232,66.3,243,"86in+",7
"55U6SAU","China","LCD (LED)",81.93,311,5,"Analogue/Digital","0.33","0.0","HISENSE",55,0.823,109,99.6,378,"51-55in",5
"55U6SNZ","China","LCD (LED)",81.93,311,5,"Analogue/Digital","0.33","0.0","HISENSE",55,0.823,109,99.6,378,"51-55in",5
"65U6SAU","China","LCD (LED)",110,416,5.5,"Analogue/Digital","0.37","0.0","HISENSE",65,1.148,146,95.8,362,"56-65in",6
"65U6SNZ","China","LCD (LED)",110,416,5.5,"Analogue/Digital","0.37","0.0","HISENSE",65,1.148,146,95.8,362,"56-65in",6
"75U6SAU","China","LCD (LED)",142.6,546,5.5,"Analogue/Digital","0.33","0.0","HISENSE",75,1.532,191,93.1,356,"66-75in",6
"75U6SNZ","China","LCD (LED)",142.6,546,5.5,"Analogue/Digital","0.33","0.0","HISENSE",75,1.532,191,93.1,356,"66-75in",6
"85U6SAU","China","LCD (LED)",161.54,623,6,"Analogue/Digital","0.33","0.0","HISENSE",85,1.971,218,82,316,"76-85in",6
"85U6SNZ","China","LCD (LED)",161.54,623,6,"Analogue/Digital","0.33","0.0","HISENSE",85,1.971,218,82,316,"76-85in",6
"AWB323DWC","China","LCD",37,138,4.5,"Analogue/Digital","0.44","0.0","AIWA",32,0.274,48,135,504,"32in & under",4
"LED58BQUSRC","China","LCD (LED)",85.2,335,5.5,"Analogue/Digital","0.4","0.0","TECO",58,0.916,117,93,366,"56-65in",6
"AWB557QW","China","LCD (LED)",86.96,320,5,"Digital","0.45","0.0","AIWA",55,0.823,112,105.7,389,"51-55in",5
"KAQL32Q9VA","China","LCD (LED)",36.3,152,4,"Analogue/Digital","0.42","0.0","KOGAN",31,0.273,53,133,557,"32in & under",4
"KAQL32Q9VB","China","LCD (LED)",36.3,152,4,"Analogue/Digital","0.42","0.0","KOGAN",31,0.273,53,133,557,"32in & under",4
"KAQL32Q9VC","China","LCD (LED)",36.3,152,4,"Analogue/Digital","0.42","0.0","KOGAN",31,0.273,53,133,557,"32in & under",4
"*********32*********","China","LCD (LED)",36.3,152,4,"Analogue/Digital","0.42","0.0","KOGAN",31,0.273,53,133,557,"32in & under",4
"RT40G3KOFA","China","LCD",24.48,92,8,"unknown","0.36","0.0","SYLVOX",40,0.427,32,57.3,215,"33-43in",8
"RT40G3KOCA","China","LCD",24.48,92,8,"unknown","0.36","0.0","SYLVOX",40,0.427,32,57.3,215,"33-43in",8
"RQ40G3KOCA","China","LCD",24.48,92,8,"unknown","0.36","0.0","SYLVOX",40,0.427,32,57.3,215,"33-43in",8
"R*40G3KO**","China","LCD",24.48,92,8,"unknown","0.36","0.0","SYLVOX",40,0.427,32,57.3,215,"33-43in",8
"50UJ660H5LD","Indonesia,South Korea","LCD (LED)",38,141,8,"Analogue/Digital","0.4","0.0","LG",49,0.675,49,56.3,209,"44-50in",8
"55U6S series","China","LCD (LED)",81.93,311,5,"Analogue/Digital","0.33","0.0","HISENSE",55,0.823,109,99.6,378,"51-55in",5
"65U6S series","China","LCD (LED)",110,416,5.5,"Analogue/Digital","0.37","0.0","HISENSE",65,1.148,146,95.8,362,"56-65in",6
"75U6S series","China","LCD (LED)",142.6,546,5.5,"Analogue/Digital","0.33","0.0","HISENSE",75,1.532,191,93.1,356,"66-75in",6
"85U6S series","China","LCD (LED)",161.54,623,6,"Analogue/Digital","0.33","0.0","HISENSE",85,1.971,218,82,316,"76-85in",6
"115QNED90BS","China","LCD (LED)",513.9,2065,3,"Analogue/Digital","0.46","0.6","LG",114,3.613,723,142.2,572,"86in+",3
"115QNED93B6","China","LCD (LED)",513.9,2065,3,"Analogue/Digital","0.46","0.6","LG",114,3.613,723,142.2,572,"86in+",3
"115QNED92BU","China","LCD (LED)",513.9,2065,3,"Analogue/Digital","0.46","0.6","LG",114,3.613,723,142.2,572,"86in+",3
"115QNED90BK","China","LCD (LED)",513.9,2065,3,"Analogue/Digital","0.46","0.6","LG",114,3.613,723,142.2,572,"86in+",3
"115QNED93B1","China","LCD (LED)",513.9,2065,3,"Analogue/Digital","0.46","0.6","LG",114,3.613,723,142.2,572,"86in+",3
"115QNED93B2","China","LCD (LED)",513.9,2065,3,"Analogue/Digital","0.46","0.6","LG",114,3.613,723,142.2,572,"86in+",3
"115QNED93B3","China","LCD (LED)",513.9,2065,3,"Analogue/Digital","0.46","0.6","LG",114,3.613,723,142.2,572,"86in+",3
"115QNED93B4","China","LCD (LED)",513.9,2065,3,"Analogue/Digital","0.46","0.6","LG",114,3.613,723,142.2,572,"86in+",3
"115QNED93B5","China","LCD (LED)",513.9,2065,3,"Analogue/Digital","0.46","0.6","LG",114,3.613,723,142.2,572,"86in+",3
"115QNED93B7","China","LCD (LED)",513.9,2065,3,"Analogue/Digital","0.46","0.6","LG",114,3.613,723,142.2,572,"86in+",3
"115QNED9###","China","LCD (LED)",513.9,2065,3,"Analogue/Digital","0.46","0.6","LG",114,3.613,723,142.2,572,"86in+",3
"KAQL55Q9VA","China","LCD (LED)",80.58,335,5,"Analogue/Digital","0.45","0.0","KOGAN",55,0.823,117,97.9,407,"51-55in",5
"KAQL55Q9VB","China","LCD (LED)",80.58,335,5,"Analogue/Digital","0.45","0.0","KOGAN",55,0.823,117,97.9,407,"51-55in",5
"KAQL55Q9VC","China","LCD (LED)",80.58,335,5,"Analogue/Digital","0.45","0.0","KOGAN",55,0.823,117,97.9,407,"51-55in",5
"*********55*********","China","LCD (LED)",80.58,335,5,"Analogue/Digital","0.45","0.0","KOGAN",55,0.823,117,97.9,407,"51-55in",5
"KAQL65Q9VA","China","LCD (LED)",102.66,506,4.5,"Analogue/Digital","0.45","0.0","KOGAN",65,1.148,177,89.4,441,"56-65in",4
"KAQL65Q9VB","China","LCD (LED)",102.66,506,4.5,"Analogue/Digital","0.45","0.0","KOGAN",65,1.148,177,89.4,441,"56-65in",4
"KAQL65Q9VC","China","LCD (LED)",102.66,506,4.5,"Analogue/Digital","0.45","0.0","KOGAN",65,1.148,177,89.4,441,"56-65in",4
"*********65*********","China","LCD (LED)",102.66,506,4.5,"Analogue/Digital","0.45","0.0","KOGAN",65,1.148,177,89.4,441,"56-65in",4
"KAQL50Q9VA","China","LCD (LED)",65.04,247,5.5,"Analogue/Digital","0.45","0.0","KOGAN",49,0.675,86,96.4,366,"44-50in",6
"KAQL50Q9VB","China","LCD (LED)",65.04,247,5.5,"Analogue/Digital","0.45","0.0","KOGAN",49,0.675,86,96.4,366,"44-50in",6
"KAQL50Q9VC","China","LCD (LED)",65.04,247,5.5,"Analogue/Digital","0.45","0.0","KOGAN",49,0.675,86,96.4,366,"44-50in",6
"*********50*********","China","LCD (LED)",65.04,247,5.5,"Analogue/Digital","0.45","0.0","KOGAN",49,0.675,86,96.4,366,"44-50in",6
"KAQL43Q9VA","China","LCD (LED)",62.52,269,4,"Analogue/Digital","0.39","0.0","KOGAN",42,0.498,94,125.5,540,"33-43in",4
"KAQL43Q9VB","China","LCD (LED)",62.52,269,4,"Analogue/Digital","0.39","0.0","KOGAN",42,0.498,94,125.5,540,"33-43in",4
"KAQL43Q9VC","China","LCD (LED)",62.52,269,4,"Analogue/Digital","0.39","0.0","KOGAN",42,0.498,94,125.5,540,"33-43in",4
"*********43*********","China","LCD (LED)",62.52,269,4,"Analogue/Digital","0.39","0.0","KOGAN",42,0.498,94,125.5,540,"33-43in",4
"KAQL40Q9VA","China","LCD (LED)",45.18,210,4.5,"Analogue/Digital","0.45","0.0","KOGAN",39,0.426,74,106.1,493,"33-43in",4
"KAQL40Q9VB","China","LCD (LED)",45.18,210,4.5,"Analogue/Digital","0.45","0.0","KOGAN",39,0.426,74,106.1,493,"33-43in",4
"KAQL40Q9VC","China","LCD (LED)",45.18,210,4.5,"Analogue/Digital","0.45","0.0","KOGAN",39,0.426,74,106.1,493,"33-43in",4
"*********40*********","China","LCD (LED)",45.18,210,4.5,"Analogue/Digital","0.45","0.0","KOGAN",39,0.426,74,106.1,493,"33-43in",4
"KAQL75Q9VA","China","LCD (LED)",130.8,542,5.5,"Analogue/Digital","0.43","0.0","KOGAN",75,1.531,190,85.4,354,"66-75in",6
"KAQL75Q9VB","China","LCD (LED)",130.8,542,5.5,"Analogue/Digital","0.43","0.0","KOGAN",75,1.531,190,85.4,354,"66-75in",6
"*********75*********","China","LCD (LED)",130.8,542,5.5,"Analogue/Digital","0.43","0.0","KOGAN",75,1.531,190,85.4,354,"66-75in",6
"KAQL85Q9VA","China","LCD (LED)",216.3,863,4.5,"Analogue/Digital","0.45","0.0","KOGAN",85,1.971,302,109.7,438,"76-85in",4
"LED65BQUSRC","China","LCD (LED)",136.6,520,4.5,"Analogue/Digital","0.3","0.0","TECO",65,1.148,182,119,453,"56-65in",4
"MRA100R85HW","Vietnam","LCD (LED)",300,1098,4.5,"Digital","0.5","0.0","SAMSUNG",100,2.73,384,109.9,402,"86in+",4
"MRA100R85HS","Vietnam","LCD (LED)",300,1098,4.5,"Digital","0.5","0.0","SAMSUNG",100,2.73,384,109.9,402,"86in+",4
"MRA100R85H*","Vietnam","LCD (LED)",300,1098,4.5,"Digital","0.5","0.0","SAMSUNG",100,2.73,384,109.9,402,"86in+",4
"50U6QAU PRO","China","LCD (LED)",71.19,285,5,"Analogue/Digital","0.3","0.0","HISENSE",50,0.675,100,105.5,422,"44-50in",5
"50U6QNZ PRO","China","LCD (LED)",71.19,285,5,"Analogue/Digital","0.3","0.0","HISENSE",50,0.675,100,105.5,422,"44-50in",5
"50U6SAU","China","LCD (LED)",71.19,285,5,"Analogue/Digital","0.3","0.0","HISENSE",50,0.675,100,105.5,422,"44-50in",5
"50U6SNZ","China","LCD (LED)",71.19,285,5,"Analogue/Digital","0.3","0.0","HISENSE",50,0.675,100,105.5,422,"44-50in",5
"50U6 Series","China","LCD (LED)",71.19,285,5,"Analogue/Digital","0.3","0.0","HISENSE",50,0.675,100,105.5,422,"44-50in",5
"DG70UHDT-23857","China","LCD",110.35,405,6,"Analogue/Digital","","","DGTEC",70,1.332,142,82.8,304,"66-75in",6
"55QNED90BSA","China","LCD (LED)",102.6,422,4,"Analogue/Digital","0.39","0.4","LG",55,0.823,148,124.7,513,"51-55in",4
"65QNED90BSA","China","LCD (LED)",126.7,514,4.5,"Analogue/Digital","0.38","0.39","LG",65,1.148,180,110.4,448,"56-65in",4
"75QNED90BSA","China","LCD (LED)",157.2,641,4.5,"Analogue/Digital","0.38","0.39","LG",75,1.532,224,102.6,418,"66-75in",4
"85QNED90BSA","China","LCD (LED)",199.5,824,4.5,"Analogue/Digital","0.38","0.39","LG",85,1.971,288,101.2,418,"76-85in",4
"KAQL75Q9VAC","China","LCD (LED)",130.8,542,5.5,"Analogue/Digital","0.43","0.0","KOGAN",75,1.531,190,85.4,354,"66-75in",6
"KAL75U96VA","China","LCD (LED)",130.8,542,5.5,"Analogue/Digital","0.43","0.0","KOGAN",75,1.531,190,85.4,354,"66-75in",6
"KAL75U96VB","China","LCD (LED)",130.8,542,5.5,"Analogue/Digital","0.43","0.0","KOGAN",75,1.531,190,85.4,354,"66-75in",6
"KAL75U96VC","China","LCD (LED)",130.8,542,5.5,"Analogue/Digital","0.43","0.0","KOGAN",75,1.531,190,85.4,354,"66-75in",6
"KAL40F98VB","China","LCD (LED)",45.18,210,4.5,"Analogue/Digital","0.45","0.0","KOGAN",39,0.426,74,106.1,493,"33-43in",4
"55UR8SAU","China","LCD (LED)",74.52,288,5.5,"Analogue/Digital","0.36","0.0","HISENSE",55,0.823,101,90.5,350,"51-55in",6
"55UR8SNZ","China","LCD (LED)",74.52,288,5.5,"Analogue/Digital","0.36","0.0","HISENSE",55,0.823,101,90.5,350,"51-55in",6
"65UR8SAU","China","LCD (LED)",110.35,416,5.5,"Analogue/Digital","0.36","0.0","HISENSE",65,1.148,146,96.1,362,"56-65in",6
"65UR8SNZ","China","LCD (LED)",110.35,416,5.5,"Analogue/Digital","0.36","0.0","HISENSE",65,1.148,146,96.1,362,"56-65in",6
"75UR8SAU","China","LCD (LED)",135.5,527,5.5,"Analogue/Digital","0.36","0.0","HISENSE",75,1.532,184,88.4,344,"66-75in",6
"75UR8SNZ","China","LCD (LED)",135.5,527,5.5,"Analogue/Digital","0.36","0.0","HISENSE",75,1.532,184,88.4,344,"66-75in",6
"85UR8SAU","China","LCD (LED)",176.98,677,5.5,"Analogue/Digital","0.36","0.0","HISENSE",85,1.971,237,89.8,343,"76-85in",6
"85UR8SNZ","China","LCD (LED)",176.98,677,5.5,"Analogue/Digital","0.36","0.0","HISENSE",85,1.971,237,89.8,343,"76-85in",6
"100UR8SAU","China","LCD (LED)",224.57,855,6,"Analogue/Digital","0.36","0.0","HISENSE",100,2.73,299,82.3,313,"86in+",6
"100UR8SNZ","China","LCD (LED)",224.57,855,6,"Analogue/Digital","0.36","0.0","HISENSE",100,2.73,299,82.3,313,"86in+",6
"55UR8S series","China","LCD (LED)",74.52,288,5.5,"Analogue/Digital","0.36","0.0","HISENSE",55,0.823,101,90.5,350,"51-55in",6
"65UR8S series","China","LCD (LED)",110.35,416,5.5,"Analogue/Digital","0.36","0.0","HISENSE",65,1.148,146,96.1,362,"56-65in",6
"75UR8S series","China","LCD (LED)",135.5,527,5.5,"Analogue/Digital","0.36","0.0","HISENSE",75,1.532,184,88.4,344,"66-75in",6
"85UR8S series","China","LCD (LED)",176.98,677,5.5,"Analogue/Digital","0.36","0.0","HISENSE",85,1.971,237,89.8,343,"76-85in",6
"100UR8S series","China","LCD (LED)",224.57,855,6,"Analogue/Digital","0.36","0.0","HISENSE",100,2.73,299,82.3,313,"86in+",6
"AWB243DWC","China","LCD",18.35,76,5.5,"Digital","0.0271","0.0","AIWA",24,0.153,27,119.9,497,"32in & under",6
"55Q66CK","China","LCD (LED)",45.6,180,7,"Analogue/Digital","","","COOCAA",55,0.821,63,55.5,219,"51-55in",7
"75UK762H0LB","Indonesia,South Korea","LCD (LED)",150,550,5,"Analogue/Digital","0.4","0.0","LG",75,1.531,192,98,359,"66-75in",5
"UA50M60HAW","Vietnam","LCD (LED)",60,222,6,"Digital","0.5","0.0","SAMSUNG",49,0.675,78,88.9,329,"44-50in",6
"UA50M60HAS","Vietnam","LCD (LED)",60,222,6,"Digital","0.5","0.0","SAMSUNG",49,0.675,78,88.9,329,"44-50in",6
"UA50M60HA*","Vietnam","LCD (LED)",60,222,6,"Digital","0.5","0.0","SAMSUNG",49,0.675,78,88.9,329,"44-50in",6
"50Q66CK","China","LCD (LED)",45.3,175,7,"Analogue/Digital","","","COOCAA",49,0.675,61,67.1,259,"44-50in",7
"K-48A60","China","OLED",71.4,267,4.5,"Analogue/Digital","0.5","13.9","SONY",48,0.623,93,114.6,429,"44-50in",4
"55M810N","China","LCD (LED)",94.4,378,4.5,"unknown","0.35","0.0","CHIQ",55,0.823,132,114.7,459,"51-55in",4
"65M810N","China","LCD (LED)",129.3,517,4.5,"unknown","0.36","0.0","CHIQ",65,1.148,181,112.6,450,"56-65in",4
"75M810N","China","LCD (LED)",171.6,681,4.5,"unknown","0.4","0.0","CHIQ",75,1.532,238,112,445,"66-75in",4
"65S100","China","LCD (LED)",118.12,485,4.5,"Analogue/Digital","","","DREAME",65,1.148,170,102.9,422,"56-65in",4
"55S100","China","LCD (LED)",84.71,340,5,"Analogue/Digital","","","DREAME",55,0.823,119,102.9,413,"51-55in",5
"KALED19PRIZF","China","LCD (LED)",14.76,56,5.5,"Digital","","","KOGAN",19,0.094,20,157,596,"32in & under",6
"32Q56CH","China","LCD (LED)",20.8,90,6,"Analogue/Digital","","","COOCAA",32,0.274,31,75.9,328,"32in & under",6
"40Q56CH","China","LCD (LED)",34.1,140,6,"Analogue/Digital","","","COOCAA",39,0.426,49,80,329,"33-43in",6
"75S100","China","LCD (LED)",172.374,655,4.5,"Analogue/Digital","","","DREAME",75,1.532,229,112.5,428,"66-75in",4
"86S100","China","LCD (LED)",209.292,817,4.5,"Analogue/Digital","","","DREAME",86,2.02,286,103.6,404,"86in+",4
"75Q6Q series","China","LCD (LED)",117.04,479,6,"Analogue/Digital","0.26","0.0","HISENSE",75,1.532,168,76.4,313,"66-75in",6
"ATV75QLEDW-0826","China","LCD (LED)",132.1,485,6,"Digital","0.38","0.0","BAUHN",75,1.532,170,86.2,317,"66-75in",6
"24DN4","China","LCD",24.4,90,4.5,"Digital","","","LPT",24,0.154,31,158.4,584,"32in & under",4
"32DN4","China","LCD",35,130,5,"Digital","","","LPT",32,0.274,46,127.7,474,"32in & under",5
"OT50A2K3GD","China","LCD (LED)",71,262,6,"unknown","","","SYLVOX",56,0.838,92,84.7,313,"56-65in",6
"K-55A60","China","OLED",78.4,292,5.5,"Analogue/Digital","0.5","14.1","SONY",55,0.823,102,95.3,355,"51-55in",6
"K-65A60","China","OLED",98.8,366,6,"Analogue/Digital","0.5","11.3","SONY",65,1.148,128,86.1,319,"56-65in",6
"K-77A60","China","OLED",119.1,440,6,"Analogue/Digital","0.5","10.1","SONY",77,1.621,154,73.5,271,"76-85in",6
"LEW22BA16","China","LCD (LED)",27.8,110,3,"Analogue/Digital","0.45","0.48","VDT",22,0.128,38,217.2,859,"32in & under",3
"43G60K-IU","China","LCD (LED)",42.7,175,5.5,"Analogue/Digital","0.347","0.0","TCL",42,0.498,61,85.7,351,"33-43in",6
"50G60K-IU","China","LCD (LED)",50,205,6,"Analogue/Digital","0.367","0.0","TCL",49,0.675,72,74.1,304,"44-50in",6
"55G60K-IU","China","LCD (LED)",64.3,261,6,"Analogue/Digital","0.379","0.0","TCL",55,0.822,91,78.2,318,"51-55in",6
"LEW24BA16","China","LCD (LED)",26.9,115,3.5,"Analogue/Digital","0.45","0.81","VDT",24,0.156,40,172.4,737,"32in & under",4
"LEW32EA16","China","LCD (LED)",38.4,155,4,"Analogue/Digital","0.46","0.64","VDT",32,0.274,54,140.1,566,"32in & under",4
"32Q5600H","China","LCD (LED)",22.4,90,6,"Analogue/Digital","","","SKYWORTH",32,0.274,31,81.8,328,"32in & under",6
"32S510M","China","LCD (LED)",21.9,112,5.5,"unknown","0.45","0.0","CHIQ",32,0.274,39,79.9,409,"32in & under",6
"L24D6CH","China","LCD (LED)",20,82,5,"unknown","0.23","0.0","CHIQ",24,0.153,29,130.7,536,"32in & under",5
"LTD19FTD","China","LCD (LED)",17.1,67,4.5,"Digital","0.35","0.0","AOA",19,0.094,23,181.9,713,"32in & under",4
"40Q5600H","China","LCD (LED)",32.8,140,6,"Analogue/Digital","","","SKYWORTH",40,0.426,49,77,329,"33-43in",6
"100Q7SAU","China","LCD (LED)",238.44,899,5.5,"Analogue/Digital","0.35","0.0","HISENSE",100,2.73,315,87.3,329,"86in+",6
"100Q7SNZ","China","LCD (LED)",238.44,899,5.5,"Analogue/Digital","0.35","0.0","HISENSE",100,2.73,315,87.3,329,"86in+",6
"100Q7S series","China","LCD (LED)",238.44,899,5.5,"Analogue/Digital","0.35","0.0","HISENSE",100,2.73,315,87.3,329,"86in+",6
"100U6SAU","China","LCD (LED)",248.33,956,5.5,"Analogue/Digital","0.35","0.0","HISENSE",100,2.73,335,91,350,"86in+",6
"100U6SNZ","China","LCD (LED)",248.33,956,5.5,"Analogue/Digital","0.35","0.0","HISENSE",100,2.73,335,91,350,"86in+",6
"100U6S series","China","LCD (LED)",248.33,956,5.5,"Analogue/Digital","0.35","0.0","HISENSE",100,2.73,335,91,350,"86in+",6
"43UK762H5LB","Indonesia,South Korea","LCD (LED)",65,240,4.5,"Analogue/Digital","0.4","0.0","LG",43,0.498,84,130.5,482,"33-43in",4
"50UK762H5LB","Indonesia,South Korea","LCD (LED)",68,251,5.5,"Analogue/Digital","0.4","0.0","LG",49,0.675,88,100.7,372,"44-50in",6
"55UK762H5LB","Indonesia,South Korea","LCD (LED)",95,349,4.5,"Analogue/Digital","0.4","0.0","LG",55,0.823,122,115.4,424,"51-55in",4
"65UK762H5LB","Indonesia,South Korea","LCD (LED)",106,389,5.5,"Analogue/Digital","0.4","0.0","LG",65,1.148,136,92.3,339,"56-65in",6
"FF40S55A","China","LCD (LED)",30.3,140,6,"Analogue/Digital","0.337","0.0","FFALCON",39,0.426,49,71.1,329,"33-43in",6
"FF32S55A","China","LCD (LED)",25.4,130,5,"Analogue/Digital","0.416","0.0","FFALCON",31,0.273,46,93,476,"32in & under",5
"T-185J201-MB2","China","LCD (LED)",13.7,51,5.5,"Digital","0.2","0.0","TENET",19,0.094,18,145.7,543,"32in & under",6
"MT50QLDZEN","China","LCD (LED)",56.59,220,6,"unknown","0.432","0.0","MONSTER",49,0.675,77,83.8,326,"44-50in",6
"MT55QLDZEN","China","LCD",68.1,252,6,"Analogue/Digital","0.41","0.0","MONSTER",55,0.827,88,82.3,305,"51-55in",6
"DG50UHDW-23791","China","LCD",61.7,227,6,"Analogue/Digital","","","DGTEC",49,0.675,79,91.4,336,"44-50in",6
"****32**********","China","LCD (LED)",31.68,130,5,"Analogue/Digital","0.3","0.0","FPD",32,0.274,46,115.6,474,"32in & under",5
"OG32-P1","China","LCD (LED)",31.68,130,5,"Analogue/Digital","0.3","0.0","FPD",32,0.274,46,115.6,474,"32in & under",5
"OG32-P2","China","LCD (LED)",31.68,130,5,"Analogue/Digital","0.3","0.0","FPD",32,0.274,46,115.6,474,"32in & under",5
"CG32-P3","China","LCD (LED)",31.68,130,5,"Analogue/Digital","0.3","0.0","FPD",32,0.274,46,115.6,474,"32in & under",5
"43UK767H5LB","Indonesia,South Korea","LCD (LED)",62,229,4.5,"Analogue/Digital","0.4","0.0","LG",43,0.498,80,124.5,460,"33-43in",4
"50UK767H5LB","Indonesia,South Korea","LCD (LED)",54,200,6,"Analogue/Digital","0.4","0.0","LG",49,0.675,70,80,296,"44-50in",6
"55UK767H5LB","Indonesia,South Korea","LCD (LED)",55,203,7,"Analogue/Digital","0.4","0.0","LG",55,0.823,71,66.8,247,"51-55in",7
"65UK767H5LB","Indonesia,South Korea","LCD (LED)",69,254,7,"Analogue/Digital","0.4","0.0","LG",65,1.148,89,60.1,221,"56-65in",7
"75UK767H5LB","Indonesia,South Korea","LCD (LED)",147,539,5.5,"Analogue/Digital","0.4","0.0","LG",75,1.531,189,96,352,"66-75in",6
"85M810M","China","LCD (LED)",227.8,871,4.5,"unknown","0.41","0.0","CHIQ",85,1.971,305,115.6,442,"76-85in",4
"100M810M","China","LCD (LED)",219.1,955,5.5,"unknown","0.38","0.38","CHIQ",100,2.73,334,80.3,350,"86in+",6
"75X66H","China","LCD (LED)",105.7,410,6,"Digital","","","SKYWORTH",75,1.532,144,69,268,"66-75in",6
"75X6600H","China","LCD (LED)",105.7,410,6,"Digital","","","SKYWORTH",75,1.532,144,69,268,"66-75in",6
"75V75","China","LCD (LED)",105.7,410,6,"Digital","","","SKYWORTH",75,1.532,144,69,268,"66-75in",6
"75X series","China","LCD (LED)",105.7,410,6,"Digital","","","SKYWORTH",75,1.532,144,69,268,"66-75in",6
"65X66H","China","LCD (LED)",79.1,310,6,"Analogue/Digital","","","SKYWORTH",65,1.148,108,68.9,270,"56-65in",6
"65X6600H","China","LCD (LED)",79.1,310,6,"Analogue/Digital","","","SKYWORTH",65,1.148,108,68.9,270,"56-65in",6
"65V75","China","LCD (LED)",79.1,310,6,"Analogue/Digital","","","SKYWORTH",65,1.148,108,68.9,270,"56-65in",6
"65X66CH","China","LCD (LED)",79.1,310,6,"Analogue/Digital","","","SKYWORTH",65,1.148,108,68.9,270,"56-65in",6
"65X series","China","LCD (LED)",79.1,310,6,"Analogue/Digital","","","SKYWORTH",65,1.148,108,68.9,270,"56-65in",6
"DG40FHDW-24166","China","LCD (LED)",40.5,150,6,"Analogue/Digital","","","DGTEC",40,0.426,52,95.1,352,"33-43in",6
"55X66H","China","LCD (LED)",63.2,270,6,"unknown","0.456","0.0","SKYWORTH",55,0.818,94,77.3,330,"51-55in",6
"55X6600H","China","LCD (LED)",63.2,270,6,"unknown","0.456","0.0","SKYWORTH",55,0.818,94,77.3,330,"51-55in",6
"55V75","China","LCD (LED)",63.2,270,6,"unknown","0.456","0.0","SKYWORTH",55,0.818,94,77.3,330,"51-55in",6
"MT65QLDZEN","China","LCD",95.8,352,6,"Analogue/Digital","0.42","0.0","MONSTER",65,1.148,123,83.4,307,"56-65in",6
"MT75QLDZEN","China","LCD",130.5,485,6,"unknown","0.42","0.0","MONSTER",75,1.532,170,85.2,317,"66-75in",6
"MT85QLDZEN","China","LCD (LED)",163.7,615,6,"unknown","0.41","0.0","MONSTER",85,1.971,215,83.1,312,"76-85in",6
"43PUT7231/75","China","LCD (LED)",53.3,216,5,"Analogue/Digital","","","PHILIPS",43,0.498,76,107,434,"33-43in",5
"BE43HX-H","Vietnam","LCD (LED)",67,248,4,"Digital","0.5","0.0","SAMSUNG",43,0.498,87,134.5,498,"33-43in",4
"BE50HX-H","Vietnam","LCD (LED)",71,262,5,"Digital","0.5","0.0","SAMSUNG",49,0.675,92,105.2,388,"44-50in",5
"BE55HX-H","Vietnam","LCD (LED)",79,291,5.5,"Digital","0.5","0.0","SAMSUNG",55,0.823,102,96,354,"51-55in",6
"BE65HX-H","Vietnam","LCD (LED)",112,412,5.5,"Digital","0.5","0.0","SAMSUNG",65,1.148,144,97.6,359,"56-65in",6
"50PUT7231/75","China","LCD (LED)",62.9,254,5.5,"Analogue/Digital","","","PHILIPS",50,0.676,89,93,376,"44-50in",6
"55PUT7231/75","China","LCD (LED)",75.2,304,5.5,"Analogue/Digital","","","PHILIPS",55,0.823,106,91.4,369,"51-55in",6
"65PUT7231/75","China","LCD (LED)",90.8,366,6,"Analogue/Digital","","","PHILIPS",65,1.148,128,79.1,319,"56-65in",6
"BE75HX-H","Vietnam","LCD (LED)",133,489,6,"Digital","0.5","0.0","SAMSUNG",75,1.532,171,86.8,319,"66-75in",6
"75PUT7231/75","China","LCD (LED)",94.5,381,7,"Analogue/Digital","","","PHILIPS",75,1.532,133,61.7,249,"66-75in",7
"85PUT7231/75","China","LCD (LED)",146.7,591,6,"Analogue/Digital","","","PHILIPS",85,1.971,207,74.4,300,"76-85in",6
"BE85HX-H","Vietnam","LCD (LED)",142,521,6,"Digital","0.5","0.0","SAMSUNG",85,1.971,182,72,264,"76-85in",6
"BP750USTQ","China","LCD (LED)",133.6,490,6,"Analogue/Digital","","","BLAUPUNKT",75,1.532,172,87.2,320,"66-75in",6
"BP500USTQ","China","LCD (LED)",85.81,317,4.5,"Analogue/Digital","","","BLAUPUNKT",50,0.675,111,127.1,470,"44-50in",4
"BP320HSTQ","China","LCD (LED)",31.6,131,5,"Analogue/Digital","","","BLAUPUNKT",32,0.274,46,115.3,478,"32in & under",5
"BP240HSTQ","China","LCD (LED)",17,94,4.5,"Analogue/Digital","","","BLAUPUNKT",24,0.153,33,111.1,614,"32in & under",4
"K-83A60","China","OLED",131,484,6,"Analogue/Digital","0.5","10.8","SONY",83,1.878,169,69.8,258,"76-85in",6
"BP850UTSQ","China","LCD (LED)",161,624,6,"Analogue/Digital","","","BLAUPUNKT",85,1.971,218,81.7,317,"76-85in",6
"TL320TQ3","China","LCD (LED)",32.52,131,5,"Analogue/Digital","","","TELEFUNKEN",32,0.274,46,118.7,478,"32in & under",5
"TL320TQ4","China","LCD (LED)",32.52,131,5,"Analogue/Digital","","","TELEFUNKEN",32,0.274,46,118.7,478,"32in & under",5
"TL320TQ*","China","LCD (LED)",32.52,131,5,"Analogue/Digital","","","TELEFUNKEN",32,0.274,46,118.7,478,"32in & under",5
"BP550USTQ","China","LCD (LED)",99.84,379,4.5,"Analogue/Digital","","","BLAUPUNKT",55,0.823,133,121.3,461,"51-55in",4
"116U7SAU","China","LCD (LED)",355.2,1399,5,"Analogue/Digital","0.45","0.0","HISENSE",116,3.681,490,96.5,380,"86in+",5
"116U7SNZ","China","LCD (LED)",355.2,1399,5,"Analogue/Digital","0.45","0.0","HISENSE",116,3.681,490,96.5,380,"86in+",5
"116U7S series","China","LCD (LED)",355.2,1399,5,"Analogue/Digital","0.45","0.0","HISENSE",116,3.681,490,96.5,380,"86in+",5
"COBP550UTS","China","LCD",82.2,302,5.5,"Analogue/Digital","","","BLAUPUNKT",55,0.823,106,99.9,367,"51-55in",6
"BP550UTS","China","LCD",82.2,302,5.5,"Analogue/Digital","","","BLAUPUNKT",55,0.823,106,99.9,367,"51-55in",6
"CG40-P1","China","LCD (LED)",50.94,211,4.5,"Analogue/Digital","0.43","0.0","FPD",40,0.426,74,119.6,495,"33-43in",4
"CG40-P2","China","LCD (LED)",50.94,211,4.5,"Analogue/Digital","0.43","0.0","FPD",40,0.426,74,119.6,495,"33-43in",4
"CG40-P3","China","LCD (LED)",50.94,211,4.5,"Analogue/Digital","0.43","0.0","FPD",40,0.426,74,119.6,495,"33-43in",4
"OG40-P3","China","LCD (LED)",50.94,211,4.5,"Analogue/Digital","0.43","0.0","FPD",40,0.426,74,119.6,495,"33-43in",4
"AU40-P3","China","LCD (LED)",50.94,211,4.5,"Analogue/Digital","0.43","0.0","FPD",40,0.426,74,119.6,495,"33-43in",4
"****40*****","China","LCD (LED)",50.94,211,4.5,"Analogue/Digital","0.43","0.0","FPD",40,0.426,74,119.6,495,"33-43in",4
"AU24-P1","China","LCD (LED)",26.06,106,4,"Analogue/Digital","0.45","0.0","FPD",24,0.153,37,170.3,693,"32in & under",4
"CG24-P1","China","LCD (LED)",26.06,106,4,"Analogue/Digital","0.45","0.0","FPD",24,0.153,37,170.3,693,"32in & under",4
"CG24-P2","China","LCD (LED)",26.06,106,4,"Analogue/Digital","0.45","0.0","FPD",24,0.153,37,170.3,693,"32in & under",4
"CG24-P3","China","LCD (LED)",26.06,106,4,"Analogue/Digital","0.45","0.0","FPD",24,0.153,37,170.3,693,"32in & under",4
"OG24-P1","China","LCD (LED)",26.06,106,4,"Analogue/Digital","0.45","0.0","FPD",24,0.153,37,170.3,693,"32in & under",4
"****24*****","China","LCD (LED)",26.06,106,4,"Analogue/Digital","0.45","0.0","FPD",24,0.153,37,170.3,693,"32in & under",4
"AU43-C3","China","LCD (LED)",75.42,301,3.5,"Analogue/Digital","0.37","0.0","FPD",43,0.498,105,151.4,604,"33-43in",4
"CG43-C1","China","LCD (LED)",75.42,301,3.5,"Analogue/Digital","0.37","0.0","FPD",43,0.498,105,151.4,604,"33-43in",4
"CG43-C2","China","LCD (LED)",75.42,301,3.5,"Analogue/Digital","0.37","0.0","FPD",43,0.498,105,151.4,604,"33-43in",4
"CG43-C3","China","LCD (LED)",75.42,301,3.5,"Analogue/Digital","0.37","0.0","FPD",43,0.498,105,151.4,604,"33-43in",4
"OG43-C3","China","LCD (LED)",75.42,301,3.5,"Analogue/Digital","0.37","0.0","FPD",43,0.498,105,151.4,604,"33-43in",4
"****43*****","China","LCD (LED)",75.42,301,3.5,"Analogue/Digital","0.37","0.0","FPD",43,0.498,105,151.4,604,"33-43in",4
"AWB405DWC","China","LCD",43.2,160,5.5,"Analogue/Digital","","","AIWA",40,0.426,56,101.4,376,"33-43in",6
"AWB405DH","China","LCD (LED)",43.1,167,5.5,"Analogue/Digital","","","AIWA",40,0.426,58,101.2,392,"33-43in",6
"DG24HDTB-23859","China","LCD",17.9,68,6,"Analogue/Digital","0.4237","0.0","DGTEC",24,0.153,24,117,444,"32in & under",6
"BP400FSTQ","China","LCD (LED)",42.9,167,5.5,"Analogue/Digital","","","BLAUPUNKT",40,0.426,58,100.7,392,"33-43in",6
"KAQL85Q9VB","China","LCD (LED)",216.3,863,4.5,"Analogue/Digital","0.45","0.0","KOGAN",85,1.971,302,109.7,438,"76-85in",4
"KAQL85Q9VC","China","LCD (LED)",216.3,863,4.5,"Analogue/Digital","0.45","0.0","KOGAN",85,1.971,302,109.7,438,"76-85in",4
"*********85*********","China","LCD (LED)",216.3,863,4.5,"Analogue/Digital","0.45","0.0","KOGAN",85,1.971,302,109.7,438,"76-85in",4
"KAQL43MQ9VA","China","LCD (LED)",44.82,300,3.5,"Analogue/Digital","0.39","0.0","KOGAN",42,0.498,105,90,602,"33-43in",4
"KAQL43MQ9VB","China","LCD (LED)",44.82,300,3.5,"Analogue/Digital","0.39","0.0","KOGAN",42,0.498,105,90,602,"33-43in",4
"KAQL43MQ9VC","China","LCD (LED)",44.82,300,3.5,"Analogue/Digital","0.39","0.0","KOGAN",42,0.498,105,90,602,"33-43in",4
"HG43HL03HAW","Vietnam","LCD (LED)",69,255,4,"Digital","0.5","0.0","SAMSUNG",43,0.498,89,138.6,512,"33-43in",4
"HG75HL03HAW","Vietnam","LCD (LED)",175,642,4.5,"Digital","0.5","0.0","SAMSUNG",75,1.532,225,114.2,419,"66-75in",4
"HG65HL03HAW","Vietnam","LCD (LED)",147,540,4,"Digital","0.5","0.0","SAMSUNG",65,1.148,189,128,470,"56-65in",4
"HG55HL03HAW","Vietnam","LCD (LED)",110,405,4,"Digital","0.5","0.0","SAMSUNG",55,0.823,142,133.7,492,"51-55in",4
"ATV50QLEDW-0826","China","LCD",56.2,227,6,"Analogue/Digital","0.42","0.0","BAUHN",50,0.677,79,83,335,"44-50in",6
"LTW24FHD","China","LCD (LED)",21.36,80,5,"Digital","0.3","0.0","AOA",24,0.156,28,136.9,513,"32in & under",5
"65X66CH-A","China","LCD (LED)",79.1,310,6,"Analogue/Digital","","","COOCAA",65,1.148,108,68.9,270,"56-65in",6
"UA43M60HAW","Vietnam","LCD (LED)",47,175,5.5,"Digital","0.5","0.0","SAMSUNG",43,0.498,61,94.4,351,"33-43in",6
"UA43M60HAS","Vietnam","LCD (LED)",47,175,5.5,"Digital","0.5","0.0","SAMSUNG",43,0.498,61,94.4,351,"33-43in",6
"UA43M60HA*","Vietnam","LCD (LED)",47,175,5.5,"Digital","0.5","0.0","SAMSUNG",43,0.498,61,94.4,351,"33-43in",6
"32PQT6831/79","China","LCD (LED)",31.9,130,5,"Analogue/Digital","","","PHILIPS",32,0.274,46,116.4,474,"32in & under",5
"40PQT6831/79","China","LCD (LED)",46.1,187,5,"Analogue/Digital","","","PHILIPS",39,0.426,65,108.2,439,"33-43in",5
"43PQT7931/79","China","LCD (LED)",51.3,208,5,"Analogue/Digital","","","PHILIPS",42,0.498,73,103,418,"33-43in",5
"50PQT7931/79","China","LCD (LED)",61.8,250,5.5,"Analogue/Digital","","","PHILIPS",49,0.675,88,91.6,370,"44-50in",6
"55PQT7931/79","China","LCD (LED)",66.4,269,6,"Analogue/Digital","","","PHILIPS",55,0.821,94,80.9,328,"51-55in",6
"65PQT7931/79","China","LCD (LED)",89.3,361,6,"Analogue/Digital","","","PHILIPS",65,1.148,126,77.8,314,"56-65in",6
"75PQT7931/79","China","LCD (LED)",96,388,7,"Analogue/Digital","","","PHILIPS",75,1.531,136,62.7,253,"66-75in",7
"85PQT7931/79","China","LCD (LED)",138.8,559,6,"Analogue/Digital","","","PHILIPS",85,1.971,196,70.4,284,"76-85in",6
"K40FSTQ","China","LCD (LED)",43.2,167,5.5,"Analogue/Digital","","","EKO",40,0.426,58,101.4,392,"33-43in",6
"75X66CH-A","China","LCD (LED)",105.7,410,6,"Digital","","","COOCAA",75,1.532,144,69,268,"66-75in",6
"K32HSTQ12V","China","LCD (LED)",32.52,131,5,"Analogue/Digital","","","EKO",32,0.274,46,118.7,478,"32in & under",5
"AWB323DH","China","LCD",27.16,110,5.5,"Analogue/Digital","0.48","0.0","AIWA",32,0.274,38,99.1,401,"32in & under",6
"AWB405DHH","China","LCD",40.11,168,5.5,"Analogue/Digital","0.36","0.0","AIWA",40,0.426,59,94.2,394,"33-43in",6
"AWB505DH","China","LCD",46.45,225,6,"Analogue/Digital","0.32","0.0","AIWA",50,0.675,79,68.8,333,"44-50in",6
"AWB557DH","China","LCD",79.85,340,5,"Analogue/Digital","0.41","0.0","AIWA",55,0.823,119,97,413,"51-55in",5
"AWB657DH","China","LCD",92.61,385,5.5,"Analogue/Digital","0.5","0.0","AIWA",65,1.148,135,80.7,335,"56-65in",6
"AWB757DH","China","LCD",121.7,525,5.5,"Analogue/Digital","0.49","0.0","AIWA",75,1.532,184,79.4,343,"66-75in",6
"LT-32NQ3175A","China","LCD",26.95,110,5.5,"Analogue/Digital","0.45","0.0","JVC",32,0.274,38,98.4,401,"32in & under",6
"LT-40NQ5175A","China","LCD",42.09,168,5.5,"Analogue/Digital","0.36","0.0","JVC",40,0.426,59,98.8,394,"33-43in",6
"LT-50NQ5175A","China","LCD",46.05,225,6,"Analogue/Digital","0.4","0.0","JVC",50,0.675,79,68.2,333,"44-50in",6
"LT-65N7175A","China","LCD",92.61,385,5.5,"Analogue/Digital","0.5","0.0","JVC",65,1.148,135,80.7,335,"56-65in",6
"LT-55N7175A","China","LCD",79.85,340,5,"Analogue/Digital","0.41","0.0","JVC",55,0.823,119,97,413,"51-55in",5
"K55USTWQ","China","LCD",92.1,339,5,"Analogue/Digital","0.4","0.0","EKO",55,0.823,119,111.9,412,"51-55in",5
"K50USTQ","China","LCD (LED)",76.8,284,5,"Analogue/Digital","","","EKO",50,0.675,99,113.8,421,"44-50in",5
"K50UST","China","LCD (LED)",76.8,284,5,"Analogue/Digital","","","EKO",50,0.675,99,113.8,421,"44-50in",5
"K50***","China","LCD (LED)",76.8,284,5,"Analogue/Digital","","","EKO",50,0.675,99,113.8,421,"44-50in",5
"K32HSTQ","China","LCD (LED)",31,131,5,"Analogue/Digital","","","EKO",32,0.274,46,113.1,478,"32in & under",5
"K32HST","China","LCD (LED)",31,131,5,"Analogue/Digital","","","EKO",32,0.274,46,113.1,478,"32in & under",5
"65UJ760H5SD","Indonesia,South Korea","LCD (LED)",54,200,8,"Analogue/Digital","0.4","0.0","LG",65,1.148,70,47,174,"56-65in",8
"98Z670SP","China","LCD (LED)",235.66,888,5.5,"Analogue/Digital","0.33","0.0","TOSHIBA",98,2.622,311,89.9,339,"86in+",6
"32HFL5114/12","China","LCD (LED)",27.8,114,5.5,"Analogue/Digital","","","PHILIPS",32,0.274,40,101.5,416,"32in & under",6
"KAQL65MQ9VA","China","LCD (LED)",128.52,515,4.5,"Analogue/Digital","0.4","0.0","KOGAN",65,1.148,180,112,449,"56-65in",4
"KAQL65MQ9VB","China","LCD (LED)",128.52,515,4.5,"Analogue/Digital","0.4","0.0","KOGAN",65,1.148,180,112,449,"56-65in",4
"KAQL65MQ9VC","China","LCD (LED)",128.52,515,4.5,"Analogue/Digital","0.4","0.0","KOGAN",65,1.148,180,112,449,"56-65in",4
"KAQL50MQ9VA","China","LCD (LED)",105,440,3,"Analogue/Digital","0.45","0.0","KOGAN",49,0.675,154,155.6,652,"44-50in",3
"KAQL50MQ9VB","China","LCD (LED)",105,440,3,"Analogue/Digital","0.45","0.0","KOGAN",49,0.675,154,155.6,652,"44-50in",3
"KAQL50MQ9VC","China","LCD (LED)",105,440,3,"Analogue/Digital","0.45","0.0","KOGAN",49,0.675,154,155.6,652,"44-50in",3
"KAQL55MQ9VA","China","LCD (LED)",104.88,460,3.5,"Analogue/Digital","0.45","0.0","KOGAN",55,0.823,161,127.4,559,"51-55in",4
"KAQL55MQ9VB","China","LCD (LED)",104.88,460,3.5,"Analogue/Digital","0.45","0.0","KOGAN",55,0.823,161,127.4,559,"51-55in",4
"KAQL55MQ9VC","China","LCD (LED)",104.88,460,3.5,"Analogue/Digital","0.45","0.0","KOGAN",55,0.823,161,127.4,559,"51-55in",4
"KAL43F9QA","China,Vietnam,Hungary","LCD",57.66,217,5,"Analogue/Digital","","","KOGAN",43,0.498,76,115.8,436,"33-43in",5
"KAL43F9QB","China,Vietnam,Hungary","LCD",57.66,217,5,"Analogue/Digital","","","KOGAN",43,0.498,76,115.8,436,"33-43in",5
"KAL43F9QC","China,Vietnam,Hungary","LCD",57.66,217,5,"Analogue/Digital","","","KOGAN",43,0.498,76,115.8,436,"33-43in",5
"KAL43F9QD","China,Vietnam,Hungary","LCD",57.66,217,5,"Analogue/Digital","","","KOGAN",43,0.498,76,115.8,436,"33-43in",5
"KAL43F9Q*","China,Vietnam,Hungary","LCD",57.66,217,5,"Analogue/Digital","","","KOGAN",43,0.498,76,115.8,436,"33-43in",5
"KAQL55XQ98GSVB","China","LCD (LED)",123.84,475,3.5,"Analogue/Digital","0.45","0.0","KOGAN",55,0.823,166,150.5,577,"51-55in",4
"KAQL55XQ98GSVC","China","LCD (LED)",123.84,475,3.5,"Analogue/Digital","0.45","0.0","KOGAN",55,0.823,166,150.5,577,"51-55in",4
"KAL50F9QA","China,Vietnam,Hungary","LCD",55.47,227,6,"Analogue/Digital","","","KOGAN",50,0.675,79,82.2,336,"44-50in",6
"KAL50F9QB","China,Vietnam,Hungary","LCD",55.47,227,6,"Analogue/Digital","","","KOGAN",50,0.675,79,82.2,336,"44-50in",6
"KAL50F9QC","China,Vietnam,Hungary","LCD",55.47,227,6,"Analogue/Digital","","","KOGAN",50,0.675,79,82.2,336,"44-50in",6
"KAL50F9QD","China,Vietnam,Hungary","LCD",55.47,227,6,"Analogue/Digital","","","KOGAN",50,0.675,79,82.2,336,"44-50in",6
"KAL50F9Q*","China,Vietnam,Hungary","LCD",55.47,227,6,"Analogue/Digital","","","KOGAN",50,0.675,79,82.2,336,"44-50in",6
"KAL65U9QA","China,Vietnam,Hungary","LCD",104.15,465,5,"Analogue/Digital","","","KOGAN",65,1.148,163,90.7,405,"56-65in",5
"KAL65U9QB","China,Vietnam,Hungary","LCD",104.15,465,5,"Analogue/Digital","","","KOGAN",65,1.148,163,90.7,405,"56-65in",5
"KAL65U9QC","China,Vietnam,Hungary","LCD",104.15,465,5,"Analogue/Digital","","","KOGAN",65,1.148,163,90.7,405,"56-65in",5
"KAL65U9QD","China,Vietnam,Hungary","LCD",104.15,465,5,"Analogue/Digital","","","KOGAN",65,1.148,163,90.7,405,"56-65in",5
"KAL65U9Q*","China,Vietnam,Hungary","LCD",104.15,465,5,"Analogue/Digital","","","KOGAN",65,1.148,163,90.7,405,"56-65in",5
"KAL50U9QA","China,Vietnam,Hungary","LCD",84.99,356,4,"Analogue/Digital","","","KOGAN",50,0.675,125,125.9,527,"44-50in",4
"KAL50U9QB","China,Vietnam,Hungary","LCD",84.99,356,4,"Analogue/Digital","","","KOGAN",50,0.675,125,125.9,527,"44-50in",4
"KAL50U9QC","China,Vietnam,Hungary","LCD",84.99,356,4,"Analogue/Digital","","","KOGAN",50,0.675,125,125.9,527,"44-50in",4
"KAL50U9QD","China,Vietnam,Hungary","LCD",84.99,356,4,"Analogue/Digital","","","KOGAN",50,0.675,125,125.9,527,"44-50in",4
"KAL50U9Q*","China,Vietnam,Hungary","LCD",84.99,356,4,"Analogue/Digital","","","KOGAN",50,0.675,125,125.9,527,"44-50in",4
"65G60K-IU","China","LCD (LED)",77.1,320,6,"Analogue/Digital","0.344","0.0","TCL",64,1.147,112,67.2,279,"56-65in",6
"ATV58UHDW-0926","China","LCD",80.7,297,6,"Analogue/Digital","0.412","0.0","BAUHN",57,0.917,104,88,324,"56-65in",6
"BP650USTQ","China","LCD (LED)",104.98,416,5.5,"Analogue/Digital","","","BLAUPUNKT",65,1.148,146,91.4,362,"56-65in",6
"K65USTWQ","China","LCD (LED)",104.98,416,5.5,"Analogue/Digital","","","EKO",65,1.148,146,91.4,362,"56-65in",6
"55MLED601/79","China","LCD (LED)",103,380,4.5,"Analogue/Digital","0.39","0.47","PHILIPS",55,0.821,133,125.5,463,"51-55in",4
"65MLED601/79","China","LCD (LED)",125,463,5,"Analogue/Digital","0.38","0.48","PHILIPS",65,1.148,162,108.9,403,"56-65in",5
"75MLED601/79","China","LCD (LED)",148.2,548,5.5,"Analogue/Digital","0.26","0.4","PHILIPS",75,1.532,192,96.7,358,"66-75in",6
"58Q6SAU","China","LCD (LED)",70.86,277,6,"Analogue/Digital","0.29","0.0","HISENSE",58,0.916,97,77.4,302,"56-65in",6
"58Q6SNZ","China","LCD (LED)",70.86,277,6,"Analogue/Digital","0.29","0.0","HISENSE",58,0.916,97,77.4,302,"56-65in",6
"58Q6S","China","LCD (LED)",70.86,277,6,"Analogue/Digital","0.29","0.0","HISENSE",58,0.916,97,77.4,302,"56-65in",6
"32S49M","China","LCD (LED)",25.47,112,5.5,"Analogue/Digital","","","CHIQ",32,0.274,39,93,409,"32in & under",6
"ATV50UHDW-1026","China","LCD",58.5,216,6,"Analogue/Digital","0.418","0.0","BAUHN",50,0.677,76,86.4,319,"44-50in",6
"DG75QUHDW-25251","China","LCD (LED)",132.1,485,6,"Digital","0.38","0.0","DGTEC",75,1.532,170,86.2,317,"66-75in",6
"G55UZ26A-AU","China","LCD",87.44,324,5,"unknown","0.86","0.0","SONIQ",55,0.825,113,106,393,"51-55in",5
"OQHTA3KOHK","China","LCD",637.8,2500,2,"Analogue/Digital","0.47124","1.06628","SYLVOX",110,3.339,875,191,749,"86in+",2
"OQHTA4K8RK","China","LCD",637.8,2500,2,"Analogue/Digital","0.47124","1.06628","SYLVOX",110,3.339,875,191,749,"86in+",2
"OTHTA3KOHK","China","LCD",637.8,2500,2,"Analogue/Digital","0.47124","1.06628","SYLVOX",110,3.339,875,191,749,"86in+",2
"OTHTA4K8RK","China","LCD",637.8,2500,2,"Analogue/Digital","0.47124","1.06628","SYLVOX",110,3.339,875,191,749,"86in+",2
"OQHTA3KHHK","China","LCD",637.8,2500,2,"Analogue/Digital","0.47124","1.06628","SYLVOX",110,3.339,875,191,749,"86in+",2
"OTHTA3KHHK","China","LCD",637.8,2500,2,"Analogue/Digital","0.47124","1.06628","SYLVOX",110,3.339,875,191,749,"86in+",2
"G65UZ26A-AU","China","LCD",139.34,512,4.5,"unknown","0.5","0.0","SONIQ",64,1.147,179,121.5,446,"56-65in",4
"G75UZ26A-AU","China","LCD",186.4,684,4,"unknown","0.54","0.0","SONIQ",74,1.522,239,122.5,449,"66-75in",4
"KD-32W830K","Vietnam","LCD (LED)",34.7,132,4.5,"Analogue/Digital","0.5","10.1","SONY",32,0.274,46,126.6,482,"32in & under",4
"K55FT9000","China","LCD",58.79,238,6,"Digital","","","EKO",55,0.823,83,71.4,289,"51-55in",6
