Brand,model,screen_tech,inches,screen_m2,watts_on,watts_passive_standby,watts_active_standby,kwh_year,cost_aud_year,watts_per_m2,kwh_per_m2,star_rating,stars,size_band,Country,tuner
PHILIPS,24HFL3011T/12,LCD (LED),23,0.152,17.38,,,65.0,23.0,114.3,428.0,6.0,6,32in & under,Poland,Analogue/Digital
PHILIPS,43HFL5011T/12,LCD (LED),43,0.498,43.23,,,160.0,56.0,86.8,321.0,6.0,6,33-43in,Poland,Analogue/Digital
PHILIPS,49HFL5011T/12,LCD (LED),48,0.648,47.37,,,175.0,61.0,73.1,270.0,7.0,7,44-50in,Poland,Analogue/Digital
PHILIPS,55HFL5011T/12,LCD (LED),55,0.825,54.84,,,202.0,71.0,66.5,245.0,7.0,7,51-55in,Poland,Analogue/Digital
PHILIPS,65HFL7111T/12,LCD (LED),64,1.145,131.3,,,483.0,169.0,114.7,422.0,4.5,4,56-65in,Poland,Analogue/Digital
PHILIPS,55HFL7011T/12,LCD (LED),55,0.823,140.3,,,514.0,180.0,170.5,625.0,3.0,3,51-55in,Poland,Analogue/Digital
HISENSE,65U9G,LCD (LED),65,1.148,152.07,0.33,0.0,649.0,227.0,132.5,565.0,3.5,4,56-65in,China,Analogue/Digital
HISENSE,70A6G,LCD (LED),70,1.312,106.02,0.32,0.0,422.0,148.0,80.8,322.0,6.0,6,66-75in,China,Analogue/Digital
POLAROID,PL6521OS,LCD (LED),65,1.148,95.274,0.3594,0.361848,367.0,128.0,83.0,320.0,6.0,6,56-65in,China,Analogue/Digital
AKAI,AK3221S6WOS,LCD (LED),32,0.274,25.5,0.36,0.0,98.0,34.0,93.1,358.0,6.0,6,32in & under,China,Digital
PHILIPS,50HFL5214U/97,LCD (LED),50,0.676,62.33,0.39,0.0,253.0,89.0,92.2,374.0,5.5,6,44-50in,China,Analogue/Digital
PHILIPS,50BFL2214/97,LCD (LED),50,0.676,62.33,0.39,0.0,253.0,89.0,92.2,374.0,5.5,6,44-50in,China,Analogue/Digital
PHILIPS,65HFL5214U/97,LCD (LED),65,1.148,94.45,0.41,0.0,382.0,134.0,82.3,333.0,5.5,6,56-65in,China,Analogue/Digital
PHILIPS,65BFL2214/97,LCD (LED),65,1.148,94.45,0.41,0.0,382.0,134.0,82.3,333.0,5.5,6,56-65in,China,Analogue/Digital
PHILIPS,55HFL5214U/97,LCD (LED),55,0.823,70.66,0.4,0.0,286.0,100.0,85.9,348.0,5.5,6,51-55in,China,Analogue/Digital
PHILIPS,55BFL2214/97,LCD (LED),55,0.823,70.66,0.4,0.0,286.0,100.0,85.9,348.0,5.5,6,51-55in,China,Analogue/Digital
POLAROID,PL3221OS,LCD (LED),32,0.274,25.5,0.36,0.0,98.0,34.0,93.1,358.0,6.0,6,32in & under,China,Digital
SAMSUNG,QA55Q95TDW,LCD (LED),55,0.823,140.0,0.5,0.0,514.0,180.0,170.1,625.0,3.0,3,51-55in,Vietnam,Digital
SAMSUNG,QA55Q95TDS,LCD (LED),55,0.823,140.0,0.5,0.0,514.0,180.0,170.1,625.0,3.0,3,51-55in,Vietnam,Digital
SAMSUNG,QA65Q95TDW,LCD (LED),65,1.148,205.0,0.5,0.0,751.0,263.0,178.6,654.0,2.5,2,56-65in,Vietnam,Digital
SAMSUNG,QA65Q95TDS,LCD (LED),65,1.148,205.0,0.5,0.0,751.0,263.0,178.6,654.0,2.5,2,56-65in,Vietnam,Digital
SAMSUNG,QA75Q95TDW,LCD (LED),75,1.532,237.0,0.5,0.0,868.0,304.0,154.7,567.0,3.0,3,66-75in,Vietnam,Digital
SHARETV,ST1922G,LCD,21,0.126,28.1,0.25,0.0,106.0,37.0,223.0,841.0,3.0,3,32in & under,China,Digital
KOGAN,KAQLED55XQ9610STA,LCD,55,0.822,113.0,0.4,0.0,415.0,145.0,137.5,505.0,4.0,4,51-55in,China,Analogue/Digital
PHILIPS,55OLED706/75,LCD (LED),55,0.823,148.0,0.29,0.0,596.0,209.0,179.8,724.0,2.5,2,51-55in,China,Analogue/Digital
PHILIPS,55OLED706/79,LCD (LED),55,0.823,148.0,0.29,0.0,596.0,209.0,179.8,724.0,2.5,2,51-55in,China,Analogue/Digital
BLAUPUNKT,BP4000F,LCD (LED),40,0.426,57.3,0.28,0.0,211.0,74.0,134.5,495.0,4.5,4,33-43in,China,Analogue/Digital
VEON,VN40WOS2021,LCD (LED),40,0.427,47.3,0.408,0.408,175.0,61.0,110.8,410.0,5.0,5,33-43in,China,Analogue/Digital
PHILIPS,75PUT7906/79,LCD (LED),75,1.531,169.26,0.41,0.0,682.0,239.0,110.6,445.0,4.5,4,66-75in,China,Analogue/Digital
PHILIPS,75PUT7906/75,LCD (LED),75,1.531,169.26,0.41,0.0,682.0,239.0,110.6,445.0,4.5,4,66-75in,China,Analogue/Digital
EKO,K32HSW,LCD (LED),32,0.274,36.2,0.39,0.0,135.0,47.0,132.1,493.0,4.5,4,32in & under,China,Analogue/Digital
KOGAN,KALED43XT9610STA,LCD,42,0.498,65.0,0.45,0.0,240.0,84.0,130.5,482.0,4.5,4,33-43in,China,Analogue/Digital
PHILIPS,65PML9506/79,LCD (LED),65,1.148,180.0,0.28,0.0,725.0,254.0,156.8,632.0,3.0,3,56-65in,China,Analogue/Digital
PHILIPS,65PML9506/75,LCD (LED),65,1.148,180.0,0.28,0.0,725.0,254.0,156.8,632.0,3.0,3,56-65in,China,Analogue/Digital
SAMSUNG,HG43AJ690YK,LCD (LED),43,0.498,69.0,0.5,0.0,255.0,89.0,138.6,512.0,4.0,4,33-43in,Vietnam,Digital
SAMSUNG,HG55AJ690YK,LCD (LED),55,0.823,91.0,0.5,0.0,335.0,117.0,110.6,407.0,5.0,5,51-55in,Vietnam,Digital
SAMSUNG,HG50AJ690YK,LCD (LED),49,0.675,85.0,0.5,0.0,313.0,110.0,125.9,464.0,4.5,4,44-50in,Vietnam,Digital
SAMSUNG,HG65AJ690YK,LCD (LED),65,1.148,116.0,0.5,0.0,426.0,149.0,101.0,371.0,5.0,5,56-65in,Vietnam,Digital
SAMSUNG,HG75AJ690YK,LCD (LED),75,1.532,154.0,0.5,0.0,565.0,198.0,100.5,369.0,5.0,5,66-75in,Vietnam,Digital
SAMSUNG,UA50AU7002S,LCD (LED),49,0.675,71.0,0.5,0.0,262.0,92.0,105.2,388.0,5.0,5,44-50in,China,Digital
WALTON,43D210N,LCD (LED),43,0.513,36.4,,,140.0,49.0,71.0,273.0,7.0,7,33-43in,Bangladesh,Digital
WALTON,W43D210N,LCD (LED),43,0.513,36.4,,,140.0,49.0,71.0,273.0,7.0,7,33-43in,Bangladesh,Digital
WALTON,W43D210NAU,LCD (LED),43,0.513,36.4,,,140.0,49.0,71.0,273.0,7.0,7,33-43in,Bangladesh,Digital
KOGAN,KAQLED75XQ9610STA,LCD,75,1.531,182.0,0.45,0.0,667.0,233.0,118.9,436.0,4.5,4,66-75in,China,Analogue/Digital
PHILIPS,43HFL6214U/12,LCD (LED),43,0.498,53.2,0.31,0.62,216.0,76.0,106.8,434.0,5.0,5,33-43in,China,Analogue/Digital
PHILIPS,50HFL6214U/12,LCD (LED),50,0.676,64.01,0.28,0.61,259.0,91.0,94.7,383.0,5.0,5,44-50in,China,Analogue/Digital
PHILIPS,75HFL6214U/12,LCD (LED),75,1.531,109.86,0.28,0.69,443.0,155.0,71.8,289.0,6.0,6,66-75in,China,Analogue/Digital
PHILIPS,75PML9506/79,LCD (LED),75,1.531,195.0,0.28,0.0,785.0,275.0,127.4,513.0,3.5,4,66-75in,China,Analogue/Digital
PHILIPS,75PML9506/75,LCD (LED),75,1.531,195.0,0.28,0.0,785.0,275.0,127.4,513.0,3.5,4,66-75in,China,Analogue/Digital
PHILIPS,58HFL6214U/12,LCD (LED),58,0.916,72.81,0.28,0.65,294.0,103.0,79.5,321.0,6.0,6,56-65in,China,Analogue/Digital
PHILIPS,65HFL6214U/12,LCD (LED),65,1.148,94.36,0.28,0.61,381.0,133.0,82.2,332.0,5.5,6,56-65in,China,Analogue/Digital
KOGAN,KALED24EH7520SVA,LCD (LED),24,0.153,18.4,0.6,0.66,84.0,29.0,120.3,549.0,5.0,5,32in & under,China,Analogue/Digital
MYVI,UR-LED2402NS,LCD (LED),24,0.155,20.12,0.32,0.0,85.0,30.0,129.8,548.0,5.0,5,32in & under,China,Digital
SAMSUNG,UA55AU7002S,LCD (LED),55,0.823,77.0,0.5,0.0,284.0,99.0,93.6,345.0,5.5,6,51-55in,China,Digital
CAIXUN,LE-40V1,LCD (LED),40,0.426,38.92,0.34,0.48,151.0,53.0,91.4,354.0,6.0,6,33-43in,China,Digital
CHIQ,U75F8T,LCD (LED),75,1.531,138.0,,,506.0,177.0,90.1,331.0,5.5,6,66-75in,China,
STAN CASH,TV185CLEARA,LCD (LED),18,0.093,16.1569,0.26,0.0,60.0,21.0,173.7,645.0,5.0,5,32in & under,China,Analogue/Digital
KOGAN,KAQLED65XQ9610STA,LCD,64,1.147,156.0,0.43,0.0,572.0,200.0,136.0,499.0,4.0,4,56-65in,China,Analogue/Digital
EKO,K58USG,LCD,58,0.916,94.12,0.35,0.0,346.0,121.0,102.8,378.0,5.0,5,56-65in,China,Digital
EKO,K75USW,LCD,75,1.531,206.62,0.34,0.0,756.0,265.0,135.0,494.0,4.0,4,66-75in,China,Digital
EKO,K700USG,LCD,70,1.338,126.96,0.31,0.0,465.0,163.0,94.9,348.0,5.5,6,66-75in,China,Digital
EKO,K70USW,LCD,70,1.338,167.26,0.29,0.0,612.0,214.0,125.0,457.0,4.0,4,66-75in,China,Digital
"SHENZHEN XINCHAODA TECHNOLOGY CO., LTD",LEQ65W722,LCD (LED),65,1.148,100.64,,,369.0,129.0,87.7,321.0,6.0,6,56-65in,China,Analogue/Digital
"SHENZHEN XINCHAODA TECHNOLOGY CO., LTD",LEQ55A722,LCD (LED),55,0.823,103.61,,,381.0,133.0,125.9,463.0,4.5,4,51-55in,China,Analogue/Digital
"SHENZHEN XINCHAODA TECHNOLOGY CO., LTD",LEQ55W722,LCD (LED),55,0.823,98.45,,,362.0,127.0,119.6,440.0,4.5,4,51-55in,China,Analogue/Digital
"SHENZHEN XINCHAODA TECHNOLOGY CO., LTD",LEQ65A722,LCD (LED),65,1.148,109.48,,,402.0,141.0,95.4,350.0,5.5,6,56-65in,China,Analogue/Digital
LG,50UR767H3VC,LCD (LED),49,0.675,78.0,0.4,0.0,287.0,100.0,115.6,425.0,4.5,4,44-50in,Indonesia,Analogue/Digital
LG,55UR767H3VC,LCD (LED),55,0.823,101.0,0.4,0.0,371.0,130.0,122.7,451.0,4.5,4,51-55in,Indonesia,Analogue/Digital
LG,65UR767H3VC,LCD (LED),65,1.148,118.0,0.4,0.0,433.0,152.0,102.8,377.0,5.0,5,56-65in,Indonesia,Analogue/Digital
KOGAN,KALED40RF9220STB,LCD (LED),39,0.426,40.0,0.3,0.0,149.0,52.0,93.9,350.0,6.0,6,33-43in,China,Analogue/Digital
KOGAN,KALED40RF9210STB,LCD (LED),39,0.426,40.0,0.3,0.0,149.0,52.0,93.9,350.0,6.0,6,33-43in,China,Analogue/Digital
AKAI,AK6521S6WOS,LCD (LED),65,1.148,95.274,0.3594,0.361848,367.0,128.0,83.0,320.0,6.0,6,56-65in,China,Analogue/Digital
LINSAR,LS65UHDNF,LCD (LED),65,1.148,95.274,0.3594,0.361848,367.0,128.0,83.0,320.0,6.0,6,56-65in,China,Analogue/Digital
PHILIPS,19HFL5214W/12,LCD (LED),19,0.094,15.12,0.32,0.0,62.0,22.0,160.9,660.0,5.0,5,32in & under,China,Analogue/Digital
JVC,LT-32N3115AM,LCD,31,0.272,32.7,0.31,0.31,130.0,46.0,120.2,478.0,5.0,5,32in & under,China,Analogue/Digital
SONY,KD-43X75K,LCD (LED),42,0.498,70.0,0.5,10.0,261.0,91.0,140.6,524.0,4.0,4,33-43in,Vietnam,Analogue/Digital
SONY,KD-50X75K,LCD (LED),49,0.675,84.0,0.5,10.1,312.0,109.0,124.4,462.0,4.5,4,44-50in,Vietnam,Analogue/Digital
JVC,LT-42N5125A,LCD,41,0.468,57.6,0.36,0.36,230.0,80.0,123.1,491.0,4.5,4,33-43in,China,Analogue/Digital
JVC,LT-55NQ7105AM,LCD,55,0.823,100.2,0.374,0.374,400.0,140.0,121.7,486.0,4.0,4,51-55in,China,Analogue/Digital
JVC,LT-50NQ7115A,LCD,49,0.671,84.4,0.411,0.411,354.0,124.0,125.8,528.0,4.0,4,44-50in,China,Analogue/Digital
KOGAN,KALED43RT9220SVA,LCD (LED),43,0.498,47.23,,,194.0,68.0,94.8,390.0,5.5,6,33-43in,China,Analogue/Digital
KOGAN,KALED43RT9220SVB,LCD (LED),43,0.498,47.23,,,194.0,68.0,94.8,390.0,5.5,6,33-43in,China,Analogue/Digital
KOGAN,KALED43RT9220SVC,LCD (LED),43,0.498,47.23,,,194.0,68.0,94.8,390.0,5.5,6,33-43in,China,Analogue/Digital
KOGAN,KALED43RT9220SVD,LCD (LED),43,0.498,47.23,,,194.0,68.0,94.8,390.0,5.5,6,33-43in,China,Analogue/Digital
KOGAN,KALED50RT9220SVA,LCD (LED),50,0.675,50.6,,,210.0,74.0,75.0,311.0,6.0,6,44-50in,China,Analogue/Digital
KOGAN,KALED50RT9220SVB,LCD (LED),50,0.675,50.6,,,210.0,74.0,75.0,311.0,6.0,6,44-50in,China,Analogue/Digital
KOGAN,KALED50RT9220SVC,LCD (LED),50,0.675,50.6,,,210.0,74.0,75.0,311.0,6.0,6,44-50in,China,Analogue/Digital
KOGAN,KALED50RT9220SVD,LCD (LED),50,0.675,50.6,,,210.0,74.0,75.0,311.0,6.0,6,44-50in,China,Analogue/Digital
KOGAN,LE-50series,LCD (LED),50,0.675,50.6,,,210.0,74.0,75.0,311.0,6.0,6,44-50in,China,Analogue/Digital
KOGAN,KAQLED55RQ9510SVA,LCD (LED),55,0.823,53.64,,,247.0,86.0,65.2,300.0,6.0,6,51-55in,China,Analogue/Digital
KOGAN,KAQLED55RQ9510SVB,LCD (LED),55,0.823,53.64,,,247.0,86.0,65.2,300.0,6.0,6,51-55in,China,Analogue/Digital
KOGAN,KAQLED55RQ9510SVC,LCD (LED),55,0.823,53.64,,,247.0,86.0,65.2,300.0,6.0,6,51-55in,China,Analogue/Digital
KOGAN,KAQLED55RQ9510SVD,LCD (LED),55,0.823,53.64,,,247.0,86.0,65.2,300.0,6.0,6,51-55in,China,Analogue/Digital
KOGAN,KALED58RT9220SVA,LCD (LED),58,0.916,65.21,,,271.0,95.0,71.2,296.0,6.0,6,56-65in,China,Analogue/Digital
KOGAN,KALED58RT9220SVB,LCD (LED),58,0.916,65.21,,,271.0,95.0,71.2,296.0,6.0,6,56-65in,China,Analogue/Digital
KOGAN,KALED58RT9220SVC,LCD (LED),58,0.916,65.21,,,271.0,95.0,71.2,296.0,6.0,6,56-65in,China,Analogue/Digital
KOGAN,KALED58RT9220SVD,LCD (LED),58,0.916,65.21,,,271.0,95.0,71.2,296.0,6.0,6,56-65in,China,Analogue/Digital
KOGAN,LE-58series,LCD (LED),58,0.916,65.21,,,271.0,95.0,71.2,296.0,6.0,6,56-65in,China,Analogue/Digital
BLAUPUNKT,BP3200HDV7100,LCD,32,0.274,34.48,0.27,0.0,128.0,45.0,125.8,467.0,5.0,5,32in & under,China,Digital
KOGAN,LE-55series,LCD (LED),55,0.823,53.64,,,247.0,86.0,65.2,300.0,6.0,6,51-55in,China,Analogue/Digital
KOGAN,LE-43series,LCD (LED),43,0.498,47.23,,,194.0,68.0,94.8,390.0,5.5,6,33-43in,China,Analogue/Digital
KOGAN,KALED40RT9220SVA,LCD (LED),40,0.426,34.52,,,151.0,53.0,81.0,354.0,6.0,6,33-43in,China,Analogue/Digital
KOGAN,KALED40RT9220SVB,LCD (LED),40,0.426,34.52,,,151.0,53.0,81.0,354.0,6.0,6,33-43in,China,Analogue/Digital
KOGAN,KALED40RT9220SVC,LCD (LED),40,0.426,34.52,,,151.0,53.0,81.0,354.0,6.0,6,33-43in,China,Analogue/Digital
KOGAN,KALED40RT9220SVD,LCD (LED),40,0.426,34.52,,,151.0,53.0,81.0,354.0,6.0,6,33-43in,China,Analogue/Digital
KOGAN,*****40*****,LCD (LED),40,0.426,34.52,,,151.0,53.0,81.0,354.0,6.0,6,33-43in,China,Analogue/Digital
LG,55UP801C0TB,LCD (LED),55,0.823,115.0,0.4,0.0,422.0,148.0,139.7,513.0,4.0,4,51-55in,Indonesia,Analogue/Digital
LG,65UP801C0TB,LCD (LED),65,1.148,144.0,0.4,0.0,528.0,185.0,125.4,460.0,4.0,4,56-65in,Indonesia,Analogue/Digital
CAIXUN,EC40V1FA,LCD (LED),40,0.426,34.52,,,151.0,53.0,81.0,354.0,6.0,6,33-43in,China,Analogue/Digital
CAIXUN,LE-40T1,LCD (LED),40,0.426,34.52,,,151.0,53.0,81.0,354.0,6.0,6,33-43in,China,Analogue/Digital
CAIXUN,LE-40T2,LCD (LED),40,0.426,34.52,,,151.0,53.0,81.0,354.0,6.0,6,33-43in,China,Analogue/Digital
CAIXUN,LE-40T3,LCD (LED),40,0.426,34.52,,,151.0,53.0,81.0,354.0,6.0,6,33-43in,China,Analogue/Digital
CAIXUN,LE-40V2,LCD (LED),40,0.426,34.52,,,151.0,53.0,81.0,354.0,6.0,6,33-43in,China,Analogue/Digital
CAIXUN,LE-40V3,LCD (LED),40,0.426,34.52,,,151.0,53.0,81.0,354.0,6.0,6,33-43in,China,Analogue/Digital
CAIXUN,*****40*****,LCD (LED),40,0.426,34.52,,,151.0,53.0,81.0,354.0,6.0,6,33-43in,China,Analogue/Digital
BLAUPUNKT,BP2400HDV7100,LCD (LED),24,0.153,20.5,0.49,0.0,78.0,27.0,134.0,510.0,5.0,5,32in & under,China,Analogue/Digital
SAMSUNG,UA65AU7002S,LCD (LED),65,1.148,113.0,0.5,0.0,416.0,146.0,98.4,362.0,5.5,6,56-65in,China,Digital
EKO,K430USGQ,LCD,43,0.498,51.49,0.41,0.0,191.0,67.0,103.4,384.0,5.5,6,33-43in,China,Digital
EKO,K75QHZ,LCD,75,1.532,227.32,0.35,0.0,832.0,291.0,148.4,543.0,3.5,4,66-75in,China,Digital
EKO,K750USG,LCD,75,1.531,174.22,0.26,0.0,638.0,223.0,113.8,417.0,4.5,4,66-75in,China,Digital
EKO,K500USG,LCD,50,0.675,54.82,0.41,0.0,203.0,71.0,81.2,301.0,6.0,6,44-50in,China,Digital
LG,65QNED91SQA,LCD (LED),65,1.148,120.0,0.4,0.0,440.0,154.0,104.5,383.0,5.0,5,56-65in,Indonesia,Analogue/Digital
LG,75QNED91SQA,LCD (LED),75,1.531,158.0,0.4,0.0,579.0,203.0,103.2,378.0,5.0,5,66-75in,Indonesia,Analogue/Digital
LG,75QNED916QA,LCD (LED),75,1.531,158.0,0.4,0.0,579.0,203.0,103.2,378.0,5.0,5,66-75in,Indonesia,Analogue/Digital
LG,86QNED91SQA,LCD (LED),86,2.02,184.0,0.4,0.0,674.0,236.0,91.1,334.0,5.5,6,86in+,Indonesia,Analogue/Digital
LG,86QNED916QA,LCD (LED),86,2.02,184.0,0.4,0.0,674.0,236.0,91.1,334.0,5.5,6,86in+,Indonesia,Analogue/Digital
LG,OLED48A2PSA,OLED,48,0.623,76.0,0.4,0.0,280.0,98.0,122.0,449.0,4.5,4,44-50in,Indonesia,Analogue/Digital
LG,OLED55A2PSA,OLED,55,0.823,86.0,0.4,0.0,316.0,111.0,104.5,384.0,5.0,5,51-55in,Indonesia,Analogue/Digital
LG,OLED55A26LA,OLED,55,0.823,86.0,0.4,0.0,316.0,111.0,104.5,384.0,5.0,5,51-55in,Indonesia,Analogue/Digital
LG,OLED55B2PSA,OLED,55,0.823,102.0,0.4,0.0,375.0,131.0,123.9,456.0,4.5,4,51-55in,Indonesia,Analogue/Digital
LG,OLED55C2PSC,OLED,55,0.823,95.0,0.4,0.0,349.0,122.0,115.4,424.0,4.5,4,51-55in,Indonesia,Analogue/Digital
LG,OLED55C24LA,OLED,55,0.823,95.0,0.4,0.0,349.0,122.0,115.4,424.0,4.5,4,51-55in,Indonesia,Analogue/Digital
LG,OLED65A2PSA,OLED,65,1.148,107.0,0.4,0.0,393.0,138.0,93.2,342.0,5.5,6,56-65in,Indonesia,Analogue/Digital
LG,OLED65A26LA,OLED,65,1.148,107.0,0.4,0.0,393.0,138.0,93.2,342.0,5.5,6,56-65in,Indonesia,Analogue/Digital
LG,OLED65B2PSA,OLED,65,1.148,126.0,0.4,0.0,462.0,162.0,109.8,402.0,5.0,5,56-65in,Indonesia,Analogue/Digital
LG,OLED65C2PSC,OLED,65,1.148,112.0,0.4,0.0,411.0,144.0,97.6,358.0,5.5,6,56-65in,Indonesia,Analogue/Digital
LG,OLED65C24LA,OLED,65,1.148,112.0,0.4,0.0,411.0,144.0,97.6,358.0,5.5,6,56-65in,Indonesia,Analogue/Digital
LG,OLED77C2PSC,OLED,77,1.62,140.0,0.4,0.0,513.0,180.0,86.4,317.0,6.0,6,76-85in,Indonesia,Analogue/Digital
LG,OLED77C24LA,OLED,77,1.62,140.0,0.4,0.0,513.0,180.0,86.4,317.0,6.0,6,76-85in,Indonesia,Analogue/Digital
LG,OLED83C2PSA,OLED,83,1.877,179.0,0.4,0.0,656.0,230.0,95.4,349.0,5.5,6,76-85in,Indonesia,Analogue/Digital
LG,OLED83C24LA,OLED,83,1.877,179.0,0.4,0.0,656.0,230.0,95.4,349.0,5.5,6,76-85in,Indonesia,Analogue/Digital
BAUHN,ATV42FHDW-1221,LCD,41,0.468,42.3,0.4,0.0,157.0,55.0,90.4,335.0,6.0,6,33-43in,China,Digital
LG,OLED42C2PSA,OLED,42,0.476,63.0,0.4,0.0,232.0,81.0,132.4,487.0,4.5,4,33-43in,Indonesia,Analogue/Digital
LG,OLED42C24LA,OLED,42,0.476,63.0,0.4,0.0,232.0,81.0,132.4,487.0,4.5,4,33-43in,Indonesia,Analogue/Digital
LG,OLED48C2PSA,OLED,48,0.623,77.0,0.4,0.0,284.0,99.0,123.6,456.0,4.5,4,44-50in,Indonesia,Analogue/Digital
LG,OLED48C24LA,OLED,48,0.623,77.0,0.4,0.0,284.0,99.0,123.6,456.0,4.5,4,44-50in,Indonesia,Analogue/Digital
LG,43NANO75SQA,LCD (LED),43,0.498,75.0,0.4,0.0,276.0,97.0,150.6,554.0,3.5,4,33-43in,Indonesia,Analogue/Digital
LG,43NANO756QA,LCD (LED),43,0.498,75.0,0.4,0.0,276.0,97.0,150.6,554.0,3.5,4,33-43in,Indonesia,Analogue/Digital
LG,43UQ75006LF,LCD (LED),43,0.498,77.0,0.4,0.0,284.0,99.0,154.6,570.0,3.5,4,33-43in,Indonesia,Analogue/Digital
LG,50NANO75SQA,LCD (LED),49,0.675,90.0,0.4,0.0,331.0,116.0,133.3,490.0,4.0,4,44-50in,Indonesia,Analogue/Digital
LG,50NANO756QA,LCD (LED),49,0.675,90.0,0.4,0.0,331.0,116.0,133.3,490.0,4.0,4,44-50in,Indonesia,Analogue/Digital
LG,50QNED80SQA,LCD (LED),49,0.675,80.0,0.4,0.0,295.0,103.0,118.5,437.0,4.5,4,44-50in,Indonesia,Analogue/Digital
LG,50QNED806QA,LCD (LED),49,0.675,80.0,0.4,0.0,295.0,103.0,118.5,437.0,4.5,4,44-50in,Indonesia,Analogue/Digital
LG,50UQ80006LB,LCD (LED),49,0.675,78.0,0.4,0.0,287.0,100.0,115.6,425.0,4.5,4,44-50in,Indonesia,Analogue/Digital
LG,55NANO75SQA,LCD (LED),55,0.823,114.0,0.4,0.0,419.0,147.0,138.5,509.0,4.0,4,51-55in,Indonesia,Analogue/Digital
LG,55NANO756QA,LCD (LED),55,0.823,114.0,0.4,0.0,419.0,147.0,138.5,509.0,4.0,4,51-55in,Indonesia,Analogue/Digital
LG,55QNED80SQA,LCD (LED),55,0.823,94.0,0.4,0.0,346.0,121.0,114.2,420.0,4.5,4,51-55in,Indonesia,Analogue/Digital
LG,55QNED806QA,LCD (LED),55,0.823,94.0,0.4,0.0,346.0,121.0,114.2,420.0,4.5,4,51-55in,Indonesia,Analogue/Digital
LG,55UQ80006LB,LCD (LED),55,0.823,98.0,0.4,0.0,360.0,126.0,119.1,437.0,4.5,4,51-55in,Indonesia,Analogue/Digital
LG,65NANO75SQA,LCD (LED),65,1.148,144.0,0.4,0.0,528.0,185.0,125.4,460.0,4.0,4,56-65in,Indonesia,Analogue/Digital
LG,65NANO756QA,LCD (LED),65,1.148,144.0,0.4,0.0,528.0,185.0,125.4,460.0,4.0,4,56-65in,Indonesia,Analogue/Digital
LG,65QNED80SQA,LCD (LED),65,1.148,118.0,0.4,0.0,433.0,152.0,102.8,377.0,5.0,5,56-65in,Indonesia,Analogue/Digital
LG,65QNED806QA,LCD (LED),65,1.148,118.0,0.4,0.0,433.0,152.0,102.8,377.0,5.0,5,56-65in,Indonesia,Analogue/Digital
LG,65UQ91006LA,LCD (LED),65,1.148,148.0,0.4,0.0,543.0,190.0,128.9,473.0,4.0,4,56-65in,Indonesia,Analogue/Digital
LG,75NANO75SQA,LCD (LED),75,1.531,181.0,0.4,0.0,663.0,232.0,118.2,433.0,4.5,4,66-75in,Indonesia,Analogue/Digital
LG,75NANO756QA,LCD (LED),75,1.531,181.0,0.4,0.0,663.0,232.0,118.2,433.0,4.5,4,66-75in,Indonesia,Analogue/Digital
LG,75QNED80SQA,LCD (LED),75,1.531,134.0,0.4,0.0,492.0,172.0,87.5,321.0,5.5,6,66-75in,Indonesia,Analogue/Digital
LG,75QNED806QA,LCD (LED),75,1.531,134.0,0.4,0.0,492.0,172.0,87.5,321.0,5.5,6,66-75in,Indonesia,Analogue/Digital
LG,75QNED96SQA,LCD (LED),75,1.531,172.0,0.4,0.0,630.0,220.0,112.3,411.0,4.5,4,66-75in,Indonesia,Analogue/Digital
LG,86NANO75SQA,LCD (LED),86,2.02,250.0,0.4,0.0,915.0,320.0,123.8,453.0,4.0,4,86in+,Indonesia,Analogue/Digital
LG,86NANO756QA,LCD (LED),86,2.02,250.0,0.4,0.0,915.0,320.0,123.8,453.0,4.0,4,86in+,Indonesia,Analogue/Digital
LG,86UQ9000PSD,LCD (LED),86,2.02,250.0,0.4,0.0,915.0,320.0,123.8,453.0,4.0,4,86in+,Indonesia,Analogue/Digital
METZ,86MUC8500A,LCD (LED),86,2.02,214.72,0.41,0.53,893.0,313.0,106.3,442.0,4.5,4,86in+,China,Analogue/Digital
SAMSUNG,QA55Q70BAW,LCD (LED),55,0.823,114.0,0.5,0.0,419.0,147.0,138.5,509.0,4.0,4,51-55in,Vietnam,Digital
SAMSUNG,QA55Q70BAS,LCD (LED),55,0.823,114.0,0.5,0.0,419.0,147.0,138.5,509.0,4.0,4,51-55in,Vietnam,Digital
SAMSUNG,QA55Q70BA*,LCD (LED),55,0.823,114.0,0.5,0.0,419.0,147.0,138.5,509.0,4.0,4,51-55in,Vietnam,Digital
SAMSUNG,UA75BU8000W,LCD (LED),75,1.532,157.0,0.5,0.0,576.0,202.0,102.5,376.0,5.0,5,66-75in,Vietnam,Digital
SAMSUNG,UA75BU8000S,LCD (LED),75,1.532,157.0,0.5,0.0,576.0,202.0,102.5,376.0,5.0,5,66-75in,Vietnam,Digital
SAMSUNG,UA75BU8000*,LCD (LED),75,1.532,157.0,0.5,0.0,576.0,202.0,102.5,376.0,5.0,5,66-75in,Vietnam,Digital
SAMSUNG,UA85BU8000W,LCD (LED),85,1.971,202.0,0.5,0.0,740.0,259.0,102.5,375.0,5.0,5,76-85in,Vietnam,Digital
SAMSUNG,UA85BU8000S,LCD (LED),85,1.971,202.0,0.5,0.0,740.0,259.0,102.5,375.0,5.0,5,76-85in,Vietnam,Digital
SAMSUNG,UA85BU8000*,LCD (LED),85,1.971,202.0,0.5,0.0,740.0,259.0,102.5,375.0,5.0,5,76-85in,Vietnam,Digital
SAMSUNG,UA60BU8000S,LCD (LED),60,0.996,104.0,0.5,0.0,383.0,134.0,104.4,385.0,5.0,5,56-65in,Vietnam,Digital
SAMSUNG,UA65BU8000W,LCD (LED),65,1.148,119.0,0.5,0.0,437.0,153.0,103.7,381.0,5.0,5,56-65in,Vietnam,Digital
SAMSUNG,UA65BU8000S,LCD (LED),65,1.148,119.0,0.5,0.0,437.0,153.0,103.7,381.0,5.0,5,56-65in,Vietnam,Digital
SAMSUNG,UA65BU8000*,LCD (LED),65,1.148,119.0,0.5,0.0,437.0,153.0,103.7,381.0,5.0,5,56-65in,Vietnam,Digital
SAMSUNG,UA65BU8500S,LCD (LED),65,1.148,119.0,0.5,0.0,437.0,153.0,103.7,381.0,5.0,5,56-65in,Vietnam,Digital
SAMSUNG,QA75QN85BAW,LCD (LED),75,1.532,167.0,0.5,0.0,613.0,215.0,109.0,400.0,4.5,4,66-75in,Vietnam,Digital
SAMSUNG,QA75QN85BAS,LCD (LED),75,1.532,167.0,0.5,0.0,613.0,215.0,109.0,400.0,4.5,4,66-75in,Vietnam,Digital
SAMSUNG,QA75QN85BA*,LCD (LED),75,1.532,167.0,0.5,0.0,613.0,215.0,109.0,400.0,4.5,4,66-75in,Vietnam,Digital
SAMSUNG,QA75QN90BAW,LCD (LED),75,1.532,212.0,0.5,0.0,777.0,272.0,138.4,507.0,3.5,4,66-75in,Vietnam,Digital
SAMSUNG,QA75QN90BAS,LCD (LED),75,1.532,212.0,0.5,0.0,777.0,272.0,138.4,507.0,3.5,4,66-75in,Vietnam,Digital
SAMSUNG,QA75QN90BA*,LCD (LED),75,1.532,212.0,0.5,0.0,777.0,272.0,138.4,507.0,3.5,4,66-75in,Vietnam,Digital
LG,43UQ9000PSD,LCD (LED),43,0.498,75.0,0.4,0.0,276.0,97.0,150.6,554.0,3.5,4,33-43in,Indonesia,Analogue/Digital
LG,43UQ91006LA,LCD (LED),43,0.498,75.0,0.4,0.0,276.0,97.0,150.6,554.0,3.5,4,33-43in,Indonesia,Analogue/Digital
LG,50UQ9000PSD,LCD (LED),49,0.675,90.0,0.4,0.0,331.0,116.0,133.3,490.0,4.0,4,44-50in,Indonesia,Analogue/Digital
LG,50UQ91006LA,LCD (LED),49,0.675,90.0,0.4,0.0,331.0,116.0,133.3,490.0,4.0,4,44-50in,Indonesia,Analogue/Digital
LG,55NANO806QA,LCD (LED),55,0.823,97.0,0.4,0.0,357.0,125.0,117.9,434.0,4.5,4,51-55in,Indonesia,Analogue/Digital
LG,55UQ9000PSD,LCD (LED),55,0.823,114.0,0.4,0.0,419.0,147.0,138.5,509.0,4.0,4,51-55in,Indonesia,Analogue/Digital
LG,55UQ91006LA,LCD (LED),55,0.823,114.0,0.4,0.0,419.0,147.0,138.5,509.0,4.0,4,51-55in,Indonesia,Analogue/Digital
LG,65UQ9000PSD,LCD (LED),65,1.148,148.0,0.4,0.0,543.0,190.0,128.9,473.0,4.0,4,56-65in,Indonesia,Analogue/Digital
LG,75UQ9000PSD,LCD (LED),75,1.531,165.0,0.4,0.0,605.0,212.0,107.8,395.0,5.0,5,66-75in,Indonesia,Analogue/Digital
LG,75UQ91006LA,LCD (LED),75,1.531,165.0,0.4,0.0,605.0,212.0,107.8,395.0,5.0,5,66-75in,Indonesia,Analogue/Digital
LG,86QNED80SQA,LCD (LED),86,2.02,198.0,0.4,0.0,725.0,254.0,98.0,359.0,5.0,5,86in+,Indonesia,Analogue/Digital
LG,86QNED806QA,LCD (LED),86,2.02,198.0,0.4,0.0,725.0,254.0,98.0,359.0,5.0,5,86in+,Indonesia,Analogue/Digital
METZ,32MTD6500A,LCD (LED),32,0.274,27.2,0.37,0.51,115.0,40.0,99.3,420.0,5.5,6,32in & under,China,
SAMSUNG,QA85Q60BAW,LCD (LED),85,1.971,178.0,0.5,0.0,653.0,229.0,90.3,331.0,5.5,6,76-85in,Vietnam,Digital
SAMSUNG,QA85Q60BAS,LCD (LED),85,1.971,178.0,0.5,0.0,653.0,229.0,90.3,331.0,5.5,6,76-85in,Vietnam,Digital
SAMSUNG,QA85Q60BA*,LCD (LED),85,1.971,178.0,0.5,0.0,653.0,229.0,90.3,331.0,5.5,6,76-85in,Vietnam,Digital
SAMSUNG,UA43BU8000S,LCD (LED),43,0.498,73.0,0.5,0.0,270.0,94.0,146.6,542.0,4.0,4,33-43in,Vietnam,Digital
SAMSUNG,UA43BU8500S,LCD (LED),43,0.498,73.0,0.5,0.0,270.0,94.0,146.6,542.0,4.0,4,33-43in,Vietnam,Digital
SAMSUNG,UA43BU8*00*,LCD (LED),43,0.498,73.0,0.5,0.0,270.0,94.0,146.6,542.0,4.0,4,33-43in,Vietnam,Digital
KOGAN,KALED65RT9220SVA,LCD (LED),65,1.148,99.95,0.35,0.49,386.0,135.0,87.1,336.0,5.5,6,56-65in,China,Analogue/Digital
TEAC,LE65GA522,LCD (LED),65,1.148,99.95,0.35,0.49,386.0,135.0,87.1,336.0,5.5,6,56-65in,China,Analogue/Digital
KOGAN,KAQLED65RQ9510SVA,LCD (LED),65,1.148,99.95,0.35,0.49,386.0,135.0,87.1,336.0,5.5,6,56-65in,China,Analogue/Digital
POLAROID,PL6521UHDG,LCD,64,1.142,93.0,0.39,0.45,370.0,130.0,81.4,324.0,6.0,6,56-65in,China,Analogue/Digital
SAMSUNG,UA50BU8000W,LCD (LED),49,0.675,94.0,0.5,0.0,346.0,121.0,139.3,513.0,4.0,4,44-50in,Vietnam,Digital
SAMSUNG,UA50BU8000S,LCD (LED),49,0.675,94.0,0.5,0.0,346.0,121.0,139.3,513.0,4.0,4,44-50in,Vietnam,Digital
SAMSUNG,UA50BU8500S,LCD (LED),49,0.675,94.0,0.5,0.0,346.0,121.0,139.3,513.0,4.0,4,44-50in,Vietnam,Digital
SAMSUNG,UA50BU8*00*,LCD (LED),49,0.675,94.0,0.5,0.0,346.0,121.0,139.3,513.0,4.0,4,44-50in,Vietnam,Digital
SAMSUNG,UA55BU8000W,LCD (LED),55,0.823,113.0,0.5,0.0,416.0,146.0,137.3,505.0,4.0,4,51-55in,Vietnam,Digital
SAMSUNG,UA55BU8000S,LCD (LED),55,0.823,113.0,0.5,0.0,416.0,146.0,137.3,505.0,4.0,4,51-55in,Vietnam,Digital
SAMSUNG,UA55BU8500S,LCD (LED),55,0.823,113.0,0.5,0.0,416.0,146.0,137.3,505.0,4.0,4,51-55in,Vietnam,Digital
SAMSUNG,UA55BU8*00*,LCD (LED),55,0.823,113.0,0.5,0.0,416.0,146.0,137.3,505.0,4.0,4,51-55in,Vietnam,Digital
SAMSUNG,QA65Q70BAW,LCD (LED),65,1.148,150.0,0.5,0.0,551.0,193.0,130.7,480.0,4.0,4,56-65in,Vietnam,Digital
SAMSUNG,QA65Q70BAS,LCD (LED),65,1.148,150.0,0.5,0.0,551.0,193.0,130.7,480.0,4.0,4,56-65in,Vietnam,Digital
SAMSUNG,QA65Q70BA*,LCD (LED),65,1.148,150.0,0.5,0.0,551.0,193.0,130.7,480.0,4.0,4,56-65in,Vietnam,Digital
SAMSUNG,QA75Q70BAW,LCD (LED),75,1.532,173.0,0.5,0.0,635.0,222.0,112.9,414.0,4.5,4,66-75in,Vietnam,Digital
SAMSUNG,QA75Q70BAS,LCD (LED),75,1.532,173.0,0.5,0.0,635.0,222.0,112.9,414.0,4.5,4,66-75in,Vietnam,Digital
SAMSUNG,QA75Q70BA*,LCD (LED),75,1.532,173.0,0.5,0.0,635.0,222.0,112.9,414.0,4.5,4,66-75in,Vietnam,Digital
SAMSUNG,QA85Q70BAW,LCD (LED),85,1.971,223.0,0.5,0.0,817.0,286.0,113.1,415.0,4.5,4,76-85in,Vietnam,Digital
SAMSUNG,QA85Q70BAS,LCD (LED),85,1.971,223.0,0.5,0.0,817.0,286.0,113.1,415.0,4.5,4,76-85in,Vietnam,Digital
SAMSUNG,QA85Q70BA*,LCD (LED),85,1.971,223.0,0.5,0.0,817.0,286.0,113.1,415.0,4.5,4,76-85in,Vietnam,Digital
SAMSUNG,UA43BU8000W,LCD (LED),43,0.498,73.0,0.5,0.0,270.0,94.0,146.6,542.0,4.0,4,33-43in,Vietnam,Digital
SAMSUNG,QA65QN800BW,LCD (LED),65,1.148,306.0,0.5,0.0,1120.0,392.0,266.6,976.0,1.0,1,56-65in,Vietnam,Digital
SAMSUNG,QA65QN800BS,LCD (LED),65,1.148,306.0,0.5,0.0,1120.0,392.0,266.6,976.0,1.0,1,56-65in,Vietnam,Digital
SAMSUNG,QA65QN800B*,LCD (LED),65,1.148,306.0,0.5,0.0,1120.0,392.0,266.6,976.0,1.0,1,56-65in,Vietnam,Digital
MYVI,UR-LED2403DVDNS,LCD (LED),24,0.155,24.2,0.46,0.0,95.0,33.0,156.1,613.0,4.5,4,32in & under,China,Digital
SAMSUNG,QA50QN90BAW,LCD (LED),49,0.675,112.0,0.5,0.0,412.0,144.0,165.9,610.0,3.0,3,44-50in,Vietnam,Digital
SAMSUNG,QA50QN90BAS,LCD (LED),49,0.675,112.0,0.5,0.0,412.0,144.0,165.9,610.0,3.0,3,44-50in,Vietnam,Digital
SAMSUNG,QA50QN90BA*,LCD (LED),49,0.675,112.0,0.5,0.0,412.0,144.0,165.9,610.0,3.0,3,44-50in,Vietnam,Digital
SAMSUNG,QA75QN95BAW,LCD (LED),75,1.532,245.0,0.5,0.0,897.0,314.0,159.9,586.0,3.0,3,66-75in,Vietnam,Digital
SAMSUNG,QA75QN95BAS,LCD (LED),75,1.532,245.0,0.5,0.0,897.0,314.0,159.9,586.0,3.0,3,66-75in,Vietnam,Digital
SAMSUNG,QA75QN95BA*,LCD (LED),75,1.532,245.0,0.5,0.0,897.0,314.0,159.9,586.0,3.0,3,66-75in,Vietnam,Digital
EKO,K550USG,LCD,55,0.823,115.1,0.36,0.0,422.0,148.0,139.9,513.0,4.0,4,51-55in,China,Digital
BLAUPUNKT,BP550USG9500,LCD,55,0.823,115.1,0.36,0.0,422.0,148.0,139.9,513.0,4.0,4,51-55in,China,Digital
LG,65UQ75006LF,LCD (LED),65,1.148,145.0,0.4,0.0,532.0,186.0,126.3,463.0,4.0,4,56-65in,Indonesia,Analogue/Digital
LG,OLED55G2PSA,OLED,55,0.823,95.0,0.4,0.0,349.0,122.0,115.4,424.0,4.5,4,51-55in,Indonesia,Analogue/Digital
LG,OLED55G26LA,OLED,55,0.823,95.0,0.4,0.0,349.0,122.0,115.4,424.0,4.5,4,51-55in,Indonesia,Analogue/Digital
LG,OLED77G2PSA,OLED,77,1.62,152.0,0.4,0.0,557.0,195.0,93.8,344.0,5.5,6,76-85in,Indonesia,Analogue/Digital
LG,OLED77G26LA,OLED,77,1.62,152.0,0.4,0.0,557.0,195.0,93.8,344.0,5.5,6,76-85in,Indonesia,Analogue/Digital
LG,OLED65G2PSA,OLED,65,1.148,109.0,0.4,0.0,400.0,140.0,94.9,348.0,5.5,6,56-65in,Indonesia,Analogue/Digital
LG,OLED65G26LA,OLED,65,1.148,109.0,0.4,0.0,400.0,140.0,94.9,348.0,5.5,6,56-65in,Indonesia,Analogue/Digital
LG,OLED77A2PSA,OLED,77,1.62,126.0,0.4,0.0,462.0,162.0,77.8,285.0,6.0,6,76-85in,Indonesia,Analogue/Digital
SAMSUNG,QA75QN800BW,LCD (LED),75,1.532,339.0,0.5,0.0,1240.0,434.0,221.3,809.0,1.5,2,66-75in,Vietnam,Digital
SAMSUNG,QA75QN800BS,LCD (LED),75,1.532,339.0,0.5,0.0,1240.0,434.0,221.3,809.0,1.5,2,66-75in,Vietnam,Digital
SAMSUNG,QA75QN800B*,LCD (LED),75,1.532,339.0,0.5,0.0,1240.0,434.0,221.3,809.0,1.5,2,66-75in,Vietnam,Digital
SAMSUNG,QA85QN800BW,LCD (LED),85,1.971,389.0,0.5,0.0,1423.0,498.0,197.4,722.0,2.0,2,76-85in,Vietnam,Digital
SAMSUNG,QA85QN800BS,LCD (LED),85,1.971,389.0,0.5,0.0,1423.0,498.0,197.4,722.0,2.0,2,76-85in,Vietnam,Digital
SAMSUNG,QA85QN800B*,LCD (LED),85,1.971,389.0,0.5,0.0,1423.0,498.0,197.4,722.0,2.0,2,76-85in,Vietnam,Digital
SAMSUNG,QA55QN90BAW,LCD (LED),55,0.823,162.0,0.5,0.0,594.0,208.0,196.8,722.0,2.5,2,51-55in,Vietnam,Digital
SAMSUNG,QA55QN90BAS,LCD (LED),55,0.823,162.0,0.5,0.0,594.0,208.0,196.8,722.0,2.5,2,51-55in,Vietnam,Digital
SAMSUNG,QA55QN90BA*,LCD (LED),55,0.823,162.0,0.5,0.0,594.0,208.0,196.8,722.0,2.5,2,51-55in,Vietnam,Digital
SAMSUNG,QA85QN90BAW,LCD (LED),85,1.971,304.0,0.5,0.0,1113.0,390.0,154.2,565.0,3.0,3,76-85in,Vietnam,Digital
SAMSUNG,QA85QN90BAS,LCD (LED),85,1.971,304.0,0.5,0.0,1113.0,390.0,154.2,565.0,3.0,3,76-85in,Vietnam,Digital
SAMSUNG,QA85QN90BA*,LCD (LED),85,1.971,304.0,0.5,0.0,1113.0,390.0,154.2,565.0,3.0,3,76-85in,Vietnam,Digital
AKAI,AK5021S6WOS,LCD (LED),50,0.676,54.8,0.35,0.037,202.0,71.0,81.1,299.0,6.0,6,44-50in,China,Analogue/Digital
SAMSUNG,QA43QN90BAW,LCD (LED),43,0.498,99.0,0.5,0.0,364.0,127.0,198.8,731.0,2.5,2,33-43in,Vietnam,Digital
SAMSUNG,QA43QN90BAS,LCD (LED),43,0.498,99.0,0.5,0.0,364.0,127.0,198.8,731.0,2.5,2,33-43in,Vietnam,Digital
SAMSUNG,QA43QN90BA*,LCD (LED),43,0.498,99.0,0.5,0.0,364.0,127.0,198.8,731.0,2.5,2,33-43in,Vietnam,Digital
SAMSUNG,QA50LS03BAW,LCD (LED),49,0.675,96.0,0.5,0.0,353.0,124.0,142.2,523.0,4.0,4,44-50in,Vietnam,Digital
SAMSUNG,QA50LS03BAS,LCD (LED),49,0.675,96.0,0.5,0.0,353.0,124.0,142.2,523.0,4.0,4,44-50in,Vietnam,Digital
SAMSUNG,QA50LS03BA*,LCD (LED),49,0.675,96.0,0.5,0.0,353.0,124.0,142.2,523.0,4.0,4,44-50in,Vietnam,Digital
SAMSUNG,QA55LS03BAW,LCD (LED),55,0.823,140.0,0.5,0.0,514.0,180.0,170.1,625.0,3.0,3,51-55in,Vietnam,Digital
SAMSUNG,QA55LS03BAS,LCD (LED),55,0.823,140.0,0.5,0.0,514.0,180.0,170.1,625.0,3.0,3,51-55in,Vietnam,Digital
SAMSUNG,QA55LS03BA*,LCD (LED),55,0.823,140.0,0.5,0.0,514.0,180.0,170.1,625.0,3.0,3,51-55in,Vietnam,Digital
SAMSUNG,QA55QN85BAW,LCD (LED),55,0.823,136.0,0.5,0.0,499.0,175.0,165.2,606.0,3.0,3,51-55in,Vietnam,Digital
SAMSUNG,QA55QN85BAS,LCD (LED),55,0.823,136.0,0.5,0.0,499.0,175.0,165.2,606.0,3.0,3,51-55in,Vietnam,Digital
SAMSUNG,QA55QN85BA*,LCD (LED),55,0.823,136.0,0.5,0.0,499.0,175.0,165.2,606.0,3.0,3,51-55in,Vietnam,Digital
SAMSUNG,QA65LS03BAW,LCD (LED),65,1.148,158.0,0.5,0.0,580.0,203.0,137.6,505.0,4.0,4,56-65in,Vietnam,Digital
SAMSUNG,QA65LS03BAS,LCD (LED),65,1.148,158.0,0.5,0.0,580.0,203.0,137.6,505.0,4.0,4,56-65in,Vietnam,Digital
SAMSUNG,QA65LS03BA*,LCD (LED),65,1.148,158.0,0.5,0.0,580.0,203.0,137.6,505.0,4.0,4,56-65in,Vietnam,Digital
SAMSUNG,QA65QN85BAW,LCD (LED),65,1.148,158.0,0.5,0.0,580.0,203.0,137.6,505.0,4.0,4,56-65in,Vietnam,Digital
SAMSUNG,QA65QN85BAS,LCD (LED),65,1.148,158.0,0.5,0.0,580.0,203.0,137.6,505.0,4.0,4,56-65in,Vietnam,Digital
SAMSUNG,QA65QN85BA*,LCD (LED),65,1.148,158.0,0.5,0.0,580.0,203.0,137.6,505.0,4.0,4,56-65in,Vietnam,Digital
SAMSUNG,QA75LS03BAW,LCD (LED),75,1.532,195.0,0.5,0.0,715.0,250.0,127.3,467.0,4.0,4,66-75in,Vietnam,Digital
SAMSUNG,QA75LS03BAS,LCD (LED),75,1.532,195.0,0.5,0.0,715.0,250.0,127.3,467.0,4.0,4,66-75in,Vietnam,Digital
SAMSUNG,QA75LS03BA*,LCD (LED),75,1.532,195.0,0.5,0.0,715.0,250.0,127.3,467.0,4.0,4,66-75in,Vietnam,Digital
SAMSUNG,QA85LS03BAW,LCD (LED),85,1.971,250.0,0.5,0.0,916.0,321.0,126.8,465.0,4.0,4,76-85in,Vietnam,Digital
SAMSUNG,QA85LS03BAS,LCD (LED),85,1.971,250.0,0.5,0.0,916.0,321.0,126.8,465.0,4.0,4,76-85in,Vietnam,Digital
SAMSUNG,QA85LS03BA*,LCD (LED),85,1.971,250.0,0.5,0.0,916.0,321.0,126.8,465.0,4.0,4,76-85in,Vietnam,Digital
LG,43UP801C0TB,LCD (LED),43,0.498,78.0,0.4,0.0,287.0,100.0,156.6,576.0,3.5,4,33-43in,Indonesia,Analogue/Digital
LG,50UP801C0TB,LCD (LED),49,0.675,93.0,0.4,0.0,342.0,120.0,137.8,507.0,4.0,4,44-50in,Indonesia,Analogue/Digital
LG,75UP801C0TB,LCD (LED),75,1.531,169.0,0.4,0.0,619.0,217.0,110.4,404.0,4.5,4,66-75in,Indonesia,Analogue/Digital
LG,86UP801C0TB,LCD (LED),86,2.02,250.0,0.4,0.0,915.0,320.0,123.8,453.0,4.0,4,86in+,Indonesia,Analogue/Digital
METZ,40MTD6500A,LCD (LED),40,0.432,28.2,0.26,0.38,122.0,43.0,65.3,282.0,7.0,7,33-43in,China,
SONY,KD-65X75K,LCD (LED),65,1.148,129.6,0.5,10.7,478.0,167.0,112.9,416.0,4.5,4,56-65in,Vietnam,Analogue/Digital
SONY,KD-55X75K,LCD (LED),55,0.823,101.4,0.5,12.1,376.0,132.0,123.2,457.0,4.5,4,51-55in,Vietnam,Analogue/Digital
SONY,XR-85X90K,LCD (LED),85,1.971,235.8,0.5,23.9,869.0,304.0,119.6,441.0,4.5,4,76-85in,Malaysia,Analogue/Digital
SONY,KD-55X80K,LCD (LED),55,0.823,126.2,0.5,13.6,467.0,163.0,153.3,567.0,3.5,4,51-55in,Malaysia,Analogue/Digital
SONY,KD-75X80K,LCD (LED),75,1.531,191.3,0.5,13.1,704.0,246.0,125.0,460.0,4.0,4,66-75in,Malaysia,Analogue/Digital
KOGAN,KAQLED85XQ9610STA,LCD (LED),85,1.971,260.1,0.32,0.0,970.0,340.0,132.0,492.0,4.0,4,76-85in,China,Analogue/Digital
SAMSUNG,QA65QN900BW,LCD (LED),65,1.148,310.0,0.5,0.0,1135.0,397.0,270.0,989.0,1.0,1,56-65in,Vietnam,Digital
SAMSUNG,QA65QN900BS,LCD (LED),65,1.148,310.0,0.5,0.0,1135.0,397.0,270.0,989.0,1.0,1,56-65in,Vietnam,Digital
SAMSUNG,QA65QN900B*,LCD (LED),65,1.148,310.0,0.5,0.0,1135.0,397.0,270.0,989.0,1.0,1,56-65in,Vietnam,Digital
SAMSUNG,QA85QN900BW,LCD (LED),85,1.971,439.0,0.5,0.0,1605.0,562.0,222.7,814.0,1.5,2,76-85in,Vietnam,Digital
SAMSUNG,QA85QN900BS,LCD (LED),85,1.971,439.0,0.5,0.0,1605.0,562.0,222.7,814.0,1.5,2,76-85in,Vietnam,Digital
SAMSUNG,QA85QN900B*,LCD (LED),85,1.971,439.0,0.5,0.0,1605.0,562.0,222.7,814.0,1.5,2,76-85in,Vietnam,Digital
SONY,KD-65X80K,LCD (LED),65,1.148,147.6,0.5,12.0,544.0,190.0,128.6,474.0,4.0,4,56-65in,Malaysia,Analogue/Digital
SAMSUNG,QA75QN900BW,LCD (LED),75,1.532,395.0,0.5,0.0,1445.0,506.0,257.8,943.0,1.0,1,66-75in,Vietnam,Digital
SAMSUNG,QA75QN900BS,LCD (LED),75,1.532,395.0,0.5,0.0,1445.0,506.0,257.8,943.0,1.0,1,66-75in,Vietnam,Digital
SAMSUNG,QA75QN900B*,LCD (LED),75,1.532,395.0,0.5,0.0,1445.0,506.0,257.8,943.0,1.0,1,66-75in,Vietnam,Digital
SAMSUNG,QA43LS03BAW,LCD (LED),43,0.498,92.0,0.5,0.0,339.0,119.0,184.7,681.0,3.0,3,33-43in,Vietnam,Digital
SAMSUNG,QA43LS03BAS,LCD (LED),43,0.498,92.0,0.5,0.0,339.0,119.0,184.7,681.0,3.0,3,33-43in,Vietnam,Digital
SAMSUNG,QA43LS03BA*,LCD (LED),43,0.498,92.0,0.5,0.0,339.0,119.0,184.7,681.0,3.0,3,33-43in,Vietnam,Digital
SAMSUNG,QA65QN90BAW,LCD (LED),65,1.148,203.0,0.5,0.0,744.0,260.0,176.8,648.0,2.5,2,56-65in,Vietnam,Digital
SAMSUNG,QA65QN90BAS,LCD (LED),65,1.148,203.0,0.5,0.0,744.0,260.0,176.8,648.0,2.5,2,56-65in,Vietnam,Digital
SAMSUNG,QA65QN90BA*,LCD (LED),65,1.148,203.0,0.5,0.0,744.0,260.0,176.8,648.0,2.5,2,56-65in,Vietnam,Digital
SAMSUNG,QA65QN95BAW,LCD (LED),65,1.148,213.0,0.5,0.0,781.0,273.0,185.5,680.0,2.5,2,56-65in,Vietnam,Digital
SAMSUNG,QA65QN95BAS,LCD (LED),65,1.148,213.0,0.5,0.0,781.0,273.0,185.5,680.0,2.5,2,56-65in,Vietnam,Digital
SAMSUNG,QA65QN95BA*,LCD (LED),65,1.148,213.0,0.5,0.0,781.0,273.0,185.5,680.0,2.5,2,56-65in,Vietnam,Digital
SAMSUNG,QA85QN85BAW,LCD (LED),85,1.971,195.0,0.5,0.0,715.0,250.0,98.9,363.0,5.0,5,76-85in,Vietnam,Digital
SAMSUNG,QA85QN85BAS,LCD (LED),85,1.971,195.0,0.5,0.0,715.0,250.0,98.9,363.0,5.0,5,76-85in,Vietnam,Digital
SAMSUNG,QA85QN85BA*,LCD (LED),85,1.971,195.0,0.5,0.0,715.0,250.0,98.9,363.0,5.0,5,76-85in,Vietnam,Digital
SAMSUNG,QA65Q80BAW,LCD (LED),65,1.148,206.0,0.5,0.0,755.0,264.0,179.4,658.0,2.5,2,56-65in,Vietnam,Digital
SAMSUNG,QA65Q80BAS,LCD (LED),65,1.148,206.0,0.5,0.0,755.0,264.0,179.4,658.0,2.5,2,56-65in,Vietnam,Digital
SAMSUNG,QA65Q80BA*,LCD (LED),65,1.148,206.0,0.5,0.0,755.0,264.0,179.4,658.0,2.5,2,56-65in,Vietnam,Digital
SAMSUNG,QA55QN95BAW,LCD (LED),55,0.823,173.0,0.5,0.0,635.0,222.0,210.2,772.0,2.0,2,51-55in,Vietnam,Digital
SAMSUNG,QA55QN95BAS,LCD (LED),55,0.823,173.0,0.5,0.0,635.0,222.0,210.2,772.0,2.0,2,51-55in,Vietnam,Digital
SAMSUNG,QA55QN95BA*,LCD (LED),55,0.823,173.0,0.5,0.0,635.0,222.0,210.2,772.0,2.0,2,51-55in,Vietnam,Digital
SAMSUNG,QA55QN700BS,LCD (LED),55,0.823,223.0,0.5,0.0,817.0,286.0,271.0,993.0,1.0,1,51-55in,Vietnam,Digital
SAMSUNG,QA75Q80BAW,LCD (LED),75,1.532,267.0,0.5,0.0,978.0,342.0,174.3,638.0,2.5,2,66-75in,Vietnam,Digital
SAMSUNG,QA75Q80BAS,LCD (LED),75,1.532,267.0,0.5,0.0,978.0,342.0,174.3,638.0,2.5,2,66-75in,Vietnam,Digital
SAMSUNG,QA75Q80BA*,LCD (LED),75,1.532,267.0,0.5,0.0,978.0,342.0,174.3,638.0,2.5,2,66-75in,Vietnam,Digital
SAMSUNG,QA85Q80BAW,LCD (LED),85,1.971,337.0,0.5,0.0,1233.0,432.0,171.0,626.0,2.5,2,76-85in,Vietnam,Digital
SAMSUNG,QA85Q80BAS,LCD (LED),85,1.971,337.0,0.5,0.0,1233.0,432.0,171.0,626.0,2.5,2,76-85in,Vietnam,Digital
SAMSUNG,QA85Q80BA*,LCD (LED),85,1.971,337.0,0.5,0.0,1233.0,432.0,171.0,626.0,2.5,2,76-85in,Vietnam,Digital
SAMSUNG,QA65QN700BW,LCD (LED),65,1.148,245.0,0.5,0.0,897.0,314.0,213.4,781.0,2.0,2,56-65in,Vietnam,Digital
SAMSUNG,QA65QN700BS,LCD (LED),65,1.148,245.0,0.5,0.0,897.0,314.0,213.4,781.0,2.0,2,56-65in,Vietnam,Digital
SAMSUNG,QA65QN700B*,LCD (LED),65,1.148,245.0,0.5,0.0,897.0,314.0,213.4,781.0,2.0,2,56-65in,Vietnam,Digital
SAMSUNG,QA65LS01BAW,LCD (LED),65,1.148,134.0,0.5,0.0,492.0,172.0,116.7,429.0,4.5,4,56-65in,Vietnam,Digital
SAMSUNG,QA65LS01BBW,LCD (LED),65,1.148,134.0,0.5,0.0,492.0,172.0,116.7,429.0,4.5,4,56-65in,Vietnam,Digital
SAMSUNG,QA55LS01BAW,LCD (LED),55,0.823,116.0,0.5,0.0,426.0,149.0,140.9,518.0,4.0,4,51-55in,Vietnam,Digital
SAMSUNG,QA55LS01BBW,LCD (LED),55,0.823,116.0,0.5,0.0,426.0,149.0,140.9,518.0,4.0,4,51-55in,Vietnam,Digital
FURRION,FDFD24D3D,LCD (LED),24,0.156,28.58,,,107.0,37.0,183.2,686.0,4.0,4,32in & under,China,Analogue/Digital
SONY,XR-55A80K,OLED,55,0.823,103.7,0.5,23.1,387.0,135.0,126.0,470.0,4.0,4,51-55in,Malaysia,Analogue/Digital
KOGAN,KALED32EH7520SVA,LCD (LED),32,0.274,24.61,,,110.0,38.0,89.8,401.0,5.5,6,32in & under,China,Analogue/Digital
SONY,XR-65A80K,OLED,65,1.148,121.1,0.5,27.7,451.0,158.0,105.5,393.0,5.0,5,56-65in,Malaysia,Analogue/Digital
SONY,XR-77A80K,OLED,77,1.621,169.7,0.5,28.8,629.0,220.0,104.7,388.0,5.0,5,76-85in,Malaysia,Analogue/Digital
SONY,XR-75X90K,LCD (LED),75,1.531,198.1,0.5,23.6,732.0,256.0,129.4,478.0,4.0,4,66-75in,Malaysia,Analogue/Digital
SONY,XR-65X90K,LCD (LED),65,1.148,149.8,0.5,23.1,555.0,194.0,130.5,483.0,4.0,4,56-65in,Malaysia,Analogue/Digital
LG,43UQ80006LB,LCD (LED),43,0.498,73.0,0.4,0.0,269.0,94.0,146.6,540.0,4.0,4,33-43in,Indonesia,Analogue/Digital
LG,50NANO806QA,LCD (LED),49,0.675,75.0,0.4,0.0,276.0,97.0,111.1,409.0,5.0,5,44-50in,Indonesia,Analogue/Digital
LG,50UQ75006LF,LCD (LED),49,0.675,93.0,0.4,0.0,342.0,120.0,137.8,507.0,4.0,4,44-50in,Indonesia,Analogue/Digital
LG,55UQ75006LF,LCD (LED),55,0.823,114.0,0.4,0.0,419.0,147.0,138.5,509.0,4.0,4,51-55in,Indonesia,Analogue/Digital
LG,65NANO806QA,LCD (LED),65,1.148,114.0,0.4,0.0,419.0,147.0,99.3,365.0,5.0,5,56-65in,Indonesia,Analogue/Digital
LG,65QNED96SQA,LCD (LED),65,1.148,152.0,0.4,0.0,557.0,195.0,132.4,485.0,4.0,4,56-65in,Indonesia,Analogue/Digital
LG,65QNED99SQB,LCD (LED),65,1.148,212.0,0.4,0.0,776.0,272.0,184.7,676.0,2.5,2,56-65in,Indonesia,Analogue/Digital
LG,65QNED996QB,LCD (LED),65,1.148,212.0,0.4,0.0,776.0,272.0,184.7,676.0,2.5,2,56-65in,Indonesia,Analogue/Digital
LG,65UQ80006LB,LCD (LED),65,1.148,127.0,0.4,0.0,466.0,163.0,110.6,406.0,4.5,4,56-65in,Indonesia,Analogue/Digital
LG,75NANO816QA,LCD (LED),75,1.531,126.0,0.4,0.0,462.0,162.0,82.3,302.0,6.0,6,66-75in,Indonesia,Analogue/Digital
LG,75QNED99SQB,LCD (LED),75,1.531,232.0,0.4,0.0,849.0,297.0,151.5,555.0,3.5,4,66-75in,Indonesia,Analogue/Digital
LG,75QNED996QB,LCD (LED),75,1.531,232.0,0.4,0.0,849.0,297.0,151.5,555.0,3.5,4,66-75in,Indonesia,Analogue/Digital
LG,75UQ80006LB,LCD (LED),75,1.531,165.0,0.4,0.0,605.0,212.0,107.8,395.0,5.0,5,66-75in,Indonesia,Analogue/Digital
LG,86QNED99SQB,LCD (LED),86,2.02,328.0,0.4,0.0,1200.0,420.0,162.4,594.0,3.0,3,86in+,Indonesia,Analogue/Digital
LG,86QNED996QB,LCD (LED),86,2.02,328.0,0.4,0.0,1200.0,420.0,162.4,594.0,3.0,3,86in+,Indonesia,Analogue/Digital
LG,OLED77Z2PSA,OLED,77,1.62,262.0,0.4,0.0,959.0,336.0,161.7,592.0,3.0,3,76-85in,South Korea,Analogue/Digital
LG,OLED88Z2PSA,OLED,88,2.115,320.0,0.4,0.0,1171.0,410.0,151.3,554.0,3.0,3,86in+,South Korea,Analogue/Digital
LG,OLED88Z26LA,OLED,88,2.115,320.0,0.4,0.0,1171.0,410.0,151.3,554.0,3.0,3,86in+,South Korea,Analogue/Digital
BLAUPUNKT,BP500USG9500,LCD (LED),50,0.675,50.6,,,210.0,74.0,75.0,311.0,6.0,6,44-50in,China,Analogue/Digital
EKO,K65USW,LCD,65,1.148,108.2,0.18,0.0,396.0,139.0,94.3,345.0,5.5,6,56-65in,China,Digital
SAMSUNG,QA55LS01BAS,LCD (LED),55,0.823,116.0,0.5,0.0,426.0,149.0,140.9,518.0,4.0,4,51-55in,Vietnam,Digital
SAMSUNG,QA55LS01B**,LCD (LED),55,0.823,116.0,0.5,0.0,426.0,149.0,140.9,518.0,4.0,4,51-55in,Vietnam,Digital
SAMSUNG,QA65LS01BAS,LCD (LED),65,1.148,134.0,0.5,0.0,492.0,172.0,116.7,429.0,4.5,4,56-65in,Vietnam,Digital
SAMSUNG,QA65LS01B**,LCD (LED),65,1.148,134.0,0.5,0.0,492.0,172.0,116.7,429.0,4.5,4,56-65in,Vietnam,Digital
SAMSUNG,QA50Q80BAS,LCD (LED),49,0.675,138.0,0.5,0.0,507.0,177.0,204.4,751.0,2.0,2,44-50in,Vietnam,Digital
SAMSUNG,QA75QN700BW,LCD (LED),75,1.532,273.0,0.5,0.0,1000.0,350.0,178.2,653.0,2.5,2,66-75in,Vietnam,Digital
SAMSUNG,QA75QN700BS,LCD (LED),75,1.532,273.0,0.5,0.0,1000.0,350.0,178.2,653.0,2.5,2,66-75in,Vietnam,Digital
SAMSUNG,QA75QN700B*,LCD (LED),75,1.532,273.0,0.5,0.0,1000.0,350.0,178.2,653.0,2.5,2,66-75in,Vietnam,Digital
LINSAR,LS32C12V,LCD,32,0.274,26.7,0.29,0.0,99.0,35.0,97.4,361.0,6.0,6,32in & under,China,Analogue/Digital
SAMSUNG,QA43LS01BAW,LCD (LED),43,0.498,82.0,0.5,0.0,302.0,106.0,164.7,606.0,3.5,4,33-43in,Vietnam,Digital
SAMSUNG,QA43LS01BBW,LCD (LED),43,0.498,82.0,0.5,0.0,302.0,106.0,164.7,606.0,3.5,4,33-43in,Vietnam,Digital
SAMSUNG,QA43LS01BAS,LCD (LED),43,0.498,82.0,0.5,0.0,302.0,106.0,164.7,606.0,3.5,4,33-43in,Vietnam,Digital
SAMSUNG,QA43LS01B**,LCD (LED),43,0.498,82.0,0.5,0.0,302.0,106.0,164.7,606.0,3.5,4,33-43in,Vietnam,Digital
SAMSUNG,QA50LS01BAS,LCD (LED),50,0.676,96.0,0.5,0.0,353.0,124.0,142.0,522.0,4.0,4,44-50in,Vietnam,Digital
SAMSUNG,HG43AU800AW,LCD (LED),43,0.498,68.0,0.5,0.0,251.0,88.0,136.5,504.0,4.0,4,33-43in,Vietnam,Digital
SAMSUNG,HG50AU800AW,LCD (LED),49,0.675,79.0,0.5,0.0,291.0,102.0,117.0,431.0,4.5,4,44-50in,Vietnam,Digital
SAMSUNG,QA55Q80BAW,LCD (LED),55,0.823,158.0,0.5,0.0,580.0,203.0,192.0,705.0,2.5,2,51-55in,Vietnam,Digital
SAMSUNG,QA55Q80BAS,LCD (LED),55,0.823,158.0,0.5,0.0,580.0,203.0,192.0,705.0,2.5,2,51-55in,Vietnam,Digital
SAMSUNG,QA55Q80BA*,LCD (LED),55,0.823,158.0,0.5,0.0,580.0,203.0,192.0,705.0,2.5,2,51-55in,Vietnam,Digital
SAMSUNG,HG55AU800AW,LCD (LED),55,0.823,86.0,0.5,0.0,317.0,111.0,104.5,385.0,5.0,5,51-55in,Vietnam,Digital
SAMSUNG,HG65AU800AW,LCD (LED),65,1.148,114.0,0.5,0.0,419.0,147.0,99.3,365.0,5.0,5,56-65in,Vietnam,Digital
SAMSUNG,HG75AU800AW,LCD (LED),75,1.532,157.0,0.5,0.0,576.0,202.0,102.5,376.0,5.0,5,66-75in,Vietnam,Digital
SONY,XR-55X90K,LCD (LED),55,0.823,126.7,0.5,22.4,471.0,165.0,153.9,572.0,3.5,4,51-55in,Malaysia,Analogue/Digital
SAMSUNG,QA55Q6*BA*,LCD (LED),55,0.823,87.0,0.5,0.0,321.0,112.0,105.7,390.0,5.0,5,51-55in,Vietnam,Digital
SAMSUNG,QA55Q63BAS,LCD (LED),55,0.823,87.0,0.5,0.0,321.0,112.0,105.7,390.0,5.0,5,51-55in,Vietnam,Digital
SAMSUNG,QA55Q60BAW,LCD (LED),55,0.823,87.0,0.5,0.0,321.0,112.0,105.7,390.0,5.0,5,51-55in,Vietnam,Digital
SAMSUNG,QA55Q60BAS,LCD (LED),55,0.823,87.0,0.5,0.0,321.0,112.0,105.7,390.0,5.0,5,51-55in,Vietnam,Digital
SAMSUNG,QA43Q6*BAS,LCD (LED),43,0.498,70.0,0.5,0.0,259.0,91.0,140.6,520.0,4.0,4,33-43in,Vietnam,Digital
SAMSUNG,QA43Q63BAS,LCD (LED),43,0.498,70.0,0.5,0.0,259.0,91.0,140.6,520.0,4.0,4,33-43in,Vietnam,Digital
SAMSUNG,QA43Q60BAS,LCD (LED),43,0.498,70.0,0.5,0.0,259.0,91.0,140.6,520.0,4.0,4,33-43in,Vietnam,Digital
SAMSUNG,QA50Q6*BAS,LCD (LED),49,0.675,80.0,0.5,0.0,295.0,103.0,118.5,437.0,4.5,4,44-50in,Vietnam,Digital
SAMSUNG,QA50Q63BAS,LCD (LED),49,0.675,80.0,0.5,0.0,295.0,103.0,118.5,437.0,4.5,4,44-50in,Vietnam,Digital
SAMSUNG,QA50Q60BAS,LCD (LED),49,0.675,80.0,0.5,0.0,295.0,103.0,118.5,437.0,4.5,4,44-50in,Vietnam,Digital
SAMSUNG,QA75Q63BAS,LCD (LED),75,1.532,183.0,0.5,0.0,671.0,235.0,119.5,438.0,4.5,4,66-75in,Vietnam,Digital
SAMSUNG,QA75Q6*BA*,LCD (LED),75,1.532,183.0,0.5,0.0,671.0,235.0,119.5,438.0,4.5,4,66-75in,Vietnam,Digital
SAMSUNG,QA75Q63BAK,LCD (LED),75,1.532,183.0,0.5,0.0,671.0,235.0,119.5,438.0,4.5,4,66-75in,Vietnam,Digital
SAMSUNG,QA75Q60BAW,LCD (LED),75,1.532,183.0,0.5,0.0,671.0,235.0,119.5,438.0,4.5,4,66-75in,Vietnam,Digital
SAMSUNG,QA75Q60BAS,LCD (LED),75,1.532,183.0,0.5,0.0,671.0,235.0,119.5,438.0,4.5,4,66-75in,Vietnam,Digital
SAMSUNG,QA65Q63BAS,LCD (LED),65,1.148,117.0,0.5,0.0,430.0,150.0,101.9,375.0,5.0,5,56-65in,Vietnam,Digital
SAMSUNG,QA65Q6*BA*,LCD (LED),65,1.148,117.0,0.5,0.0,430.0,150.0,101.9,375.0,5.0,5,56-65in,Vietnam,Digital
SAMSUNG,QA65Q63BAK,LCD (LED),65,1.148,117.0,0.5,0.0,430.0,150.0,101.9,375.0,5.0,5,56-65in,Vietnam,Digital
SAMSUNG,QA65Q60BAW,LCD (LED),65,1.148,117.0,0.5,0.0,430.0,150.0,101.9,375.0,5.0,5,56-65in,Vietnam,Digital
SAMSUNG,QA65Q60BAS,LCD (LED),65,1.148,117.0,0.5,0.0,430.0,150.0,101.9,375.0,5.0,5,56-65in,Vietnam,Digital
LG,65QNED966QA,LCD (LED),65,1.148,152.0,0.4,0.0,557.0,195.0,132.4,485.0,4.0,4,56-65in,Indonesia,Analogue/Digital
LG,75QNED966QA,LCD (LED),75,1.531,172.0,0.4,0.0,630.0,220.0,112.3,411.0,4.5,4,66-75in,Indonesia,Analogue/Digital
LG,86UQ91006LA,LCD (LED),86,2.02,250.0,0.4,0.0,915.0,320.0,123.8,453.0,4.0,4,86in+,Indonesia,Analogue/Digital
POLAROID,PL5021WOS,LCD (LED),50,0.676,54.8,0.35,0.037,202.0,71.0,81.1,299.0,6.0,6,44-50in,China,Analogue/Digital
EKO,K650USG,LCD (LED),65,1.148,137.7,,,520.0,182.0,119.9,453.0,4.5,4,56-65in,China,Analogue/Digital
EKO,K240HSG,LCD,24,0.153,22.0,0.227,0.227,84.0,29.0,143.8,549.0,5.0,5,32in & under,China,Digital
BLAUPUNKT,BP240HSG9200,LCD,24,0.153,22.0,0.227,0.227,84.0,29.0,143.8,549.0,5.0,5,32in & under,China,Digital
EKO,K40FSW,LCD (LED),40,0.426,36.32,,,151.0,53.0,85.3,354.0,6.0,6,33-43in,China,Analogue/Digital
EKO,K400FSG,LCD,39,0.426,35.8,0.38,0.4,151.0,53.0,84.0,354.0,6.0,6,33-43in,China,Digital
SONY,XR-65X95K,LCD (LED),65,1.148,226.0,0.5,32.0,835.0,292.0,196.9,727.0,2.0,2,56-65in,Malaysia,Analogue/Digital
SONY,XR-75X95K,LCD (LED),75,1.531,242.0,0.5,31.2,894.0,313.0,158.1,584.0,3.0,3,66-75in,Malaysia,Analogue/Digital
SONY,XR-85X95K,LCD (LED),85,1.971,292.0,0.5,29.0,1076.0,377.0,148.1,546.0,3.5,4,76-85in,Malaysia,Analogue/Digital
LG,OLED83G2PSA,OLED,83,1.877,181.0,0.4,0.0,663.0,232.0,96.4,353.0,5.5,6,76-85in,Indonesia,Analogue/Digital
LG,OLED83G26LA,OLED,83,1.877,181.0,0.4,0.0,663.0,232.0,96.4,353.0,5.5,6,76-85in,Indonesia,Analogue/Digital
SONY,XR-65A95K,OLED,65,1.148,136.0,0.5,31.0,507.0,177.0,118.5,442.0,4.5,4,56-65in,Malaysia,Analogue/Digital
SAMSUNG,QA43LS05BAW,LCD (LED),43,0.498,83.0,0.5,0.0,306.0,107.0,166.7,614.0,3.0,3,33-43in,Vietnam,Digital
SAMSUNG,QA43LS05BBW,LCD (LED),43,0.498,83.0,0.5,0.0,306.0,107.0,166.7,614.0,3.0,3,33-43in,Vietnam,Digital
SAMSUNG,QA43LS05BAS,LCD (LED),43,0.498,83.0,0.5,0.0,306.0,107.0,166.7,614.0,3.0,3,33-43in,Vietnam,Digital
SAMSUNG,QA43LS05B**,LCD (LED),43,0.498,83.0,0.5,0.0,306.0,107.0,166.7,614.0,3.0,3,33-43in,Vietnam,Digital
KOGAN,KAQLED50XQ9610STA,LCD (LED),49,0.675,90.0,0.4,0.0,331.0,116.0,133.3,490.0,4.0,4,44-50in,China,Analogue/Digital
DGTEC,DG5521WOS,LCD,55,0.823,69.6,0.33,0.0,256.0,90.0,84.6,311.0,6.0,6,51-55in,China,Analogue/Digital
AKAI,AK4021S6WOS,LCD,39,0.426,35.3,0.33,0.0,131.0,46.0,82.9,308.0,6.0,6,33-43in,China,Analogue/Digital
JVC,LT-40N5115AM,LCD (LED),40,0.425,35.0,0.37,0.517,151.0,53.0,82.4,355.0,6.0,6,33-43in,China,Analogue/Digital
JVC,LT-55N7115AM,LCD (LED),55,0.823,87.3,0.34,0.34,360.0,126.0,106.1,437.0,4.5,4,51-55in,China,Analogue/Digital
LG,55UP751C0VG,LCD (LED),55,0.823,115.0,0.4,0.0,422.0,148.0,139.7,513.0,4.0,4,51-55in,Indonesia,Analogue/Digital
LG,65UP751C0VG,LCD (LED),65,1.148,145.0,0.4,0.0,532.0,186.0,126.3,463.0,4.0,4,56-65in,Indonesia,Analogue/Digital
LG,75UP751C0VC,LCD (LED),75,1.531,171.0,0.4,0.0,627.0,219.0,111.7,410.0,4.5,4,66-75in,Indonesia,Analogue/Digital
CHIQ,L24D6C,LCD,24,0.153,20.2,,,82.0,29.0,132.0,536.0,5.0,5,32in & under,China,
POLAROID,PL3221HDC,LCD,32,0.274,26.7,0.29,0.0,99.0,35.0,97.4,361.0,6.0,6,32in & under,China,Analogue/Digital
EKO,K55USW,LCD,55,0.823,100.9,0.4,0.0,385.0,135.0,122.6,468.0,4.0,4,51-55in,China,Digital
SONY,XR-48A90K,OLED,48,0.623,84.0,0.5,22.7,315.0,110.0,134.8,506.0,4.0,4,44-50in,Malaysia,Analogue/Digital
SONY,KD-50X85K,LCD (LED),49,0.675,93.6,0.5,12.0,347.0,121.0,138.7,514.0,4.0,4,44-50in,Malaysia,Analogue/Digital
SONY,KD-55X85K,LCD (LED),55,0.823,136.6,0.5,12.3,504.0,176.0,166.0,612.0,3.0,3,51-55in,Malaysia,Analogue/Digital
SONY,KD-65X85K,LCD (LED),65,1.148,179.5,0.5,12.8,661.0,231.0,156.4,576.0,3.0,3,56-65in,Malaysia,Analogue/Digital
SONY,KD-75X85K,LCD (LED),75,1.531,224.4,0.5,16.4,826.0,289.0,146.6,540.0,3.5,4,66-75in,Malaysia,Analogue/Digital
SONY,KD-85X85K,LCD (LED),85,1.971,237.7,0.5,17.0,875.0,306.0,120.6,444.0,4.0,4,76-85in,Malaysia,Analogue/Digital
JVC,LT-75N7125A,LCD (LED),74,1.522,189.3,0.85,0.85,758.0,265.0,124.4,498.0,4.0,4,66-75in,China,Analogue/Digital
JVC,LT-65N7115AM,LCD (LED),64,1.142,93.0,0.39,0.45,370.0,130.0,81.4,324.0,6.0,6,56-65in,China,Analogue/Digital
AKAI,AK8521S6WOS,LCD,85,1.971,159.1,0.33,0.0,600.0,210.0,80.7,304.0,6.0,6,76-85in,China,Digital
JVC,LT-55NQ7105AT2,LCD (LED),55,0.823,63.94,,,320.0,112.0,77.7,389.0,5.0,5,51-55in,China,Analogue/Digital
LINSAR,LS85UHDNF,LCD,85,1.971,159.1,0.33,0.0,600.0,210.0,80.7,304.0,6.0,6,76-85in,China,Digital
KOGAN,KALED50XU9220STD,LCD (LED),49,0.675,77.0,0.4,0.0,284.0,99.0,114.1,421.0,5.0,5,44-50in,China,Analogue/Digital
KOGAN,KALED75XU9220STA,LCD (LED),75,1.531,146.0,0.45,0.0,536.0,188.0,95.4,350.0,5.5,6,66-75in,China,Analogue/Digital
KOGAN,KAQLED65XQ9610STB,LCD (LED),64,1.147,156.0,0.43,0.0,572.0,200.0,136.0,499.0,4.0,4,56-65in,China,Analogue/Digital
KOGAN,KALED32RH9310STA,LCD (LED),31,0.273,28.0,0.35,0.0,104.0,36.0,102.6,381.0,6.0,6,32in & under,China,Analogue/Digital
SAMSUNG,QA32LS03BBK,LCD (LED),31,0.274,39.0,0.5,0.0,145.0,51.0,142.3,529.0,4.5,4,32in & under,Vietnam,Digital
SAMSUNG,QA32LS03BBW,LCD (LED),31,0.274,39.0,0.5,0.0,145.0,51.0,142.3,529.0,4.5,4,32in & under,Vietnam,Digital
SAMSUNG,QA32LS03BBS,LCD (LED),31,0.274,39.0,0.5,0.0,145.0,51.0,142.3,529.0,4.5,4,32in & under,Vietnam,Digital
SAMSUNG,QA32LS03B**,LCD (LED),31,0.274,39.0,0.5,0.0,145.0,51.0,142.3,529.0,4.5,4,32in & under,Vietnam,Digital
SONY,KD-43X85K,LCD (LED),42,0.498,76.9,0.5,10.5,286.0,100.0,154.4,574.0,3.5,4,33-43in,Malaysia,Analogue/Digital
AVEL INNOVATIONS,AVS240WS,LCD (LED),24,0.155,24.01,,,90.0,32.0,154.9,581.0,4.5,4,32in & under,China,Analogue/Digital
LG,55QNED85SQA,LCD (LED),55,0.823,102.0,0.4,0.0,375.0,131.0,123.9,456.0,4.5,4,51-55in,Indonesia,Analogue/Digital
LG,55QNED866QA,LCD (LED),55,0.823,102.0,0.4,0.0,375.0,131.0,123.9,456.0,4.5,4,51-55in,Indonesia,Analogue/Digital
LG,65QNED85SQA,LCD (LED),65,1.148,132.0,0.4,0.0,484.0,169.0,115.0,422.0,4.5,4,56-65in,Indonesia,Analogue/Digital
LG,65QNED866QA,LCD (LED),65,1.148,132.0,0.4,0.0,484.0,169.0,115.0,422.0,4.5,4,56-65in,Indonesia,Analogue/Digital
LG,75QNED85SQA,LCD (LED),75,1.531,160.0,0.4,0.0,587.0,205.0,104.5,383.0,5.0,5,66-75in,Indonesia,Analogue/Digital
LG,75QNED866QA,LCD (LED),75,1.531,160.0,0.4,0.0,587.0,205.0,104.5,383.0,5.0,5,66-75in,Indonesia,Analogue/Digital
LG,86QNED85SQA,LCD (LED),86,2.02,206.0,0.4,0.0,754.0,264.0,102.0,373.0,5.0,5,86in+,Indonesia,Analogue/Digital
LG,86QNED866QA,LCD (LED),86,2.02,206.0,0.4,0.0,754.0,264.0,102.0,373.0,5.0,5,86in+,Indonesia,Analogue/Digital
SONY,XR-42A90K,OLED,42,0.476,68.0,0.5,22.0,256.0,90.0,142.9,538.0,4.0,4,33-43in,Malaysia,Analogue/Digital
AVEL INNOVATIONS,AVS240KS,LCD (LED),24,0.155,24.37,,,91.0,32.0,157.2,587.0,4.5,4,32in & under,China,Analogue/Digital
AVEL INNOVATIONS,AVS325KS,LCD (LED),32,0.274,39.33,,,145.0,51.0,143.5,529.0,4.5,4,32in & under,China,Analogue/Digital
KOGAN,KALED58XU9230STA,LCD (LED),57,0.916,122.0,0.4,0.0,448.0,157.0,133.2,489.0,4.0,4,56-65in,China,Analogue/Digital
KOGAN,KALED24RH9310STA,LCD (LED),24,0.153,18.0,0.4,0.0,68.0,24.0,117.6,444.0,6.0,6,32in & under,China,Analogue/Digital
POLAROID,PL2421FHDC,LCD (LED),24,0.153,18.0,0.33,0.0,68.0,24.0,117.6,444.0,6.0,6,32in & under,China,Analogue/Digital
TEAC,LE50GA522,LCD (LED),50,0.675,50.6,,,210.0,74.0,75.0,311.0,6.0,6,44-50in,China,Analogue/Digital
TEAC,LE55GA522,LCD (LED),55,0.823,53.64,,,247.0,86.0,65.2,300.0,6.0,6,51-55in,China,Analogue/Digital
CHIQ,L24G5W,LCD (LED),24,0.153,22.0,0.3,0.0,82.0,29.0,143.8,536.0,5.0,5,32in & under,China,
CHIQ,L32G5W,LCD (LED),31,0.273,35.0,0.45,0.0,131.0,46.0,128.2,480.0,5.0,5,32in & under,China,
CHIQ,L40G5W,LCD (LED),39,0.426,50.0,0.44,0.0,185.0,65.0,117.4,434.0,5.0,5,33-43in,China,
EKO,K400DVD,LCD,40,0.426,41.95,0.27,0.0,155.0,54.0,98.5,364.0,5.5,6,33-43in,China,Digital
JVC,LT-43N7125A,LCD,42,0.496,49.98,0.365,1.365,235.0,82.0,100.8,474.0,4.5,4,33-43in,China,Analogue/Digital
LG,65ART90ESQA,OLED,65,1.148,126.0,0.4,0.0,462.0,162.0,109.8,402.0,5.0,5,56-65in,South Korea,Analogue/Digital
LG,65ART90ESQB,OLED,65,1.148,126.0,0.4,0.0,462.0,162.0,109.8,402.0,5.0,5,56-65in,South Korea,Analogue/Digital
LG,65ART90ESQC,OLED,65,1.148,126.0,0.4,0.0,462.0,162.0,109.8,402.0,5.0,5,56-65in,South Korea,Analogue/Digital
LG,65ART90E6QA,OLED,65,1.148,126.0,0.4,0.0,462.0,162.0,109.8,402.0,5.0,5,56-65in,South Korea,Analogue/Digital
LG,65ART90E6QB,OLED,65,1.148,126.0,0.4,0.0,462.0,162.0,109.8,402.0,5.0,5,56-65in,South Korea,Analogue/Digital
LG,65ART90E6QC,OLED,65,1.148,126.0,0.4,0.0,462.0,162.0,109.8,402.0,5.0,5,56-65in,South Korea,Analogue/Digital
LG,65ART90E,OLED,65,1.148,126.0,0.4,0.0,462.0,162.0,109.8,402.0,5.0,5,56-65in,South Korea,Analogue/Digital
KOGAN,KALED70UN8920SNA,LCD (LED),70,1.338,182.3,0.3,0.0,667.0,233.0,136.2,499.0,4.0,4,66-75in,China,Analogue/Digital
KOGAN,KALED70UN8920SNB,LCD (LED),70,1.338,182.3,0.3,0.0,667.0,233.0,136.2,499.0,4.0,4,66-75in,China,Analogue/Digital
KOGAN,KALED70UN8920SNC,LCD (LED),70,1.338,182.3,0.3,0.0,667.0,233.0,136.2,499.0,4.0,4,66-75in,China,Analogue/Digital
KOGAN,KALED70UN8920SND,LCD (LED),70,1.338,182.3,0.3,0.0,667.0,233.0,136.2,499.0,4.0,4,66-75in,China,Analogue/Digital
KOGAN,D70S218-U-T2C-S-I,LCD (LED),70,1.338,182.3,0.3,0.0,667.0,233.0,136.2,499.0,4.0,4,66-75in,China,Analogue/Digital
KOGAN,KALED70*,LCD (LED),70,1.338,182.3,0.3,0.0,667.0,233.0,136.2,499.0,4.0,4,66-75in,China,Analogue/Digital
KOGAN,KALED19PRIZC,LCD (LED),19,0.094,15.8694,0.241926,0.239838,62.0,22.0,168.8,660.0,5.0,5,32in & under,China,Analogue/Digital
KOGAN,KALED24EH6300NA,LCD (LED),24,0.153,22.3,0.16,0.0,83.0,29.0,145.8,542.0,5.0,5,32in & under,China,Analogue/Digital
KOGAN,KALED24EH6300NB,LCD (LED),24,0.153,22.3,0.16,0.0,83.0,29.0,145.8,542.0,5.0,5,32in & under,China,Analogue/Digital
KOGAN,KALED24EH6300NC,LCD (LED),24,0.153,22.3,0.16,0.0,83.0,29.0,145.8,542.0,5.0,5,32in & under,China,Analogue/Digital
KOGAN,KALED24EH6300ND,LCD (LED),24,0.153,22.3,0.16,0.0,83.0,29.0,145.8,542.0,5.0,5,32in & under,China,Analogue/Digital
KOGAN,D236GD064C-T2C,LCD (LED),24,0.153,22.3,0.16,0.0,83.0,29.0,145.8,542.0,5.0,5,32in & under,China,Analogue/Digital
KOGAN,KALED24*,LCD (LED),24,0.153,22.3,0.16,0.0,83.0,29.0,145.8,542.0,5.0,5,32in & under,China,Analogue/Digital
BAUHN,ATV50UHDW-0422,LCD,49,0.675,59.7,0.33,0.0,220.0,77.0,88.4,326.0,6.0,6,44-50in,China,Analogue/Digital
LINSAR,LS50UHDNF,LCD,49,0.675,59.7,0.33,0.0,220.0,77.0,88.4,326.0,6.0,6,44-50in,China,Analogue/Digital
SAMSUNG,QA65S95BAW,LCD (LED),65,1.148,155.0,0.5,0.0,569.0,199.0,135.0,496.0,4.0,4,56-65in,Mexico,Digital
SAMSUNG,QA65S95BAS,LCD (LED),65,1.148,155.0,0.5,0.0,569.0,199.0,135.0,496.0,4.0,4,56-65in,Mexico,Digital
SAMSUNG,QA65S95BA*,LCD (LED),65,1.148,155.0,0.5,0.0,569.0,199.0,135.0,496.0,4.0,4,56-65in,Mexico,Digital
EKO,K43FSG11,LCD (LED),42,0.498,51.8,,,216.0,76.0,104.0,434.0,5.0,5,33-43in,China,Analogue/Digital
BLAUPUNKT,BP320HSG9700,LCD (LED),32,0.274,34.4,,,151.0,53.0,125.5,551.0,4.0,4,32in & under,China,Analogue/Digital
BLAUPUNKT,BP400FSG9700,LCD (LED),39,0.426,32.8,,,141.0,49.0,77.0,331.0,6.0,6,33-43in,China,Analogue/Digital
SAMSUNG,QA55S95BA*,LCD (LED),55,0.823,142.0,0.5,0.0,521.0,182.0,172.5,633.0,3.0,3,51-55in,Mexico,Digital
SAMSUNG,QA55S95BAS,LCD (LED),55,0.823,142.0,0.5,0.0,521.0,182.0,172.5,633.0,3.0,3,51-55in,Mexico,Digital
SAMSUNG,QA55S95BAW,LCD (LED),55,0.823,142.0,0.5,0.0,521.0,182.0,172.5,633.0,3.0,3,51-55in,Mexico,Digital
LINSAR,LS24C12V,LCD,24,0.165,15.85,0.27,0.0,67.0,23.0,96.1,406.0,6.0,6,32in & under,China,Analogue/Digital
LSP TV,Prison TV,LCD (LED),19,0.1,16.1569,0.07,0.0,60.0,21.0,161.6,600.0,5.0,5,32in & under,China,Analogue/Digital
CHIQ,L40G7P,LCD (LED),39,0.426,51.0,0.4,0.0,189.0,66.0,119.7,444.0,5.0,5,33-43in,China,
CHIQ,U43G7P,LCD (LED),42,0.497,65.0,0.4,0.0,240.0,84.0,130.8,483.0,4.5,4,33-43in,China,
CHIQ,U65G7P,LCD (LED),64,1.147,138.0,0.4,0.0,506.0,177.0,120.3,441.0,4.5,4,56-65in,China,
PRISM+,Q55 PRO QE,LCD (LED),55,0.822,102.1,0.461,0.583,424.0,148.0,124.2,516.0,4.0,4,51-55in,China,Analogue/Digital
PHILIPS,65PUT8507/79,LCD (LED),65,1.148,116.25,0.33,0.0,469.0,164.0,101.3,409.0,4.5,4,56-65in,China,Analogue/Digital
PHILIPS,65PUT8507/75,LCD (LED),65,1.148,116.25,0.33,0.0,469.0,164.0,101.3,409.0,4.5,4,56-65in,China,Analogue/Digital
PHILIPS,50PUT8507/79,LCD (LED),49,0.675,81.32,0.38,0.0,329.0,115.0,120.5,487.0,4.0,4,44-50in,China,Analogue/Digital
PHILIPS,50PUT8507/75,LCD (LED),49,0.675,81.32,0.38,0.0,329.0,115.0,120.5,487.0,4.0,4,44-50in,China,Analogue/Digital
TOSHIBA,75C350LP,LCD (LED),75,1.531,114.36,0.33,0.0,489.0,171.0,74.7,319.0,6.0,6,66-75in,China,Analogue/Digital
WALTON,W32D120GE,LCD (LED),32,0.274,29.57,,,115.0,40.0,107.9,420.0,5.5,6,32in & under,Bangladesh,Digital
WALTON,W32D120G,LCD (LED),32,0.274,29.57,,,115.0,40.0,107.9,420.0,5.5,6,32in & under,Bangladesh,Digital
WALTON,W32D120GAU,LCD (LED),32,0.274,29.57,,,115.0,40.0,107.9,420.0,5.5,6,32in & under,Bangladesh,Digital
WALTON,W32D120G_AU,LCD (LED),32,0.274,29.57,,,115.0,40.0,107.9,420.0,5.5,6,32in & under,Bangladesh,Digital
WALTON,32D120G,LCD (LED),32,0.274,29.57,,,115.0,40.0,107.9,420.0,5.5,6,32in & under,Bangladesh,Digital
WALTON,32D120GAU,LCD (LED),32,0.274,29.57,,,115.0,40.0,107.9,420.0,5.5,6,32in & under,Bangladesh,Digital
WALTON,32D120G_AU,LCD (LED),32,0.274,29.57,,,115.0,40.0,107.9,420.0,5.5,6,32in & under,Bangladesh,Digital
WALTON,WD40RGE,LCD (LED),40,0.426,35.18,,,135.0,47.0,82.6,317.0,6.0,6,33-43in,Bangladesh,Digital
WALTON,WD40RG,LCD (LED),40,0.426,35.18,,,135.0,47.0,82.6,317.0,6.0,6,33-43in,Bangladesh,Digital
WALTON,WD40RGAU,LCD (LED),40,0.426,35.18,,,135.0,47.0,82.6,317.0,6.0,6,33-43in,Bangladesh,Digital
WALTON,WD40RG_AU,LCD (LED),40,0.426,35.18,,,135.0,47.0,82.6,317.0,6.0,6,33-43in,Bangladesh,Digital
WALTON,40RG,LCD (LED),40,0.426,35.18,,,135.0,47.0,82.6,317.0,6.0,6,33-43in,Bangladesh,Digital
WALTON,40RGAU,LCD (LED),40,0.426,35.18,,,135.0,47.0,82.6,317.0,6.0,6,33-43in,Bangladesh,Digital
WALTON,40RG_AU,LCD (LED),40,0.426,35.18,,,135.0,47.0,82.6,317.0,6.0,6,33-43in,Bangladesh,Digital
WALTON,W43D210GE,LCD (LED),43,0.498,35.97,,,138.0,48.0,72.2,277.0,7.0,7,33-43in,Bangladesh,Digital
WALTON,W43D210G,LCD (LED),43,0.498,35.97,,,138.0,48.0,72.2,277.0,7.0,7,33-43in,Bangladesh,Digital
WALTON,W43D210GAU,LCD (LED),43,0.498,35.97,,,138.0,48.0,72.2,277.0,7.0,7,33-43in,Bangladesh,Digital
WALTON,W43D210G_AU,LCD (LED),43,0.498,35.97,,,138.0,48.0,72.2,277.0,7.0,7,33-43in,Bangladesh,Digital
WALTON,43D210G,LCD (LED),43,0.498,35.97,,,138.0,48.0,72.2,277.0,7.0,7,33-43in,Bangladesh,Digital
WALTON,43D210GAU,LCD (LED),43,0.498,35.97,,,138.0,48.0,72.2,277.0,7.0,7,33-43in,Bangladesh,Digital
WALTON,43D210G_AU,LCD (LED),43,0.498,35.97,,,138.0,48.0,72.2,277.0,7.0,7,33-43in,Bangladesh,Digital
BLAUPUNKT,BP750USG9300,LCD,75,1.531,188.97,0.36,0.0,692.0,242.0,123.4,452.0,4.0,4,66-75in,China,Digital
EKO,K55DVAQ,LCD,55,0.82,76.044,0.383,0.383,380.0,133.0,92.7,463.0,4.5,4,51-55in,China,Digital
EKO,K32FSG11,LCD,31,0.272,31.814,0.251,0.251,130.0,46.0,117.0,478.0,5.0,5,32in & under,China,Digital
BLAUPUNKT,BP550USG9800,LCD,55,0.823,93.324,0.375,0.375,380.0,133.0,113.4,462.0,4.5,4,51-55in,China,Digital
HISENSE,50A6HAU,LCD (LED),50,0.675,59.47,0.32,0.0,254.0,89.0,88.1,376.0,5.5,6,44-50in,China,Analogue/Digital
EKO,K65DVAQ,LCD,64,1.143,198.0,0.367,0.367,725.0,254.0,173.2,634.0,3.0,3,56-65in,China,Analogue/Digital
SAMSUNG,HG50BU800AW,LCD (LED),49,0.675,94.0,0.5,0.0,346.0,121.0,139.3,513.0,4.0,4,44-50in,Vietnam,Digital
SAMSUNG,HG55BU800AW,LCD (LED),55,0.823,113.0,0.5,0.0,416.0,146.0,137.3,505.0,4.0,4,51-55in,Vietnam,Digital
PHILIPS,55PUT8507/79,LCD (LED),55,0.823,94.43,0.38,0.0,381.0,133.0,114.7,463.0,4.5,4,51-55in,China,Analogue/Digital
PHILIPS,55PUT8507/75,LCD (LED),55,0.823,94.43,0.38,0.0,381.0,133.0,114.7,463.0,4.5,4,51-55in,China,Analogue/Digital
SAMSUNG,HG43BU800AW,LCD (LED),43,0.498,73.0,0.5,0.0,270.0,94.0,146.6,542.0,4.0,4,33-43in,Vietnam,Digital
SAMSUNG,HG65BU800AW,LCD (LED),65,1.148,119.0,0.5,0.0,437.0,153.0,103.7,381.0,5.0,5,56-65in,Vietnam,Digital
SAMSUNG,HG75BU800AW,LCD (LED),75,1.532,157.0,0.5,0.0,576.0,202.0,102.5,376.0,5.0,5,66-75in,Vietnam,Digital
HISENSE,58A6HAU,LCD (LED),58,0.916,79.33,0.32,0.0,335.0,117.0,86.6,366.0,5.5,6,56-65in,China,Analogue/Digital
TOSHIBA,43C350LP,LCD (LED),43,0.498,51.12,0.38,0.0,214.0,75.0,102.7,430.0,5.0,5,33-43in,China,Analogue/Digital
TOSHIBA,50C350LP,LCD (LED),50,0.675,67.75,0.33,0.0,269.0,94.0,100.4,399.0,5.0,5,44-50in,China,Analogue/Digital
TOSHIBA,55C350LP,LCD (LED),55,0.823,63.89,0.347,0.0,269.0,94.0,77.6,327.0,6.0,6,51-55in,China,Analogue/Digital
TOSHIBA,65C350LP,LCD (LED),65,1.148,82.49,0.297,0.0,333.0,117.0,71.9,290.0,6.0,6,56-65in,China,Analogue/Digital
PHILIPS,50PUT8217/79,LCD (LED),49,0.675,61.3,0.4,0.0,248.0,87.0,90.8,367.0,5.5,6,44-50in,China,Analogue/Digital
PHILIPS,50PUT8217/75,LCD (LED),49,0.675,61.3,0.4,0.0,248.0,87.0,90.8,367.0,5.5,6,44-50in,China,Analogue/Digital
PHILIPS,75PUT8507/79,LCD (LED),75,1.531,127.69,0.31,0.0,537.0,188.0,83.4,351.0,5.5,6,66-75in,China,Analogue/Digital
PHILIPS,75PUT8507/75,LCD (LED),75,1.531,127.69,0.31,0.0,537.0,188.0,83.4,351.0,5.5,6,66-75in,China,Analogue/Digital
PHILIPS,55PUT8217/79,LCD (LED),55,0.823,72.57,0.38,0.0,293.0,103.0,88.2,356.0,5.5,6,51-55in,China,Analogue/Digital
PHILIPS,55PUT8217/75,LCD (LED),55,0.823,72.57,0.38,0.0,293.0,103.0,88.2,356.0,5.5,6,51-55in,China,Analogue/Digital
LG,43UQ751C0LF,LCD (LED),43,0.498,77.0,0.4,0.0,284.0,99.0,154.6,570.0,3.5,4,33-43in,Indonesia,Analogue/Digital
LG,50UQ751C0LF,LCD (LED),49,0.675,93.0,0.4,0.0,342.0,120.0,137.8,507.0,4.0,4,44-50in,Indonesia,Analogue/Digital
LG,55UQ751C0LF,LCD (LED),55,0.823,114.0,0.4,0.0,419.0,147.0,138.5,509.0,4.0,4,51-55in,Indonesia,Analogue/Digital
LG,65UQ751C0LF,LCD (LED),65,1.148,145.0,0.4,0.0,532.0,186.0,126.3,463.0,4.0,4,56-65in,Indonesia,Analogue/Digital
LG,75UQ801C0LB,LCD (LED),75,1.531,165.0,0.4,0.0,605.0,212.0,107.8,395.0,5.0,5,66-75in,Indonesia,Analogue/Digital
LG,42LX1Q6LA,OLED,42,0.476,63.0,0.4,0.0,232.0,81.0,132.4,487.0,4.5,4,33-43in,"Indonesia,South Korea",Analogue/Digital
LG,42LX1QPSA,OLED,42,0.476,63.0,0.4,0.0,232.0,81.0,132.4,487.0,4.5,4,33-43in,"Indonesia,South Korea",Analogue/Digital
LG,48LX1Q6LA,OLED,48,0.623,77.0,0.4,0.0,284.0,99.0,123.6,456.0,4.5,4,44-50in,"Indonesia,South Korea",Analogue/Digital
LG,48LX1QPSA,OLED,48,0.623,77.0,0.4,0.0,284.0,99.0,123.6,456.0,4.5,4,44-50in,"Indonesia,South Korea",Analogue/Digital
LG,55LX1Q6LA,OLED,55,0.823,95.0,0.4,0.0,349.0,122.0,115.4,424.0,4.5,4,51-55in,"Indonesia,South Korea",Analogue/Digital
LG,55LX1QPSA,OLED,55,0.823,95.0,0.4,0.0,349.0,122.0,115.4,424.0,4.5,4,51-55in,"Indonesia,South Korea",Analogue/Digital
CAIXUN,LE-24T1,LCD (LED),24,0.153,16.3,0.31,0.0,70.0,24.0,106.5,458.0,5.5,6,32in & under,China,Analogue/Digital
CAIXUN,LE-24T2,LCD (LED),24,0.153,16.3,0.31,0.0,70.0,24.0,106.5,458.0,5.5,6,32in & under,China,Analogue/Digital
CAIXUN,LE-24T3,LCD (LED),24,0.153,16.3,0.31,0.0,70.0,24.0,106.5,458.0,5.5,6,32in & under,China,Analogue/Digital
CAIXUN,LE-24V1,LCD (LED),24,0.153,16.3,0.31,0.0,70.0,24.0,106.5,458.0,5.5,6,32in & under,China,Analogue/Digital
CAIXUN,LE-24V2,LCD (LED),24,0.153,16.3,0.31,0.0,70.0,24.0,106.5,458.0,5.5,6,32in & under,China,Analogue/Digital
CAIXUN,LE-24V3,LCD (LED),24,0.153,16.3,0.31,0.0,70.0,24.0,106.5,458.0,5.5,6,32in & under,China,Analogue/Digital
PRISM+,Q65 PRO QE,LCD (LED),65,1.148,93.43,0.41,0.54,400.0,140.0,81.4,348.0,5.5,6,56-65in,China,Analogue/Digital
KOGAN,KALED50XU9220STE,LCD (LED),49,0.675,77.0,0.4,0.0,284.0,99.0,114.1,421.0,5.0,5,44-50in,China,Analogue/Digital
POLAROID,PL3222HDG,LCD,32,0.28,23.798,0.253,0.253,103.0,36.0,85.0,368.0,6.0,6,32in & under,China,Digital
TEAC,LE32GA322,LCD (LED),31,0.273,25.8,0.31,0.0,110.0,38.0,94.5,403.0,5.5,6,32in & under,China,Analogue/Digital
CAIXUN,LE-39T1,LCD (LED),38,0.402,32.0,0.31,0.0,138.0,48.0,79.6,343.0,6.0,6,33-43in,China,Analogue/Digital
CAIXUN,LE-39T2,LCD (LED),38,0.402,32.0,0.31,0.0,138.0,48.0,79.6,343.0,6.0,6,33-43in,China,Analogue/Digital
CAIXUN,LE-39T3,LCD (LED),38,0.402,32.0,0.31,0.0,138.0,48.0,79.6,343.0,6.0,6,33-43in,China,Analogue/Digital
CAIXUN,LE-39V1,LCD (LED),38,0.402,32.0,0.31,0.0,138.0,48.0,79.6,343.0,6.0,6,33-43in,China,Analogue/Digital
CAIXUN,LE-39V2,LCD (LED),38,0.402,32.0,0.31,0.0,138.0,48.0,79.6,343.0,6.0,6,33-43in,China,Analogue/Digital
CAIXUN,LE-39V3,LCD (LED),38,0.402,32.0,0.31,0.0,138.0,48.0,79.6,343.0,6.0,6,33-43in,China,Analogue/Digital
LG,50UR765H0VC,LCD (LED),49,0.675,78.0,0.4,0.0,287.0,100.0,115.6,425.0,4.5,4,44-50in,Indonesia,Analogue/Digital
LG,55UR765H0VC,LCD (LED),55,0.823,80.0,0.4,0.0,295.0,103.0,97.2,358.0,5.5,6,51-55in,Indonesia,Analogue/Digital
LG,65UR765H0VC,LCD (LED),65,1.148,115.0,0.4,0.0,422.0,148.0,100.2,368.0,5.0,5,56-65in,Indonesia,Analogue/Digital
LG,75UR765H0VC,LCD (LED),75,1.531,140.0,0.4,0.0,514.0,180.0,91.4,336.0,5.5,6,66-75in,Indonesia,Analogue/Digital
CAIXUN,LE-42T1,LCD (LED),41,0.468,38.3,0.34,0.0,159.0,56.0,81.8,340.0,6.0,6,33-43in,China,Analogue/Digital
CAIXUN,LE-42T2,LCD (LED),41,0.468,38.3,0.34,0.0,159.0,56.0,81.8,340.0,6.0,6,33-43in,China,Analogue/Digital
CAIXUN,LE-42T3,LCD (LED),41,0.468,38.3,0.34,0.0,159.0,56.0,81.8,340.0,6.0,6,33-43in,China,Analogue/Digital
CAIXUN,LE-42V1,LCD (LED),41,0.468,38.3,0.34,0.0,159.0,56.0,81.8,340.0,6.0,6,33-43in,China,Analogue/Digital
CAIXUN,LE-42V2,LCD (LED),41,0.468,38.3,0.34,0.0,159.0,56.0,81.8,340.0,6.0,6,33-43in,China,Analogue/Digital
CAIXUN,LE-42V3,LCD (LED),41,0.468,38.3,0.34,0.0,159.0,56.0,81.8,340.0,6.0,6,33-43in,China,Analogue/Digital
CAIXUN,LE-43T1,LCD (LED),42,0.498,39.5,0.34,0.0,162.0,57.0,79.3,325.0,6.0,6,33-43in,China,Analogue/Digital
CAIXUN,LE-43T2,LCD (LED),42,0.498,39.5,0.34,0.0,162.0,57.0,79.3,325.0,6.0,6,33-43in,China,Analogue/Digital
CAIXUN,LE-43T3,LCD (LED),42,0.498,39.5,0.34,0.0,162.0,57.0,79.3,325.0,6.0,6,33-43in,China,Analogue/Digital
CAIXUN,LE-43V1,LCD (LED),42,0.498,39.5,0.34,0.0,162.0,57.0,79.3,325.0,6.0,6,33-43in,China,Analogue/Digital
CAIXUN,LE-43V2,LCD (LED),42,0.498,39.5,0.34,0.0,162.0,57.0,79.3,325.0,6.0,6,33-43in,China,Analogue/Digital
CAIXUN,LE-43V3,LCD (LED),42,0.498,39.5,0.34,0.0,162.0,57.0,79.3,325.0,6.0,6,33-43in,China,Analogue/Digital
TCL,65C935,LCD (LED),64,1.147,171.2,0.299,0.0,689.0,241.0,149.3,601.0,3.0,3,56-65in,China,Analogue/Digital
TCL,75C935,LCD (LED),75,1.531,201.0,0.398,0.0,810.0,284.0,131.3,529.0,3.5,4,66-75in,China,Analogue/Digital
BAUHN,ATV75UHDW-0622,LCD (LED),75,1.531,127.7,0.51,0.0,469.0,164.0,83.4,306.0,6.0,6,66-75in,China,Analogue/Digital
BLAUPUNKT,BP650USG9700,LCD (LED),65,1.148,109.0,,,400.0,140.0,94.9,348.0,5.5,6,56-65in,China,Analogue/Digital
BLAUPUNKT,BP860USG9700,LCD (LED),86,2.02,270.0,,,988.0,346.0,133.7,489.0,4.0,4,86in+,China,Analogue/Digital
BLAUPUNKT,BP550USG9700,LCD (LED),55,0.823,91.0,,,335.0,117.0,110.6,407.0,5.0,5,51-55in,China,Analogue/Digital
BLAUPUNKT,BP420FSG9700,LCD (LED),41,0.468,43.9,,,163.0,57.0,93.8,348.0,6.0,6,33-43in,China,Analogue/Digital
HISENSE,55U7HAU,LCD (LED),55,0.823,92.3,0.33,0.0,380.0,133.0,112.2,462.0,4.5,4,51-55in,China,Analogue/Digital
HISENSE,55U7HNZ,LCD (LED),55,0.823,92.3,0.33,0.0,380.0,133.0,112.2,462.0,4.5,4,51-55in,China,Analogue/Digital
HISENSE,65U7HAU,LCD (LED),65,1.148,115.68,0.324,0.0,464.0,162.0,100.8,404.0,5.0,5,56-65in,China,Analogue/Digital
HISENSE,65U7HNZ,LCD (LED),65,1.148,115.68,0.324,0.0,464.0,162.0,100.8,404.0,5.0,5,56-65in,China,Analogue/Digital
HISENSE,75U7HAU,LCD (LED),75,1.531,148.69,0.356,0.0,599.0,210.0,97.1,391.0,5.0,5,66-75in,China,Analogue/Digital
HISENSE,75U7HNZ,LCD (LED),75,1.531,148.69,0.356,0.0,599.0,210.0,97.1,391.0,5.0,5,66-75in,China,Analogue/Digital
HISENSE,85U7HAU,LCD (LED),85,1.971,214.94,0.251,0.0,868.0,304.0,109.1,440.0,4.5,4,76-85in,China,Analogue/Digital
HISENSE,85U7HNZ,LCD (LED),85,1.971,214.94,0.251,0.0,868.0,304.0,109.1,440.0,4.5,4,76-85in,China,Analogue/Digital
HISENSE,32A4HAU,LCD (LED),32,0.274,25.32,0.31,0.0,104.0,36.0,92.4,380.0,6.0,6,32in & under,China,Analogue/Digital
SAMSUNG,QA98QN100BW,LCD (LED),98,2.622,438.0,0.5,0.0,1602.0,561.0,167.0,611.0,3.0,3,86in+,Vietnam,Digital
SAMSUNG,QA98QN100BS,LCD (LED),98,2.622,438.0,0.5,0.0,1602.0,561.0,167.0,611.0,3.0,3,86in+,Vietnam,Digital
SAMSUNG,QA98QN100B*,LCD (LED),98,2.622,438.0,0.5,0.0,1602.0,561.0,167.0,611.0,3.0,3,86in+,Vietnam,Digital
HISENSE,55U7H series,LCD (LED),55,0.823,92.3,0.33,0.0,380.0,133.0,112.2,462.0,4.5,4,51-55in,China,Analogue/Digital
HISENSE,65U7H series,LCD (LED),65,1.148,115.68,0.324,0.0,464.0,162.0,100.8,404.0,5.0,5,56-65in,China,Analogue/Digital
HISENSE,75U7H series,LCD (LED),75,1.531,148.69,0.356,0.0,599.0,210.0,97.1,391.0,5.0,5,66-75in,China,Analogue/Digital
HISENSE,85U7H series,LCD (LED),85,1.971,214.94,0.251,0.0,868.0,304.0,109.1,440.0,4.5,4,76-85in,China,Analogue/Digital
SAMSUNG,HG43Q60BAAW,LCD (LED),43,0.498,70.0,0.5,0.0,259.0,91.0,140.6,520.0,4.0,4,33-43in,Vietnam,Digital
SAMSUNG,HG50Q60BAAW,LCD (LED),49,0.675,80.0,0.5,0.0,295.0,103.0,118.5,437.0,4.5,4,44-50in,Vietnam,Digital
SAMSUNG,HG55Q60BAAW,LCD (LED),55,0.823,87.0,0.5,0.0,321.0,112.0,105.7,390.0,5.0,5,51-55in,Vietnam,Digital
SAMSUNG,HG65Q60BAAW,LCD (LED),65,1.148,117.0,0.5,0.0,430.0,150.0,101.9,375.0,5.0,5,56-65in,Vietnam,Digital
SAMSUNG,HG75Q60BAAW,LCD (LED),75,1.532,183.0,0.5,0.0,671.0,235.0,119.5,438.0,4.5,4,66-75in,Vietnam,Digital
BAUHN,ATV40FHDG-1122,LCD (LED),39,0.426,40.0,0.35,0.0,148.0,52.0,93.9,347.0,6.0,6,33-43in,China,Analogue/Digital
BAUHN,ATV40FHDG-0822,LCD (LED),39,0.426,40.0,0.35,0.0,148.0,52.0,93.9,347.0,6.0,6,33-43in,China,Analogue/Digital
KOGAN,LE-40T1,LCD (LED),40,0.426,34.7106,0.274308,0.270016,151.0,53.0,81.5,354.0,6.0,6,33-43in,China,Analogue/Digital
KOGAN,KALED40GF7600VA,LCD (LED),40,0.426,34.7106,0.274308,0.270016,151.0,53.0,81.5,354.0,6.0,6,33-43in,China,Analogue/Digital
LG,OLED55CS6LA,OLED,55,0.823,102.0,0.4,0.0,375.0,131.0,123.9,456.0,4.5,4,51-55in,"Indonesia,South Korea",Analogue/Digital
LG,OLED55CSPSA,OLED,55,0.823,102.0,0.4,0.0,375.0,131.0,123.9,456.0,4.5,4,51-55in,"Indonesia,South Korea",Analogue/Digital
LG,OLED65CS6LA,OLED,65,1.148,126.0,0.4,0.0,462.0,162.0,109.8,402.0,5.0,5,56-65in,"Indonesia,South Korea",Analogue/Digital
LG,OLED65CSPSA,OLED,65,1.148,126.0,0.4,0.0,462.0,162.0,109.8,402.0,5.0,5,56-65in,"Indonesia,South Korea",Analogue/Digital
LG,OLED77CS6LA,OLED,77,1.62,156.0,0.4,0.0,572.0,200.0,96.3,353.0,5.5,6,76-85in,"Indonesia,South Korea",Analogue/Digital
LG,OLED77CSPSA,OLED,77,1.62,156.0,0.4,0.0,572.0,200.0,96.3,353.0,5.5,6,76-85in,"Indonesia,South Korea",Analogue/Digital
LG,42LX3Q6LA,OLED,42,0.476,63.0,0.4,0.0,232.0,81.0,132.4,487.0,4.5,4,33-43in,"Indonesia,South Korea",Analogue/Digital
LG,42LX3QPSA,OLED,42,0.476,63.0,0.4,0.0,232.0,81.0,132.4,487.0,4.5,4,33-43in,"Indonesia,South Korea",Analogue/Digital
LG,50QNED7SSQA,LCD (LED),49,0.675,73.0,0.4,0.0,269.0,94.0,108.1,399.0,5.0,5,44-50in,"Indonesia,South Korea",Analogue/Digital
LG,55QNED7SSQA,LCD (LED),55,0.823,94.0,0.4,0.0,346.0,121.0,114.2,420.0,4.5,4,51-55in,"Indonesia,South Korea",Analogue/Digital
LG,65QNED7SSQA,LCD (LED),65,1.148,114.0,0.4,0.0,419.0,147.0,99.3,365.0,5.0,5,56-65in,"Indonesia,South Korea",Analogue/Digital
LG,75QNED7SSQA,LCD (LED),75,1.531,130.0,0.4,0.0,477.0,167.0,84.9,312.0,6.0,6,66-75in,"Indonesia,South Korea",Analogue/Digital
EKO,K32DVD,LCD,32,0.274,35.2,0.36,0.0,131.0,46.0,128.5,478.0,5.0,5,32in & under,China,Analogue/Digital
SMARTTECH,SMT-U50T1,LCD (LED),50,0.675,50.6,,,210.0,74.0,75.0,311.0,6.0,6,44-50in,China,Analogue/Digital
SMARTTECH,SMT-U55T1,LCD (LED),55,0.823,53.64,,,247.0,86.0,65.2,300.0,6.0,6,51-55in,China,Analogue/Digital
SMARTTECH,SMT-U65T1,LCD (LED),65,1.148,99.95,0.35,0.49,386.0,135.0,87.1,336.0,5.5,6,56-65in,China,Analogue/Digital
KOGAN,LE-32T1,LCD (LED),32,0.274,26.4498,0.22998,0.2448,110.0,38.0,96.5,401.0,5.5,6,32in & under,China,Analogue/Digital
KOGAN,KALED32QH6200VA,LCD (LED),32,0.274,26.4498,0.22998,0.2448,110.0,38.0,96.5,401.0,5.5,6,32in & under,China,Analogue/Digital
KOGAN,LE-24T1,LCD (LED),24,0.153,17.1498,0.22998,0.22002,70.0,24.0,112.1,458.0,5.5,6,32in & under,China,Analogue/Digital
KOGAN,KALED24DH5200VA,LCD (LED),24,0.153,17.1498,0.22998,0.22002,70.0,24.0,112.1,458.0,5.5,6,32in & under,China,Analogue/Digital
LG,OLED97G2PSA,OLED,97,2.568,219.0,0.4,0.0,802.0,281.0,85.3,312.0,6.0,6,86in+,"Indonesia,South Korea",Analogue/Digital
LG,OLED97G26LA,OLED,97,2.568,219.0,0.4,0.0,802.0,281.0,85.3,312.0,6.0,6,86in+,"Indonesia,South Korea",Analogue/Digital
SPHERE,S8LED185,LCD (LED),19,0.094,17.74,,,67.0,23.0,188.7,713.0,4.5,4,32in & under,China,Digital
SPHERE,S8LED185S,LCD (LED),19,0.094,17.74,,,67.0,23.0,188.7,713.0,4.5,4,32in & under,China,Digital
SPHERE,S8LED215,LCD (LED),22,0.128,24.81,,,93.0,33.0,193.8,727.0,4.0,4,32in & under,China,Digital
SPHERE,S8LED215S,LCD (LED),22,0.128,24.81,,,93.0,33.0,193.8,727.0,4.0,4,32in & under,China,Digital
SPHERE,S8LED238,LCD (LED),24,0.156,26.67,,,100.0,35.0,171.0,641.0,4.0,4,32in & under,China,Digital
SPHERE,S8LED238S,LCD (LED),24,0.156,26.67,,,100.0,35.0,171.0,641.0,4.0,4,32in & under,China,Digital
BAUHN,ATV70UHDT-1022,LCD,70,1.312,97.8,0.32,0.0,420.0,147.0,74.5,320.0,6.0,6,66-75in,China,Analogue/Digital
HISENSE,55U8HAU,LCD (LED),55,0.823,115.84,0.27,0.0,476.0,167.0,140.8,578.0,3.5,4,51-55in,China,Analogue/Digital
HISENSE,55U8HNZ,LCD (LED),55,0.823,115.84,0.27,0.0,476.0,167.0,140.8,578.0,3.5,4,51-55in,China,Analogue/Digital
HISENSE,65U8HAU,LCD (LED),65,1.148,159.55,0.305,0.0,638.0,223.0,139.0,556.0,3.5,4,56-65in,China,Analogue/Digital
HISENSE,65U8HNZ,LCD (LED),65,1.148,159.55,0.305,0.0,638.0,223.0,139.0,556.0,3.5,4,56-65in,China,Analogue/Digital
SMARTTECH,SMT-H32T1,LCD (LED),31,0.273,25.8,0.31,0.0,110.0,38.0,94.5,403.0,5.5,6,32in & under,China,Analogue/Digital
SMARTTECH,SMT-F40T1,LCD (LED),39,0.426,35.9,0.34,0.0,151.0,53.0,84.3,354.0,6.0,6,33-43in,China,Analogue/Digital
SPHERE,S8LED215 series,LCD (LED),22,0.128,24.81,,,93.0,33.0,193.8,727.0,4.0,4,32in & under,China,Digital
SIGNIFY,EA2277,LCD (LED),55,0.823,98.268,0.31776,0.317814,378.0,132.0,119.4,459.0,4.5,4,51-55in,China,Analogue/Digital
JVC,AV-H323115A11,LCD,32,0.277,31.9,0.251,0.251,118.0,41.0,115.2,426.0,5.5,6,32in & under,China,Analogue/Digital
JVC,LT-32N3115A11,LCD,32,0.277,31.9,0.251,0.251,118.0,41.0,115.2,426.0,5.5,6,32in & under,China,Analogue/Digital
HISENSE,55U8H series,LCD (LED),55,0.823,115.84,0.27,0.0,476.0,167.0,140.8,578.0,3.5,4,51-55in,China,Analogue/Digital
JVC,,LCD,32,0.277,31.9,0.251,0.251,118.0,41.0,115.2,426.0,5.5,6,32in & under,China,Analogue/Digital
JVC,LT-40N5115A11,LCD,40,0.429,36.7,0.25,0.25,186.0,65.0,85.5,434.0,5.0,5,33-43in,China,Analogue/Digital
JVC,AV-H657115A11,LCD,64,1.14,124.968,0.34,0.34,512.0,179.0,109.6,449.0,4.5,4,56-65in,China,Analogue/Digital
JVC,LT-65N7115A11,LCD,64,1.14,124.968,0.34,0.34,512.0,179.0,109.6,449.0,4.5,4,56-65in,China,Analogue/Digital
JVC,AV-H557135A11,LCD,54,0.821,102.0,0.378,0.378,375.0,131.0,124.2,457.0,4.5,4,51-55in,China,Analogue/Digital
JVC,LT-55N7115A11,LCD,54,0.821,102.0,0.378,0.378,375.0,131.0,124.2,457.0,4.5,4,51-55in,China,Analogue/Digital
JVC,AV-H437115A11,LCD,42,0.498,73.0,0.312,0.312,269.0,94.0,146.6,540.0,4.0,4,33-43in,China,Analogue/Digital
SVISION,SC32HSG,LCD (LED),32,0.274,34.4,,,151.0,53.0,125.5,551.0,4.0,4,32in & under,China,Analogue/Digital
HISENSE,65U8H series,LCD (LED),65,1.148,159.55,0.305,0.0,638.0,223.0,139.0,556.0,3.5,4,56-65in,China,Analogue/Digital
LINSAR,LS98UHDNF,LCD,98,2.622,214.416,0.307698,0.0,823.0,288.0,81.8,314.0,6.0,6,86in+,China,Analogue/Digital
EKO,K320HSG,LCD,32,0.277,31.9,0.251,0.251,118.0,41.0,115.2,426.0,5.5,6,32in & under,China,Analogue/Digital
CHIQ,L32D6C,LCD (LED),31,0.273,30.0,0.3,0.0,112.0,39.0,109.9,410.0,5.5,6,32in & under,China,
KOGAN,KALED55RT9230SVA,LCD (LED),55,0.823,53.64,,,247.0,86.0,65.2,300.0,6.0,6,51-55in,China,Analogue/Digital
LG,55AN960H0SD,OLED,55,0.823,70.0,0.4,0.0,258.0,90.0,85.1,313.0,6.0,6,51-55in,"Indonesia,Egypt",Analogue/Digital
LG,65AN960H0SD,OLED,65,1.148,87.0,0.4,0.0,320.0,112.0,75.8,279.0,6.0,6,56-65in,"Egypt,Indonesia",Analogue/Digital
ENGLAON,LED40X70,LCD (LED),40,0.431,36.27,,,140.0,49.0,84.2,325.0,6.0,6,33-43in,China,Analogue/Digital
ENGLAON,LED40X90,LCD (LED),40,0.431,36.27,,,140.0,49.0,84.2,325.0,6.0,6,33-43in,China,Analogue/Digital
ENGLAON,Smart LED TV,LCD (LED),40,0.431,36.27,,,140.0,49.0,84.2,325.0,6.0,6,33-43in,China,Analogue/Digital
BLAUPUNKT,BP750USG9700,LCD,74,1.52,221.6,0.392,0.0,811.0,284.0,145.8,534.0,3.5,4,66-75in,China,Analogue/Digital
HISENSE,75U80HAU,LCD (LED),75,1.531,243.11,0.336,0.0,955.0,334.0,158.8,624.0,3.0,3,66-75in,China,Analogue/Digital
HISENSE,55X8HAU,OLED,55,0.823,78.58,0.298,0.0,319.0,112.0,95.5,388.0,5.0,5,51-55in,China,Analogue/Digital
HISENSE,65X8HAU,OLED,65,1.148,92.33,0.309,0.0,369.0,129.0,80.4,321.0,6.0,6,56-65in,China,Analogue/Digital
HISENSE,65U9HAU,LCD (LED),65,1.148,168.67,0.387,0.0,649.0,227.0,146.9,565.0,3.5,4,56-65in,China,Analogue/Digital
HISENSE,65X9HAU,OLED,65,1.148,108.3,0.314,0.0,459.0,161.0,94.3,400.0,5.0,5,56-65in,China,Analogue/Digital
HISENSE,98U7HNZ,LCD (LED),98,2.622,256.93,0.296,0.0,1028.0,360.0,98.0,392.0,5.0,5,86in+,China,Analogue/Digital
HISENSE,98U7HAU,LCD (LED),98,2.622,256.93,0.296,0.0,1028.0,360.0,98.0,392.0,5.0,5,86in+,China,Analogue/Digital
HISENSE,98U7H series,LCD (LED),98,2.622,256.93,0.296,0.0,1028.0,360.0,98.0,392.0,5.0,5,86in+,China,Analogue/Digital
BLAUPUNKT,BP85WOS,LCD,85,1.971,203.32,0.12,0.12,743.0,260.0,103.2,377.0,5.0,5,76-85in,China,Analogue/Digital
LINSAR,LS82UHDNF2,LCD,82,1.835,170.6,0.36,0.0,630.0,220.0,93.0,343.0,5.5,6,76-85in,China,Analogue/Digital
ENGLAON,LED32X70,LCD (LED),32,0.28,38.46,,,148.0,52.0,137.4,529.0,4.5,4,32in & under,China,Analogue/Digital
ENGLAON,LED32X90,LCD (LED),32,0.28,38.46,,,148.0,52.0,137.4,529.0,4.5,4,32in & under,China,Analogue/Digital
FURRION,FDFD24D4D,LCD,24,0.156,31.98,,,120.0,42.0,205.0,769.0,3.5,4,32in & under,China,Digital
KOGAN,KAOLED55X2SKA,OLED,55,0.817,90.1,0.325,0.325,424.0,148.0,110.3,519.0,4.0,4,51-55in,"China,Indonesia",Analogue/Digital
KOGAN,KAOLED65X2SKA,OLED,65,1.155,113.4,0.393,0.393,586.0,205.0,98.2,507.0,4.0,4,56-65in,"China,Indonesia",Analogue/Digital
LG,43UQ901C0SD,LCD (LED),43,0.498,75.0,0.4,0.0,276.0,97.0,150.6,554.0,3.5,4,33-43in,Indonesia,Analogue/Digital
LG,50UQ901C0SD,LCD (LED),49,0.675,90.0,0.4,0.0,331.0,116.0,133.3,490.0,4.0,4,44-50in,Indonesia,Analogue/Digital
LG,55UQ901C0SD,LCD (LED),55,0.823,114.0,0.4,0.0,419.0,147.0,138.5,509.0,4.0,4,51-55in,Indonesia,Analogue/Digital
LG,65UQ901C0SD,LCD (LED),65,1.148,148.0,0.4,0.0,543.0,190.0,128.9,473.0,4.0,4,56-65in,Indonesia,Analogue/Digital
LG,75UQ901C0SD,LCD (LED),75,1.531,165.0,0.4,0.0,605.0,212.0,107.8,395.0,5.0,5,66-75in,Indonesia,Analogue/Digital
LG,86UQ901C0SD,LCD (LED),86,2.02,250.0,0.4,0.0,915.0,320.0,123.8,453.0,4.0,4,86in+,Indonesia,Analogue/Digital
LINSAR,LSK55WSFW,LCD,55,0.823,62.5,0.32,0.0,272.0,95.0,75.9,330.0,6.0,6,51-55in,China,Analogue/Digital
BAUHN,ATV60UHDW-1023,LCD,60,0.991,80.7,0.26,0.0,296.0,104.0,81.4,299.0,6.0,6,56-65in,China,Digital
BLAUPUNKT,BP240HSG9700,LCD (LED),24,0.153,25.0,,,105.0,37.0,163.4,686.0,4.0,4,32in & under,China,Analogue/Digital
ILUMA,ILU-SMARTTV32-DVD,LCD,32,0.276,32.18,0.24,0.0,119.0,42.0,116.6,431.0,5.0,5,32in & under,China,Digital
ILUMA,VK3201D,LCD,32,0.276,32.18,0.24,0.0,119.0,42.0,116.6,431.0,5.0,5,32in & under,China,Digital
ILUMA,VK3202D,LCD,32,0.276,32.18,0.24,0.0,119.0,42.0,116.6,431.0,5.0,5,32in & under,China,Digital
ILUMA,VK3203D,LCD,32,0.276,32.18,0.24,0.0,119.0,42.0,116.6,431.0,5.0,5,32in & under,China,Digital
ILUMA,VK3204D,LCD,32,0.276,32.18,0.24,0.0,119.0,42.0,116.6,431.0,5.0,5,32in & under,China,Digital
ILUMA,VK3205D,LCD,32,0.276,32.18,0.24,0.0,119.0,42.0,116.6,431.0,5.0,5,32in & under,China,Digital
BLAUPUNKT,BP430FSG9700,LCD,42,0.497,47.76,0.245,0.0,176.0,62.0,96.1,354.0,5.5,6,33-43in,China,Analogue/Digital
LINSAR,LSK32WSFW,LCD,32,0.274,28.2,,,105.0,37.0,102.9,383.0,6.0,6,32in & under,China,Analogue/Digital
KOGAN,KALED75XU9420STA,LCD (LED),75,1.531,133.0,0.4,0.0,488.0,171.0,86.9,319.0,6.0,6,66-75in,China,Analogue/Digital
KOGAN,KALED32RH9510STA,LCD (LED),31,0.273,28.0,0.3,0.0,104.0,36.0,102.6,381.0,6.0,6,32in & under,China,Analogue/Digital
TCL,58P635,LCD (LED),57,0.916,56.1,0.38,0.0,251.0,88.0,61.2,274.0,6.0,6,56-65in,China,Analogue/Digital
LINSAR,LS75UHDZEN,LCD,74,1.53,108.1,,,480.0,168.0,70.7,314.0,6.0,6,66-75in,China,Analogue/Digital
LINSAR,LS65UHDZEN,LCD,65,1.148,96.3,,,360.0,126.0,83.9,314.0,6.0,6,56-65in,China,Analogue/Digital
ILUMA,ILU-SMARTTV24-DVD,LCD,24,0.157,30.28,0.26,0.0,112.0,39.0,192.9,713.0,3.5,4,32in & under,China,Digital
ILUMA,VK2401D,LCD,24,0.157,30.28,0.26,0.0,112.0,39.0,192.9,713.0,3.5,4,32in & under,China,Digital
ILUMA,VK2402D,LCD,24,0.157,30.28,0.26,0.0,112.0,39.0,192.9,713.0,3.5,4,32in & under,China,Digital
ILUMA,VK2403D,LCD,24,0.157,30.28,0.26,0.0,112.0,39.0,192.9,713.0,3.5,4,32in & under,China,Digital
ILUMA,VK2404D,LCD,24,0.157,30.28,0.26,0.0,112.0,39.0,192.9,713.0,3.5,4,32in & under,China,Digital
ILUMA,VK2405D,LCD,24,0.157,30.28,0.26,0.0,112.0,39.0,192.9,713.0,3.5,4,32in & under,China,Digital
JVC,LT-75N7125A11,LCD,74,1.52,221.6,0.392,0.0,811.0,284.0,145.8,534.0,3.5,4,66-75in,China,Analogue/Digital
ILUMA,"ILU-SMARTTV32-DVD, VK3201D, VK3202D; VK3203D, VK3204D, VK3205D",LCD,32,0.276,32.18,0.24,0.0,119.0,42.0,116.6,431.0,5.0,5,32in & under,China,Digital
ILUMA,"ILU-SMARTTV24-DVD, VK2401D, VK2402D, VK2403D, VK2404D, VK2405D",LCD,24,0.157,30.28,0.26,0.0,112.0,39.0,192.9,713.0,3.5,4,32in & under,China,Digital
KOGAN,KALED58TU9420SKA,LCD (LED),58,0.911,106.2,0.4,0.51,410.0,144.0,116.6,450.0,4.5,4,56-65in,China,
JVC,AV-HQ507115A11,LCD,50,0.677,101.98,0.329,0.329,374.0,131.0,150.6,552.0,3.5,4,44-50in,China,Analogue/Digital
JVC,LT-50NQ7115A11,LCD,49,0.668,60.73,0.45,0.0,253.0,89.0,90.9,379.0,5.0,5,44-50in,China,Digital
JVC,LT-32N3135A,LCD (LED),32,0.274,24.687,0.41662,2.2232,110.0,38.0,90.1,401.0,5.5,6,32in & under,China,Analogue/Digital
KOGAN,KALED70TX9520SKA,LCD (LED),70,1.339,144.2,0.58,0.0,580.0,203.0,107.7,433.0,4.5,4,66-75in,China,
LINSAR,LS85UHDZEN,LCD,85,1.971,159.0,0.45,0.0,610.0,214.0,80.7,309.0,6.0,6,76-85in,China,Analogue/Digital
AKAI,AK4022S7WOS,LCD,39,0.425,39.9,0.3,0.0,150.0,52.0,93.9,353.0,6.0,6,33-43in,China,Analogue/Digital
KOGAN,KAQLED85XQ98JSTA,LCD (LED),85,1.971,266.0,0.45,0.0,974.0,341.0,135.0,494.0,4.0,4,76-85in,China,Analogue/Digital
KOGAN,KAQLED85XQ98JSTB,LCD (LED),85,1.971,266.0,0.45,0.0,974.0,341.0,135.0,494.0,4.0,4,76-85in,China,Analogue/Digital
KOGAN,KAQLED85XQ98JSTC,LCD (LED),85,1.971,266.0,0.45,0.0,974.0,341.0,135.0,494.0,4.0,4,76-85in,China,Analogue/Digital
KOGAN,KAQLED85XQ98JSTD,LCD (LED),85,1.971,266.0,0.45,0.0,974.0,341.0,135.0,494.0,4.0,4,76-85in,China,Analogue/Digital
BAUHN,ATV43UHDT-0123,LCD (LED),43,0.498,45.5,0.4,0.0,170.0,60.0,91.4,341.0,6.0,6,33-43in,China,Analogue/Digital
JVC,LT-55NQ7105A11,LCD,55,0.823,72.4,0.4,0.0,330.0,116.0,88.0,401.0,5.0,5,51-55in,China,Digital
AKAI,AK6522S7TZN,LCD,65,1.148,96.3,0.42,0.0,370.0,130.0,83.9,322.0,6.0,6,56-65in,China,Analogue/Digital
BAUHN,Tizen TV,LCD (LED),65,1.148,96.3,0.42,0.0,360.0,126.0,83.9,314.0,6.0,6,56-65in,China,Analogue/Digital
BAUHN,ATV65UHDT-0123,LCD (LED),65,1.148,96.3,0.42,0.0,360.0,126.0,83.9,314.0,6.0,6,56-65in,China,Analogue/Digital
BAUHN,ATV65UHDT-0922,LCD (LED),65,1.148,96.3,0.42,0.0,360.0,126.0,83.9,314.0,6.0,6,56-65in,China,Analogue/Digital
SONY,KD-55X80L,LCD (LED),55,0.823,126.2,0.5,14.1,467.0,163.0,153.3,567.0,3.5,4,51-55in,Malaysia,Analogue/Digital
SONY,KD-65X80L,LCD (LED),65,1.148,147.6,0.5,12.0,544.0,190.0,128.6,474.0,4.0,4,56-65in,Malaysia,Analogue/Digital
KODAK,KD40WOS2,LCD,39,0.425,39.9,0.3,0.0,150.0,52.0,93.9,353.0,6.0,6,33-43in,China,Analogue/Digital
KOGAN,KALED50RN9220STA,LCD (LED),49,0.675,75.0,0.45,0.0,277.0,97.0,111.1,410.0,5.0,5,44-50in,China,Analogue/Digital
KOGAN,KALED50RN9220STB,LCD (LED),49,0.675,75.0,0.45,0.0,277.0,97.0,111.1,410.0,5.0,5,44-50in,China,Analogue/Digital
KOGAN,KALED50RN9220STC,LCD (LED),49,0.675,75.0,0.45,0.0,277.0,97.0,111.1,410.0,5.0,5,44-50in,China,Analogue/Digital
KOGAN,KALED50RN9220STD,LCD (LED),49,0.675,75.0,0.45,0.0,277.0,97.0,111.1,410.0,5.0,5,44-50in,China,Analogue/Digital
KOGAN,KAQLED65XQ98JSTA,LCD (LED),64,1.147,158.0,0.45,0.0,579.0,203.0,137.8,505.0,4.0,4,56-65in,China,Analogue/Digital
KOGAN,KAQLED65XQ98JSTB,LCD (LED),64,1.147,158.0,0.45,0.0,579.0,203.0,137.8,505.0,4.0,4,56-65in,China,Analogue/Digital
KOGAN,KAQLED65XQ98JSTC,LCD (LED),64,1.147,158.0,0.45,0.0,579.0,203.0,137.8,505.0,4.0,4,56-65in,China,Analogue/Digital
KOGAN,KAQLED65XQ98JSTD,LCD (LED),64,1.147,158.0,0.45,0.0,579.0,203.0,137.8,505.0,4.0,4,56-65in,China,Analogue/Digital
KOGAN,KAQLED75XQ98JSTA,LCD (LED),75,1.531,182.0,0.45,0.0,667.0,233.0,118.9,436.0,4.5,4,66-75in,China,Analogue/Digital
KOGAN,KAQLED75XQ98JSTB,LCD (LED),75,1.531,182.0,0.45,0.0,667.0,233.0,118.9,436.0,4.5,4,66-75in,China,Analogue/Digital
KOGAN,KAQLED75XQ98JSTC,LCD (LED),75,1.531,182.0,0.45,0.0,667.0,233.0,118.9,436.0,4.5,4,66-75in,China,Analogue/Digital
KOGAN,KAQLED75XQ98JSTD,LCD (LED),75,1.531,182.0,0.45,0.0,667.0,233.0,118.9,436.0,4.5,4,66-75in,China,Analogue/Digital
KOGAN,KAQLED55XQ98JSTA,LCD (LED),55,0.822,92.0,0.45,0.0,339.0,119.0,111.9,412.0,5.0,5,51-55in,China,Analogue/Digital
KOGAN,KAQLED55XQ98JSTB,LCD (LED),55,0.822,92.0,0.45,0.0,339.0,119.0,111.9,412.0,5.0,5,51-55in,China,Analogue/Digital
KOGAN,KAQLED55XQ98JSTC,LCD (LED),55,0.822,92.0,0.45,0.0,339.0,119.0,111.9,412.0,5.0,5,51-55in,China,Analogue/Digital
KOGAN,KAQLED55XQ98JSTD,LCD (LED),55,0.822,92.0,0.45,0.0,339.0,119.0,111.9,412.0,5.0,5,51-55in,China,Analogue/Digital
KOGAN,KALED65XU9220STB,LCD (LED),64,1.147,110.0,0.45,0.0,404.0,141.0,95.9,352.0,5.5,6,56-65in,China,Analogue/Digital
KOGAN,KALED65XU9220STC,LCD (LED),64,1.147,110.0,0.45,0.0,404.0,141.0,95.9,352.0,5.5,6,56-65in,China,Analogue/Digital
KOGAN,KALED65XU9220STD,LCD (LED),64,1.147,110.0,0.45,0.0,404.0,141.0,95.9,352.0,5.5,6,56-65in,China,Analogue/Digital
KOGAN,KALED65XU9220STE,LCD (LED),64,1.147,110.0,0.45,0.0,404.0,141.0,95.9,352.0,5.5,6,56-65in,China,Analogue/Digital
KOGAN,KALED65XU9220STF,LCD (LED),64,1.147,110.0,0.45,0.0,404.0,141.0,95.9,352.0,5.5,6,56-65in,China,Analogue/Digital
ENGLAON,LED24M30,LCD (LED),24,0.157,29.05,,,108.0,38.0,185.0,688.0,4.0,4,32in & under,China,Analogue/Digital
ENGLAON,LED24X70,LCD (LED),24,0.169,25.84,,,102.0,36.0,152.9,604.0,4.5,4,32in & under,China,Analogue/Digital
ENGLAON,LED24X90,LCD (LED),24,0.169,25.84,,,102.0,36.0,152.9,604.0,4.5,4,32in & under,China,Analogue/Digital
ENGLAON,"LED24X70, LED24X90",LCD (LED),24,0.169,25.84,,,102.0,36.0,152.9,604.0,4.5,4,32in & under,China,Analogue/Digital
DGTEC,DG65UHDOS,LCD (LED),65,1.148,95.274,0.3594,0.361848,367.0,128.0,83.0,320.0,6.0,6,56-65in,China,Analogue/Digital
SONY,XR-55A80L,OLED,55,0.823,103.7,0.5,25.4,387.0,135.0,126.0,470.0,4.0,4,51-55in,Malaysia,Analogue/Digital
SONY,XR-65A80L,OLED,65,1.148,121.1,0.5,27.3,451.0,158.0,105.5,393.0,5.0,5,56-65in,Malaysia,Analogue/Digital
LINSAR,LS50UHDZEN,LCD,49,0.675,56.7,0.39,0.0,225.0,79.0,84.0,333.0,6.0,6,44-50in,China,Analogue/Digital
LINSAR,LS55UHDZEN,LCD,55,0.823,68.5,0.43,0.0,272.0,95.0,83.2,330.0,6.0,6,51-55in,China,Analogue/Digital
TEAC,LEV24A423,LCD (LED),24,0.153,22.2,,,83.0,29.0,145.1,542.0,5.0,5,32in & under,China,Analogue/Digital
AKAI,AK7522S7TZN,LCD,74,1.53,108.1,0.31,0.0,480.0,168.0,70.7,314.0,6.0,6,66-75in,China,Analogue/Digital
KOGAN,KAQLED50XQ98JSTA,LCD (LED),49,0.675,104.0,0.45,0.0,382.0,134.0,154.1,566.0,3.5,4,44-50in,China,Analogue/Digital
KOGAN,KAQLED50XQ98JSTB,LCD (LED),49,0.675,104.0,0.45,0.0,382.0,134.0,154.1,566.0,3.5,4,44-50in,China,Analogue/Digital
KOGAN,KAQLED50XQ98JSTC,LCD (LED),49,0.675,104.0,0.45,0.0,382.0,134.0,154.1,566.0,3.5,4,44-50in,China,Analogue/Digital
KOGAN,KAQLED50XQ98JSTD,LCD (LED),49,0.675,104.0,0.45,0.0,382.0,134.0,154.1,566.0,3.5,4,44-50in,China,Analogue/Digital
MONSTER,MT24HDW-LT22,LCD (LED),24,0.153,15.1,0.2,0.0,66.0,23.0,98.7,431.0,6.0,6,32in & under,China,Analogue/Digital
MONSTER,MT32HDW-LT22,LCD,32,0.274,23.5,0.25,0.0,90.0,32.0,85.8,328.0,6.0,6,32in & under,China,Digital
LINSAR,LSK43WSFW,LCD,43,0.498,44.6,0.35,0.0,172.0,60.0,89.6,345.0,6.0,6,33-43in,China,Analogue/Digital
POLAROID,PL55M4G11,LCD,54,0.821,68.98,0.41,0.0,254.0,89.0,84.0,309.0,6.0,6,51-55in,China,Analogue/Digital
LG,32LN340CBSD,LCD (LED),32,0.274,33.0,0.4,0.0,123.0,43.0,120.4,449.0,5.0,5,32in & under,Indonesia,Analogue/Digital
ALTIUS,AT24HDW-BCF,LCD,24,0.153,15.1,0.2,0.0,66.0,23.0,98.7,431.0,6.0,6,32in & under,China,Analogue/Digital
KODAK,KD32WOS2,LCD,32,0.274,23.5,0.25,0.0,90.0,32.0,85.8,328.0,6.0,6,32in & under,China,Digital
ALTIUS,AT32HDW-BCF,LCD,32,0.274,23.5,0.25,0.0,90.0,32.0,85.8,328.0,6.0,6,32in & under,China,Digital
KOGAN,KALED42RF7510SPA,LCD (LED),42,0.468,44.2,,,180.0,63.0,94.4,385.0,5.5,6,33-43in,China,Analogue/Digital
TEAC,LEV32A423,LCD (LED),32,0.274,33.3,,,124.0,43.0,121.5,453.0,5.0,5,32in & under,China,Analogue/Digital
TEAC,LEV32A422,LCD (LED),32,0.274,33.3,,,124.0,43.0,121.5,453.0,5.0,5,32in & under,China,Analogue/Digital
TEAC,LEV32A *423 *422,LCD (LED),32,0.274,33.3,,,124.0,43.0,121.5,453.0,5.0,5,32in & under,China,Analogue/Digital
AKAI,AK5022S7TZN,LCD,49,0.675,56.7,0.39,0.0,225.0,79.0,84.0,333.0,6.0,6,44-50in,China,Analogue/Digital
KOGAN,KALED42RF7510SPB,LCD (LED),42,0.468,44.2,,,180.0,63.0,94.4,385.0,5.5,6,33-43in,China,Analogue/Digital
KOGAN,KALED42RF7510SPC,LCD (LED),42,0.468,44.2,,,180.0,63.0,94.4,385.0,5.5,6,33-43in,China,Analogue/Digital
KOGAN,KALED42RF7510SPD,LCD (LED),42,0.468,44.2,,,180.0,63.0,94.4,385.0,5.5,6,33-43in,China,Analogue/Digital
KOGAN,KALED42RF7510SP*,LCD (LED),42,0.468,44.2,,,180.0,63.0,94.4,385.0,5.5,6,33-43in,China,Analogue/Digital
TEAC,LEV24A422,LCD (LED),32,0.274,33.3,,,124.0,43.0,121.5,453.0,5.0,5,32in & under,China,Analogue/Digital
SONY,XR-77A80L,OLED,77,1.621,169.7,0.5,28.7,629.0,220.0,104.7,388.0,5.0,5,76-85in,Malaysia,Analogue/Digital
KOGAN,KALED43RF9820STA,LCD (LED),42,0.497,55.0,0.4,0.0,203.0,71.0,110.7,408.0,5.0,5,33-43in,China,Analogue/Digital
KOGAN,KALED43RF9820STB,LCD (LED),42,0.497,55.0,0.4,0.0,203.0,71.0,110.7,408.0,5.0,5,33-43in,China,Analogue/Digital
KOGAN,KALED43RF9820STC,LCD (LED),42,0.497,55.0,0.4,0.0,203.0,71.0,110.7,408.0,5.0,5,33-43in,China,Analogue/Digital
KOGAN,KALED43RF9820STD,LCD (LED),42,0.497,55.0,0.4,0.0,203.0,71.0,110.7,408.0,5.0,5,33-43in,China,Analogue/Digital
KOGAN,KALED43RF9820STE,LCD (LED),42,0.497,55.0,0.4,0.0,203.0,71.0,110.7,408.0,5.0,5,33-43in,China,Analogue/Digital
SHARP,2T-C32EG1X,LCD (LED),32,0.274,29.15,0.34,6.0,110.0,38.0,106.4,401.0,5.5,6,32in & under,Malaysia,Analogue/Digital
SHARP,2T-C42EG1X,LCD (LED),42,0.468,53.0,0.44,6.0,197.0,69.0,113.2,421.0,5.0,5,33-43in,Malaysia,Analogue/Digital
SHARP,4T-C50DK1X,LCD (LED),49,0.675,84.4,0.46,8.3,312.0,109.0,125.0,462.0,4.5,4,44-50in,Malaysia,Analogue/Digital
SHARP,4T-C70DL1X,LCD (LED),70,1.332,123.94,0.49,8.7,457.0,160.0,93.0,343.0,5.5,6,66-75in,Malaysia,Analogue/Digital
BLAUPUNKT,BP430FSG9700C,LCD,42,0.497,54.04,0.25,0.0,199.0,70.0,108.7,400.0,5.0,5,33-43in,China,Analogue/Digital
KODAK,KD55WOS2,LCD,55,0.823,69.64,0.33,0.0,256.0,90.0,84.6,311.0,6.0,6,51-55in,China,Digital
LINSAR,LS75UHDNF,LCD (LED),75,1.531,127.7,0.51,0.0,469.0,164.0,83.4,306.0,6.0,6,66-75in,China,Analogue/Digital
BLAUPUNKT,BP58WOS,LCD (LED),58,0.916,105.156,0.3485,0.35129,405.0,142.0,114.8,442.0,4.5,4,56-65in,China,Analogue/Digital
LOEWE,BILD i65,OLED,65,1.144,114.0,0.27,0.8,418.0,146.0,99.7,365.0,5.0,5,56-65in,Germany,Analogue/Digital
LOEWE,BILD i55,OLED,55,0.823,96.5,0.26,0.8,354.0,124.0,117.3,430.0,4.5,4,51-55in,Germany,Analogue/Digital
LOEWE,BILD i48,OLED,48,0.623,74.4,0.3,0.8,274.0,96.0,119.4,440.0,4.5,4,44-50in,Germany,Analogue/Digital
BLAUPUNKT,BP500USG9700,LCD (LED),55,0.823,86.04,0.3706,0.38488,332.0,116.0,104.5,403.0,5.0,5,51-55in,China,Analogue/Digital
SHARP,4T-C60DL1X,LCD (LED),60,0.996,137.0,0.43,9.5,504.0,176.0,137.6,506.0,4.0,4,56-65in,Malaysia,Analogue/Digital
BAUHN,ATV50UHDT-0323,LCD,49,0.675,56.7,0.39,0.0,225.0,79.0,84.0,333.0,6.0,6,44-50in,China,Analogue/Digital
BAUHN,ATV75UHDT-0423,LCD,74,1.53,108.1,,,480.0,168.0,70.7,314.0,6.0,6,66-75in,China,Analogue/Digital
SONY,XR-55X90L,LCD (LED),55,0.823,121.0,0.5,21.6,450.0,158.0,147.0,547.0,3.5,4,51-55in,Malaysia,Analogue/Digital
SONY,XR-65X90L,LCD (LED),65,1.148,144.3,0.5,21.9,535.0,187.0,125.7,466.0,4.0,4,56-65in,Malaysia,Analogue/Digital
LG,OLED42C3PSA,OLED,42,0.476,63.0,0.4,0.0,232.0,81.0,132.4,487.0,4.5,4,33-43in,"Indonesia,South Korea",Analogue/Digital
LG,OLED42C36LA,OLED,42,0.476,63.0,0.4,0.0,232.0,81.0,132.4,487.0,4.5,4,33-43in,"Indonesia,South Korea",Analogue/Digital
LG,OLED48A3PSA,OLED,48,0.623,75.0,0.4,0.0,276.0,97.0,120.4,443.0,4.5,4,44-50in,"Indonesia,South Korea",Analogue/Digital
LG,OLED48A36LA,OLED,48,0.623,75.0,0.4,0.0,276.0,97.0,120.4,443.0,4.5,4,44-50in,"Indonesia,South Korea",Analogue/Digital
LG,OLED48C3PSA,OLED,48,0.623,77.0,0.4,0.0,284.0,99.0,123.6,456.0,4.5,4,44-50in,"Indonesia,South Korea",Analogue/Digital
LG,OLED48C36LA,OLED,48,0.623,77.0,0.4,0.0,284.0,99.0,123.6,456.0,4.5,4,44-50in,"Indonesia,South Korea",Analogue/Digital
LG,OLED55A3PSA,OLED,55,0.823,84.0,0.4,0.0,309.0,108.0,102.1,375.0,5.0,5,51-55in,"Indonesia,South Korea",Analogue/Digital
LG,OLED55A36LA,OLED,55,0.823,84.0,0.4,0.0,309.0,108.0,102.1,375.0,5.0,5,51-55in,"Indonesia,South Korea",Analogue/Digital
LG,OLED55B3PSA,OLED,55,0.823,99.0,0.4,0.0,364.0,127.0,120.3,442.0,4.5,4,51-55in,"Indonesia,South Korea",Analogue/Digital
LG,OLED55B36LA,OLED,55,0.823,99.0,0.4,0.0,364.0,127.0,120.3,442.0,4.5,4,51-55in,"Indonesia,South Korea",Analogue/Digital
LG,OLED55C3PSA,OLED,55,0.823,95.0,0.4,0.0,349.0,122.0,115.4,424.0,4.5,4,51-55in,"Indonesia,South Korea",Analogue/Digital
LG,OLED55C36LA,OLED,55,0.823,95.0,0.4,0.0,349.0,122.0,115.4,424.0,4.5,4,51-55in,"Indonesia,South Korea",Analogue/Digital
LG,OLED55G3PSA,OLED,55,0.823,115.0,0.4,0.0,422.0,148.0,139.7,513.0,4.0,4,51-55in,"Indonesia,South Korea",Analogue/Digital
LG,OLED55G36LA,OLED,55,0.823,115.0,0.4,0.0,422.0,148.0,139.7,513.0,4.0,4,51-55in,"Indonesia,South Korea",Analogue/Digital
LG,OLED65A3PSA,OLED,65,1.148,103.0,0.4,0.0,378.0,132.0,89.7,329.0,5.5,6,56-65in,"Indonesia,South Korea",Analogue/Digital
LG,OLED65A36LA,OLED,65,1.148,103.0,0.4,0.0,378.0,132.0,89.7,329.0,5.5,6,56-65in,"Indonesia,South Korea",Analogue/Digital
LG,OLED65B3PSA,OLED,65,1.148,121.0,0.4,0.0,444.0,155.0,105.4,387.0,5.0,5,56-65in,"Indonesia,South Korea",Analogue/Digital
LG,OLED65B36LA,OLED,65,1.148,121.0,0.4,0.0,444.0,155.0,105.4,387.0,5.0,5,56-65in,"Indonesia,South Korea",Analogue/Digital
LG,OLED65C3PSA,OLED,65,1.148,112.0,0.4,0.0,411.0,144.0,97.6,358.0,5.5,6,56-65in,"Indonesia,South Korea",Analogue/Digital
LG,OLED65C36LA,OLED,65,1.148,112.0,0.4,0.0,411.0,144.0,97.6,358.0,5.5,6,56-65in,"Indonesia,South Korea",Analogue/Digital
LG,OLED65G3PSA,OLED,65,1.148,145.0,0.4,0.0,532.0,186.0,126.3,463.0,4.0,4,56-65in,"Indonesia,South Korea",Analogue/Digital
LG,OLED65G36LA,OLED,65,1.148,145.0,0.4,0.0,532.0,186.0,126.3,463.0,4.0,4,56-65in,"Indonesia,South Korea",Analogue/Digital
LG,OLED77B3PSA,OLED,77,1.62,158.0,0.4,0.0,579.0,203.0,97.5,357.0,5.0,5,76-85in,"Indonesia,South Korea",Analogue/Digital
LG,OLED77B36LA,OLED,77,1.62,158.0,0.4,0.0,579.0,203.0,97.5,357.0,5.0,5,76-85in,"Indonesia,South Korea",Analogue/Digital
LG,OLED77C3PSA,OLED,77,1.62,153.0,0.4,0.0,561.0,196.0,94.4,346.0,5.5,6,76-85in,"Indonesia,South Korea",Analogue/Digital
LG,OLED77C36LA,OLED,77,1.62,153.0,0.4,0.0,561.0,196.0,94.4,346.0,5.5,6,76-85in,"Indonesia,South Korea",Analogue/Digital
LG,OLED77G3PSA,OLED,77,1.62,196.0,0.4,0.0,718.0,251.0,121.0,443.0,4.5,4,76-85in,"Indonesia,South Korea",Analogue/Digital
LG,OLED77G36LA,OLED,77,1.62,196.0,0.4,0.0,718.0,251.0,121.0,443.0,4.5,4,76-85in,"Indonesia,South Korea",Analogue/Digital
LG,OLED77Z3PSA,OLED,77,1.62,238.0,0.4,0.0,871.0,305.0,146.9,538.0,3.5,4,76-85in,"Indonesia,South Korea",Analogue/Digital
LG,OLED83C3PSA,OLED,83,1.877,179.0,0.4,0.0,656.0,230.0,95.4,349.0,5.5,6,76-85in,"Indonesia,South Korea",Analogue/Digital
LG,OLED83C36LA,OLED,83,1.877,179.0,0.4,0.0,656.0,230.0,95.4,349.0,5.5,6,76-85in,"Indonesia,South Korea",Analogue/Digital
LG,OLED83G3PSA,OLED,83,1.877,181.0,0.4,0.0,663.0,232.0,96.4,353.0,5.5,6,76-85in,"Indonesia,South Korea",Analogue/Digital
LG,OLED83G36LA,OLED,83,1.877,181.0,0.4,0.0,663.0,232.0,96.4,353.0,5.5,6,76-85in,"Indonesia,South Korea",Analogue/Digital
BAUHN,ATV24HDG-0223,LCD (LED),24,0.153,16.17,0.25,0.0,84.0,29.0,105.7,549.0,5.0,5,32in & under,China,Analogue/Digital
SONY,KD-75X80L,LCD (LED),75,1.531,187.9,0.5,13.3,692.0,242.0,122.7,452.0,4.0,4,66-75in,Malaysia,Analogue/Digital
SONY,KD-85X80L,LCD (LED),85,1.971,238.7,0.5,15.0,878.0,307.0,121.1,445.0,4.0,4,76-85in,Malaysia,Analogue/Digital
SAMSUNG,QA65Q60CAW,LCD (LED),65,1.148,107.0,0.5,0.0,394.0,138.0,93.2,343.0,5.5,6,56-65in,Vietnam,Digital
SAMSUNG,QA65Q60CAS,LCD (LED),65,1.148,107.0,0.5,0.0,394.0,138.0,93.2,343.0,5.5,6,56-65in,Vietnam,Digital
SAMSUNG,QA65Q63CAS,LCD (LED),65,1.148,107.0,0.5,0.0,394.0,138.0,93.2,343.0,5.5,6,56-65in,Vietnam,Digital
SAMSUNG,QA65Q6*CA*,LCD (LED),65,1.148,107.0,0.5,0.0,394.0,138.0,93.2,343.0,5.5,6,56-65in,Vietnam,Digital
YOKOHAMA,YOKT55Q8,LCD,55,0.829,75.58,,,278.0,97.0,91.2,335.0,5.5,6,51-55in,Australia,Analogue/Digital
YOKOHAMA,YOKT65Q8,LCD,65,1.148,148.05,,,542.0,190.0,129.0,472.0,4.0,4,56-65in,Australia,Analogue/Digital
SAMSUNG,QA50Q60CAS,LCD (LED),49,0.675,76.0,0.5,0.0,280.0,98.0,112.6,415.0,5.0,5,44-50in,Vietnam,Digital
SAMSUNG,QA50Q63CAS,LCD (LED),49,0.675,76.0,0.5,0.0,280.0,98.0,112.6,415.0,5.0,5,44-50in,Vietnam,Digital
SAMSUNG,QA50Q6*CA*,LCD (LED),49,0.675,76.0,0.5,0.0,280.0,98.0,112.6,415.0,5.0,5,44-50in,Vietnam,Digital
LG,50QNED81SRA,LCD (LED),49,0.675,80.0,0.4,0.0,295.0,103.0,118.5,437.0,4.5,4,44-50in,"Indonesia,South Korea",Analogue/Digital
LG,50QNED816RA,LCD (LED),49,0.675,80.0,0.4,0.0,295.0,103.0,118.5,437.0,4.5,4,44-50in,"Indonesia,South Korea",Analogue/Digital
LG,55QNED81SRA,LCD (LED),55,0.823,94.0,0.4,0.0,346.0,121.0,114.2,420.0,4.5,4,51-55in,"Indonesia,South Korea",Analogue/Digital
LG,55QNED816RA,LCD (LED),55,0.823,94.0,0.4,0.0,346.0,121.0,114.2,420.0,4.5,4,51-55in,"Indonesia,South Korea",Analogue/Digital
LG,65QNED81SRA,LCD (LED),65,1.148,118.0,0.4,0.0,433.0,152.0,102.8,377.0,5.0,5,56-65in,"Indonesia,South Korea",Analogue/Digital
LG,65QNED816RA,LCD (LED),65,1.148,118.0,0.4,0.0,433.0,152.0,102.8,377.0,5.0,5,56-65in,"Indonesia,South Korea",Analogue/Digital
LG,75QNED81SRA,LCD (LED),75,1.531,134.0,0.4,0.0,492.0,172.0,87.5,321.0,5.5,6,66-75in,"Indonesia,South Korea",Analogue/Digital
LG,75QNED816RA,LCD (LED),75,1.531,134.0,0.4,0.0,492.0,172.0,87.5,321.0,5.5,6,66-75in,"Indonesia,South Korea",Analogue/Digital
LG,86QNED81SRA,LCD (LED),86,2.02,198.0,0.4,0.0,725.0,254.0,98.0,359.0,5.0,5,86in+,"Indonesia,South Korea",Analogue/Digital
LG,86QNED816RA,LCD (LED),86,2.02,198.0,0.4,0.0,725.0,254.0,98.0,359.0,5.0,5,86in+,"Indonesia,South Korea",Analogue/Digital
SAMSUNG,QA43Q60CAS,LCD (LED),43,0.498,70.0,0.5,0.0,259.0,91.0,140.6,520.0,4.0,4,33-43in,Vietnam,Digital
SAMSUNG,QA43Q63CAS,LCD (LED),43,0.498,70.0,0.5,0.0,259.0,91.0,140.6,520.0,4.0,4,33-43in,Vietnam,Digital
SAMSUNG,QA43Q6*CA*,LCD (LED),43,0.498,70.0,0.5,0.0,259.0,91.0,140.6,520.0,4.0,4,33-43in,Vietnam,Digital
SAMSUNG,QA55Q60CAW,LCD (LED),55,0.823,87.0,0.5,0.0,321.0,112.0,105.7,390.0,5.0,5,51-55in,Vietnam,Digital
SAMSUNG,QA55Q60CAS,LCD (LED),55,0.823,87.0,0.5,0.0,321.0,112.0,105.7,390.0,5.0,5,51-55in,Vietnam,Digital
SAMSUNG,QA55Q63CAS,LCD (LED),55,0.823,87.0,0.5,0.0,321.0,112.0,105.7,390.0,5.0,5,51-55in,Vietnam,Digital
SAMSUNG,QA55Q6*CA*,LCD (LED),55,0.823,87.0,0.5,0.0,321.0,112.0,105.7,390.0,5.0,5,51-55in,Vietnam,Digital
SAMSUNG,QA50QN90CAW,LCD (LED),49,0.675,94.0,0.5,0.0,346.0,121.0,139.3,513.0,4.0,4,44-50in,Vietnam,Digital
SAMSUNG,QA50QN90CAS,LCD (LED),49,0.675,94.0,0.5,0.0,346.0,121.0,139.3,513.0,4.0,4,44-50in,Vietnam,Digital
SAMSUNG,QA50QN90CA*,LCD (LED),49,0.675,94.0,0.5,0.0,346.0,121.0,139.3,513.0,4.0,4,44-50in,Vietnam,Digital
SAMSUNG,QA55QN90CAW,LCD (LED),55,0.823,113.0,0.5,0.0,416.0,146.0,137.3,505.0,4.0,4,51-55in,Vietnam,Digital
SAMSUNG,QA55QN90CAS,LCD (LED),55,0.823,113.0,0.5,0.0,416.0,146.0,137.3,505.0,4.0,4,51-55in,Vietnam,Digital
SAMSUNG,QA55QN90CA*,LCD (LED),55,0.823,113.0,0.5,0.0,416.0,146.0,137.3,505.0,4.0,4,51-55in,Vietnam,Digital
SONY,KD-55X85L,LCD (LED),55,0.823,107.0,0.5,10.2,396.0,139.0,130.0,481.0,4.0,4,51-55in,Malaysia,Analogue/Digital
SONY,KD-65X85L,LCD (LED),65,1.148,144.6,0.5,11.2,533.0,187.0,126.0,464.0,4.0,4,56-65in,Malaysia,Analogue/Digital
PRISM+,Q55U,LCD (LED),55,0.823,73.254,,,304.0,106.0,89.0,369.0,5.5,6,51-55in,China,Analogue/Digital
SAMSUNG,QA85Q60CAW,LCD (LED),85,1.971,173.0,0.5,0.0,635.0,222.0,87.8,322.0,5.5,6,76-85in,Vietnam,Digital
SAMSUNG,QA85Q60CAS,LCD (LED),85,1.971,173.0,0.5,0.0,635.0,222.0,87.8,322.0,5.5,6,76-85in,Vietnam,Digital
SAMSUNG,QA85Q6*CA*,LCD (LED),85,1.971,173.0,0.5,0.0,635.0,222.0,87.8,322.0,5.5,6,76-85in,Vietnam,Digital
SAMSUNG,QA65QN90CAW,LCD (LED),65,1.148,155.0,0.5,0.0,569.0,199.0,135.0,496.0,4.0,4,56-65in,Vietnam,Digital
SAMSUNG,QA65QN90CAS,LCD (LED),65,1.148,155.0,0.5,0.0,569.0,199.0,135.0,496.0,4.0,4,56-65in,Vietnam,Digital
SAMSUNG,QA65QN90CA*,LCD (LED),65,1.148,155.0,0.5,0.0,569.0,199.0,135.0,496.0,4.0,4,56-65in,Vietnam,Digital
SAMSUNG,QA75QN90CAW,LCD (LED),75,1.532,186.0,0.5,0.0,682.0,239.0,121.4,445.0,4.5,4,66-75in,Vietnam,Digital
SAMSUNG,QA75QN90CAS,LCD (LED),75,1.532,186.0,0.5,0.0,682.0,239.0,121.4,445.0,4.5,4,66-75in,Vietnam,Digital
SAMSUNG,QA75QN90CA*,LCD (LED),75,1.532,186.0,0.5,0.0,682.0,239.0,121.4,445.0,4.5,4,66-75in,Vietnam,Digital
LG,43UR8050PSB,LCD (LED),43,0.498,73.0,0.4,0.0,269.0,94.0,146.6,540.0,4.0,4,33-43in,"Indonesia,South Korea",Analogue/Digital
LG,43UR80006LJ,LCD (LED),43,0.498,73.0,0.4,0.0,269.0,94.0,146.6,540.0,4.0,4,33-43in,"Indonesia,South Korea",Analogue/Digital
LG,50UR8050PSB,LCD (LED),49,0.675,78.0,0.4,0.0,287.0,100.0,115.6,425.0,4.5,4,44-50in,"Indonesia,South Korea",Analogue/Digital
LG,50UR80006LJ,LCD (LED),49,0.675,78.0,0.4,0.0,287.0,100.0,115.6,425.0,4.5,4,44-50in,"Indonesia,South Korea",Analogue/Digital
LG,55UR8050PSB,LCD (LED),55,0.823,97.0,0.4,0.0,357.0,125.0,117.9,434.0,4.5,4,51-55in,"Indonesia,South Korea",Analogue/Digital
LG,55UR80006LJ,LCD (LED),55,0.823,97.0,0.4,0.0,357.0,125.0,117.9,434.0,4.5,4,51-55in,"Indonesia,South Korea",Analogue/Digital
LG,65UR8050PSB,LCD (LED),65,1.148,127.0,0.4,0.0,466.0,163.0,110.6,406.0,4.5,4,56-65in,"Indonesia,South Korea",Analogue/Digital
LG,65UR80006LJ,LCD (LED),65,1.148,127.0,0.4,0.0,466.0,163.0,110.6,406.0,4.5,4,56-65in,"Indonesia,South Korea",Analogue/Digital
LG,75UR8050PSB,LCD (LED),75,1.531,165.0,0.4,0.0,605.0,212.0,107.8,395.0,5.0,5,66-75in,"Indonesia,South Korea",Analogue/Digital
LG,86UR8050PSB,LCD (LED),86,2.02,250.0,0.4,0.0,915.0,320.0,123.8,453.0,4.0,4,86in+,"Indonesia,South Korea",Analogue/Digital
SAMSUNG,QA43QN90CAW,LCD (LED),43,0.498,70.0,0.5,0.0,259.0,91.0,140.6,520.0,4.0,4,33-43in,Vietnam,Digital
SAMSUNG,QA43QN90CAS,LCD (LED),43,0.498,70.0,0.5,0.0,259.0,91.0,140.6,520.0,4.0,4,33-43in,Vietnam,Digital
SAMSUNG,QA43QN90CA*,LCD (LED),43,0.498,70.0,0.5,0.0,259.0,91.0,140.6,520.0,4.0,4,33-43in,Vietnam,Digital
SONY,XR-75X90L,LCD (LED),75,1.531,159.3,0.5,21.1,589.0,206.0,104.0,385.0,5.0,5,66-75in,Malaysia,Analogue/Digital
PRISM+,Q65U,LCD (LED),65,1.148,110.448,,,465.0,163.0,96.2,405.0,5.0,5,56-65in,China,Analogue/Digital
SAMSUNG,QA65QN85CAW,LCD (LED),65,1.148,137.0,0.5,0.0,503.0,176.0,119.3,438.0,4.5,4,56-65in,Vietnam,Digital
SAMSUNG,QA65QN85CAS,LCD (LED),65,1.148,137.0,0.5,0.0,503.0,176.0,119.3,438.0,4.5,4,56-65in,Vietnam,Digital
SAMSUNG,QA65QN85CA*,LCD (LED),65,1.148,137.0,0.5,0.0,503.0,176.0,119.3,438.0,4.5,4,56-65in,Vietnam,Digital
SAMSUNG,QA75QN85CAW,LCD (LED),75,1.532,153.0,0.5,0.0,562.0,197.0,99.9,367.0,5.0,5,66-75in,Vietnam,Digital
SAMSUNG,QA75QN85CAS,LCD (LED),75,1.532,153.0,0.5,0.0,562.0,197.0,99.9,367.0,5.0,5,66-75in,Vietnam,Digital
SAMSUNG,QA75QN85CA*,LCD (LED),75,1.532,153.0,0.5,0.0,562.0,197.0,99.9,367.0,5.0,5,66-75in,Vietnam,Digital
SAMSUNG,UA43CU8000W,LCD (LED),43,0.498,70.0,0.5,0.0,259.0,91.0,140.6,520.0,4.0,4,33-43in,Vietnam,Digital
SAMSUNG,UA43CU8000S,LCD (LED),43,0.498,70.0,0.5,0.0,259.0,91.0,140.6,520.0,4.0,4,33-43in,Vietnam,Digital
SAMSUNG,UA43CU8500S,LCD (LED),43,0.498,70.0,0.5,0.0,259.0,91.0,140.6,520.0,4.0,4,33-43in,Vietnam,Digital
SAMSUNG,UA43CU8*00*,LCD (LED),43,0.498,70.0,0.5,0.0,259.0,91.0,140.6,520.0,4.0,4,33-43in,Vietnam,Digital
SAMSUNG,UA50CU8000W,LCD (LED),50,0.676,89.0,0.5,0.0,328.0,115.0,131.7,485.0,4.0,4,44-50in,Vietnam,Digital
SAMSUNG,UA50CU8000S,LCD (LED),50,0.676,89.0,0.5,0.0,328.0,115.0,131.7,485.0,4.0,4,44-50in,Vietnam,Digital
SAMSUNG,UA50CU8500S,LCD (LED),50,0.676,89.0,0.5,0.0,328.0,115.0,131.7,485.0,4.0,4,44-50in,Vietnam,Digital
SAMSUNG,UA50CU8*00*,LCD (LED),50,0.676,89.0,0.5,0.0,328.0,115.0,131.7,485.0,4.0,4,44-50in,Vietnam,Digital
SAMSUNG,UA55CU8000W,LCD (LED),55,0.823,98.0,0.5,0.0,361.0,126.0,119.1,439.0,4.5,4,51-55in,Vietnam,Digital
SAMSUNG,UA55CU8000S,LCD (LED),55,0.823,98.0,0.5,0.0,361.0,126.0,119.1,439.0,4.5,4,51-55in,Vietnam,Digital
SAMSUNG,UA55CU8500S,LCD (LED),55,0.823,98.0,0.5,0.0,361.0,126.0,119.1,439.0,4.5,4,51-55in,Vietnam,Digital
SAMSUNG,UA55CU8*00*,LCD (LED),55,0.823,98.0,0.5,0.0,361.0,126.0,119.1,439.0,4.5,4,51-55in,Vietnam,Digital
SAMSUNG,UA65CU8000W,LCD (LED),65,1.148,123.0,0.5,0.0,452.0,158.0,107.1,394.0,5.0,5,56-65in,Vietnam,Digital
SAMSUNG,UA65CU8000S,LCD (LED),65,1.148,123.0,0.5,0.0,452.0,158.0,107.1,394.0,5.0,5,56-65in,Vietnam,Digital
SAMSUNG,UA65CU8500S,LCD (LED),65,1.148,123.0,0.5,0.0,452.0,158.0,107.1,394.0,5.0,5,56-65in,Vietnam,Digital
SAMSUNG,UA65CU8*00*,LCD (LED),65,1.148,123.0,0.5,0.0,452.0,158.0,107.1,394.0,5.0,5,56-65in,Vietnam,Digital
EKO,K42FSW2,LCD,42,0.468,70.2,0.67,0.0,260.0,91.0,150.0,556.0,3.5,4,33-43in,China,Digital
SAMSUNG,QA75Q70CAW,LCD (LED),75,1.532,158.0,0.5,0.0,580.0,203.0,103.1,379.0,5.0,5,66-75in,Vietnam,Digital
SAMSUNG,QA75Q70CAS,LCD (LED),75,1.532,158.0,0.5,0.0,580.0,203.0,103.1,379.0,5.0,5,66-75in,Vietnam,Digital
SAMSUNG,QA75Q70CA*,LCD (LED),75,1.532,158.0,0.5,0.0,580.0,203.0,103.1,379.0,5.0,5,66-75in,Vietnam,Digital
SAMSUNG,QA85QN90CAW,LCD (LED),85,1.971,245.0,0.5,0.0,897.0,314.0,124.3,455.0,4.0,4,76-85in,Vietnam,Digital
SAMSUNG,QA85QN90CAS,LCD (LED),85,1.971,245.0,0.5,0.0,897.0,314.0,124.3,455.0,4.0,4,76-85in,Vietnam,Digital
SAMSUNG,QA85QN90CA*,LCD (LED),85,1.971,245.0,0.5,0.0,897.0,314.0,124.3,455.0,4.0,4,76-85in,Vietnam,Digital
SAMSUNG,QA55Q80CAW,LCD (LED),55,0.823,112.0,0.5,0.0,412.0,144.0,136.1,501.0,4.0,4,51-55in,Vietnam,Digital
SAMSUNG,QA55Q80CAS,LCD (LED),55,0.823,112.0,0.5,0.0,412.0,144.0,136.1,501.0,4.0,4,51-55in,Vietnam,Digital
SAMSUNG,QA55Q80CA*,LCD (LED),55,0.823,112.0,0.5,0.0,412.0,144.0,136.1,501.0,4.0,4,51-55in,Vietnam,Digital
SAMSUNG,QA32LS03CBW,LCD (LED),31,0.274,43.0,0.5,0.0,160.0,56.0,156.9,584.0,4.0,4,32in & under,Vietnam,Digital
SAMSUNG,QA85QN85CAW,LCD (LED),85,1.971,206.0,0.5,0.0,755.0,264.0,104.5,383.0,5.0,5,76-85in,Vietnam,Digital
SAMSUNG,QA85QN85CAS,LCD (LED),85,1.971,206.0,0.5,0.0,755.0,264.0,104.5,383.0,5.0,5,76-85in,Vietnam,Digital
SAMSUNG,QA85QN85CA*,LCD (LED),85,1.971,206.0,0.5,0.0,755.0,264.0,104.5,383.0,5.0,5,76-85in,Vietnam,Digital
SAMSUNG,QA65QN800CW,LCD (LED),65,1.148,263.0,0.5,0.0,963.0,337.0,229.1,839.0,1.5,2,56-65in,Vietnam,Digital
SAMSUNG,QA65QN800CS,LCD (LED),65,1.148,263.0,0.5,0.0,963.0,337.0,229.1,839.0,1.5,2,56-65in,Vietnam,Digital
SAMSUNG,QA65QN800C*,LCD (LED),65,1.148,263.0,0.5,0.0,963.0,337.0,229.1,839.0,1.5,2,56-65in,Vietnam,Digital
SAMSUNG,QA75QN800CW,LCD (LED),75,1.532,292.0,0.5,0.0,1069.0,374.0,190.6,698.0,2.5,2,66-75in,Vietnam,Digital
SAMSUNG,QA75QN800CS,LCD (LED),75,1.532,292.0,0.5,0.0,1069.0,374.0,190.6,698.0,2.5,2,66-75in,Vietnam,Digital
SAMSUNG,QA75QN800C*,LCD (LED),75,1.532,292.0,0.5,0.0,1069.0,374.0,190.6,698.0,2.5,2,66-75in,Vietnam,Digital
SAMSUNG,UA75CU8000W,LCD (LED),75,1.532,165.0,0.5,0.0,605.0,212.0,107.7,395.0,5.0,5,66-75in,Vietnam,Digital
SAMSUNG,UA75CU8000S,LCD (LED),75,1.532,165.0,0.5,0.0,605.0,212.0,107.7,395.0,5.0,5,66-75in,Vietnam,Digital
SAMSUNG,UA75CU8000*,LCD (LED),75,1.532,165.0,0.5,0.0,605.0,212.0,107.7,395.0,5.0,5,66-75in,Vietnam,Digital
SAMSUNG,QA85Q70CAW,LCD (LED),85,1.971,216.0,0.5,0.0,791.0,277.0,109.6,401.0,4.5,4,76-85in,Vietnam,Digital
SAMSUNG,QA85Q70CAS,LCD (LED),85,1.971,216.0,0.5,0.0,791.0,277.0,109.6,401.0,4.5,4,76-85in,Vietnam,Digital
SAMSUNG,QA85Q70CA*,LCD (LED),85,1.971,216.0,0.5,0.0,791.0,277.0,109.6,401.0,4.5,4,76-85in,Vietnam,Digital
SAMSUNG,QA65Q80CAW,LCD (LED),65,1.148,153.0,0.5,0.0,562.0,197.0,133.3,490.0,4.0,4,56-65in,Vietnam,Digital
SAMSUNG,QA65Q80CAS,LCD (LED),65,1.148,153.0,0.5,0.0,562.0,197.0,133.3,490.0,4.0,4,56-65in,Vietnam,Digital
SAMSUNG,QA65Q80CA*,LCD (LED),65,1.148,153.0,0.5,0.0,562.0,197.0,133.3,490.0,4.0,4,56-65in,Vietnam,Digital
SAMSUNG,QA75Q80CAW,LCD (LED),75,1.532,203.0,0.5,0.0,744.0,260.0,132.5,486.0,4.0,4,66-75in,Vietnam,Digital
SAMSUNG,QA75Q80CAS,LCD (LED),75,1.532,203.0,0.5,0.0,744.0,260.0,132.5,486.0,4.0,4,66-75in,Vietnam,Digital
SAMSUNG,QA75Q80CA*,LCD (LED),75,1.532,203.0,0.5,0.0,744.0,260.0,132.5,486.0,4.0,4,66-75in,Vietnam,Digital
SAMSUNG,QA85Q80CAW,LCD (LED),85,1.971,259.0,0.5,0.0,948.0,332.0,131.4,481.0,4.0,4,76-85in,Vietnam,Digital
SAMSUNG,QA85Q80CAS,LCD (LED),85,1.971,259.0,0.5,0.0,948.0,332.0,131.4,481.0,4.0,4,76-85in,Vietnam,Digital
SAMSUNG,QA85Q80CA*,LCD (LED),85,1.971,259.0,0.5,0.0,948.0,332.0,131.4,481.0,4.0,4,76-85in,Vietnam,Digital
SAMSUNG,QA55Q70CAW,LCD (LED),55,0.823,114.0,0.5,0.0,419.0,147.0,138.5,509.0,4.0,4,51-55in,Vietnam,Digital
SAMSUNG,QA55Q70CAS,LCD (LED),55,0.823,114.0,0.5,0.0,419.0,147.0,138.5,509.0,4.0,4,51-55in,Vietnam,Digital
SAMSUNG,QA55Q70CA*,LCD (LED),55,0.823,114.0,0.5,0.0,419.0,147.0,138.5,509.0,4.0,4,51-55in,Vietnam,Digital
SAMSUNG,QA65Q70CAW,LCD (LED),65,1.148,145.0,0.5,0.0,532.0,186.0,126.3,463.0,4.0,4,56-65in,Vietnam,Digital
SAMSUNG,QA65Q70CAS,LCD (LED),65,1.148,145.0,0.5,0.0,532.0,186.0,126.3,463.0,4.0,4,56-65in,Vietnam,Digital
SAMSUNG,QA65Q70CA*,LCD (LED),65,1.148,145.0,0.5,0.0,532.0,186.0,126.3,463.0,4.0,4,56-65in,Vietnam,Digital
SAMSUNG,QA75QN900CW,LCD (LED),75,1.532,340.0,0.5,0.0,1244.0,435.0,221.9,812.0,1.5,2,66-75in,Vietnam,Digital
SAMSUNG,QA75QN900CS,LCD (LED),75,1.532,340.0,0.5,0.0,1244.0,435.0,221.9,812.0,1.5,2,66-75in,Vietnam,Digital
SAMSUNG,QA75QN900C*,LCD (LED),75,1.532,340.0,0.5,0.0,1244.0,435.0,221.9,812.0,1.5,2,66-75in,Vietnam,Digital
SAMSUNG,QA65QN700CS,LCD (LED),65,1.148,190.0,0.5,0.0,697.0,244.0,165.5,607.0,3.0,3,56-65in,Vietnam,Digital
SAMSUNG,QA85QN900CW,LCD (LED),85,1.971,373.0,0.5,0.0,1365.0,478.0,189.2,693.0,2.0,2,76-85in,Vietnam,Digital
SAMSUNG,QA85QN900CS,LCD (LED),85,1.971,373.0,0.5,0.0,1365.0,478.0,189.2,693.0,2.0,2,76-85in,Vietnam,Digital
SAMSUNG,QA85QN900C*,LCD (LED),85,1.971,373.0,0.5,0.0,1365.0,478.0,189.2,693.0,2.0,2,76-85in,Vietnam,Digital
LG,43UR78006LL,LCD (LED),43,0.498,73.0,0.4,0.0,269.0,94.0,146.6,540.0,4.0,4,33-43in,"Indonesia,South Korea",Analogue/Digital
LG,50UR78006LL,LCD (LED),49,0.675,78.0,0.4,0.0,287.0,100.0,115.6,425.0,4.5,4,44-50in,"Indonesia,South Korea",Analogue/Digital
LG,55UR78006LL,LCD (LED),55,0.823,97.0,0.4,0.0,357.0,125.0,117.9,434.0,4.5,4,51-55in,"Indonesia,South Korea",Analogue/Digital
LG,65UR78006LL,LCD (LED),65,1.148,127.0,0.4,0.0,466.0,163.0,110.6,406.0,4.5,4,56-65in,"Indonesia,South Korea",Analogue/Digital
SAMSUNG,QA65QN95CAW,LCD (LED),65,1.148,155.0,0.5,0.0,569.0,199.0,135.0,496.0,4.0,4,56-65in,Vietnam,Digital
SAMSUNG,QA65QN95CAS,LCD (LED),65,1.148,155.0,0.5,0.0,569.0,199.0,135.0,496.0,4.0,4,56-65in,Vietnam,Digital
SAMSUNG,QA65QN95CA*,LCD (LED),65,1.148,155.0,0.5,0.0,569.0,199.0,135.0,496.0,4.0,4,56-65in,Vietnam,Digital
SAMSUNG,QA50Q80CAS,LCD (LED),50,0.676,93.0,0.5,0.0,343.0,120.0,137.6,507.0,4.0,4,44-50in,Vietnam,Digital
SAMSUNG,QA75QN700CS,LCD (LED),75,1.532,214.0,0.5,0.0,784.0,274.0,139.7,512.0,3.5,4,66-75in,Vietnam,Digital
SAMSUNG,QA85QN800CW,LCD (LED),85,1.971,303.0,0.5,0.0,1109.0,388.0,153.7,563.0,3.0,3,76-85in,Vietnam,Digital
SAMSUNG,QA85QN800CS,LCD (LED),85,1.971,303.0,0.5,0.0,1109.0,388.0,153.7,563.0,3.0,3,76-85in,Vietnam,Digital
SAMSUNG,QA85QN800C*,LCD (LED),85,1.971,303.0,0.5,0.0,1109.0,388.0,153.7,563.0,3.0,3,76-85in,Vietnam,Digital
SAMSUNG,QA65QN900CW,LCD (LED),65,1.148,280.0,0.5,0.0,1025.0,359.0,243.9,893.0,1.0,1,56-65in,Vietnam,Digital
SAMSUNG,QA65QN900CS,LCD (LED),65,1.148,280.0,0.5,0.0,1025.0,359.0,243.9,893.0,1.0,1,56-65in,Vietnam,Digital
SAMSUNG,QA65QN900C*,LCD (LED),65,1.148,280.0,0.5,0.0,1025.0,359.0,243.9,893.0,1.0,1,56-65in,Vietnam,Digital
SAMSUNG,QA75QN95CAW,LCD (LED),75,1.532,194.0,0.5,0.0,711.0,249.0,126.6,464.0,4.0,4,66-75in,Vietnam,Digital
SAMSUNG,QA75QN95CAS,LCD (LED),75,1.532,194.0,0.5,0.0,711.0,249.0,126.6,464.0,4.0,4,66-75in,Vietnam,Digital
SAMSUNG,QA75QN95CA*,LCD (LED),75,1.532,194.0,0.5,0.0,711.0,249.0,126.6,464.0,4.0,4,66-75in,Vietnam,Digital
SAMSUNG,QA85QN95CAW,LCD (LED),85,1.971,247.0,0.5,0.0,905.0,317.0,125.3,459.0,4.0,4,76-85in,Vietnam,Digital
SAMSUNG,QA85QN95CAS,LCD (LED),85,1.971,247.0,0.5,0.0,905.0,317.0,125.3,459.0,4.0,4,76-85in,Vietnam,Digital
SAMSUNG,QA85QN95CA*,LCD (LED),85,1.971,247.0,0.5,0.0,905.0,317.0,125.3,459.0,4.0,4,76-85in,Vietnam,Digital
SAMSUNG,QA75Q60CAW,LCD (LED),75,1.532,183.0,0.5,0.0,671.0,235.0,119.5,438.0,4.5,4,66-75in,Vietnam,Digital
SAMSUNG,QA75Q60CAS,LCD (LED),75,1.532,183.0,0.5,0.0,671.0,235.0,119.5,438.0,4.5,4,66-75in,Vietnam,Digital
SAMSUNG,QA75Q63CAS,LCD (LED),75,1.532,183.0,0.5,0.0,671.0,235.0,119.5,438.0,4.5,4,66-75in,Vietnam,Digital
SAMSUNG,QA75Q6*CA*,LCD (LED),75,1.532,183.0,0.5,0.0,671.0,235.0,119.5,438.0,4.5,4,66-75in,Vietnam,Digital
SAMSUNG,QA55QN700CS,LCD (LED),55,0.823,168.0,0.5,0.0,616.0,216.0,204.1,748.0,2.0,2,51-55in,Vietnam,Digital
SAMSUNG,UA75CU8500S,LCD (LED),75,1.532,165.0,0.5,0.0,605.0,212.0,107.7,395.0,5.0,5,66-75in,Vietnam,Digital
AKAI,AK5522S7TZN,LCD,55,0.823,68.5,0.43,0.0,272.0,95.0,83.2,330.0,6.0,6,51-55in,China,Analogue/Digital
SONY,KD-75X77L,LCD (LED),75,1.531,214.5,0.5,11.4,789.0,276.0,140.1,515.0,3.5,4,66-75in,Vietnam,Analogue/Digital
SONY,XR-83A80L,OLED,83,1.878,207.0,0.5,26.3,765.0,268.0,110.2,407.0,4.5,4,76-85in,Malaysia,Analogue/Digital
POLAROID,PL40S4G11,LCD,39,0.426,40.0,0.4,0.0,149.0,52.0,93.9,350.0,6.0,6,33-43in,China,Digital
KOGAN,KALED98X98JSTA,LCD (LED),97,2.62,337.0,0.45,0.0,1233.0,432.0,128.6,471.0,4.0,4,86in+,China,Analogue/Digital
KOGAN,KALED32RH9320STA,LCD (LED),31,0.273,28.0,0.35,0.0,104.0,36.0,102.6,381.0,6.0,6,32in & under,China,Analogue/Digital
LG,65QNED86SRA,LCD (LED),65,1.148,125.0,0.4,0.0,459.0,161.0,108.9,400.0,5.0,5,56-65in,"Indonesia,South Korea",Analogue/Digital
LG,65QNED866RA,LCD (LED),65,1.148,125.0,0.4,0.0,459.0,161.0,108.9,400.0,5.0,5,56-65in,"Indonesia,South Korea",Analogue/Digital
LG,75QNED86SRA,LCD (LED),75,1.531,150.0,0.4,0.0,550.0,192.0,98.0,359.0,5.0,5,66-75in,"Indonesia,South Korea",Analogue/Digital
LG,75QNED866RA,LCD (LED),75,1.531,150.0,0.4,0.0,550.0,192.0,98.0,359.0,5.0,5,66-75in,"Indonesia,South Korea",Analogue/Digital
LG,86QNED86SRA,LCD (LED),86,2.02,206.0,0.4,0.0,754.0,264.0,102.0,373.0,5.0,5,86in+,"Indonesia,South Korea",Analogue/Digital
LG,86QNED866RA,LCD (LED),86,2.02,206.0,0.4,0.0,754.0,264.0,102.0,373.0,5.0,5,86in+,"Indonesia,South Korea",Analogue/Digital
BLAUPUNKT,BP650USG9800,LCD,65,1.148,143.934,0.354956,0.3576,554.0,194.0,125.4,483.0,4.0,4,56-65in,China,Analogue/Digital
SONY,KD-55X77L,LCD (LED),55,0.823,129.1,0.5,12.3,477.0,167.0,156.9,580.0,3.5,4,51-55in,Vietnam,Analogue/Digital
SONY,KD-65X77L,LCD (LED),65,1.148,143.6,0.5,11.6,530.0,186.0,125.1,462.0,4.0,4,56-65in,Vietnam,Analogue/Digital
SONY,KD-75X85L,LCD (LED),75,1.531,181.1,0.5,11.4,667.0,233.0,118.3,436.0,4.5,4,66-75in,Malaysia,Analogue/Digital
LG,43UR81006LJ,LCD (LED),43,0.498,73.0,0.4,0.0,269.0,94.0,146.6,540.0,4.0,4,33-43in,"Indonesia,South Korea",Analogue/Digital
LG,50UR81006LJ,LCD (LED),49,0.675,78.0,0.4,0.0,287.0,100.0,115.6,425.0,4.5,4,44-50in,"Indonesia,South Korea",Analogue/Digital
LG,55UR81006LJ,LCD (LED),55,0.823,97.0,0.4,0.0,357.0,125.0,117.9,434.0,4.5,4,51-55in,"Indonesia,South Korea",Analogue/Digital
LG,65UR81006LJ,LCD (LED),65,1.148,127.0,0.4,0.0,466.0,163.0,110.6,406.0,4.5,4,56-65in,"Indonesia,South Korea",Analogue/Digital
LG,75UR80006LJ,LCD (LED),75,1.531,165.0,0.4,0.0,605.0,212.0,107.8,395.0,5.0,5,66-75in,"Indonesia,South Korea",Analogue/Digital
LG,75UR81006LJ,LCD (LED),75,1.531,165.0,0.4,0.0,605.0,212.0,107.8,395.0,5.0,5,66-75in,"Indonesia,South Korea",Analogue/Digital
LG,86UR80006LA,LCD (LED),86,2.02,250.0,0.4,0.0,915.0,320.0,123.8,453.0,4.0,4,86in+,"Indonesia,South Korea",Analogue/Digital
LG,86UR81006LA,LCD (LED),86,2.02,250.0,0.4,0.0,915.0,320.0,123.8,453.0,4.0,4,86in+,"Indonesia,South Korea",Analogue/Digital
SONY,XR-85X95L,LCD (LED),85,1.971,280.7,0.5,28.1,1034.0,362.0,142.4,525.0,3.5,4,76-85in,Micronesia,Analogue/Digital
SONY,XR-65X95L,LCD (LED),65,1.148,214.8,0.5,26.9,793.0,278.0,187.1,691.0,2.5,2,56-65in,Malaysia,Analogue/Digital
SONY,XR-75X95L,LCD (LED),75,1.531,242.5,0.5,26.1,894.0,313.0,158.4,584.0,3.0,3,66-75in,Malaysia,Analogue/Digital
SAMSUNG,QA55S90CAW,LCD (LED),55,0.823,113.0,0.5,0.0,416.0,146.0,137.3,505.0,4.0,4,51-55in,Vietnam,Digital
SAMSUNG,QA55S90CAS,LCD (LED),55,0.823,113.0,0.5,0.0,416.0,146.0,137.3,505.0,4.0,4,51-55in,Vietnam,Digital
SONY,KD-43X77L,LCD (LED),42,0.498,77.5,0.5,9.7,288.0,101.0,155.6,578.0,3.5,4,33-43in,Vietnam,Analogue/Digital
SONY,KD-50X77L,LCD (LED),49,0.675,93.8,0.5,12.3,348.0,122.0,139.0,516.0,4.0,4,44-50in,Vietnam,Analogue/Digital
SAMSUNG,QA55S90CA*,LCD (LED),55,0.823,113.0,0.5,0.0,416.0,146.0,137.3,505.0,4.0,4,51-55in,Vietnam,Digital
SAMSUNG,QA65S90CAW,LCD (LED),65,1.148,154.0,0.5,0.0,565.0,198.0,134.1,492.0,4.0,4,56-65in,Vietnam,Digital
SAMSUNG,QA65S90CAS,LCD (LED),65,1.148,154.0,0.5,0.0,565.0,198.0,134.1,492.0,4.0,4,56-65in,Vietnam,Digital
SAMSUNG,QA65S90CA*,LCD (LED),65,1.148,154.0,0.5,0.0,565.0,198.0,134.1,492.0,4.0,4,56-65in,Vietnam,Digital
FFALCON,FF32RS52,LCD (LED),31,0.273,24.1,0.342,0.0,99.0,35.0,88.3,363.0,6.0,6,32in & under,China,Digital
SONY,XR-85X90L,LCD (LED),85,1.971,201.6,0.5,22.8,744.0,260.0,102.3,377.0,5.0,5,76-85in,Malaysia,Analogue/Digital
LG,OLED42C34LA,OLED,42,0.476,63.0,0.4,0.0,232.0,81.0,132.4,487.0,4.5,4,33-43in,"Indonesia,South Korea",Analogue/Digital
KOGAN,KALED65U92TA,LCD (LED),64,1.147,101.3,0.39,0.0,404.0,141.0,88.3,352.0,5.5,6,56-65in,China,Analogue/Digital
BAUHN,ATV55UHDT-0723,LCD,55,0.823,68.5,0.43,0.0,272.0,95.0,83.2,330.0,6.0,6,51-55in,China,Analogue/Digital
ENGLAON,LED32M80,LCD (LED),34,0.34,47.2,,,175.0,61.0,138.8,515.0,4.5,4,33-43in,Australia,Analogue/Digital
ENGLAON,LED32X80,LCD (LED),34,0.34,47.2,,,175.0,61.0,138.8,515.0,4.5,4,33-43in,Australia,Analogue/Digital
ENGLAON,32in Smart TV,LCD (LED),34,0.34,47.2,,,175.0,61.0,138.8,515.0,4.5,4,33-43in,Australia,Analogue/Digital
ENGLAON,LED27M80,LCD (LED),30,0.286,42.76,,,158.0,55.0,149.5,552.0,4.0,4,32in & under,Australia,Analogue/Digital
ENGLAON,LED27X80,LCD (LED),30,0.286,42.76,,,158.0,55.0,149.5,552.0,4.0,4,32in & under,Australia,Analogue/Digital
ENGLAON,27in Smart TV,LCD (LED),30,0.286,42.76,,,158.0,55.0,149.5,552.0,4.0,4,32in & under,Australia,Analogue/Digital
SAMSUNG,UA85CU8000W,LCD (LED),85,1.971,198.0,0.5,0.0,726.0,254.0,100.5,368.0,5.0,5,76-85in,Vietnam,Digital
SAMSUNG,UA85CU8000S,LCD (LED),85,1.971,198.0,0.5,0.0,726.0,254.0,100.5,368.0,5.0,5,76-85in,Vietnam,Digital
SAMSUNG,UA85CU8*00*,LCD (LED),85,1.971,198.0,0.5,0.0,726.0,254.0,100.5,368.0,5.0,5,76-85in,Vietnam,Digital
SAMSUNG,QA55S95CAW,LCD (LED),55,0.823,113.0,0.5,0.0,416.0,146.0,137.3,505.0,4.0,4,51-55in,Vietnam,Digital
SAMSUNG,QA55S95CAS,LCD (LED),55,0.823,113.0,0.5,0.0,416.0,146.0,137.3,505.0,4.0,4,51-55in,Vietnam,Digital
SAMSUNG,QA55S95CA*,LCD (LED),55,0.823,113.0,0.5,0.0,416.0,146.0,137.3,505.0,4.0,4,51-55in,Vietnam,Digital
SAMSUNG,QA65S95CAW,LCD (LED),65,1.148,155.0,0.5,0.0,569.0,199.0,135.0,496.0,4.0,4,56-65in,Vietnam,Digital
SAMSUNG,QA65S95CAS,LCD (LED),65,1.148,155.0,0.5,0.0,569.0,199.0,135.0,496.0,4.0,4,56-65in,Vietnam,Digital
SAMSUNG,QA65S95CA*,LCD (LED),65,1.148,155.0,0.5,0.0,569.0,199.0,135.0,496.0,4.0,4,56-65in,Vietnam,Digital
SAMSUNG,QA77S95CAW,LCD (LED),77,1.628,220.0,0.5,0.0,806.0,282.0,135.1,495.0,4.0,4,76-85in,Vietnam,Digital
SAMSUNG,QA77S95CAS,LCD (LED),77,1.628,220.0,0.5,0.0,806.0,282.0,135.1,495.0,4.0,4,76-85in,Vietnam,Digital
SAMSUNG,QA77S95CA*,LCD (LED),77,1.628,220.0,0.5,0.0,806.0,282.0,135.1,495.0,4.0,4,76-85in,Vietnam,Digital
SAMSUNG,LH85BECHLGKXXY,LCD (LED),85,1.971,145.0,0.5,0.0,532.0,186.0,73.6,270.0,6.0,6,76-85in,Vietnam,Digital
SONY,XR-98X90L,LCD (LED),98,2.621,256.4,0.5,23.8,944.0,330.0,97.8,360.0,5.0,5,86in+,China,Analogue/Digital
EKO,K55OLED,OLED,55,0.824,74.74,,,275.0,96.0,90.7,334.0,5.5,6,51-55in,China,Digital
EKO,K50USW2,LCD (LED),50,0.675,78.5,,,330.0,116.0,116.3,489.0,4.0,4,44-50in,China,Analogue/Digital
JVC,LT-43N5135A,LCD,42,0.497,55.635,0.261,0.0,205.0,72.0,111.9,412.0,5.0,5,33-43in,China,Analogue/Digital
BAUHN,ATV43UHDT-0723,LCD (LED),43,0.498,45.5,0.4,0.0,170.0,60.0,91.4,341.0,6.0,6,33-43in,China,Analogue/Digital
BAUHN,ATV70UHDT-0623,LCD,70,1.338,110.15,0.72,0.0,420.0,147.0,82.3,314.0,6.0,6,66-75in,China,Analogue/Digital
FFALCON,FF40RS52,LCD (LED),39,0.426,35.1,0.408,0.0,144.0,50.0,82.4,338.0,6.0,6,33-43in,China,Digital
LG,OLED88Z3PSA,OLED,88,2.115,349.0,0.35,0.0,1276.0,447.0,165.0,603.0,3.0,3,86in+,South Korea,Analogue/Digital
LG,OLED88Z36LA,OLED,88,2.115,349.0,0.35,0.0,1276.0,447.0,165.0,603.0,3.0,3,86in+,South Korea,Analogue/Digital
KOGAN,KALED65U92TB,LCD (LED),64,1.147,101.3,0.39,0.0,404.0,141.0,88.3,352.0,5.5,6,56-65in,China,Analogue/Digital
KOGAN,KALED65U92TC,LCD (LED),64,1.147,101.3,0.39,0.0,404.0,141.0,88.3,352.0,5.5,6,56-65in,China,Analogue/Digital
KOGAN,KALED65U92TD,LCD (LED),64,1.147,101.3,0.39,0.0,404.0,141.0,88.3,352.0,5.5,6,56-65in,China,Analogue/Digital
KOGAN,KALED65U92TE,LCD (LED),64,1.147,101.3,0.39,0.0,404.0,141.0,88.3,352.0,5.5,6,56-65in,China,Analogue/Digital
ENGLAON,LED22M60,LCD (LED),22,0.15,27.25,,,102.0,36.0,181.7,680.0,4.0,4,32in & under,Australia,Analogue/Digital
ENGLAON,LED32M10,LCD (LED),32,0.317,40.45,,,150.0,52.0,127.6,473.0,4.5,4,32in & under,Australia,Analogue/Digital
PHILIPS,50PUT8528/79,LCD (LED),49,0.675,81.3,0.36,0.0,329.0,115.0,120.4,487.0,4.0,4,44-50in,China,Analogue/Digital
PHILIPS,55PUT8528/79,LCD (LED),55,0.823,90.5,0.33,0.0,365.0,128.0,110.0,443.0,4.5,4,51-55in,China,Analogue/Digital
PHILIPS,65PUT8528/79,LCD (LED),65,1.148,119.3,0.36,0.0,481.0,168.0,103.9,419.0,4.5,4,56-65in,China,Analogue/Digital
JVC,AV-J323135A,LCD (LED),32,0.274,24.687,0.41662,2.2232,110.0,38.0,90.1,401.0,5.5,6,32in & under,China,Analogue/Digital
SONY,XR-55A95L,OLED,55,0.823,103.6,0.5,15.6,385.0,135.0,125.9,468.0,4.0,4,51-55in,Malaysia,Analogue/Digital
SONY,XR-65A95L,OLED,65,1.148,122.1,0.5,15.5,452.0,158.0,106.4,394.0,5.0,5,56-65in,Malaysia,Analogue/Digital
KOGAN,KALED19PRIZD,LCD (LED),19,0.094,15.8694,0.241926,0.239838,62.0,22.0,168.8,660.0,5.0,5,32in & under,China,Analogue/Digital
SAMSUNG,QA77S90CAW,LCD (LED),77,1.628,178.0,0.5,0.0,653.0,229.0,109.3,401.0,4.5,4,76-85in,Vietnam,Digital
SAMSUNG,QA77S90CAS,LCD (LED),77,1.628,178.0,0.5,0.0,653.0,229.0,109.3,401.0,4.5,4,76-85in,Vietnam,Digital
SAMSUNG,QA77S90CA*,LCD (LED),77,1.628,178.0,0.5,0.0,653.0,229.0,109.3,401.0,4.5,4,76-85in,Vietnam,Digital
PHILIPS,50PUT7908/79,LCD (LED),49,0.675,99.1,0.33,0.0,400.0,140.0,146.8,593.0,3.0,3,44-50in,China,Analogue/Digital
PHILIPS,50PUT7908/75,LCD (LED),49,0.675,99.1,0.33,0.0,400.0,140.0,146.8,593.0,3.0,3,44-50in,China,Analogue/Digital
PHILIPS,55PUT7908/79,LCD (LED),55,0.823,102.3,0.43,0.0,413.0,145.0,124.3,502.0,4.0,4,51-55in,China,Analogue/Digital
PHILIPS,55PUT7908/75,LCD (LED),55,0.823,102.3,0.43,0.0,413.0,145.0,124.3,502.0,4.0,4,51-55in,China,Analogue/Digital
PHILIPS,65PUT7908/79,LCD (LED),65,1.148,129.8,0.39,0.0,523.0,183.0,113.1,456.0,4.0,4,56-65in,China,Analogue/Digital
PHILIPS,65PUT7908/75,LCD (LED),65,1.148,129.8,0.39,0.0,523.0,183.0,113.1,456.0,4.0,4,56-65in,China,Analogue/Digital
PHILIPS,75PUT8808/79,LCD (LED),75,1.531,153.1,0.39,0.0,617.0,216.0,100.0,403.0,4.5,4,66-75in,China,Analogue/Digital
PHILIPS,75PUT8808/75,LCD (LED),75,1.531,153.1,0.39,0.0,617.0,216.0,100.0,403.0,4.5,4,66-75in,China,Analogue/Digital
PHILIPS,75PUT7908/79,LCD (LED),75,1.531,144.1,0.29,0.0,580.0,203.0,94.1,379.0,5.0,5,66-75in,China,Analogue/Digital
PHILIPS,75PUT7908/75,LCD (LED),75,1.531,144.1,0.29,0.0,580.0,203.0,94.1,379.0,5.0,5,66-75in,China,Analogue/Digital
PHILIPS,55PUT8808/79,LCD (LED),55,0.823,136.6,0.41,0.0,551.0,193.0,166.0,670.0,2.5,2,51-55in,China,Analogue/Digital
PHILIPS,55PUT8808/75,LCD (LED),55,0.823,136.6,0.41,0.0,551.0,193.0,166.0,670.0,2.5,2,51-55in,China,Analogue/Digital
BLAUPUNKT,BP50WOS2,LCD,50,0.675,85.767,,,315.0,110.0,127.1,467.0,4.5,4,44-50in,China,Analogue/Digital
PHILIPS,65PUT8808/79,LCD (LED),65,1.148,142.4,0.38,0.0,574.0,201.0,124.0,500.0,4.0,4,56-65in,China,Analogue/Digital
PHILIPS,65PUT8808/75,LCD (LED),65,1.148,142.4,0.38,0.0,574.0,201.0,124.0,500.0,4.0,4,56-65in,China,Analogue/Digital
JVC,AV-J243145A,LCD (LED),24,0.153,17.0946,0.4871,0.4363,70.0,24.0,111.7,458.0,5.5,6,32in & under,China,Analogue/Digital
SONY,XR-77A95L,OLED,77,1.628,147.7,0.5,15.4,546.0,191.0,90.7,335.0,5.5,6,76-85in,Malaysia,Analogue/Digital
LG,43UR781C0LL,LCD (LED),43,0.498,73.0,0.4,0.0,269.0,94.0,146.6,540.0,4.0,4,33-43in,"Indonesia,South Korea",Analogue/Digital
LG,43UR801C0SB,LCD (LED),43,0.498,73.0,0.4,0.0,269.0,94.0,146.6,540.0,4.0,4,33-43in,"Indonesia,South Korea",Analogue/Digital
LG,50UR781C0LL,LCD (LED),49,0.675,78.0,0.4,0.0,287.0,100.0,115.6,425.0,4.5,4,44-50in,"Indonesia,South Korea",Analogue/Digital
LG,50UR801C0SB,LCD (LED),49,0.675,78.0,0.4,0.0,287.0,100.0,115.6,425.0,4.5,4,44-50in,"Indonesia,South Korea",Analogue/Digital
LG,55UR781C0LL,LCD (LED),55,0.823,97.0,0.4,0.0,357.0,125.0,117.9,434.0,4.5,4,51-55in,"Indonesia,South Korea",Analogue/Digital
LG,55UR801C0SB,LCD (LED),55,0.823,97.0,0.4,0.0,357.0,125.0,117.9,434.0,4.5,4,51-55in,"Indonesia,South Korea",Analogue/Digital
LG,65UR781C0LL,LCD (LED),65,1.148,127.0,0.4,0.0,466.0,163.0,110.6,406.0,4.5,4,56-65in,"Indonesia,South Korea",Analogue/Digital
LG,65UR801C0SB,LCD (LED),65,1.148,127.0,0.4,0.0,466.0,163.0,110.6,406.0,4.5,4,56-65in,"Indonesia,South Korea",Analogue/Digital
LG,75UR801C0LJ,LCD (LED),75,1.531,165.0,0.4,0.0,605.0,212.0,107.8,395.0,5.0,5,66-75in,"Indonesia,South Korea",Analogue/Digital
LG,75UR801C0SB,LCD (LED),75,1.531,165.0,0.4,0.0,605.0,212.0,107.8,395.0,5.0,5,66-75in,"Indonesia,South Korea",Analogue/Digital
LG,86UR801C0LA,LCD (LED),86,2.02,250.0,0.4,0.0,915.0,320.0,123.8,453.0,4.0,4,86in+,"Indonesia,South Korea",Analogue/Digital
LG,86UR801C0SB,LCD (LED),86,2.02,250.0,0.4,0.0,915.0,320.0,123.8,453.0,4.0,4,86in+,"Indonesia,South Korea",Analogue/Digital
TOSHIBA,43C350MP,LCD (LED),43,0.498,51.12,0.38,0.0,214.0,75.0,102.7,430.0,5.0,5,33-43in,China,Analogue/Digital
TOSHIBA,50C350MP,LCD (LED),50,0.675,67.75,0.33,0.0,269.0,94.0,100.4,399.0,5.0,5,44-50in,China,Analogue/Digital
TOSHIBA,55C350MP,LCD (LED),55,0.823,63.89,0.347,0.0,269.0,94.0,77.6,327.0,6.0,6,51-55in,China,Analogue/Digital
TOSHIBA,65C350MP,LCD (LED),65,1.148,82.49,0.297,0.0,333.0,117.0,71.9,290.0,6.0,6,56-65in,China,Analogue/Digital
TOSHIBA,75C350MP,LCD (LED),75,1.531,114.36,0.33,0.0,489.0,171.0,74.7,319.0,6.0,6,66-75in,China,Analogue/Digital
BAUHN,ATV50UHDT-0823,LCD,49,0.675,56.7,0.39,0.0,225.0,79.0,84.0,333.0,6.0,6,44-50in,China,Analogue/Digital
JVC,LT-50N7145A,LCD,49,0.673,102.36,0.38,0.0,376.0,132.0,152.1,559.0,3.5,4,44-50in,China,Analogue/Digital
BLAUPUNKT,BP400FSG9800,LCD,40,0.429,50.5,0.25,0.25,186.0,65.0,117.7,434.0,5.0,5,33-43in,China,Analogue/Digital
SYLVOX,KT16A0KGEA,LCD (LED),16,0.067,15.1,,,58.0,20.0,225.4,866.0,4.5,4,32in & under,China,Analogue/Digital
LG,65QNED866RE,LCD (LED),65,1.148,125.0,0.4,0.0,459.0,161.0,108.9,400.0,5.0,5,56-65in,"Indonesia,South Korea",Analogue/Digital
LG,75QNED866RE,LCD (LED),75,1.531,150.0,0.4,0.0,550.0,192.0,98.0,359.0,5.0,5,66-75in,"Indonesia,South Korea",Analogue/Digital
LG,86QNED866RE,LCD (LED),86,2.02,206.0,0.4,0.0,754.0,264.0,102.0,373.0,5.0,5,86in+,"Indonesia,South Korea",Analogue/Digital
EKO,K65USWQ2,LCD (LED),65,1.148,113.9,,,462.0,162.0,99.2,402.0,5.0,5,56-65in,China,Analogue/Digital
LG,43QNED75SRA,LCD (LED),43,0.498,70.0,0.4,0.0,258.0,90.0,140.6,518.0,4.0,4,33-43in,"Indonesia,South Korea",Analogue/Digital
LG,43QNED756RA,LCD (LED),43,0.498,82.0,0.4,0.0,302.0,106.0,164.7,606.0,3.5,4,33-43in,"Indonesia,South Korea",Analogue/Digital
LG,50QNED75SRA,LCD (LED),49,0.675,72.0,0.4,0.0,265.0,93.0,106.7,393.0,5.0,5,44-50in,"Indonesia,South Korea",Analogue/Digital
LG,50QNED756RA,LCD (LED),49,0.675,68.0,0.4,0.0,251.0,88.0,100.7,372.0,5.5,6,44-50in,"Indonesia,South Korea",Analogue/Digital
LG,55QNED75SRA,LCD (LED),55,0.823,92.0,0.4,0.0,338.0,118.0,111.8,411.0,5.0,5,51-55in,"Indonesia,South Korea",Analogue/Digital
LG,55QNED756RA,LCD (LED),55,0.823,87.0,0.4,0.0,320.0,112.0,105.7,389.0,5.0,5,51-55in,"Indonesia,South Korea",Analogue/Digital
LG,65QNED75SRA,LCD (LED),65,1.148,114.0,0.4,0.0,419.0,147.0,99.3,365.0,5.0,5,56-65in,"Indonesia,South Korea",Analogue/Digital
LG,65QNED756RA,LCD (LED),65,1.148,109.0,0.4,0.0,400.0,140.0,94.9,348.0,5.5,6,56-65in,"Indonesia,South Korea",Analogue/Digital
LG,75QNED75SRA,LCD (LED),75,1.531,126.0,0.4,0.0,462.0,162.0,82.3,302.0,6.0,6,66-75in,"Indonesia,South Korea",Analogue/Digital
LG,75QNED756RA,LCD (LED),75,1.531,130.0,0.4,0.0,477.0,167.0,84.9,312.0,6.0,6,66-75in,"Indonesia,South Korea",Analogue/Digital
CHIQ,U85F8TG,LCD (LED),85,1.971,230.268,0.35,0.0,897.0,314.0,116.8,455.0,4.0,4,76-85in,China,
CHIQ,U98F8TG,LCD (LED),97,2.62,337.0,0.45,0.0,1233.0,432.0,128.6,471.0,4.0,4,86in+,China,
PHILIPS,55OLED708/75,OLED,55,0.823,99.5,0.2,0.29,400.0,140.0,120.9,486.0,4.0,4,51-55in,China,Analogue/Digital
PHILIPS,55OLED708/79,OLED,55,0.823,99.5,0.2,0.29,400.0,140.0,120.9,486.0,4.0,4,51-55in,China,Analogue/Digital
PHILIPS,65OLED708/75,OLED,65,1.148,114.8,0.3,0.0,463.0,162.0,100.0,403.0,5.0,5,56-65in,China,Analogue/Digital
PHILIPS,65OLED708/79,OLED,65,1.148,114.8,0.3,0.0,463.0,162.0,100.0,403.0,5.0,5,56-65in,China,Analogue/Digital
KOGAN,KALED32F98TA,LCD (LED),31,0.273,28.0,0.33,0.0,104.0,36.0,102.6,381.0,6.0,6,32in & under,China,Analogue/Digital
KOGAN,KALED32F98TB,LCD (LED),31,0.273,28.0,0.33,0.0,104.0,36.0,102.6,381.0,6.0,6,32in & under,China,Analogue/Digital
KOGAN,KALED32F98TC,LCD (LED),31,0.273,28.0,0.33,0.0,104.0,36.0,102.6,381.0,6.0,6,32in & under,China,Analogue/Digital
KOGAN,KALED32F98TD,LCD (LED),31,0.273,28.0,0.33,0.0,104.0,36.0,102.6,381.0,6.0,6,32in & under,China,Analogue/Digital
KOGAN,KALED32F98TE,LCD (LED),31,0.273,28.0,0.33,0.0,104.0,36.0,102.6,381.0,6.0,6,32in & under,China,Analogue/Digital
KOGAN,KALED40F98TA,LCD (LED),39,0.426,40.0,0.4,0.0,149.0,52.0,93.9,350.0,6.0,6,33-43in,China,Analogue/Digital
KOGAN,KALED40F98TB,LCD (LED),39,0.426,40.0,0.4,0.0,149.0,52.0,93.9,350.0,6.0,6,33-43in,China,Analogue/Digital
KOGAN,KALED40F98TC,LCD (LED),39,0.426,40.0,0.4,0.0,149.0,52.0,93.9,350.0,6.0,6,33-43in,China,Analogue/Digital
KOGAN,KALED40F98TD,LCD (LED),39,0.426,40.0,0.4,0.0,149.0,52.0,93.9,350.0,6.0,6,33-43in,China,Analogue/Digital
KOGAN,KALED40F98TE,LCD (LED),39,0.426,40.0,0.4,0.0,149.0,52.0,93.9,350.0,6.0,6,33-43in,China,Analogue/Digital
SYLVOX,OT43A2KEGC,LCD (LED),43,0.498,107.8,,,397.0,139.0,216.5,797.0,2.0,2,33-43in,China,Analogue/Digital
SYLVOX,OT55A2KEGC,LCD (LED),55,0.823,168.3,0.46,13.6,651.0,228.0,204.5,791.0,2.0,2,51-55in,China,Analogue/Digital
SYLVOX,OT65A2KEGC,LCD (LED),65,1.148,237.1,0.47,13.6,902.0,316.0,206.5,786.0,2.0,2,56-65in,China,Analogue/Digital
SYLVOX,RT22R3KECA,LCD (LED),21,0.125,17.8,,,68.0,24.0,142.4,544.0,5.0,5,32in & under,China,Analogue/Digital
SYLVOX,RT24R3KECA,LCD (LED),24,0.156,21.0,,,79.0,28.0,134.6,506.0,5.0,5,32in & under,China,Analogue/Digital
LOEWE,WE SEE 43,LCD (LED),42,0.498,65.8,0.4,0.8,243.0,85.0,132.1,488.0,4.0,4,33-43in,Germany,Analogue/Digital
LOEWE,C43,LCD (LED),42,0.498,65.8,0.4,0.8,243.0,85.0,132.1,488.0,4.0,4,33-43in,Germany,Analogue/Digital
LOEWE,LOEWE *43,LCD (LED),42,0.498,65.8,0.4,0.8,243.0,85.0,132.1,488.0,4.0,4,33-43in,Germany,Analogue/Digital
LOEWE,WE SEE 32,LCD (LED),32,0.274,34.0,0.4,0.8,127.0,44.0,124.1,464.0,5.0,5,32in & under,Germany,Analogue/Digital
LOEWE,BILD C 32,LCD (LED),32,0.274,34.0,0.4,0.8,127.0,44.0,124.1,464.0,5.0,5,32in & under,Germany,Analogue/Digital
LOEWE,LED 32,LCD (LED),32,0.274,34.0,0.4,0.8,127.0,44.0,124.1,464.0,5.0,5,32in & under,Germany,Analogue/Digital
LOEWE,WE SEE 55,LCD (LED),55,0.822,84.0,0.4,0.8,309.0,108.0,102.2,376.0,5.0,5,51-55in,Germany,Analogue/Digital
LOEWE,WE SEE 50,LCD (LED),49,0.675,68.0,0.4,0.8,251.0,88.0,100.7,372.0,5.5,6,44-50in,Germany,Analogue/Digital
SAMSUNG,LH43BECHLGKXXY,LCD (LED),43,0.498,70.0,0.5,0.0,259.0,91.0,140.6,520.0,4.0,4,33-43in,Vietnam,Digital
SAMSUNG,LH43BECHLGSXNZ,LCD (LED),43,0.498,70.0,0.5,0.0,259.0,91.0,140.6,520.0,4.0,4,33-43in,Vietnam,Digital
SAMSUNG,LH43BECHLG****,LCD (LED),43,0.498,70.0,0.5,0.0,259.0,91.0,140.6,520.0,4.0,4,33-43in,Vietnam,Digital
SAMSUNG,LH55BECHLGSXNZ,LCD (LED),55,0.823,81.0,0.5,0.0,299.0,105.0,98.4,363.0,5.5,6,51-55in,Vietnam,Digital
SAMSUNG,LH55BECHLG****,LCD (LED),55,0.823,81.0,0.5,0.0,299.0,105.0,98.4,363.0,5.5,6,51-55in,Vietnam,Digital
SAMSUNG,LH55BECHLGKXXY,LCD (LED),55,0.823,81.0,0.5,0.0,299.0,105.0,98.4,363.0,5.5,6,51-55in,Vietnam,Digital
SAMSUNG,LH75BECHLGKXXY,LCD (LED),75,1.532,139.0,0.5,0.0,510.0,178.0,90.7,333.0,5.5,6,66-75in,Vietnam,Digital
SAMSUNG,LH75BECHLGSXNZ,LCD (LED),75,1.532,139.0,0.5,0.0,510.0,178.0,90.7,333.0,5.5,6,66-75in,Vietnam,Digital
SAMSUNG,LH75BECHLG****,LCD (LED),75,1.532,139.0,0.5,0.0,510.0,178.0,90.7,333.0,5.5,6,66-75in,Vietnam,Digital
SAMSUNG,LH65BECHLGKXXY,LCD (LED),65,1.148,116.0,0.5,0.0,426.0,149.0,101.0,371.0,5.0,5,56-65in,Vietnam,Digital
SAMSUNG,LH65BECHLGSXNZ,LCD (LED),65,1.148,116.0,0.5,0.0,426.0,149.0,101.0,371.0,5.0,5,56-65in,Vietnam,Digital
SAMSUNG,LH65BECHLG****,LCD (LED),65,1.148,116.0,0.5,0.0,426.0,149.0,101.0,371.0,5.0,5,56-65in,Vietnam,Digital
SAMSUNG,LH50BECHLGKXXY,LCD (LED),49,0.675,80.0,0.5,0.0,295.0,103.0,118.5,437.0,4.5,4,44-50in,Vietnam,Digital
SAMSUNG,LH50BECHLGSXNZ,LCD (LED),49,0.675,80.0,0.5,0.0,295.0,103.0,118.5,437.0,4.5,4,44-50in,Vietnam,Digital
SAMSUNG,LH50BECHLG****,LCD (LED),49,0.675,80.0,0.5,0.0,295.0,103.0,118.5,437.0,4.5,4,44-50in,Vietnam,Digital
BLAUPUNKT,BP650USG9900,LCD,65,1.147,234.49,0.4,0.0,858.0,300.0,204.4,748.0,2.0,2,56-65in,China,Analogue/Digital
KOGAN,KAQLED43XQ98JSTA,LCD (LED),42,0.498,90.1,0.41,0.0,353.0,124.0,180.9,709.0,2.5,2,33-43in,China,Analogue/Digital
KOGAN,KAQLED43XQ98JSTB,LCD (LED),42,0.498,90.1,0.41,0.0,353.0,124.0,180.9,709.0,2.5,2,33-43in,China,Analogue/Digital
KOGAN,KAQLED43XQ98JSTC,LCD (LED),42,0.498,90.1,0.41,0.0,353.0,124.0,180.9,709.0,2.5,2,33-43in,China,Analogue/Digital
KOGAN,KAQLED43XQ98JSTD,LCD (LED),42,0.498,90.1,0.41,0.0,353.0,124.0,180.9,709.0,2.5,2,33-43in,China,Analogue/Digital
KOGAN,KAQLED43XQ98JSTE,LCD (LED),42,0.498,90.1,0.41,0.0,353.0,124.0,180.9,709.0,2.5,2,33-43in,China,Analogue/Digital
KOGAN,KALED65U94TA,LCD (LED),64,1.147,102.9,0.375,0.0,404.0,141.0,89.7,352.0,5.5,6,56-65in,China,Analogue/Digital
KOGAN,KALED65U94TB,LCD (LED),64,1.147,102.9,0.375,0.0,404.0,141.0,89.7,352.0,5.5,6,56-65in,China,Analogue/Digital
KOGAN,KALED65U94TC,LCD (LED),64,1.147,102.9,0.375,0.0,404.0,141.0,89.7,352.0,5.5,6,56-65in,China,Analogue/Digital
KOGAN,KALED65U94TD,LCD (LED),64,1.147,102.9,0.375,0.0,404.0,141.0,89.7,352.0,5.5,6,56-65in,China,Analogue/Digital
KOGAN,KALED65U94TE,LCD (LED),64,1.147,102.9,0.375,0.0,404.0,141.0,89.7,352.0,5.5,6,56-65in,China,Analogue/Digital
HUBBL,LT043A-04-FXTL,LCD (LED),43,0.5,50.73,,,200.0,70.0,101.5,400.0,5.0,5,33-43in,Poland,Digital
HUBBL,LT055A-04-FXTL,LCD (LED),55,0.822,64.71,,,240.0,84.0,78.7,292.0,6.0,6,51-55in,Poland,Digital
JVC,LT-32ND35A2,LCD (LED),32,0.274,35.3,,,150.0,52.0,128.8,547.0,4.0,4,32in & under,China,Analogue/Digital
SAMSUNG,QA98QN990CW,LCD (LED),98,2.621,389.0,0.5,0.0,1423.0,498.0,148.4,543.0,3.5,4,86in+,Vietnam,Digital
SAMSUNG,QA50QE1CAS,LCD (LED),49,0.675,76.0,0.5,0.0,280.0,98.0,112.6,415.0,5.0,5,44-50in,Vietnam,Digital
SYLVOX,RT32R3KECA,LCD (LED),32,0.274,31.4,0.51,0.51,118.0,41.0,114.6,431.0,5.0,5,32in & under,China,Analogue/Digital
TCL,40S5400A,LCD (LED),39,0.426,35.6,0.352,0.0,180.0,63.0,83.6,423.0,5.0,5,33-43in,China,Analogue/Digital
TCL,32S5400AF,LCD (LED),31,0.273,27.0,0.36,0.0,110.0,38.0,98.9,403.0,5.5,6,32in & under,China,Analogue/Digital
LG,OLED77M3PSA,OLED,77,1.62,216.0,0.4,0.0,791.0,277.0,133.3,488.0,4.0,4,76-85in,"Indonesia,South Korea",Analogue/Digital
LG,OLED83M3PSA,OLED,83,1.877,212.0,0.4,0.0,776.0,272.0,112.9,413.0,4.5,4,76-85in,"Indonesia,South Korea",Analogue/Digital
LG,OLED97M3PSA,OLED,97,2.568,258.0,0.4,0.0,944.0,330.0,100.5,368.0,5.0,5,86in+,"Indonesia,South Korea",Analogue/Digital
KOGAN,KALED75U94TA,LCD (LED),75,1.531,137.1,0.39,0.0,546.0,191.0,89.5,357.0,5.5,6,66-75in,China,Analogue/Digital
KOGAN,KALED75U94TB,LCD (LED),75,1.531,137.1,0.39,0.0,546.0,191.0,89.5,357.0,5.5,6,66-75in,China,Analogue/Digital
KOGAN,KALED75U94TC,LCD (LED),75,1.531,137.1,0.39,0.0,546.0,191.0,89.5,357.0,5.5,6,66-75in,China,Analogue/Digital
KOGAN,KALED75U94TD,LCD (LED),75,1.531,137.1,0.39,0.0,546.0,191.0,89.5,357.0,5.5,6,66-75in,China,Analogue/Digital
KOGAN,KALED75U94TE,LCD (LED),75,1.531,137.1,0.39,0.0,546.0,191.0,89.5,357.0,5.5,6,66-75in,China,Analogue/Digital
FURRION,FDFD24D4D-H2,LCD (LED),24,0.156,25.58,,,96.0,34.0,164.0,615.0,4.5,4,32in & under,China,Digital
KOGAN,KALED55U94TA,LCD (LED),55,0.823,80.814,0.41,0.0,302.0,106.0,98.2,367.0,5.5,6,51-55in,China,Analogue/Digital
KOGAN,KALED55U94TB,LCD (LED),55,0.823,80.814,0.41,0.0,302.0,106.0,98.2,367.0,5.5,6,51-55in,China,Analogue/Digital
KOGAN,KALED55U94TC,LCD (LED),55,0.823,80.814,0.41,0.0,302.0,106.0,98.2,367.0,5.5,6,51-55in,China,Analogue/Digital
KOGAN,KALED55U94TD,LCD (LED),55,0.823,80.814,0.41,0.0,302.0,106.0,98.2,367.0,5.5,6,51-55in,China,Analogue/Digital
KOGAN,KALED55U94TE,LCD (LED),55,0.823,80.814,0.41,0.0,302.0,106.0,98.2,367.0,5.5,6,51-55in,China,Analogue/Digital
KOGAN,KAQLED98XQ98JSTA,LCD (LED),98,2.621,323.0,0.38,0.0,1233.0,432.0,123.2,470.0,4.0,4,86in+,China,Analogue/Digital
KOGAN,KAQLED98XQ98JSTB,LCD (LED),98,2.621,323.0,0.38,0.0,1233.0,432.0,123.2,470.0,4.0,4,86in+,China,Analogue/Digital
KOGAN,KAQLED98XQ98JSTC,LCD (LED),98,2.621,323.0,0.38,0.0,1233.0,432.0,123.2,470.0,4.0,4,86in+,China,Analogue/Digital
KOGAN,KAQLED98XQ98JSTD,LCD (LED),98,2.621,323.0,0.38,0.0,1233.0,432.0,123.2,470.0,4.0,4,86in+,China,Analogue/Digital
KOGAN,KAQLED98XQ98JSTE,LCD (LED),98,2.621,323.0,0.38,0.0,1233.0,432.0,123.2,470.0,4.0,4,86in+,China,Analogue/Digital
KOGAN,KALED50U94TA,LCD (LED),49,0.675,75.0,0.36,0.0,276.0,97.0,111.1,409.0,5.0,5,44-50in,China,Analogue/Digital
KOGAN,KALED50U94TB,LCD (LED),49,0.675,75.0,0.36,0.0,276.0,97.0,111.1,409.0,5.0,5,44-50in,China,Analogue/Digital
KOGAN,KALED50U94TC,LCD (LED),49,0.675,75.0,0.36,0.0,276.0,97.0,111.1,409.0,5.0,5,44-50in,China,Analogue/Digital
KOGAN,KALED50U94TD,LCD (LED),49,0.675,75.0,0.36,0.0,276.0,97.0,111.1,409.0,5.0,5,44-50in,China,Analogue/Digital
KOGAN,KALED50U94TE,LCD (LED),49,0.675,75.0,0.36,0.0,276.0,97.0,111.1,409.0,5.0,5,44-50in,China,Analogue/Digital
LG,43UM767H0LD,LCD (LED),43,0.498,43.0,0.4,0.0,159.0,56.0,86.3,319.0,6.0,6,33-43in,"Indonesia,South Korea",Analogue/Digital
LG,50UM767H0LD,LCD (LED),49,0.675,45.0,0.4,0.0,167.0,58.0,66.7,247.0,7.0,7,44-50in,"Indonesia,South Korea",Analogue/Digital
LG,55UM767H0LD,LCD (LED),55,0.823,59.0,0.4,0.0,218.0,76.0,71.7,265.0,7.0,7,51-55in,"Indonesia,South Korea",Analogue/Digital
LG,65UM767H0LD,LCD (LED),65,1.148,65.0,0.4,0.0,240.0,84.0,56.6,209.0,7.0,7,56-65in,"Indonesia,South Korea",Analogue/Digital
LG,75UM767H0LD,LCD (LED),75,1.531,70.0,0.4,0.0,258.0,90.0,45.7,169.0,8.0,8,66-75in,"Indonesia,South Korea",Analogue/Digital
HISENSE,55U7KAU,LCD (LED),55,0.823,82.05,0.32,0.0,339.0,119.0,99.7,412.0,5.0,5,51-55in,China,Analogue/Digital
HISENSE,55U7KNZ,LCD (LED),55,0.823,82.05,0.32,0.0,339.0,119.0,99.7,412.0,5.0,5,51-55in,China,Analogue/Digital
HISENSE,65U7KAU,LCD (LED),65,1.148,109.65,0.3,0.0,459.0,161.0,95.5,400.0,5.0,5,56-65in,China,Analogue/Digital
HISENSE,65U7KNZ,LCD (LED),65,1.148,109.65,0.3,0.0,459.0,161.0,95.5,400.0,5.0,5,56-65in,China,Analogue/Digital
HISENSE,75U7KAU,LCD (LED),75,1.532,157.47,0.36,0.0,612.0,214.0,102.8,399.0,5.0,5,66-75in,China,Analogue/Digital
HISENSE,75U7KNZ,LCD (LED),75,1.532,157.47,0.36,0.0,612.0,214.0,102.8,399.0,5.0,5,66-75in,China,Analogue/Digital
HISENSE,85U7KAU,LCD (LED),85,1.971,217.19,0.31,0.0,859.0,301.0,110.2,436.0,4.5,4,76-85in,China,Analogue/Digital
HISENSE,85U7KNZ,LCD (LED),85,1.971,217.19,0.31,0.0,859.0,301.0,110.2,436.0,4.5,4,76-85in,China,Analogue/Digital
HISENSE,55U7K series,LCD (LED),55,0.823,82.05,0.32,0.0,339.0,119.0,99.7,412.0,5.0,5,51-55in,China,Analogue/Digital
HISENSE,65U7K series,LCD (LED),65,1.148,109.65,0.3,0.0,459.0,161.0,95.5,400.0,5.0,5,56-65in,China,Analogue/Digital
HISENSE,75U7K series,LCD (LED),75,1.532,157.47,0.36,0.0,612.0,214.0,102.8,399.0,5.0,5,66-75in,China,Analogue/Digital
HISENSE,85U7K series,LCD (LED),85,1.971,217.19,0.31,0.0,859.0,301.0,110.2,436.0,4.5,4,76-85in,China,Analogue/Digital
THOMSON,STVLED43FHDB,LCD (LED),43,0.498,41.53,0.31,0.45,162.0,57.0,83.4,325.0,6.0,6,33-43in,China,Analogue/Digital
KOGAN,KALED55R93STA,LCD (LED),55,0.823,77.8,0.4,0.0,302.0,106.0,94.5,367.0,5.5,6,51-55in,China,Analogue/Digital
KOGAN,KALED55R93STB,LCD (LED),55,0.823,77.8,0.4,0.0,302.0,106.0,94.5,367.0,5.5,6,51-55in,China,Analogue/Digital
KOGAN,KALED55R93STC,LCD (LED),55,0.823,77.8,0.4,0.0,302.0,106.0,94.5,367.0,5.5,6,51-55in,China,Analogue/Digital
KOGAN,KALED55R93STD,LCD (LED),55,0.823,77.8,0.4,0.0,302.0,106.0,94.5,367.0,5.5,6,51-55in,China,Analogue/Digital
KOGAN,KALED55R93STE,LCD (LED),55,0.823,77.8,0.4,0.0,302.0,106.0,94.5,367.0,5.5,6,51-55in,China,Analogue/Digital
KOGAN,KALED50R93STA,LCD (LED),49,0.675,69.15,0.35,0.0,276.0,97.0,102.4,409.0,5.0,5,44-50in,China,Analogue/Digital
KOGAN,KALED50R93STB,LCD (LED),49,0.675,69.15,0.35,0.0,276.0,97.0,102.4,409.0,5.0,5,44-50in,China,Analogue/Digital
KOGAN,KALED50R93STC,LCD (LED),49,0.675,69.15,0.35,0.0,276.0,97.0,102.4,409.0,5.0,5,44-50in,China,Analogue/Digital
KOGAN,KALED50R93STD,LCD (LED),49,0.675,69.15,0.35,0.0,276.0,97.0,102.4,409.0,5.0,5,44-50in,China,Analogue/Digital
KOGAN,KALED50R93STE,LCD (LED),49,0.675,69.15,0.35,0.0,276.0,97.0,102.4,409.0,5.0,5,44-50in,China,Analogue/Digital
TOSHIBA,55Z870MP,LCD (LED),55,0.823,115.82,0.342,0.0,459.0,161.0,140.7,558.0,3.5,4,51-55in,China,Analogue/Digital
TOSHIBA,65Z870MP,LCD (LED),65,1.148,129.47,0.41,0.0,520.0,182.0,112.8,453.0,4.5,4,56-65in,China,Analogue/Digital
TOSHIBA,75Z870MP,LCD (LED),75,1.531,199.04,0.29,0.0,764.0,267.0,130.0,499.0,4.0,4,66-75in,China,Analogue/Digital
SAMSUNG,QA55QE1CAS,LCD (LED),55,0.823,82.0,0.5,0.0,302.0,106.0,99.6,367.0,5.5,6,51-55in,Vietnam,Digital
SAMSUNG,QA75QE1CAW,LCD (LED),75,1.532,130.0,0.5,0.0,478.0,167.0,84.9,312.0,6.0,6,66-75in,Vietnam,Digital
SAMSUNG,QA75QE1CAS,LCD (LED),75,1.532,130.0,0.5,0.0,478.0,167.0,84.9,312.0,6.0,6,66-75in,Vietnam,Digital
SAMSUNG,QA75QE1CA*,LCD (LED),75,1.532,130.0,0.5,0.0,478.0,167.0,84.9,312.0,6.0,6,66-75in,Vietnam,Digital
KOGAN,KALED22F5ZA,LCD,22,0.128,25.2,,,95.0,33.0,196.9,742.0,3.5,4,32in & under,China,Digital
KOGAN,KALED22F5ZB,LCD,22,0.128,25.2,,,95.0,33.0,196.9,742.0,3.5,4,32in & under,China,Digital
KOGAN,KALED22F5ZC,LCD,22,0.128,25.2,,,95.0,33.0,196.9,742.0,3.5,4,32in & under,China,Digital
KOGAN,KALED22F5ZD,LCD,22,0.128,25.2,,,95.0,33.0,196.9,742.0,3.5,4,32in & under,China,Digital
LG,43UQ7050PSA,LCD (LED),43,0.498,74.0,0.31,0.0,273.0,96.0,148.6,548.0,3.5,4,33-43in,Vietnam,Analogue/Digital
KOGAN,KALED22F5Z*,LCD,22,0.128,25.2,,,95.0,33.0,196.9,742.0,3.5,4,32in & under,China,Digital
LG,50UQ7050PSA,LCD (LED),50,0.675,83.0,0.35,0.0,305.0,107.0,123.0,452.0,4.5,4,44-50in,Vietnam,Analogue/Digital
LG,55UQ7050PSA,LCD (LED),55,0.823,90.0,0.36,0.0,331.0,116.0,109.4,402.0,5.0,5,51-55in,Vietnam,Analogue/Digital
ENGLAON,LED24M40,LCD (LED),24,0.153,16.5,,,70.0,24.0,107.8,458.0,5.5,6,32in & under,China,Analogue/Digital
ENGLAON,LED24M80,LCD (LED),24,0.153,20.3,,,78.0,27.0,132.7,510.0,5.0,5,32in & under,China,Analogue/Digital
ENGLAON,LED24X80,LCD (LED),24,0.153,20.3,,,78.0,27.0,132.7,510.0,5.0,5,32in & under,China,Analogue/Digital
ENGLAON,24in Smart TV,LCD (LED),24,0.153,20.3,,,78.0,27.0,132.7,510.0,5.0,5,32in & under,China,Analogue/Digital
SAMSUNG,QA77S89CAW,LCD (LED),77,1.628,178.0,0.5,0.0,653.0,229.0,109.3,401.0,4.5,4,76-85in,Vietnam,Digital
ENGLAON,LED24M50,LCD (LED),24,0.153,25.03,,,95.0,33.0,163.6,621.0,4.5,4,32in & under,China,Analogue/Digital
ENGLAON,LED32M50,LCD (LED),32,0.274,43.25,,,163.0,57.0,157.8,595.0,4.0,4,32in & under,China,Analogue/Digital
TOSHIBA,75Z670MP,LCD (LED),75,1.532,144.63,0.409,0.0,575.0,201.0,94.4,375.0,5.0,5,66-75in,China,Analogue/Digital
TOSHIBA,65Z670MP,LCD (LED),65,1.148,117.13,0.283,0.0,465.0,163.0,102.0,405.0,5.0,5,56-65in,China,Analogue/Digital
TOSHIBA,55Z670MP,LCD (LED),55,0.823,86.66,0.285,0.0,341.0,119.0,105.3,414.0,5.0,5,51-55in,China,Analogue/Digital
PHILIPS,32PHT6918/79,LCD (LED),32,0.274,25.7,0.36,0.0,105.0,37.0,93.8,383.0,6.0,6,32in & under,China,Analogue/Digital
PHILIPS,43PUT7908/75,LCD (LED),42,0.498,82.7,0.41,0.0,334.0,117.0,166.1,671.0,3.0,3,33-43in,China,Analogue/Digital
CHIQ,L32G7PG,LCD (LED),31,0.273,27.7,0.4,0.0,116.0,41.0,101.5,425.0,5.5,6,32in & under,China,
CHIQ,L40G7PG,LCD (LED),39,0.426,46.8,0.4,0.0,189.0,66.0,109.9,444.0,5.0,5,33-43in,China,
CHIQ,U75F8TG,LCD (LED),75,1.531,137.7,0.41,0.0,532.0,186.0,89.9,347.0,5.5,6,66-75in,China,
SAMSUNG,QA98Q80CAW,LCD (LED),98,2.622,289.0,0.5,0.0,1058.0,370.0,110.2,404.0,4.5,4,86in+,Vietnam,Digital
SAMSUNG,QA98Q80CAS,LCD (LED),98,2.622,289.0,0.5,0.0,1058.0,370.0,110.2,404.0,4.5,4,86in+,Vietnam,Digital
SAMSUNG,QA98Q80CA*,LCD (LED),98,2.622,289.0,0.5,0.0,1058.0,370.0,110.2,404.0,4.5,4,86in+,Vietnam,Digital
KOGAN,KALED43U94VA,LCD (LED),43,0.498,51.44,0.45,0.46,221.0,77.0,103.3,444.0,4.5,4,33-43in,China,Analogue/Digital
KOGAN,KALED43U94VB,LCD (LED),43,0.498,51.44,0.45,0.46,221.0,77.0,103.3,444.0,4.5,4,33-43in,China,Analogue/Digital
KOGAN,KALED43U94VC,LCD (LED),43,0.498,51.44,0.45,0.46,221.0,77.0,103.3,444.0,4.5,4,33-43in,China,Analogue/Digital
KOGAN,KALED43U94V*,LCD (LED),43,0.498,51.44,0.45,0.46,221.0,77.0,103.3,444.0,4.5,4,33-43in,China,Analogue/Digital
EKO,K70USW2,LCD,70,1.338,145.2,,,532.0,186.0,108.5,398.0,5.0,5,66-75in,China,Analogue/Digital
HISENSE,32A4KAU,LCD (LED),32,0.274,22.8,0.31,0.0,93.0,33.0,83.2,339.0,6.0,6,32in & under,China,Analogue/Digital
HISENSE,40A4KAU,LCD (LED),40,0.426,29.07,0.28,0.0,121.0,42.0,68.2,284.0,7.0,7,33-43in,China,Analogue/Digital
HISENSE,65U8KAU,LCD (LED),65,1.148,133.75,0.393,0.0,520.0,182.0,116.5,453.0,4.5,4,56-65in,China,Analogue/Digital
HISENSE,65U8KNZ,LCD (LED),65,1.148,133.75,0.393,0.0,520.0,182.0,116.5,453.0,4.5,4,56-65in,China,Analogue/Digital
HISENSE,75U8KAU,LCD (LED),75,1.532,161.33,0.366,0.0,639.0,224.0,105.3,417.0,4.5,4,66-75in,China,Analogue/Digital
HISENSE,75U8KNZ,LCD (LED),75,1.532,161.33,0.366,0.0,639.0,224.0,105.3,417.0,4.5,4,66-75in,China,Analogue/Digital
HISENSE,65U8K series,LCD (LED),65,1.148,133.75,0.393,0.0,520.0,182.0,116.5,453.0,4.5,4,56-65in,China,Analogue/Digital
HISENSE,75U8K series,LCD (LED),75,1.532,161.33,0.366,0.0,639.0,224.0,105.3,417.0,4.5,4,66-75in,China,Analogue/Digital
FFALCON,FF32S53,LCD (LED),31,0.273,27.0,0.36,0.0,110.0,38.0,98.9,403.0,5.5,6,32in & under,China,Analogue/Digital
FFALCON,FF40S53,LCD (LED),39,0.426,35.6,0.352,0.0,180.0,63.0,83.6,423.0,5.0,5,33-43in,China,Analogue/Digital
FFALCON,FF50U63,LCD (LED),49,0.675,50.3,0.325,0.0,204.0,71.0,74.5,302.0,6.0,6,44-50in,China,Analogue/Digital
FFALCON,FF55U63,LCD (LED),55,0.822,53.0,0.348,0.0,250.0,88.0,64.5,304.0,6.0,6,51-55in,China,Analogue/Digital
CHIQ,U43G7PG,LCD (LED),42,0.498,52.9,0.38,0.0,214.0,75.0,106.2,430.0,5.0,5,33-43in,China,
CHIQ,U50G7PG,LCD (LED),49,0.675,69.9,0.36,0.0,276.0,97.0,103.6,409.0,5.0,5,44-50in,China,
CHIQ,U55G7PG,LCD (LED),55,0.823,82.3,0.4,0.0,320.0,112.0,100.0,389.0,5.0,5,51-55in,China,
CHIQ,U58G7PG,LCD (LED),57,0.916,86.5,0.4,0.4,349.0,122.0,94.4,381.0,5.0,5,56-65in,China,
CHIQ,U65G7PG,LCD (LED),64,1.147,94.0,0.4,0.0,404.0,141.0,82.0,352.0,5.5,6,56-65in,China,
CHIQ,U65QM8VG,LCD (LED),64,1.147,158.0,0.45,0.0,579.0,203.0,137.8,505.0,4.0,4,56-65in,China,
KODAK,KD65WOS2,LCD (LED),65,1.148,95.274,0.3594,0.361848,367.0,128.0,83.0,320.0,6.0,6,56-65in,China,Analogue/Digital
PHILIPS,50PUT7428/79,LCD (LED),49,0.675,66.6,0.42,0.46,269.0,94.0,98.7,399.0,5.0,5,44-50in,China,Analogue/Digital
PHILIPS,65PUT7428/79,LCD (LED),65,1.148,101.3,0.39,0.43,409.0,143.0,88.2,356.0,5.5,6,56-65in,China,Analogue/Digital
KOGAN,KALED60U93NA,LCD,60,0.996,110.3,0.3,0.0,405.0,142.0,110.7,407.0,5.0,5,56-65in,China,Analogue/Digital
KOGAN,KALED60U93NB,LCD,60,0.996,110.3,0.3,0.0,405.0,142.0,110.7,407.0,5.0,5,56-65in,China,Analogue/Digital
KOGAN,*60*,LCD,60,0.996,110.3,0.3,0.0,405.0,142.0,110.7,407.0,5.0,5,56-65in,China,Analogue/Digital
KONKA,KDE40RR314FANT,LCD (LED),40,0.426,44.91,0.45,4.52,189.0,66.0,105.4,444.0,5.0,5,33-43in,China,Analogue/Digital
KONKA,KDE40RR315ANT,LCD (LED),40,0.426,44.91,0.45,4.52,189.0,66.0,105.4,444.0,5.0,5,33-43in,China,Analogue/Digital
KOGAN,KALED40R93STA,LCD (LED),39,0.426,40.0,0.4,0.0,149.0,52.0,93.9,350.0,6.0,6,33-43in,China,Analogue/Digital
KOGAN,KALED40R93STB,LCD (LED),39,0.426,40.0,0.4,0.0,149.0,52.0,93.9,350.0,6.0,6,33-43in,China,Analogue/Digital
KOGAN,KALED40R93STC,LCD (LED),39,0.426,40.0,0.4,0.0,149.0,52.0,93.9,350.0,6.0,6,33-43in,China,Analogue/Digital
KOGAN,KALED40R93STD,LCD (LED),39,0.426,40.0,0.4,0.0,149.0,52.0,93.9,350.0,6.0,6,33-43in,China,Analogue/Digital
KOGAN,KALED40R93STE,LCD (LED),39,0.426,40.0,0.4,0.0,149.0,52.0,93.9,350.0,6.0,6,33-43in,China,Analogue/Digital
KONKA,UDE55QR314FANT,LCD (LED),55,0.823,86.23,0.43,3.87,341.0,119.0,104.8,414.0,5.0,5,51-55in,China,Analogue/Digital
KONKA,UDE55QR315ANT,LCD (LED),55,0.823,86.23,0.43,3.87,341.0,119.0,104.8,414.0,5.0,5,51-55in,China,Analogue/Digital
KONKA,KDE32RR314FANT-5,LCD (LED),32,0.274,31.51,0.39,4.29,131.0,46.0,115.0,478.0,5.0,5,32in & under,China,Analogue/Digital
KONKA,KDE32RR315ANT,LCD (LED),32,0.274,31.51,0.39,4.29,131.0,46.0,115.0,478.0,5.0,5,32in & under,China,Analogue/Digital
TOSHIBA,85Z670MP,LCD (LED),85,1.971,240.73,0.33,0.0,975.0,341.0,122.1,495.0,4.0,4,76-85in,China,Analogue/Digital
KONKA,UDE50QR314FANT,LCD (LED),50,0.675,72.19,0.42,4.69,285.0,100.0,106.9,422.0,5.0,5,44-50in,China,Analogue/Digital
KONKA,UDE50QR315ANT,LCD (LED),50,0.675,72.19,0.42,4.69,285.0,100.0,106.9,422.0,5.0,5,44-50in,China,Analogue/Digital
KOGAN,KALED60U93NC,LCD,60,0.996,110.3,0.3,0.0,405.0,142.0,110.7,407.0,5.0,5,56-65in,China,Analogue/Digital
KOGAN,KALED60U93ND,LCD,60,0.996,110.3,0.3,0.0,405.0,142.0,110.7,407.0,5.0,5,56-65in,China,Analogue/Digital
KOGAN,D60S218-U-T2-W,LCD,60,0.996,110.3,0.3,0.0,405.0,142.0,110.7,407.0,5.0,5,56-65in,China,Analogue/Digital
SAMSUNG,QA83S90CAE,LCD (LED),83,1.877,192.0,0.5,0.0,704.0,246.0,102.3,375.0,5.0,5,76-85in,Vietnam,Digital
SAMSUNG,QA83S**CA*,LCD (LED),83,1.877,192.0,0.5,0.0,704.0,246.0,102.3,375.0,5.0,5,76-85in,Vietnam,Digital
SAMSUNG,QA83S89CAW,LCD (LED),83,1.877,192.0,0.5,0.0,704.0,246.0,102.3,375.0,5.0,5,76-85in,Vietnam,Digital
SAMSUNG,QA83S89CAS,LCD (LED),83,1.877,192.0,0.5,0.0,704.0,246.0,102.3,375.0,5.0,5,76-85in,Vietnam,Digital
HISENSE,55U6KAU,LCD (LED),55,0.823,85.64,0.301,0.0,339.0,119.0,104.1,412.0,5.0,5,51-55in,China,Analogue/Digital
HISENSE,55U6KNZ,LCD (LED),55,0.823,85.64,0.301,0.0,339.0,119.0,104.1,412.0,5.0,5,51-55in,China,Analogue/Digital
HISENSE,65U6KAU,LCD (LED),65,1.148,140.56,0.306,0.0,555.0,194.0,122.4,483.0,4.0,4,56-65in,China,Analogue/Digital
HISENSE,65U6KNZ,LCD (LED),65,1.148,140.56,0.306,0.0,555.0,194.0,122.4,483.0,4.0,4,56-65in,China,Analogue/Digital
HISENSE,75U6KAU,LCD (LED),75,1.531,154.66,0.326,0.0,599.0,210.0,101.0,391.0,5.0,5,66-75in,China,Analogue/Digital
HISENSE,75U6KNZ,LCD (LED),75,1.531,154.66,0.326,0.0,599.0,210.0,101.0,391.0,5.0,5,66-75in,China,Analogue/Digital
HISENSE,55U6K series,LCD (LED),55,0.823,85.64,0.301,0.0,339.0,119.0,104.1,412.0,5.0,5,51-55in,China,Analogue/Digital
HISENSE,65U6K series,LCD (LED),65,1.148,140.56,0.306,0.0,555.0,194.0,122.4,483.0,4.0,4,56-65in,China,Analogue/Digital
HISENSE,75U6K series,LCD (LED),75,1.531,154.66,0.326,0.0,599.0,210.0,101.0,391.0,5.0,5,66-75in,China,Analogue/Digital
EKO,K650UGT,LCD (LED),65,1.148,141.108,0.3764,0.3935,540.0,189.0,122.9,470.0,4.0,4,56-65in,China,Analogue/Digital
EKO,K550UGT,LCD (LED),55,0.823,87.678,0.2546,0.3804,338.0,118.0,106.5,411.0,5.0,5,51-55in,China,Analogue/Digital
BLAUPUNKT,BP500USG9800,LCD,49,0.673,102.36,0.38,0.0,376.0,132.0,152.1,559.0,3.5,4,44-50in,China,Analogue/Digital
BLAUPUNKT,BP240HSG9800,LCD,24,0.153,20.94,0.21,0.0,78.0,27.0,136.9,510.0,5.0,5,32in & under,China,Analogue/Digital
PHILIPS,55PUT7428/79,LCD (LED),55,0.823,79.3,0.48,0.0,321.0,112.0,96.4,390.0,5.0,5,51-55in,China,Analogue/Digital
PHILIPS,43PUT7428/79,LCD (LED),42,0.498,80.8,0.41,0.45,327.0,114.0,162.2,657.0,3.0,3,33-43in,China,Analogue/Digital
PHILIPS,43PFT6918/79,LCD (LED),42,0.498,38.0,0.39,0.0,155.0,54.0,76.3,311.0,6.0,6,33-43in,China,Analogue/Digital
TAVICE,65DF,LCD,65,1.149,130.03,0.39,0.0,477.0,167.0,113.2,415.0,4.5,4,56-65in,China,Digital
KODAK,KD65G11,LCD,64,1.14,94.65,0.354,0.0,358.0,125.0,83.0,314.0,6.0,6,56-65in,China,Analogue/Digital
BAUHN,ATV40FHDG-1123,LCD (LED),39,0.426,40.0,0.35,0.0,148.0,52.0,93.9,347.0,6.0,6,33-43in,China,Analogue/Digital
JVC,AV-J323142A,LCD,32,0.274,39.0,0.39,0.0,145.0,51.0,142.3,529.0,4.5,4,32in & under,China,Analogue/Digital
FFALCON,FF65U63,LCD (LED),64,1.147,73.5,0.288,0.0,327.0,114.0,64.1,285.0,6.0,6,56-65in,China,Analogue/Digital
FFALCON,FF75U63,LCD (LED),75,1.531,123.8,0.291,0.0,500.0,175.0,80.9,327.0,5.5,6,66-75in,China,Analogue/Digital
FFALCON,FF43U63,LCD (LED),42,0.498,43.6,0.365,0.0,178.0,62.0,87.6,357.0,5.5,6,33-43in,China,Analogue/Digital
SAMSUNG,QA65QE1CAW,LCD (LED),65,1.148,112.0,0.5,0.0,412.0,144.0,97.6,359.0,5.5,6,56-65in,Vietnam,Digital
SAMSUNG,QA65QE1CAS,LCD (LED),65,1.148,112.0,0.5,0.0,412.0,144.0,97.6,359.0,5.5,6,56-65in,Vietnam,Digital
SAMSUNG,QA65QE1CA*,LCD (LED),65,1.148,112.0,0.5,0.0,412.0,144.0,97.6,359.0,5.5,6,56-65in,Vietnam,Digital
TCL,50C845,LCD (LED),49,0.675,91.4,0.333,0.0,390.0,136.0,135.4,578.0,3.5,4,44-50in,China,Analogue/Digital
EKO,K400FAT,LCD (LED),40,0.427,54.48,0.4,0.0,210.0,74.0,127.6,492.0,4.5,4,33-43in,China,Analogue/Digital
EKO,K240HGT,LCD,24,0.153,20.94,0.21,0.0,78.0,27.0,136.9,510.0,5.0,5,32in & under,China,Analogue/Digital
KOGAN,KALED65R94KA,LCD (LED),65,1.147,86.9,0.391,0.0,372.0,130.0,75.8,324.0,6.0,6,56-65in,China,
KOGAN,KALED65R94KB,LCD (LED),65,1.147,86.9,0.391,0.0,372.0,130.0,75.8,324.0,6.0,6,56-65in,China,
KOGAN,KALED65R94KC,LCD (LED),65,1.147,86.9,0.391,0.0,372.0,130.0,75.8,324.0,6.0,6,56-65in,China,
KOGAN,KALED65R94KD,LCD (LED),65,1.147,86.9,0.391,0.0,372.0,130.0,75.8,324.0,6.0,6,56-65in,China,
KOGAN,KALED65R94K*,LCD (LED),65,1.147,86.9,0.391,0.0,372.0,130.0,75.8,324.0,6.0,6,56-65in,China,
HISENSE,75UXAU,LCD (LED),75,1.532,181.25,0.326,0.0,719.0,252.0,118.3,469.0,4.0,4,66-75in,China,Analogue/Digital
HISENSE,85UXAU,LCD (LED),85,1.971,202.84,0.315,0.0,780.0,273.0,102.9,396.0,5.0,5,76-85in,China,Analogue/Digital
HISENSE,85UXNZ,LCD (LED),85,1.971,202.84,0.315,0.0,780.0,273.0,102.9,396.0,5.0,5,76-85in,China,Analogue/Digital
HISENSE,70A6KAU,LCD (LED),70,1.312,104.78,0.337,0.0,415.0,145.0,79.9,316.0,6.0,6,66-75in,China,Analogue/Digital
HISENSE,58A6KAU,LCD (LED),58,0.916,73.72,0.317,0.0,299.0,105.0,80.5,326.0,6.0,6,56-65in,China,Analogue/Digital
HISENSE,75UXNZ,LCD (LED),75,1.532,181.25,0.326,0.0,719.0,252.0,118.3,469.0,4.0,4,66-75in,China,Analogue/Digital
HISENSE,75UX series,LCD (LED),75,1.532,181.25,0.326,0.0,719.0,252.0,118.3,469.0,4.0,4,66-75in,China,Analogue/Digital
HISENSE,85UX series,LCD (LED),85,1.971,202.84,0.315,0.0,780.0,273.0,102.9,396.0,5.0,5,76-85in,China,Analogue/Digital
EKO,K320HAT,LCD (LED),31,0.273,28.86,0.4,0.0,130.0,46.0,105.7,476.0,5.0,5,32in & under,China,Analogue/Digital
LINSAR,LS86UHDNF23,LCD,86,2.02,169.97,0.41,0.0,630.0,220.0,84.1,312.0,6.0,6,86in+,China,Analogue/Digital
EKO,K240HAT,LCD (LED),24,0.153,18.72,0.4,0.0,82.0,29.0,122.4,536.0,5.0,5,32in & under,China,Analogue/Digital
JVC,AV-JQ757115A,LCD (LED),75,1.532,117.5,0.38,0.27,431.0,151.0,76.7,281.0,6.0,6,66-75in,China,Analogue/Digital
EKO,K500UAT,LCD,49,0.675,66.62,0.37,0.0,246.0,86.0,98.7,364.0,5.5,6,44-50in,China,Analogue/Digital
TCL,98C845,LCD (LED),97,2.62,197.4,0.354,0.0,890.0,312.0,75.3,340.0,5.5,6,86in+,China,Analogue/Digital
JVC,AV-J987145A,LCD (LED),98,2.671,237.4,0.98,0.97,872.0,305.0,88.9,326.0,5.5,6,86in+,China,Analogue/Digital
AKAI,AK2422S7WOS,LCD (LED),24,0.153,15.1,0.2,0.0,60.0,21.0,98.7,392.0,6.0,6,32in & under,China,Analogue/Digital
AKAI,AK24**S7WOS,LCD (LED),24,0.153,15.1,0.2,0.0,60.0,21.0,98.7,392.0,6.0,6,32in & under,China,Analogue/Digital
AKAI,AK2423S7WOS,LCD (LED),24,0.153,15.1,0.2,0.0,60.0,21.0,98.7,392.0,6.0,6,32in & under,China,Analogue/Digital
BLAUPUNKT,BP4000HDV7100,LCD,40,0.426,49.1,0.38,0.0,181.0,63.0,115.3,425.0,5.0,5,33-43in,China,Analogue/Digital
SAMSUNG,UA85CU7000S,LCD (LED),85,1.971,145.0,0.5,0.0,532.0,186.0,73.6,270.0,6.0,6,76-85in,Vietnam,Digital
SAMSUNG,UA85CU7100S,LCD (LED),85,1.971,145.0,0.5,0.0,532.0,186.0,73.6,270.0,6.0,6,76-85in,Vietnam,Digital
SAMSUNG,UA85CU7*00S,LCD (LED),85,1.971,145.0,0.5,0.0,532.0,186.0,73.6,270.0,6.0,6,76-85in,Vietnam,Digital
AKAI,AK3223S7WOS,LCD,32,0.274,23.5,0.25,0.0,90.0,32.0,85.8,328.0,6.0,6,32in & under,China,
BLAUPUNKT,BP750USG9800,LCD,74,1.52,221.6,0.392,0.0,811.0,284.0,145.8,534.0,3.5,4,66-75in,China,Analogue/Digital
SAMSUNG,UA43CU7000S,LCD (LED),43,0.498,70.0,0.5,0.0,259.0,91.0,140.6,520.0,4.0,4,33-43in,Vietnam,Digital
SAMSUNG,UA43CU7100S,LCD (LED),43,0.498,70.0,0.5,0.0,259.0,91.0,140.6,520.0,4.0,4,33-43in,Vietnam,Digital
SAMSUNG,UA43CU7*00S,LCD (LED),43,0.498,70.0,0.5,0.0,259.0,91.0,140.6,520.0,4.0,4,33-43in,Vietnam,Digital
SAMSUNG,UA65CU7000S,LCD (LED),65,1.148,116.0,0.5,0.0,426.0,149.0,101.0,371.0,5.0,5,56-65in,Vietnam,Digital
SAMSUNG,UA65CU7100S,LCD (LED),65,1.148,116.0,0.5,0.0,426.0,149.0,101.0,371.0,5.0,5,56-65in,Vietnam,Digital
SAMSUNG,UA65CU7*00S,LCD (LED),65,1.148,116.0,0.5,0.0,426.0,149.0,101.0,371.0,5.0,5,56-65in,Vietnam,Digital
SAMSUNG,UA75CU7000S,LCD (LED),75,1.532,139.0,0.5,0.0,510.0,178.0,90.7,333.0,5.5,6,66-75in,Vietnam,Digital
SAMSUNG,UA75CU7100S,LCD (LED),75,1.532,139.0,0.5,0.0,510.0,178.0,90.7,333.0,5.5,6,66-75in,Vietnam,Digital
SAMSUNG,UA75CU7*00S,LCD (LED),75,1.532,139.0,0.5,0.0,510.0,178.0,90.7,333.0,5.5,6,66-75in,Vietnam,Digital
SAMSUNG,UA50CU7000S,LCD (LED),49,0.675,80.0,0.5,0.0,295.0,103.0,118.5,437.0,4.5,4,44-50in,Vietnam,Digital
SAMSUNG,UA50CU7100S,LCD (LED),49,0.675,80.0,0.5,0.0,295.0,103.0,118.5,437.0,4.5,4,44-50in,Vietnam,Digital
SAMSUNG,UA50CU7*00S,LCD (LED),49,0.675,80.0,0.5,0.0,295.0,103.0,118.5,437.0,4.5,4,44-50in,Vietnam,Digital
SAMSUNG,UA55CU7000S,LCD (LED),55,0.823,81.0,0.5,0.0,299.0,105.0,98.4,363.0,5.5,6,51-55in,Vietnam,Digital
SAMSUNG,UA55CU7100S,LCD (LED),55,0.823,81.0,0.5,0.0,299.0,105.0,98.4,363.0,5.5,6,51-55in,Vietnam,Digital
SAMSUNG,UA55CU7*00S,LCD (LED),55,0.823,81.0,0.5,0.0,299.0,105.0,98.4,363.0,5.5,6,51-55in,Vietnam,Digital
PHILIPS,75HFL5214U/97,LCD (LED),75,1.531,99.7,0.29,0.65,450.0,158.0,65.1,294.0,6.0,6,66-75in,China,Analogue/Digital
CAIXUN,EC32T1HN,LCD (LED),32,0.274,25.92,,,110.0,38.0,94.6,401.0,5.5,6,32in & under,China,Analogue/Digital
CAIXUN,EC32T2HN,LCD (LED),32,0.274,25.92,,,110.0,38.0,94.6,401.0,5.5,6,32in & under,China,Analogue/Digital
CAIXUN,EC32T1HA,LCD (LED),32,0.274,25.92,,,110.0,38.0,94.6,401.0,5.5,6,32in & under,China,Analogue/Digital
CAIXUN,EC32T2HA,LCD (LED),32,0.274,25.92,,,110.0,38.0,94.6,401.0,5.5,6,32in & under,China,Analogue/Digital
CAIXUN,EC32V1HA,LCD (LED),32,0.274,25.92,,,110.0,38.0,94.6,401.0,5.5,6,32in & under,China,Analogue/Digital
CAIXUN,EC32V2HA,LCD (LED),32,0.274,25.92,,,110.0,38.0,94.6,401.0,5.5,6,32in & under,China,Analogue/Digital
CAIXUN,EC32V1HN,LCD (LED),32,0.274,25.92,,,110.0,38.0,94.6,401.0,5.5,6,32in & under,China,Analogue/Digital
CAIXUN,EC32T1N,LCD (LED),32,0.274,25.92,,,110.0,38.0,94.6,401.0,5.5,6,32in & under,China,Analogue/Digital
CAIXUN,EC32T3H,LCD (LED),32,0.274,25.92,,,110.0,38.0,94.6,401.0,5.5,6,32in & under,China,Analogue/Digital
CAIXUN,*****32*****,LCD (LED),32,0.274,25.92,,,110.0,38.0,94.6,401.0,5.5,6,32in & under,China,Analogue/Digital
CAIXUN,LE-32V1,LCD (LED),32,0.274,25.92,,,110.0,38.0,94.6,401.0,5.5,6,32in & under,China,Analogue/Digital
JVC,LT-50NQ7145A,LCD,49,0.675,112.52,0.38,0.0,413.0,145.0,166.7,612.0,3.0,3,44-50in,China,
KOGAN,KALED40R94KA,LCD (LED),40,0.426,40.7,,,158.0,55.0,95.5,371.0,5.5,6,33-43in,China,Analogue/Digital
KOGAN,KALED40R94KB,LCD (LED),40,0.426,40.7,,,158.0,55.0,95.5,371.0,5.5,6,33-43in,China,Analogue/Digital
KOGAN,KALED40R94KC,LCD (LED),40,0.426,40.7,,,158.0,55.0,95.5,371.0,5.5,6,33-43in,China,Analogue/Digital
KOGAN,KALED32R94KA,LCD (LED),32,0.274,31.8,,,130.0,46.0,116.1,474.0,5.0,5,32in & under,China,Analogue/Digital
KOGAN,KALED32R94KB,LCD (LED),32,0.274,31.8,,,130.0,46.0,116.1,474.0,5.0,5,32in & under,China,Analogue/Digital
KOGAN,KALED32R94KC,LCD (LED),32,0.274,31.8,,,130.0,46.0,116.1,474.0,5.0,5,32in & under,China,Analogue/Digital
JVC,LT-55NQ7145A,LCD,55,0.823,126.52,0.36,0.0,464.0,162.0,153.7,564.0,3.5,4,51-55in,China,
KOGAN,KALED55R94KA,LCD (LED),55,0.818,68.9,0.382,0.384,295.0,103.0,84.2,361.0,5.5,6,51-55in,"China,Indonesia",Analogue/Digital
KOGAN,KALED55R94KB,LCD (LED),55,0.818,68.9,0.382,0.384,295.0,103.0,84.2,361.0,5.5,6,51-55in,"China,Indonesia",Analogue/Digital
KOGAN,KALED55R94KC,LCD (LED),55,0.818,68.9,0.382,0.384,295.0,103.0,84.2,361.0,5.5,6,51-55in,"China,Indonesia",Analogue/Digital
KOGAN,KALED55R94KD,LCD (LED),55,0.818,68.9,0.382,0.384,295.0,103.0,84.2,361.0,5.5,6,51-55in,"China,Indonesia",Analogue/Digital
KOGAN,KALED55R94****,LCD (LED),55,0.818,68.9,0.382,0.384,295.0,103.0,84.2,361.0,5.5,6,51-55in,"China,Indonesia",Analogue/Digital
KOGAN,KALED50R94KA,LCD (LED),50,0.676,66.4,0.395,0.396,285.0,100.0,98.2,422.0,5.0,5,44-50in,"China,Indonesia",Analogue/Digital
KOGAN,KALED50R94KB,LCD (LED),50,0.676,66.4,0.395,0.396,285.0,100.0,98.2,422.0,5.0,5,44-50in,"China,Indonesia",Analogue/Digital
KOGAN,KALED50R94KC,LCD (LED),50,0.676,66.4,0.395,0.396,285.0,100.0,98.2,422.0,5.0,5,44-50in,"China,Indonesia",Analogue/Digital
KOGAN,KALED50R94KD,LCD (LED),50,0.676,66.4,0.395,0.396,285.0,100.0,98.2,422.0,5.0,5,44-50in,"China,Indonesia",Analogue/Digital
KOGAN,KALED50R94****,LCD (LED),50,0.676,66.4,0.395,0.396,285.0,100.0,98.2,422.0,5.0,5,44-50in,"China,Indonesia",Analogue/Digital
EKO,K55USWQ2,LCD,55,0.823,102.7,0.45,0.0,378.0,132.0,124.8,459.0,4.5,4,51-55in,China,Analogue/Digital
SYLVOX,OT75A2KEGC,LCD (LED),75,1.532,306.7,0.39,0.39,1122.0,393.0,200.2,732.0,2.0,2,66-75in,China,Analogue/Digital
LG,43UM662H0LC,LCD (LED),43,0.498,36.0,0.4,0.0,134.0,47.0,72.3,269.0,7.0,7,33-43in,"South Korea,Indonesia",Analogue/Digital
LG,50UM662H0LC,LCD (LED),49,0.675,40.0,0.4,0.0,149.0,52.0,59.3,221.0,7.0,7,44-50in,"Indonesia,South Korea",Analogue/Digital
LG,55UM662H0LC,LCD (LED),55,0.823,49.0,0.4,0.0,181.0,63.0,59.5,220.0,7.0,7,51-55in,"Indonesia,South Korea",Analogue/Digital
LG,65UM662H0LC,LCD (LED),65,1.148,56.0,0.4,0.0,207.0,72.0,48.8,180.0,8.0,8,56-65in,"Indonesia,South Korea",Analogue/Digital
PRISM+,Q75U,LCD (LED),75,1.53,165.8,,,670.0,234.0,108.4,438.0,4.5,4,66-75in,"China,Indonesia",Analogue/Digital
EKO,K65USW2,LCD (LED),65,1.148,154.08,,,581.0,203.0,134.2,506.0,4.0,4,56-65in,China,Analogue/Digital
KOGAN,KAL24DH5300QA,LCD (LED),24,0.156,25.83,,,110.0,38.0,165.6,705.0,3.5,4,32in & under,"China,Vietnam",Digital
EKO,K42FSW3,LCD (LED),42,0.466,55.82,,,230.0,80.0,119.8,494.0,4.0,4,33-43in,China,Analogue/Digital
EKO,K50USW3,LCD (LED),50,0.675,94.37,0.37,0.39,400.0,140.0,139.8,593.0,3.0,3,44-50in,China,Analogue/Digital
EKO,K320HATTA,LCD (LED),32,0.274,24.687,0.41662,2.2232,130.0,46.0,90.1,474.0,5.0,5,32in & under,China,Analogue/Digital
KOGAN,KAQL50W94QA,LCD (LED),50,0.675,94.01,,,415.0,145.0,139.3,615.0,3.0,3,44-50in,"China,Vietnam",Digital
KOGAN,KAQL55W94QA,LCD (LED),55,0.823,109.19,,,468.0,164.0,132.7,569.0,3.5,4,51-55in,"China,Vietnam",Digital
KOGAN,KAQL65W94QA,LCD (LED),65,1.148,134.93,,,543.0,190.0,117.5,473.0,4.0,4,56-65in,"China,Vietnam",Digital
KOGAN,KAQL75W94QA,LCD (LED),75,1.532,159.15,,,772.0,270.0,103.9,504.0,3.5,4,66-75in,"China,Vietnam",Digital
SAMSUNG,HG50CU700AW,LCD (LED),49,0.675,80.0,0.5,0.0,295.0,103.0,118.5,437.0,4.5,4,44-50in,Vietnam,Digital
SAMSUNG,HG55CU700AW,LCD (LED),55,0.823,81.0,0.5,0.0,299.0,105.0,98.4,363.0,5.5,6,51-55in,Vietnam,Digital
JVC,LT-32N3115A11N,LCD,32,0.274,29.22,0.255,0.255,108.0,38.0,106.6,394.0,5.5,6,32in & under,China,
EKO,K650USGQ2,LCD,65,1.147,234.49,0.4,0.0,858.0,300.0,204.4,748.0,2.0,2,56-65in,China,Analogue/Digital
EKO,K650UGTQ,LCD,65,1.147,234.49,0.4,0.0,858.0,300.0,204.4,748.0,2.0,2,56-65in,China,Analogue/Digital
LINSAR,LS70UHDNF,LCD (LED),70,1.333,107.4,0.51,0.0,395.0,138.0,80.6,296.0,6.0,6,66-75in,China,Analogue/Digital
SAMSUNG,HG43CU700AW,LCD (LED),43,0.498,70.0,0.5,0.0,259.0,91.0,140.6,520.0,4.0,4,33-43in,Vietnam,Digital
SAMSUNG,HG65CU700AW,LCD (LED),65,1.148,126.0,0.5,0.0,463.0,162.0,109.8,403.0,5.0,5,56-65in,Vietnam,Digital
SAMSUNG,HG75CU700AW,LCD (LED),75,1.532,143.0,0.5,0.0,525.0,184.0,93.3,343.0,5.5,6,66-75in,Vietnam,Digital
KOGAN,KALED40F98VA,LCD (LED),40,0.427,54.48,,,210.0,74.0,127.6,492.0,4.5,4,33-43in,China,
KOGAN,KALED40F98VB,LCD (LED),40,0.427,54.48,,,210.0,74.0,127.6,492.0,4.5,4,33-43in,China,
KOGAN,KALED40F98VC,LCD (LED),40,0.427,54.48,,,210.0,74.0,127.6,492.0,4.5,4,33-43in,China,
EKO,K75USW2,LCD (LED),75,1.532,186.3,,,682.0,239.0,121.6,445.0,4.5,4,66-75in,China,Analogue/Digital
BLAUPUNKT,BP75WOS,LCD (LED),75,1.532,186.3,,,682.0,239.0,121.6,445.0,4.5,4,66-75in,China,Analogue/Digital
BLAUPUNKT,BP700USG9700,LCD,70,1.339,153.11,,,561.0,196.0,114.3,419.0,4.5,4,66-75in,China,Analogue/Digital
JVC,LT-70N7145A,LCD (LED),70,1.332,116.74,0.33,0.45,470.0,164.0,87.6,353.0,5.5,6,66-75in,China,Analogue/Digital
KOGAN,KALED32R98VA,LCD (LED),31,0.273,28.86,,,145.0,51.0,105.7,531.0,4.5,4,32in & under,China,Analogue/Digital
KOGAN,KALED32R98VB,LCD (LED),31,0.273,28.86,,,145.0,51.0,105.7,531.0,4.5,4,32in & under,China,Analogue/Digital
KOGAN,KALED32R98VC,LCD (LED),31,0.273,28.86,,,145.0,51.0,105.7,531.0,4.5,4,32in & under,China,Analogue/Digital
KOGAN,KAQL65XQ98GSTA,LCD (LED),64,1.147,195.5,0.4,0.4,809.0,283.0,170.4,705.0,2.5,2,56-65in,China,Analogue/Digital
KOGAN,KAQL65XQ98GSTB,LCD (LED),64,1.147,195.5,0.4,0.4,809.0,283.0,170.4,705.0,2.5,2,56-65in,China,Analogue/Digital
KOGAN,KAQL65XQ98GSTC,LCD (LED),64,1.147,195.5,0.4,0.4,809.0,283.0,170.4,705.0,2.5,2,56-65in,China,Analogue/Digital
KOGAN,KAQL65XQ98GSTD,LCD (LED),64,1.147,195.5,0.4,0.4,809.0,283.0,170.4,705.0,2.5,2,56-65in,China,Analogue/Digital
KOGAN,KAQL65XQ98GSTE,LCD (LED),64,1.147,195.5,0.4,0.4,809.0,283.0,170.4,705.0,2.5,2,56-65in,China,Analogue/Digital
KOGAN,KAQL65XQ98GST*,LCD (LED),64,1.147,195.5,0.4,0.4,809.0,283.0,170.4,705.0,2.5,2,56-65in,China,Analogue/Digital
LINSAR,LS50UHDNF23,LCD (LED),50,0.695,57.06,0.3,0.0,210.0,74.0,82.1,302.0,6.0,6,44-50in,China,Analogue/Digital
JVC,LT-40N5115A11E,LCD (LED),40,0.427,54.48,0.4,0.0,210.0,74.0,127.6,492.0,4.5,4,33-43in,China,
EKO,K320HGT,LCD (LED),32,0.274,31.626,0.49038,0.72834,125.0,44.0,115.4,456.0,5.0,5,32in & under,China,Analogue/Digital
BLAUPUNKT,BP320HSG9800,LCD (LED),32,0.274,31.626,0.49038,0.72834,125.0,44.0,115.4,456.0,5.0,5,32in & under,China,Analogue/Digital
LINSAR,LS55UHDNF23,LCD (LED),55,0.823,69.65,0.31,0.0,256.0,90.0,84.6,311.0,6.0,6,51-55in,China,Analogue/Digital
LINSAR,LS60UHDNF23,LCD,60,0.996,85.97,0.31,0.0,316.0,111.0,86.3,317.0,6.0,6,56-65in,China,Analogue/Digital
LINSAR,LS65UHDNF23,LCD (LED),65,1.158,95.92,0.3,0.0,352.0,123.0,82.8,304.0,6.0,6,56-65in,China,Analogue/Digital
LINSAR,LS70UHDNF23,LCD (LED),70,1.338,99.18,0.37,0.0,364.0,127.0,74.1,272.0,6.0,6,66-75in,China,Analogue/Digital
EKO,K400FGT,LCD (LED),40,0.426,46.5216,0.4441,0.78856,183.0,64.0,109.2,430.0,5.0,5,33-43in,China,Analogue/Digital
JVC,AV-H437115A11N,LCD,42,0.498,57.474,0.313,0.318,212.0,74.0,115.4,426.0,5.0,5,33-43in,China,
JVC,AV-H323115A11N,LCD,32,0.274,29.22,0.255,0.255,108.0,38.0,106.6,394.0,5.5,6,32in & under,China,
JVC,LT-55NQ7145AN,LCD,55,0.823,97.36,0.368,0.368,358.0,125.0,118.3,435.0,4.5,4,51-55in,China,
JVC,LT-43N5135AN,LCD,43,0.499,53.26,0.256,0.256,196.0,69.0,106.7,393.0,5.0,5,33-43in,China,
SONY,K-50S30,LCD (LED),49,0.675,83.3,0.5,11.5,310.0,108.0,123.4,459.0,4.5,4,44-50in,Malaysia,Analogue/Digital
JVC,LT-50NQ7145AN,LCD,49,0.675,110.72,0.391,0.391,407.0,142.0,164.0,603.0,3.0,3,44-50in,China,
SAMSUNG,QA75QN90DAW,LCD (LED),75,1.532,157.0,0.5,0.0,576.0,202.0,102.5,376.0,5.0,5,66-75in,Vietnam,Digital
SAMSUNG,QA75QN90DAS,LCD (LED),75,1.532,157.0,0.5,0.0,576.0,202.0,102.5,376.0,5.0,5,66-75in,Vietnam,Digital
SAMSUNG,QA75QN90DA*,LCD (LED),75,1.532,157.0,0.5,0.0,576.0,202.0,102.5,376.0,5.0,5,66-75in,Vietnam,Digital
BAUHN,ATV24HDW-0224,LCD,24,0.153,15.1,0.2,0.0,66.0,23.0,98.7,431.0,6.0,6,32in & under,China,
BAUHN,ATV55UHDW-0124,LCD (LED),55,0.823,73.991,0.277,0.0,272.0,95.0,89.9,330.0,6.0,6,51-55in,China,
EKO,K420FAT,LCD (LED),42,0.466,53.38,0.44,0.0,240.0,84.0,114.5,515.0,4.0,4,33-43in,China,Analogue/Digital
BAUHN,ATV40UHDW-0124,LCD (LED),40,0.441,51.2,0.27,0.0,189.0,66.0,116.1,429.0,5.0,5,33-43in,China,
BAUHN,ATV40UHDW-0324,LCD (LED),40,0.441,51.2,0.27,0.0,189.0,66.0,116.1,429.0,5.0,5,33-43in,China,
BAUHN,ATV40UHDW-****,LCD (LED),40,0.441,51.2,0.27,0.0,189.0,66.0,116.1,429.0,5.0,5,33-43in,China,
SYLVOX,BT24A1KEGB,LCD (LED),24,0.156,17.14,,,65.0,23.0,109.9,417.0,6.0,6,32in & under,China,Analogue/Digital
SYLVOX,BT24A0KEGB,LCD (LED),24,0.156,17.14,,,65.0,23.0,109.9,417.0,6.0,6,32in & under,China,Analogue/Digital
SYLVOX,BT24A0KOGB,LCD (LED),24,0.156,17.14,,,65.0,23.0,109.9,417.0,6.0,6,32in & under,China,Analogue/Digital
SYLVOX,BT24A1KOGB,LCD (LED),24,0.156,17.14,,,65.0,23.0,109.9,417.0,6.0,6,32in & under,China,Analogue/Digital
SYLVOX,BT24A2KOGB,LCD (LED),24,0.156,17.14,,,65.0,23.0,109.9,417.0,6.0,6,32in & under,China,Analogue/Digital
SYLVOX,BT24A3KOGB,LCD (LED),24,0.156,17.14,,,65.0,23.0,109.9,417.0,6.0,6,32in & under,China,Analogue/Digital
SYLVOX,BT24A4KOGB,LCD (LED),24,0.156,17.14,,,65.0,23.0,109.9,417.0,6.0,6,32in & under,China,Analogue/Digital
SYLVOX,BT24A5KOGB,LCD (LED),24,0.156,17.14,,,65.0,23.0,109.9,417.0,6.0,6,32in & under,China,Analogue/Digital
SYLVOX,BT24A6KOGB,LCD (LED),24,0.156,17.14,,,65.0,23.0,109.9,417.0,6.0,6,32in & under,China,Analogue/Digital
SYLVOX,BT24A7KOGB,LCD (LED),24,0.156,17.14,,,65.0,23.0,109.9,417.0,6.0,6,32in & under,China,Analogue/Digital
KOGAN,KAQL98XQ98GSTA,LCD (LED),98,2.621,297.5,0.4,0.0,1233.0,432.0,113.5,470.0,4.0,4,86in+,China,Analogue/Digital
KOGAN,KAQL98XQ98GSTB,LCD (LED),98,2.621,297.5,0.4,0.0,1233.0,432.0,113.5,470.0,4.0,4,86in+,China,Analogue/Digital
KOGAN,KAQL98XQ98GSTC,LCD (LED),98,2.621,297.5,0.4,0.0,1233.0,432.0,113.5,470.0,4.0,4,86in+,China,Analogue/Digital
KOGAN,KAQL98XQ98GSTD,LCD (LED),98,2.621,297.5,0.4,0.0,1233.0,432.0,113.5,470.0,4.0,4,86in+,China,Analogue/Digital
KOGAN,KAQL98XQ98GSTE,LCD (LED),98,2.621,297.5,0.4,0.0,1233.0,432.0,113.5,470.0,4.0,4,86in+,China,Analogue/Digital
KOGAN,KAQL98XQ98GST*,LCD (LED),98,2.621,297.5,0.4,0.0,1233.0,432.0,113.5,470.0,4.0,4,86in+,China,Analogue/Digital
SAMSUNG,QA65QN800DW,LCD (LED),65,1.148,262.0,0.5,0.0,959.0,336.0,228.2,835.0,1.5,2,56-65in,Vietnam,Digital
SAMSUNG,QA65QN800DS,LCD (LED),65,1.148,262.0,0.5,0.0,959.0,336.0,228.2,835.0,1.5,2,56-65in,Vietnam,Digital
SAMSUNG,QA65QN800D*,LCD (LED),65,1.148,262.0,0.5,0.0,959.0,336.0,228.2,835.0,1.5,2,56-65in,Vietnam,Digital
SAMSUNG,QA75QN800DW,LCD (LED),75,1.532,269.0,0.5,0.0,985.0,345.0,175.6,643.0,2.5,2,66-75in,Vietnam,Digital
SAMSUNG,QA75QN800DS,LCD (LED),75,1.532,269.0,0.5,0.0,985.0,345.0,175.6,643.0,2.5,2,66-75in,Vietnam,Digital
SAMSUNG,QA75QN800D*,LCD (LED),75,1.532,269.0,0.5,0.0,985.0,345.0,175.6,643.0,2.5,2,66-75in,Vietnam,Digital
SAMSUNG,QA85QN90DAW,LCD (LED),85,1.971,211.0,0.5,0.0,773.0,271.0,107.1,392.0,5.0,5,76-85in,Vietnam,Digital
SAMSUNG,QA85QN90DAS,LCD (LED),85,1.971,211.0,0.5,0.0,773.0,271.0,107.1,392.0,5.0,5,76-85in,Vietnam,Digital
SAMSUNG,QA85QN90DA*,LCD (LED),85,1.971,211.0,0.5,0.0,773.0,271.0,107.1,392.0,5.0,5,76-85in,Vietnam,Digital
LG,43QNED80T6A,LCD (LED),43,0.498,67.0,0.4,0.0,247.0,86.0,134.5,496.0,4.0,4,33-43in,"Indonesia,South Korea",Analogue/Digital
LG,43QNED81TSA,LCD (LED),43,0.498,67.0,0.4,0.0,247.0,86.0,134.5,496.0,4.0,4,33-43in,"Indonesia,South Korea",Analogue/Digital
LG,50QNED81TSA,LCD (LED),49,0.675,72.0,0.4,0.0,265.0,93.0,106.7,393.0,5.0,5,44-50in,"Indonesia,South Korea",Analogue/Digital
LG,55QNED81TSA,LCD (LED),55,0.823,92.0,0.4,0.0,338.0,118.0,111.8,411.0,5.0,5,51-55in,"Indonesia,South Korea",Analogue/Digital
LG,55QNED86T6A,LCD (LED),55,0.823,94.0,0.4,0.0,346.0,121.0,114.2,420.0,4.5,4,51-55in,"Indonesia,South Korea",Analogue/Digital
LG,55QNED86TSA,LCD (LED),55,0.823,94.0,0.4,0.0,346.0,121.0,114.2,420.0,4.5,4,51-55in,"Indonesia,South Korea",Analogue/Digital
LG,65QNED80T6A,LCD (LED),65,1.148,109.0,0.4,0.0,400.0,140.0,94.9,348.0,5.5,6,56-65in,"Indonesia,South Korea",Analogue/Digital
LG,65QNED81TSA,LCD (LED),65,1.148,109.0,0.4,0.0,400.0,140.0,94.9,348.0,5.5,6,56-65in,"Indonesia,South Korea",Analogue/Digital
LG,75QNED80T6A,LCD (LED),75,1.531,126.0,0.4,0.0,462.0,162.0,82.3,302.0,6.0,6,66-75in,"Indonesia,South Korea",Analogue/Digital
LG,75QNED81TSA,LCD (LED),75,1.531,126.0,0.4,0.0,462.0,162.0,82.3,302.0,6.0,6,66-75in,"Indonesia,South Korea",Analogue/Digital
LG,OLED42C4PSA,OLED,42,0.476,70.0,0.4,0.0,258.0,90.0,147.1,542.0,4.0,4,33-43in,"Indonesia,South Korea",Analogue/Digital
LG,OLED42C44LA,OLED,42,0.476,70.0,0.4,0.0,258.0,90.0,147.1,542.0,4.0,4,33-43in,"Indonesia,South Korea",Analogue/Digital
LG,OLED48C4PSA,OLED,48,0.623,79.0,0.4,0.0,291.0,102.0,126.8,467.0,4.5,4,44-50in,"Indonesia,South Korea",Analogue/Digital
LG,OLED48C46LA,OLED,48,0.623,79.0,0.4,0.0,291.0,102.0,126.8,467.0,4.5,4,44-50in,"Indonesia,South Korea",Analogue/Digital
LG,OLED55C4PSA,OLED,55,0.823,100.0,0.4,0.0,368.0,129.0,121.5,447.0,4.5,4,51-55in,"Indonesia,South Korea",Analogue/Digital
LG,OLED55C46LA,OLED,55,0.823,100.0,0.4,0.0,368.0,129.0,121.5,447.0,4.5,4,51-55in,"Indonesia,South Korea",Analogue/Digital
LG,OLED55G4PSA,OLED,55,0.823,115.0,0.4,0.0,422.0,148.0,139.7,513.0,4.0,4,51-55in,"Indonesia,South Korea",Analogue/Digital
LG,OLED55G46LA,OLED,55,0.823,115.0,0.4,0.0,422.0,148.0,139.7,513.0,4.0,4,51-55in,"Indonesia,South Korea",Analogue/Digital
LG,OLED65B4PSA,OLED,65,1.148,109.0,0.4,0.0,400.0,140.0,94.9,348.0,5.5,6,56-65in,"Indonesia,South Korea",Analogue/Digital
LG,OLED65B46LA,OLED,65,1.148,109.0,0.4,0.0,400.0,140.0,94.9,348.0,5.5,6,56-65in,"Indonesia,South Korea",Analogue/Digital
LG,OLED65G4PSA,OLED,65,1.148,147.0,0.4,0.0,539.0,189.0,128.0,470.0,4.0,4,56-65in,"Indonesia,South Korea",Analogue/Digital
LG,OLED65G46LA,OLED,65,1.148,147.0,0.4,0.0,539.0,189.0,128.0,470.0,4.0,4,56-65in,"Indonesia,South Korea",Analogue/Digital
LG,OLED77G4PSA,OLED,77,1.62,195.0,0.4,0.0,714.0,250.0,120.4,441.0,4.5,4,76-85in,"Indonesia,South Korea",Analogue/Digital
LG,OLED77G46LA,OLED,77,1.62,195.0,0.4,0.0,714.0,250.0,120.4,441.0,4.5,4,76-85in,"Indonesia,South Korea",Analogue/Digital
SAMSUNG,QA55QN90DAW,LCD (LED),55,0.823,114.0,0.5,0.0,419.0,147.0,138.5,509.0,4.0,4,51-55in,Vietnam,Digital
SAMSUNG,QA55QN90DAS,LCD (LED),55,0.823,114.0,0.5,0.0,419.0,147.0,138.5,509.0,4.0,4,51-55in,Vietnam,Digital
SAMSUNG,QA55QN90DA*,LCD (LED),55,0.823,114.0,0.5,0.0,419.0,147.0,138.5,509.0,4.0,4,51-55in,Vietnam,Digital
SAMSUNG,QA65QN90DAW,LCD (LED),67,1.196,138.0,0.5,0.0,507.0,177.0,115.4,424.0,4.5,4,66-75in,Vietnam,Digital
SAMSUNG,QA65QN90DAS,LCD (LED),67,1.196,138.0,0.5,0.0,507.0,177.0,115.4,424.0,4.5,4,66-75in,Vietnam,Digital
SAMSUNG,QA65QN90DA*,LCD (LED),67,1.196,138.0,0.5,0.0,507.0,177.0,115.4,424.0,4.5,4,66-75in,Vietnam,Digital
KOGAN,KAQL50XQ98GSVA,LCD (LED),49,0.675,104.46,,,396.0,139.0,154.8,587.0,3.5,4,44-50in,China,Analogue/Digital
KOGAN,KAQL55XQ98GSVA,LCD (LED),55,0.822,127.86,,,475.0,166.0,155.5,578.0,3.5,4,51-55in,China,Analogue/Digital
SYLVOX,BT32A0KEGB,LCD (LED),32,0.274,27.0,,,101.0,35.0,98.5,369.0,6.0,6,32in & under,China,Analogue/Digital
SYLVOX,BT32A1KEGB,LCD (LED),32,0.274,27.0,,,101.0,35.0,98.5,369.0,6.0,6,32in & under,China,Analogue/Digital
SYLVOX,BT32A0KOGB,LCD (LED),32,0.274,27.0,,,101.0,35.0,98.5,369.0,6.0,6,32in & under,China,Analogue/Digital
SYLVOX,BT32A1KOGB,LCD (LED),32,0.274,27.0,,,101.0,35.0,98.5,369.0,6.0,6,32in & under,China,Analogue/Digital
SYLVOX,BT32A2KOGB,LCD (LED),32,0.274,27.0,,,101.0,35.0,98.5,369.0,6.0,6,32in & under,China,Analogue/Digital
SYLVOX,BT32A3KOGB,LCD (LED),32,0.274,27.0,,,101.0,35.0,98.5,369.0,6.0,6,32in & under,China,Analogue/Digital
SYLVOX,BT32A4KOGB,LCD (LED),32,0.274,27.0,,,101.0,35.0,98.5,369.0,6.0,6,32in & under,China,Analogue/Digital
SYLVOX,BT32A5KOGB,LCD (LED),32,0.274,27.0,,,101.0,35.0,98.5,369.0,6.0,6,32in & under,China,Analogue/Digital
SYLVOX,BT32A6KOGB,LCD (LED),32,0.274,27.0,,,101.0,35.0,98.5,369.0,6.0,6,32in & under,China,Analogue/Digital
SYLVOX,BT32A7KOGB,LCD (LED),32,0.274,27.0,,,101.0,35.0,98.5,369.0,6.0,6,32in & under,China,Analogue/Digital
JVC,LT-40N7145A,LCD (LED),40,0.44,64.06,0.36,0.51,259.0,91.0,145.6,589.0,3.5,4,33-43in,China,Analogue/Digital
EKO,K55USWQ,LCD (LED),55,0.823,117.3,,,470.0,164.0,142.5,571.0,3.5,4,51-55in,China,Analogue/Digital
LINSAR,LS32HDNF23,LCD,32,0.274,23.8,0.29,0.0,89.0,31.0,86.9,325.0,6.0,6,32in & under,China,
SAMSUNG,QA43QN90DAW,LCD (LED),43,0.498,63.0,0.5,0.0,233.0,82.0,126.5,468.0,4.5,4,33-43in,Vietnam,Digital
SAMSUNG,QA43QN90DAS,LCD (LED),43,0.498,63.0,0.5,0.0,233.0,82.0,126.5,468.0,4.5,4,33-43in,Vietnam,Digital
SAMSUNG,QA43QN90DA*,LCD (LED),43,0.498,63.0,0.5,0.0,233.0,82.0,126.5,468.0,4.5,4,33-43in,Vietnam,Digital
BAUHN,ATV75UHDW-0324,LCD (LED),75,1.53,117.61,0.34,0.47,474.0,166.0,76.9,310.0,6.0,6,66-75in,China,Analogue/Digital
SONY,K-55XR70,LCD (LED),55,0.823,148.0,0.5,14.6,547.0,191.0,179.8,665.0,2.5,2,51-55in,"Malaysia,Vietnam",Analogue/Digital
SONY,K-65XR70,LCD (LED),65,1.148,171.9,0.5,14.5,634.0,222.0,149.7,552.0,3.5,4,56-65in,"Malaysia,Vietnam",Analogue/Digital
LG,50QNED80T6A,LCD (LED),49,0.675,68.0,0.4,0.0,251.0,88.0,100.7,372.0,5.5,6,44-50in,"Indonesia,South Korea",Analogue/Digital
LG,55QNED80T6A,LCD (LED),55,0.823,87.0,0.4,0.0,320.0,112.0,105.7,389.0,5.0,5,51-55in,"Indonesia,South Korea",Analogue/Digital
KOGAN,KALED42F98TA,LCD (LED),41,0.466,39.8,0.4,0.0,163.0,57.0,85.4,350.0,6.0,6,33-43in,China,Analogue/Digital
KOGAN,KALED42F98TB,LCD (LED),41,0.466,39.8,0.4,0.0,163.0,57.0,85.4,350.0,6.0,6,33-43in,China,Analogue/Digital
KOGAN,KALED42F98TC,LCD (LED),41,0.466,39.8,0.4,0.0,163.0,57.0,85.4,350.0,6.0,6,33-43in,China,Analogue/Digital
KOGAN,KALED42F98TD,LCD (LED),41,0.466,39.8,0.4,0.0,163.0,57.0,85.4,350.0,6.0,6,33-43in,China,Analogue/Digital
KOGAN,KALED42F98TE,LCD (LED),41,0.466,39.8,0.4,0.0,163.0,57.0,85.4,350.0,6.0,6,33-43in,China,Analogue/Digital
KOGAN,KALED42F98TF,LCD (LED),41,0.466,39.8,0.4,0.0,163.0,57.0,85.4,350.0,6.0,6,33-43in,China,Analogue/Digital
KOGAN,KALED42F98T*,LCD (LED),41,0.466,39.8,0.4,0.0,163.0,57.0,85.4,350.0,6.0,6,33-43in,China,Analogue/Digital
KOGAN,KALED24R98TA,LCD (LED),24,0.153,16.2,0.22,0.22,67.0,23.0,105.9,438.0,6.0,6,32in & under,China,Analogue/Digital
KOGAN,KALED24R98TB,LCD (LED),24,0.153,16.2,0.22,0.22,67.0,23.0,105.9,438.0,6.0,6,32in & under,China,Analogue/Digital
KOGAN,KALED24R98TC,LCD (LED),24,0.153,16.2,0.22,0.22,67.0,23.0,105.9,438.0,6.0,6,32in & under,China,Analogue/Digital
KOGAN,KALED24R98TD,LCD (LED),24,0.153,16.2,0.22,0.22,67.0,23.0,105.9,438.0,6.0,6,32in & under,China,Analogue/Digital
KOGAN,KALED24R98TE,LCD (LED),24,0.153,16.2,0.22,0.22,67.0,23.0,105.9,438.0,6.0,6,32in & under,China,Analogue/Digital
KOGAN,KALED24R98T*,LCD (LED),24,0.153,16.2,0.22,0.22,67.0,23.0,105.9,438.0,6.0,6,32in & under,China,Analogue/Digital
SAMSUNG,QA98QN90DAW,LCD (LED),98,2.622,256.0,0.5,0.0,937.0,328.0,97.6,357.0,5.0,5,86in+,Vietnam,Digital
SAMSUNG,QA98QN90DAS,LCD (LED),98,2.622,256.0,0.5,0.0,937.0,328.0,97.6,357.0,5.0,5,86in+,Vietnam,Digital
SAMSUNG,QA98QN90DA*,LCD (LED),98,2.622,256.0,0.5,0.0,937.0,328.0,97.6,357.0,5.0,5,86in+,Vietnam,Digital
SAMSUNG,QA55S90DAW,LCD (LED),55,0.823,112.0,0.5,0.0,412.0,144.0,136.1,501.0,4.0,4,51-55in,Vietnam,Digital
SAMSUNG,QA55S90DAS,LCD (LED),55,0.823,112.0,0.5,0.0,412.0,144.0,136.1,501.0,4.0,4,51-55in,Vietnam,Digital
SAMSUNG,QA55S90DA*,LCD (LED),55,0.823,112.0,0.5,0.0,412.0,144.0,136.1,501.0,4.0,4,51-55in,Vietnam,Digital
SAMSUNG,QA65QN85DBW,LCD (LED),65,1.148,134.0,0.5,0.0,492.0,172.0,116.7,429.0,4.5,4,56-65in,Vietnam,Digital
SAMSUNG,QA65QN85DBS,LCD (LED),65,1.148,134.0,0.5,0.0,492.0,172.0,116.7,429.0,4.5,4,56-65in,Vietnam,Digital
SAMSUNG,QA65QN85DB*,LCD (LED),65,1.148,134.0,0.5,0.0,492.0,172.0,116.7,429.0,4.5,4,56-65in,Vietnam,Digital
VDT,LEW22BA43,LCD (LED),22,0.128,20.64,,,78.0,27.0,161.2,609.0,4.5,4,32in & under,China,Analogue/Digital
SYLVOX,BT32A***GB,LCD (LED),32,0.274,27.0,,,101.0,35.0,98.5,369.0,6.0,6,32in & under,China,Analogue/Digital
SYLVOX,BT24A***GB,LCD (LED),24,0.156,17.14,,,65.0,23.0,109.9,417.0,6.0,6,32in & under,China,Analogue/Digital
SAMSUNG,QA65QN80DAW,LCD (LED),65,1.148,134.0,0.5,0.0,492.0,172.0,116.7,429.0,4.5,4,56-65in,Vietnam,Digital
SAMSUNG,QA65QN80DAS,LCD (LED),65,1.148,134.0,0.5,0.0,492.0,172.0,116.7,429.0,4.5,4,56-65in,Vietnam,Digital
SAMSUNG,QA65QN80DA*,LCD (LED),65,1.148,134.0,0.5,0.0,492.0,172.0,116.7,429.0,4.5,4,56-65in,Vietnam,Digital
LOEWE,BILD i77,OLED,76,1.653,107.8,0.27,0.27,395.0,138.0,65.2,239.0,7.0,7,76-85in,Germany,Analogue/Digital
HISENSE,100U7KAU,LCD (LED),100,2.73,241.58,0.35,0.0,955.0,334.0,88.5,350.0,5.5,6,86in+,China,Analogue/Digital
HISENSE,100U7KNZ,LCD (LED),100,2.73,241.58,0.35,0.0,955.0,334.0,88.5,350.0,5.5,6,86in+,China,Analogue/Digital
HISENSE,100U7K series,LCD (LED),100,2.73,241.58,0.35,0.0,955.0,334.0,88.5,350.0,5.5,6,86in+,China,Analogue/Digital
SONY,K-43S30,LCD (LED),42,0.498,63.2,0.5,10.5,236.0,83.0,126.9,474.0,4.5,4,33-43in,"Malaysia,Vietnam",Analogue/Digital
JVC,LT-32N3115A11E,LCD (LED),31,0.273,28.86,0.4,0.0,130.0,46.0,105.7,476.0,5.0,5,32in & under,China,
JVC,LT-43N5135AE,LCD (LED),42,0.498,39.24,0.36,0.0,229.0,80.0,78.8,460.0,4.5,4,33-43in,China,
SAMSUNG,QA75Q60DAW,LCD (LED),75,1.532,112.0,0.5,0.0,412.0,144.0,73.1,269.0,6.0,6,66-75in,Vietnam,Digital
SAMSUNG,QA75Q60DAS,LCD (LED),75,1.532,112.0,0.5,0.0,412.0,144.0,73.1,269.0,6.0,6,66-75in,Vietnam,Digital
SAMSUNG,QA75Q65DAW,LCD (LED),75,1.532,112.0,0.5,0.0,412.0,144.0,73.1,269.0,6.0,6,66-75in,Vietnam,Digital
SAMSUNG,QA75Q65DAS,LCD (LED),75,1.532,112.0,0.5,0.0,412.0,144.0,73.1,269.0,6.0,6,66-75in,Vietnam,Digital
SAMSUNG,QA75Q6*DA*,LCD (LED),75,1.532,112.0,0.5,0.0,412.0,144.0,73.1,269.0,6.0,6,66-75in,Vietnam,Digital
SAMSUNG,QA55Q60DAW,LCD (LED),55,0.823,74.0,0.5,0.0,273.0,96.0,89.9,332.0,6.0,6,51-55in,Vietnam,Digital
SAMSUNG,QA55Q60DAS,LCD (LED),55,0.823,74.0,0.5,0.0,273.0,96.0,89.9,332.0,6.0,6,51-55in,Vietnam,Digital
SAMSUNG,QA55Q65DAW,LCD (LED),55,0.823,74.0,0.5,0.0,273.0,96.0,89.9,332.0,6.0,6,51-55in,Vietnam,Digital
SAMSUNG,QA55Q65DAS,LCD (LED),55,0.823,74.0,0.5,0.0,273.0,96.0,89.9,332.0,6.0,6,51-55in,Vietnam,Digital
SAMSUNG,QA55Q6*DA*,LCD (LED),55,0.823,74.0,0.5,0.0,273.0,96.0,89.9,332.0,6.0,6,51-55in,Vietnam,Digital
SAMSUNG,QA50Q60DAS,LCD (LED),49,0.675,66.0,0.5,0.0,244.0,85.0,97.8,361.0,5.5,6,44-50in,Vietnam,Digital
SAMSUNG,QA50Q65DAS,LCD (LED),49,0.675,66.0,0.5,0.0,244.0,85.0,97.8,361.0,5.5,6,44-50in,Vietnam,Digital
SAMSUNG,QA50Q6*DAS,LCD (LED),49,0.675,66.0,0.5,0.0,244.0,85.0,97.8,361.0,5.5,6,44-50in,Vietnam,Digital
SAMSUNG,QA85Q60DAW,LCD (LED),85,1.971,142.0,0.5,0.0,521.0,182.0,72.0,264.0,6.0,6,76-85in,Vietnam,Digital
SAMSUNG,QA85Q60DAS,LCD (LED),85,1.971,142.0,0.5,0.0,521.0,182.0,72.0,264.0,6.0,6,76-85in,Vietnam,Digital
SAMSUNG,QA85Q65DAW,LCD (LED),85,1.971,142.0,0.5,0.0,521.0,182.0,72.0,264.0,6.0,6,76-85in,Vietnam,Digital
SAMSUNG,QA85Q65DAS,LCD (LED),85,1.971,142.0,0.5,0.0,521.0,182.0,72.0,264.0,6.0,6,76-85in,Vietnam,Digital
SAMSUNG,QA85Q6*DA*,LCD (LED),85,1.971,142.0,0.5,0.0,521.0,182.0,72.0,264.0,6.0,6,76-85in,Vietnam,Digital
SAMSUNG,QA65Q60DAW,LCD (LED),65,1.148,86.0,0.5,0.0,317.0,111.0,74.9,276.0,6.0,6,56-65in,Vietnam,Digital
SAMSUNG,QA65Q60DAS,LCD (LED),65,1.148,86.0,0.5,0.0,317.0,111.0,74.9,276.0,6.0,6,56-65in,Vietnam,Digital
SAMSUNG,QA65Q65DAW,LCD (LED),65,1.148,86.0,0.5,0.0,317.0,111.0,74.9,276.0,6.0,6,56-65in,Vietnam,Digital
SAMSUNG,QA65Q65DAS,LCD (LED),65,1.148,86.0,0.5,0.0,317.0,111.0,74.9,276.0,6.0,6,56-65in,Vietnam,Digital
SAMSUNG,QA65Q6*DA*,LCD (LED),65,1.148,86.0,0.5,0.0,317.0,111.0,74.9,276.0,6.0,6,56-65in,Vietnam,Digital
SAMSUNG,QA43Q60DAS,LCD (LED),43,0.498,64.0,0.5,0.0,237.0,83.0,128.5,476.0,4.5,4,33-43in,Vietnam,Digital
SAMSUNG,QA43Q65DAS,LCD (LED),43,0.498,64.0,0.5,0.0,237.0,83.0,128.5,476.0,4.5,4,33-43in,Vietnam,Digital
SAMSUNG,QA43Q6*DAS,LCD (LED),43,0.498,64.0,0.5,0.0,237.0,83.0,128.5,476.0,4.5,4,33-43in,Vietnam,Digital
SAMSUNG,QA50QN90DAW,LCD (LED),49,0.675,81.0,0.5,0.0,299.0,105.0,120.0,443.0,4.5,4,44-50in,Vietnam,Digital
SAMSUNG,QA50QN90DAS,LCD (LED),49,0.675,81.0,0.5,0.0,299.0,105.0,120.0,443.0,4.5,4,44-50in,Vietnam,Digital
SAMSUNG,QA50QN90DA*,LCD (LED),49,0.675,81.0,0.5,0.0,299.0,105.0,120.0,443.0,4.5,4,44-50in,Vietnam,Digital
SONY,K-75XR70,LCD (LED),75,1.531,200.3,0.5,13.6,737.0,258.0,130.8,481.0,4.0,4,66-75in,"Malaysia,China",Analogue/Digital
SONY,K-85XR70,LCD (LED),85,1.971,227.9,0.5,12.4,838.0,293.0,115.6,425.0,4.5,4,76-85in,"Malaysia,China",Analogue/Digital
SAMSUNG,QA85QN800DW,LCD (LED),85,1.971,294.0,0.5,0.0,1076.0,377.0,149.2,546.0,3.5,4,76-85in,Vietnam,Digital
SAMSUNG,QA85QN800DS,LCD (LED),85,1.971,294.0,0.5,0.0,1076.0,377.0,149.2,546.0,3.5,4,76-85in,Vietnam,Digital
SAMSUNG,QA85QN800D*,LCD (LED),85,1.971,294.0,0.5,0.0,1076.0,377.0,149.2,546.0,3.5,4,76-85in,Vietnam,Digital
SAMSUNG,UA85DU8000W,LCD (LED),85,1.971,195.0,0.5,0.0,715.0,250.0,98.9,363.0,5.0,5,76-85in,Vietnam,Digital
SAMSUNG,UA85DU8000S,LCD (LED),85,1.971,195.0,0.5,0.0,715.0,250.0,98.9,363.0,5.0,5,76-85in,Vietnam,Digital
SAMSUNG,UA85DU8000*,LCD (LED),85,1.971,195.0,0.5,0.0,715.0,250.0,98.9,363.0,5.0,5,76-85in,Vietnam,Digital
SAMSUNG,QA55Q80DAW,LCD (LED),55,0.823,108.0,0.5,0.0,397.0,139.0,131.2,482.0,4.0,4,51-55in,Vietnam,Digital
SAMSUNG,QA55Q80DAS,LCD (LED),55,0.823,108.0,0.5,0.0,397.0,139.0,131.2,482.0,4.0,4,51-55in,Vietnam,Digital
SAMSUNG,QA55Q80DA*,LCD (LED),55,0.823,108.0,0.5,0.0,397.0,139.0,131.2,482.0,4.0,4,51-55in,Vietnam,Digital
SAMSUNG,QA85Q70DAW,LCD (LED),85,1.971,200.0,0.5,0.0,733.0,257.0,101.5,372.0,5.0,5,76-85in,Vietnam,Digital
SAMSUNG,QA85Q70DAS,LCD (LED),85,1.971,200.0,0.5,0.0,733.0,257.0,101.5,372.0,5.0,5,76-85in,Vietnam,Digital
SAMSUNG,QA85Q70DA*,LCD (LED),85,1.971,200.0,0.5,0.0,733.0,257.0,101.5,372.0,5.0,5,76-85in,Vietnam,Digital
SAMSUNG,QA77S95DAW,LCD (LED),77,1.628,216.0,0.5,0.0,791.0,277.0,132.7,486.0,4.0,4,76-85in,Vietnam,Digital
SAMSUNG,QA77S95DAS,LCD (LED),77,1.628,216.0,0.5,0.0,791.0,277.0,132.7,486.0,4.0,4,76-85in,Vietnam,Digital
SAMSUNG,QA77S95DA*,LCD (LED),77,1.628,216.0,0.5,0.0,791.0,277.0,132.7,486.0,4.0,4,76-85in,Vietnam,Digital
KOGAN,KALED50U94VA,LCD (LED),50,0.675,47.3,0.4,2.72,210.0,74.0,70.1,311.0,6.0,6,44-50in,China,Analogue/Digital
KOGAN,KALED50U94VB,LCD (LED),50,0.675,47.3,0.4,2.72,210.0,74.0,70.1,311.0,6.0,6,44-50in,China,Analogue/Digital
KOGAN,KALED50U94VC,LCD (LED),50,0.675,47.3,0.4,2.72,210.0,74.0,70.1,311.0,6.0,6,44-50in,China,Analogue/Digital
KOGAN,KALED50U94V*,LCD (LED),50,0.675,47.3,0.4,2.72,210.0,74.0,70.1,311.0,6.0,6,44-50in,China,Analogue/Digital
KOGAN,KALED43F98VA,LCD (LED),42,0.498,39.24,,,229.0,80.0,78.8,460.0,4.5,4,33-43in,China,Digital
KOGAN,KALED43F98VB,LCD (LED),42,0.498,39.24,,,229.0,80.0,78.8,460.0,4.5,4,33-43in,China,Digital
KOGAN,KALED43F98VC,LCD (LED),42,0.498,39.24,,,229.0,80.0,78.8,460.0,4.5,4,33-43in,China,Digital
LG,43UT8050PSB,LCD (LED),43,0.498,70.0,0.4,0.0,258.0,90.0,140.6,518.0,4.0,4,33-43in,"Indonesia,South Korea",Analogue/Digital
LG,43UT80506LA,LCD (LED),43,0.498,73.0,0.4,0.0,269.0,94.0,146.6,540.0,4.0,4,33-43in,"Indonesia,South Korea",Analogue/Digital
LG,43UT81006LA,LCD (LED),43,0.498,73.0,0.4,0.0,269.0,94.0,146.6,540.0,4.0,4,33-43in,"Indonesia,South Korea",Analogue/Digital
LG,50UT8050PSB,LCD (LED),49,0.675,83.0,0.4,0.0,305.0,107.0,123.0,452.0,4.5,4,44-50in,"Indonesia,South Korea",Analogue/Digital
LG,50UT80506LA,LCD (LED),49,0.675,83.0,0.4,0.0,305.0,107.0,123.0,452.0,4.5,4,44-50in,"Indonesia,South Korea",Analogue/Digital
LG,50UT81006LA,LCD (LED),49,0.675,83.0,0.4,0.0,305.0,107.0,123.0,452.0,4.5,4,44-50in,"Indonesia,South Korea",Analogue/Digital
LG,55UT8050PSB,LCD (LED),55,0.823,97.0,0.4,0.0,357.0,125.0,117.9,434.0,4.5,4,51-55in,"Indonesia,South Korea",Analogue/Digital
LG,55UT80506LA,LCD (LED),55,0.823,97.0,0.4,0.0,357.0,125.0,117.9,434.0,4.5,4,51-55in,"Indonesia,South Korea",Analogue/Digital
LG,55UT81006LA,LCD (LED),55,0.823,97.0,0.4,0.0,357.0,125.0,117.9,434.0,4.5,4,51-55in,"Indonesia,South Korea",Analogue/Digital
LG,65UT8050PSB,LCD (LED),65,1.148,120.0,0.4,0.0,441.0,154.0,104.5,384.0,5.0,5,56-65in,"Indonesia,South Korea",Analogue/Digital
LG,65UT80506LA,LCD (LED),65,1.148,120.0,0.4,0.0,441.0,154.0,104.5,384.0,5.0,5,56-65in,"Indonesia,South Korea",Analogue/Digital
LG,65UT81006LA,LCD (LED),65,1.148,120.0,0.4,0.0,441.0,154.0,104.5,384.0,5.0,5,56-65in,"Indonesia,South Korea",Analogue/Digital
LG,75UT8050PSB,LCD (LED),75,1.531,165.0,0.4,0.0,605.0,212.0,107.8,395.0,5.0,5,66-75in,"Indonesia,South Korea",Analogue/Digital
LG,75UT81006LA,LCD (LED),75,1.531,165.0,0.4,0.0,605.0,212.0,107.8,395.0,5.0,5,66-75in,"Indonesia,South Korea",Analogue/Digital
LG,86UT8050PSB,LCD (LED),86,2.02,212.0,0.4,0.0,776.0,272.0,105.0,384.0,5.0,5,86in+,"Indonesia,South Korea",Analogue/Digital
LG,86UT80506LA,LCD (LED),86,2.02,212.0,0.4,0.0,776.0,272.0,105.0,384.0,5.0,5,86in+,"Indonesia,South Korea",Analogue/Digital
LG,86UT81006LA,LCD (LED),86,2.02,212.0,0.4,0.0,776.0,272.0,105.0,384.0,5.0,5,86in+,"Indonesia,South Korea",Analogue/Digital
LG,50QNED86TSA,LCD (LED),49,0.675,80.0,0.4,0.0,295.0,103.0,118.5,437.0,4.5,4,44-50in,"Indonesia,South Korea",Analogue/Digital
LG,65QNED86TSA,LCD (LED),65,1.148,118.0,0.4,0.0,433.0,152.0,102.8,377.0,5.0,5,56-65in,"Indonesia,South Korea",Analogue/Digital
LG,65QNED91TSA,LCD (LED),65,1.148,125.0,0.4,0.0,459.0,161.0,108.9,400.0,5.0,5,56-65in,"Indonesia,South Korea",Analogue/Digital
LG,75QNED86TSA,LCD (LED),75,1.531,134.0,0.4,0.0,492.0,172.0,87.5,321.0,5.5,6,66-75in,"Indonesia,South Korea",Analogue/Digital
LG,75QNED91TSA,LCD (LED),75,1.531,150.0,0.4,0.0,550.0,192.0,98.0,359.0,5.0,5,66-75in,"Indonesia,South Korea",Analogue/Digital
LG,86QNED91TSA,LCD (LED),86,2.02,206.0,0.4,0.0,754.0,264.0,102.0,373.0,5.0,5,86in+,"Indonesia,South Korea",Analogue/Digital
LG,OLED48B46LA,OLED,48,0.623,78.0,0.4,0.0,287.0,100.0,125.2,461.0,4.5,4,44-50in,"Indonesia,South Korea",Analogue/Digital
LG,OLED55B4PSA,OLED,55,0.823,92.0,0.4,0.0,338.0,118.0,111.8,411.0,5.0,5,51-55in,"Indonesia,South Korea",Analogue/Digital
LG,OLED55B46LA,OLED,55,0.823,92.0,0.4,0.0,338.0,118.0,111.8,411.0,5.0,5,51-55in,"Indonesia,South Korea",Analogue/Digital
LG,OLED65C4PSA,OLED,65,1.148,122.0,0.4,0.0,448.0,157.0,106.3,390.0,5.0,5,56-65in,"Indonesia,South Korea",Analogue/Digital
LG,OLED77B4PSA,OLED,77,1.62,143.0,0.4,0.0,524.0,183.0,88.3,323.0,5.5,6,76-85in,"Indonesia,South Korea",Analogue/Digital
LG,OLED77C4PSA,OLED,77,1.62,154.0,0.4,0.0,565.0,198.0,95.1,349.0,5.5,6,76-85in,"Indonesia,South Korea",Analogue/Digital
LG,OLED83G4PSA,OLED,83,1.877,217.0,0.4,0.0,795.0,278.0,115.6,424.0,4.5,4,76-85in,"Indonesia,South Korea",Analogue/Digital
AKAI,AK7523S7WOS,LCD (LED),75,1.53,117.61,0.34,0.47,474.0,166.0,76.9,310.0,6.0,6,66-75in,China,Analogue/Digital
EKO,K32HSW2,LCD (LED),32,0.274,34.8,,,131.0,46.0,127.0,478.0,5.0,5,32in & under,China,Analogue/Digital
QBELL,QT32WY8A,LCD (LED),32,0.274,34.8,,,131.0,46.0,127.0,478.0,5.0,5,32in & under,China,Analogue/Digital
LG,50QNED86T6A,LCD (LED),49,0.675,80.0,0.4,0.0,295.0,103.0,118.5,437.0,4.5,4,44-50in,"Indonesia,South Korea",Analogue/Digital
LG,65QNED86T6A,LCD (LED),65,1.148,118.0,0.4,0.0,433.0,152.0,102.8,377.0,5.0,5,56-65in,"Indonesia,South Korea",Analogue/Digital
LG,65QNED91T6A,LCD (LED),65,1.148,125.0,0.4,0.0,459.0,161.0,108.9,400.0,5.0,5,56-65in,"Indonesia,South Korea",Analogue/Digital
LG,86QNED86T6A,LCD (LED),86,2.02,156.0,0.4,0.0,572.0,200.0,77.2,283.0,6.0,6,86in+,"Indonesia,South Korea",Analogue/Digital
LG,86QNED86TSA,LCD (LED),86,2.02,156.0,0.4,0.0,572.0,200.0,77.2,283.0,6.0,6,86in+,"Indonesia,South Korea",Analogue/Digital
LG,86QNED91T6A,LCD (LED),86,2.02,206.0,0.4,0.0,754.0,264.0,102.0,373.0,5.0,5,86in+,"Indonesia,South Korea",Analogue/Digital
LG,OLED65C46LA,OLED,65,1.148,122.0,0.4,0.0,448.0,157.0,106.3,390.0,5.0,5,56-65in,"Indonesia,South Korea",Analogue/Digital
TCL,85X925 PRO,LCD (LED),85,1.971,408.9,0.467,0.0,1645.0,576.0,207.5,835.0,1.5,2,76-85in,China,Analogue/Digital
LG,OLED77B46LA,OLED,77,1.62,143.0,0.4,0.0,524.0,183.0,88.3,323.0,5.5,6,76-85in,"Indonesia,South Korea",Analogue/Digital
LG,OLED77C46LA,OLED,77,1.62,154.0,0.4,0.0,565.0,198.0,95.1,349.0,5.5,6,76-85in,"Indonesia,South Korea",Analogue/Digital
LG,OLED83G46LA,OLED,83,1.877,217.0,0.4,0.0,795.0,278.0,115.6,424.0,4.5,4,76-85in,"Indonesia,South Korea",Analogue/Digital
LG,75QNED86T6A,LCD (LED),75,1.531,134.0,0.4,0.0,492.0,172.0,87.5,321.0,5.5,6,66-75in,"Indonesia,South Korea",Analogue/Digital
LG,75QNED91T6A,LCD (LED),75,1.531,150.0,0.4,0.0,550.0,192.0,98.0,359.0,5.0,5,66-75in,"Indonesia,South Korea",Analogue/Digital
SAMSUNG,QA75Q80DAW,LCD (LED),75,1.532,198.0,0.5,0.0,726.0,254.0,129.2,474.0,4.0,4,66-75in,Vietnam,Digital
SAMSUNG,QA75Q80DAS,LCD (LED),75,1.532,198.0,0.5,0.0,726.0,254.0,129.2,474.0,4.0,4,66-75in,Vietnam,Digital
SAMSUNG,QA75Q80DA*,LCD (LED),75,1.532,198.0,0.5,0.0,726.0,254.0,129.2,474.0,4.0,4,66-75in,Vietnam,Digital
SAMSUNG,QA85Q80DAW,LCD (LED),85,1.971,258.0,0.5,0.0,945.0,331.0,130.9,479.0,4.0,4,76-85in,Vietnam,Digital
SAMSUNG,QA85Q80DAS,LCD (LED),85,1.971,258.0,0.5,0.0,945.0,331.0,130.9,479.0,4.0,4,76-85in,Vietnam,Digital
SAMSUNG,QA85Q80DA*,LCD (LED),85,1.971,258.0,0.5,0.0,945.0,331.0,130.9,479.0,4.0,4,76-85in,Vietnam,Digital
SAMSUNG,QA65Q80DAW,LCD (LED),65,1.148,147.0,0.5,0.0,540.0,189.0,128.0,470.0,4.0,4,56-65in,Vietnam,Digital
SAMSUNG,QA65Q80DAS,LCD (LED),65,1.148,147.0,0.5,0.0,540.0,189.0,128.0,470.0,4.0,4,56-65in,Vietnam,Digital
SAMSUNG,QA65Q80DA*,LCD (LED),65,1.148,147.0,0.5,0.0,540.0,189.0,128.0,470.0,4.0,4,56-65in,Vietnam,Digital
SAMSUNG,QA50Q80DAW,LCD (LED),49,0.675,82.0,0.5,0.0,302.0,106.0,121.5,447.0,4.5,4,44-50in,Vietnam,Digital
SAMSUNG,QA50Q80DAS,LCD (LED),49,0.675,82.0,0.5,0.0,302.0,106.0,121.5,447.0,4.5,4,44-50in,Vietnam,Digital
SAMSUNG,QA50Q80DA*,LCD (LED),49,0.675,82.0,0.5,0.0,302.0,106.0,121.5,447.0,4.5,4,44-50in,Vietnam,Digital
SAMSUNG,QA65S90DAW,LCD (LED),65,1.148,146.0,0.5,0.0,536.0,188.0,127.2,467.0,4.0,4,56-65in,Vietnam,Digital
SAMSUNG,QA65S90DAS,LCD (LED),65,1.148,146.0,0.5,0.0,536.0,188.0,127.2,467.0,4.0,4,56-65in,Vietnam,Digital
SAMSUNG,QA65S90DA*,LCD (LED),65,1.148,146.0,0.5,0.0,536.0,188.0,127.2,467.0,4.0,4,56-65in,Vietnam,Digital
SAMSUNG,QA65S95DAW,LCD (LED),65,1.148,153.0,0.5,0.0,562.0,197.0,133.3,490.0,4.0,4,56-65in,Vietnam,Digital
SAMSUNG,QA65S95DAS,LCD (LED),65,1.148,153.0,0.5,0.0,562.0,197.0,133.3,490.0,4.0,4,56-65in,Vietnam,Digital
SAMSUNG,QA65S95DA*,LCD (LED),65,1.148,153.0,0.5,0.0,562.0,197.0,133.3,490.0,4.0,4,56-65in,Vietnam,Digital
SAMSUNG,QA55S95DAW,LCD (LED),55,0.823,110.0,0.5,0.0,405.0,142.0,133.7,492.0,4.0,4,51-55in,Vietnam,Digital
SAMSUNG,QA55S95DAS,LCD (LED),55,0.823,110.0,0.5,0.0,405.0,142.0,133.7,492.0,4.0,4,51-55in,Vietnam,Digital
SAMSUNG,QA55S95DA*,LCD (LED),55,0.823,110.0,0.5,0.0,405.0,142.0,133.7,492.0,4.0,4,51-55in,Vietnam,Digital
SAMSUNG,QA55Q70DAW,LCD (LED),55,0.823,108.0,0.5,0.0,397.0,139.0,131.2,482.0,4.0,4,51-55in,Vietnam,Digital
SAMSUNG,QA55Q70DAS,LCD (LED),55,0.823,108.0,0.5,0.0,397.0,139.0,131.2,482.0,4.0,4,51-55in,Vietnam,Digital
SAMSUNG,QA55Q70DA*,LCD (LED),55,0.823,108.0,0.5,0.0,397.0,139.0,131.2,482.0,4.0,4,51-55in,Vietnam,Digital
SAMSUNG,QA65Q70DAW,LCD (LED),65,1.148,142.0,0.5,0.0,521.0,182.0,123.7,454.0,4.0,4,56-65in,Vietnam,Digital
SAMSUNG,QA65Q70DAS,LCD (LED),65,1.148,142.0,0.5,0.0,521.0,182.0,123.7,454.0,4.0,4,56-65in,Vietnam,Digital
SAMSUNG,QA65Q70DA*,LCD (LED),65,1.148,142.0,0.5,0.0,521.0,182.0,123.7,454.0,4.0,4,56-65in,Vietnam,Digital
SAMSUNG,QA75Q70DAW,LCD (LED),75,1.532,157.0,0.5,0.0,576.0,202.0,102.5,376.0,5.0,5,66-75in,Vietnam,Digital
SAMSUNG,QA75Q70DAS,LCD (LED),75,1.532,157.0,0.5,0.0,576.0,202.0,102.5,376.0,5.0,5,66-75in,Vietnam,Digital
SAMSUNG,QA75Q70DA*,LCD (LED),75,1.532,157.0,0.5,0.0,576.0,202.0,102.5,376.0,5.0,5,66-75in,Vietnam,Digital
SAMSUNG,QA55QE1DAS,LCD (LED),55,0.823,78.0,0.5,0.0,288.0,101.0,94.8,350.0,5.5,6,51-55in,Vietnam,Digital
SAMSUNG,QA43LS03DAW,LCD (LED),43,0.498,92.0,0.5,0.0,339.0,119.0,184.7,681.0,3.0,3,33-43in,Vietnam,Digital
SAMSUNG,QA43LS03DAS,LCD (LED),43,0.498,92.0,0.5,0.0,339.0,119.0,184.7,681.0,3.0,3,33-43in,Vietnam,Digital
SAMSUNG,QA43LS03DA*,LCD (LED),43,0.498,92.0,0.5,0.0,339.0,119.0,184.7,681.0,3.0,3,33-43in,Vietnam,Digital
SAMSUNG,QA75QN900DW,LCD (LED),75,1.532,286.0,0.5,0.0,1047.0,366.0,186.7,683.0,2.5,2,66-75in,Vietnam,Digital
SAMSUNG,QA75QN900DS,LCD (LED),75,1.532,286.0,0.5,0.0,1047.0,366.0,186.7,683.0,2.5,2,66-75in,Vietnam,Digital
SAMSUNG,QA75QN900D*,LCD (LED),75,1.532,286.0,0.5,0.0,1047.0,366.0,186.7,683.0,2.5,2,66-75in,Vietnam,Digital
SAMSUNG,QA55QN85DBW,LCD (LED),55,0.823,112.0,0.5,0.0,412.0,144.0,136.1,501.0,4.0,4,51-55in,Vietnam,Digital
SAMSUNG,QA55QN85DBS,LCD (LED),55,0.823,112.0,0.5,0.0,412.0,144.0,136.1,501.0,4.0,4,51-55in,Vietnam,Digital
SAMSUNG,QA55QN85DB*,LCD (LED),55,0.823,112.0,0.5,0.0,412.0,144.0,136.1,501.0,4.0,4,51-55in,Vietnam,Digital
SAMSUNG,QA55QN87DAW,LCD (LED),55,0.823,109.0,0.5,0.0,401.0,140.0,132.4,487.0,4.0,4,51-55in,Vietnam,Digital
SAMSUNG,QA55QN87DAS,LCD (LED),55,0.823,109.0,0.5,0.0,401.0,140.0,132.4,487.0,4.0,4,51-55in,Vietnam,Digital
SAMSUNG,QA55QN87DA*,LCD (LED),55,0.823,109.0,0.5,0.0,401.0,140.0,132.4,487.0,4.0,4,51-55in,Vietnam,Digital
SAMSUNG,QA50LS03DAW,LCD (LED),49,0.675,93.0,0.5,0.0,343.0,120.0,137.8,508.0,4.0,4,44-50in,Vietnam,Digital
SAMSUNG,QA50LS03DAS,LCD (LED),49,0.675,93.0,0.5,0.0,343.0,120.0,137.8,508.0,4.0,4,44-50in,Vietnam,Digital
SAMSUNG,QA50LS03DA*,LCD (LED),49,0.675,93.0,0.5,0.0,343.0,120.0,137.8,508.0,4.0,4,44-50in,Vietnam,Digital
SAMSUNG,QA55LS03DAW,LCD (LED),55,0.823,119.0,0.5,0.0,437.0,153.0,144.6,531.0,3.5,4,51-55in,Vietnam,Digital
SAMSUNG,QA55LS03DAS,LCD (LED),55,0.823,119.0,0.5,0.0,437.0,153.0,144.6,531.0,3.5,4,51-55in,Vietnam,Digital
SAMSUNG,QA55LS03DA*,LCD (LED),55,0.823,119.0,0.5,0.0,437.0,153.0,144.6,531.0,3.5,4,51-55in,Vietnam,Digital
SAMSUNG,QA65LS03DAW,LCD (LED),65,1.148,154.0,0.5,0.0,565.0,198.0,134.1,492.0,4.0,4,56-65in,Vietnam,Digital
SAMSUNG,QA65LS03DAS,LCD (LED),65,1.148,154.0,0.5,0.0,565.0,198.0,134.1,492.0,4.0,4,56-65in,Vietnam,Digital
SAMSUNG,QA65LS03DA*,LCD (LED),65,1.148,154.0,0.5,0.0,565.0,198.0,134.1,492.0,4.0,4,56-65in,Vietnam,Digital
SAMSUNG,QA75LS03DAW,LCD (LED),75,1.532,190.0,0.5,0.0,697.0,244.0,124.0,455.0,4.0,4,66-75in,Vietnam,Digital
SAMSUNG,QA75LS03DAS,LCD (LED),75,1.532,190.0,0.5,0.0,697.0,244.0,124.0,455.0,4.0,4,66-75in,Vietnam,Digital
SAMSUNG,QA75LS03DA*,LCD (LED),75,1.532,190.0,0.5,0.0,697.0,244.0,124.0,455.0,4.0,4,66-75in,Vietnam,Digital
SAMSUNG,QA65QN900DW,LCD (LED),65,1.148,260.0,0.5,0.0,952.0,333.0,226.5,829.0,1.5,2,56-65in,Vietnam,Digital
SAMSUNG,QA65QN900DS,LCD (LED),65,1.148,260.0,0.5,0.0,952.0,333.0,226.5,829.0,1.5,2,56-65in,Vietnam,Digital
SAMSUNG,QA65QN900D*,LCD (LED),65,1.148,260.0,0.5,0.0,952.0,333.0,226.5,829.0,1.5,2,56-65in,Vietnam,Digital
SAMSUNG,QA85LS03DAW,LCD (LED),85,1.971,220.0,0.5,0.0,806.0,282.0,111.6,409.0,4.5,4,76-85in,Vietnam,Digital
SAMSUNG,QA85LS03DAS,LCD (LED),85,1.971,220.0,0.5,0.0,806.0,282.0,111.6,409.0,4.5,4,76-85in,Vietnam,Digital
SAMSUNG,QA85LS03DA*,LCD (LED),85,1.971,220.0,0.5,0.0,806.0,282.0,111.6,409.0,4.5,4,76-85in,Vietnam,Digital
LG,43NANO81TSA,LCD (LED),43,0.498,70.0,0.4,0.0,258.0,90.0,140.6,518.0,4.0,4,33-43in,"Indonesia,South Korea",Analogue/Digital
LG,50NANO81TSA,LCD (LED),49,0.675,90.0,0.4,0.0,331.0,116.0,133.3,490.0,4.0,4,44-50in,"Indonesia,South Korea",Analogue/Digital
LG,55NANO81TSA,LCD (LED),55,0.823,112.0,0.4,0.0,411.0,144.0,136.1,499.0,4.0,4,51-55in,"Indonesia,South Korea",Analogue/Digital
LG,65NANO81TSA,LCD (LED),65,1.148,144.0,0.4,0.0,528.0,185.0,125.4,460.0,4.0,4,56-65in,"Indonesia,South Korea",Analogue/Digital
LG,75NANO81TSA,LCD (LED),75,1.531,181.0,0.4,0.0,663.0,232.0,118.2,433.0,4.5,4,66-75in,"Indonesia,South Korea",Analogue/Digital
LG,86NANO81TSA,LCD (LED),86,2.02,250.0,0.4,0.0,915.0,320.0,123.8,453.0,4.0,4,86in+,"Indonesia,South Korea",Analogue/Digital
LG,86QNED80T6A,LCD (LED),86,2.02,154.0,0.4,0.0,565.0,198.0,76.2,280.0,6.0,6,86in+,"Indonesia,South Korea",Analogue/Digital
LG,86QNED81TSA,LCD (LED),86,2.02,154.0,0.4,0.0,565.0,198.0,76.2,280.0,6.0,6,86in+,"Indonesia,South Korea",Analogue/Digital
LG,OLED83C4PSA,OLED,83,1.877,193.0,0.4,0.0,707.0,247.0,102.8,377.0,5.0,5,76-85in,"Indonesia,South Korea",Analogue/Digital
LG,OLED83C46LA,OLED,83,1.877,193.0,0.4,0.0,707.0,247.0,102.8,377.0,5.0,5,76-85in,"Indonesia,South Korea",Analogue/Digital
SAMSUNG,QA85QN87DAW,LCD (LED),85,1.971,192.0,0.5,0.0,704.0,246.0,97.4,357.0,5.0,5,76-85in,Vietnam,Digital
SAMSUNG,QA85QN87DAS,LCD (LED),85,1.971,192.0,0.5,0.0,704.0,246.0,97.4,357.0,5.0,5,76-85in,Vietnam,Digital
SAMSUNG,QA85QN87DA*,LCD (LED),85,1.971,192.0,0.5,0.0,704.0,246.0,97.4,357.0,5.0,5,76-85in,Vietnam,Digital
SAMSUNG,QA75QN87DAW,LCD (LED),75,1.532,144.0,0.5,0.0,529.0,185.0,94.0,345.0,5.5,6,66-75in,Vietnam,Digital
SAMSUNG,QA75QN87DAS,LCD (LED),75,1.532,144.0,0.5,0.0,529.0,185.0,94.0,345.0,5.5,6,66-75in,Vietnam,Digital
SAMSUNG,QA75QN87DA*,LCD (LED),75,1.532,144.0,0.5,0.0,529.0,185.0,94.0,345.0,5.5,6,66-75in,Vietnam,Digital
SONY,K-55S30,LCD (LED),55,0.823,119.0,0.5,13.2,440.0,154.0,144.6,535.0,3.5,4,51-55in,"Malaysia,Vietnam",Analogue/Digital
SONY,K-65S30,LCD (LED),65,1.148,140.0,0.5,13.5,517.0,181.0,122.0,450.0,4.5,4,56-65in,"Malaysia,Vietnam",Analogue/Digital
SAMSUNG,QA75QN85DBW,LCD (LED),75,1.532,178.0,0.5,0.0,653.0,229.0,116.2,426.0,4.5,4,66-75in,Vietnam,Digital
SAMSUNG,QA75QN85DBS,LCD (LED),75,1.532,178.0,0.5,0.0,653.0,229.0,116.2,426.0,4.5,4,66-75in,Vietnam,Digital
SAMSUNG,QA75QN85DB*,LCD (LED),75,1.532,178.0,0.5,0.0,653.0,229.0,116.2,426.0,4.5,4,66-75in,Vietnam,Digital
SAMSUNG,QA85QN85DBW,LCD (LED),85,1.971,215.0,0.5,0.0,788.0,276.0,109.1,400.0,4.5,4,76-85in,Vietnam,Digital
SAMSUNG,QA85QN85DBS,LCD (LED),85,1.971,215.0,0.5,0.0,788.0,276.0,109.1,400.0,4.5,4,76-85in,Vietnam,Digital
SAMSUNG,QA85QN85DB*,LCD (LED),85,1.971,215.0,0.5,0.0,788.0,276.0,109.1,400.0,4.5,4,76-85in,Vietnam,Digital
DYNALINK,S 8866,LCD,24,0.153,19.8,0.6,0.0,76.0,27.0,129.4,497.0,5.5,6,32in & under,China,Digital
TECO,LED65AUSRC,LCD (LED),64,1.147,94.0,0.4,0.0,404.0,141.0,82.0,352.0,5.5,6,56-65in,China,Analogue/Digital
AIWA,AW240DVD,LCD,24,0.153,24.2,0.39,0.0,91.0,32.0,158.2,595.0,4.5,4,32in & under,China,
QBELL,QT50WX8A,LCD (LED),50,0.676,83.3,,,317.0,111.0,123.2,469.0,4.5,4,44-50in,China,Analogue/Digital
SAMSUNG,QA75QE1DAW,LCD (LED),75,1.532,124.0,0.5,0.0,456.0,160.0,80.9,298.0,6.0,6,66-75in,Vietnam,Digital
SAMSUNG,QA75QE1DAS,LCD (LED),75,1.532,124.0,0.5,0.0,456.0,160.0,80.9,298.0,6.0,6,66-75in,Vietnam,Digital
SAMSUNG,QA75QE1DA*,LCD (LED),75,1.532,124.0,0.5,0.0,456.0,160.0,80.9,298.0,6.0,6,66-75in,Vietnam,Digital
SAMSUNG,QA85QE1DAS,LCD (LED),85,1.971,172.0,0.5,0.0,631.0,221.0,87.3,320.0,5.5,6,76-85in,Vietnam,Digital
SAMSUNG,UA65DU7000S,LCD (LED),65,1.148,114.0,0.5,0.0,419.0,147.0,99.3,365.0,5.0,5,56-65in,Vietnam,Digital
SAMSUNG,UA75DU7000S,LCD (LED),75,1.532,137.0,0.5,0.0,503.0,176.0,89.4,328.0,5.5,6,66-75in,Vietnam,Digital
HISENSE,75U7NAU,LCD (LED),75,1.532,156.29,0.34,0.0,659.0,231.0,102.0,430.0,4.5,4,66-75in,China,Analogue/Digital
HISENSE,75U7NNZ,LCD (LED),75,1.532,156.29,0.34,0.0,659.0,231.0,102.0,430.0,4.5,4,66-75in,China,Analogue/Digital
HISENSE,65U7NAU,LCD (LED),64,1.147,110.54,0.33,0.0,464.0,162.0,96.4,405.0,5.0,5,56-65in,China,Analogue/Digital
HISENSE,65U7NNZ,LCD (LED),64,1.147,110.54,0.33,0.0,464.0,162.0,96.4,405.0,5.0,5,56-65in,China,Analogue/Digital
HISENSE,55U7NAU,LCD (LED),55,0.823,91.26,0.29,0.0,381.0,133.0,110.9,463.0,4.5,4,51-55in,China,Analogue/Digital
HISENSE,55U7NNZ,LCD (LED),55,0.823,91.26,0.29,0.0,381.0,133.0,110.9,463.0,4.5,4,51-55in,China,Analogue/Digital
HISENSE,65U7N series,LCD (LED),64,1.147,110.54,0.33,0.0,464.0,162.0,96.4,405.0,5.0,5,56-65in,China,Analogue/Digital
HISENSE,75U7N series,LCD (LED),75,1.532,156.29,0.34,0.0,659.0,231.0,102.0,430.0,4.5,4,66-75in,China,Analogue/Digital
BAUHN,ATV50UHDW-0424,LCD (LED),50,0.695,57.06,0.3,0.0,210.0,74.0,82.1,302.0,6.0,6,44-50in,China,Analogue/Digital
SAMSUNG,UA85DU7000S,LCD (LED),85,1.971,143.0,0.5,0.0,525.0,184.0,72.6,266.0,6.0,6,76-85in,Vietnam,Digital
KOGAN,KAQL85W94QA,LCD (LED),85,1.971,292.93,,,1090.0,382.0,148.6,553.0,3.5,4,76-85in,"China,Vietnam",Digital
SAMSUNG,QA55QN80DAW,LCD (LED),55,0.823,109.0,0.5,0.0,401.0,140.0,132.4,487.0,4.0,4,51-55in,Vietnam,Digital
SAMSUNG,QA55QN80DAS,LCD (LED),55,0.823,109.0,0.5,0.0,401.0,140.0,132.4,487.0,4.0,4,51-55in,Vietnam,Digital
SAMSUNG,QA55QN80DA*,LCD (LED),55,0.823,109.0,0.5,0.0,401.0,140.0,132.4,487.0,4.0,4,51-55in,Vietnam,Digital
SONY,K-75S30,LCD (LED),75,1.531,179.2,0.5,14.5,660.0,231.0,117.0,431.0,4.5,4,66-75in,"Malaysia,China",Analogue/Digital
SAMSUNG,QA65QN87DAW,LCD (LED),65,1.148,130.0,0.5,0.0,478.0,167.0,113.2,416.0,4.5,4,56-65in,Vietnam,Digital
SAMSUNG,QA65QN87DAS,LCD (LED),65,1.148,130.0,0.5,0.0,478.0,167.0,113.2,416.0,4.5,4,56-65in,Vietnam,Digital
SAMSUNG,QA65QN87DA*,LCD (LED),65,1.148,130.0,0.5,0.0,478.0,167.0,113.2,416.0,4.5,4,56-65in,Vietnam,Digital
SONY,K-85S30,LCD (LED),85,1.971,229.8,0.5,15.9,845.0,296.0,116.6,429.0,4.5,4,76-85in,"Malaysia,China",Analogue/Digital
SAMSUNG,QA85QN900DW,LCD (LED),85,1.971,338.0,0.5,0.0,1237.0,433.0,171.5,628.0,2.5,2,76-85in,Vietnam,Digital
SAMSUNG,QA85QN900DS,LCD (LED),85,1.971,338.0,0.5,0.0,1237.0,433.0,171.5,628.0,2.5,2,76-85in,Vietnam,Digital
SAMSUNG,QA85QN900D*,LCD (LED),85,1.971,338.0,0.5,0.0,1237.0,433.0,171.5,628.0,2.5,2,76-85in,Vietnam,Digital
SAMSUNG,UA65DU7000W,LCD (LED),65,1.148,114.0,0.5,0.0,419.0,147.0,99.3,365.0,5.0,5,56-65in,Vietnam,Digital
SAMSUNG,UA65DU7700S,LCD (LED),65,1.148,114.0,0.5,0.0,419.0,147.0,99.3,365.0,5.0,5,56-65in,Vietnam,Digital
SAMSUNG,UA65DU7700W,LCD (LED),65,1.148,114.0,0.5,0.0,419.0,147.0,99.3,365.0,5.0,5,56-65in,Vietnam,Digital
SAMSUNG,UA75DU7000W,LCD (LED),75,1.532,137.0,0.5,0.0,503.0,176.0,89.4,328.0,5.5,6,66-75in,Vietnam,Digital
SAMSUNG,UA75DU7700S,LCD (LED),75,1.532,137.0,0.5,0.0,503.0,176.0,89.4,328.0,5.5,6,66-75in,Vietnam,Digital
SAMSUNG,UA75DU7700W,LCD (LED),75,1.532,137.0,0.5,0.0,503.0,176.0,89.4,328.0,5.5,6,66-75in,Vietnam,Digital
SAMSUNG,UA75DU7*00*,LCD (LED),75,1.532,137.0,0.5,0.0,503.0,176.0,89.4,328.0,5.5,6,66-75in,Vietnam,Digital
SAMSUNG,UA85DU7000W,LCD (LED),85,1.971,143.0,0.5,0.0,525.0,184.0,72.6,266.0,6.0,6,76-85in,Vietnam,Digital
SAMSUNG,UA85DU7700S,LCD (LED),85,1.971,143.0,0.5,0.0,525.0,184.0,72.6,266.0,6.0,6,76-85in,Vietnam,Digital
SAMSUNG,UA85DU7700W,LCD (LED),85,1.971,143.0,0.5,0.0,525.0,184.0,72.6,266.0,6.0,6,76-85in,Vietnam,Digital
SAMSUNG,UA85DU7*00*,LCD (LED),85,1.971,143.0,0.5,0.0,525.0,184.0,72.6,266.0,6.0,6,76-85in,Vietnam,Digital
SONY,K-85XR90,LCD (LED),85,1.971,272.5,0.5,19.9,1002.0,351.0,138.3,508.0,3.5,4,76-85in,Malaysia,Analogue/Digital
SONY,K-75XR90,LCD (LED),75,1.531,238.4,0.5,20.8,878.0,307.0,155.7,573.0,3.0,3,66-75in,Malaysia,Analogue/Digital
SAMSUNG,UA75DU8000W,LCD (LED),75,1.532,163.0,0.5,0.0,598.0,209.0,106.4,390.0,5.0,5,66-75in,Vietnam,Digital
SAMSUNG,UA75DU8000S,LCD (LED),75,1.532,163.0,0.5,0.0,598.0,209.0,106.4,390.0,5.0,5,66-75in,Vietnam,Digital
SAMSUNG,UA75DU8500S,LCD (LED),75,1.532,163.0,0.5,0.0,598.0,209.0,106.4,390.0,5.0,5,66-75in,Vietnam,Digital
SAMSUNG,UA75DU8*00*,LCD (LED),75,1.532,163.0,0.5,0.0,598.0,209.0,106.4,390.0,5.0,5,66-75in,Vietnam,Digital
KOGAN,KALED24DH65NA,LCD,24,0.153,25.3,0.18,0.0,94.0,33.0,165.4,614.0,4.5,4,32in & under,China,Analogue/Digital
KOGAN,KALED24DH65NB,LCD,24,0.153,25.3,0.18,0.0,94.0,33.0,165.4,614.0,4.5,4,32in & under,China,Analogue/Digital
KOGAN,KALED24DH65NC,LCD,24,0.153,25.3,0.18,0.0,94.0,33.0,165.4,614.0,4.5,4,32in & under,China,Analogue/Digital
KOGAN,KALED24DH65ND,LCD,24,0.153,25.3,0.18,0.0,94.0,33.0,165.4,614.0,4.5,4,32in & under,China,Analogue/Digital
KOGAN,KALED24DH65NE,LCD,24,0.153,25.3,0.18,0.0,94.0,33.0,165.4,614.0,4.5,4,32in & under,China,Analogue/Digital
KOGAN,D236GV68C-T2C,LCD,24,0.153,25.3,0.18,0.0,94.0,33.0,165.4,614.0,4.5,4,32in & under,China,Analogue/Digital
KOGAN,*24*,LCD,24,0.153,25.3,0.18,0.0,94.0,33.0,165.4,614.0,4.5,4,32in & under,China,Analogue/Digital
SAMSUNG,QA50QE1DAS,LCD (LED),49,0.675,73.0,0.5,0.0,270.0,94.0,108.1,400.0,5.0,5,44-50in,Vietnam,Digital
KOGAN,KALED24D95SNA,LCD,24,0.153,22.1,0.34,0.0,83.0,29.0,144.4,542.0,5.0,5,32in & under,China,Analogue/Digital
KOGAN,KALED24D95SNB,LCD,24,0.153,22.1,0.34,0.0,83.0,29.0,144.4,542.0,5.0,5,32in & under,China,Analogue/Digital
KOGAN,KALED24D95SNC,LCD,24,0.153,22.1,0.34,0.0,83.0,29.0,144.4,542.0,5.0,5,32in & under,China,Analogue/Digital
KOGAN,KALED24D95SND,LCD,24,0.153,22.1,0.34,0.0,83.0,29.0,144.4,542.0,5.0,5,32in & under,China,Analogue/Digital
KOGAN,KALED24D95SNE,LCD,24,0.153,22.1,0.34,0.0,83.0,29.0,144.4,542.0,5.0,5,32in & under,China,Analogue/Digital
KOGAN,D236GV66C-T2C-W,LCD,24,0.153,22.1,0.34,0.0,83.0,29.0,144.4,542.0,5.0,5,32in & under,China,Analogue/Digital
S VISION,SVU550WOS,LCD (LED),55,0.844,103.3,,,379.0,133.0,122.4,449.0,4.5,4,51-55in,China,Analogue/Digital
KOGAN,KALED32D95SNA,LCD,32,0.274,35.2,0.38,0.0,131.0,46.0,128.5,478.0,5.0,5,32in & under,China,Analogue/Digital
KOGAN,KALED32D95SNB,LCD,32,0.274,35.2,0.38,0.0,131.0,46.0,128.5,478.0,5.0,5,32in & under,China,Analogue/Digital
KOGAN,KALED32D95SNC,LCD,32,0.274,35.2,0.38,0.0,131.0,46.0,128.5,478.0,5.0,5,32in & under,China,Analogue/Digital
KOGAN,KALED32D95SND,LCD,32,0.274,35.2,0.38,0.0,131.0,46.0,128.5,478.0,5.0,5,32in & under,China,Analogue/Digital
KOGAN,KALED32D95SNE,LCD,32,0.274,35.2,0.38,0.0,131.0,46.0,128.5,478.0,5.0,5,32in & under,China,Analogue/Digital
KOGAN,D32GV66C-T2C-W,LCD,32,0.274,35.2,0.38,0.0,131.0,46.0,128.5,478.0,5.0,5,32in & under,China,Analogue/Digital
KOGAN,*32*,LCD,32,0.274,35.2,0.38,0.0,131.0,46.0,128.5,478.0,5.0,5,32in & under,China,Analogue/Digital
BLAUPUNKT,BP3200HDV8100,LCD (LED),32,0.274,35.8,0.3,0.0,133.0,47.0,130.7,485.0,4.5,4,32in & under,China,Analogue/Digital
SAMSUNG,QA48S90DAE,LCD (LED),48,0.623,80.0,0.5,0.0,295.0,103.0,128.4,474.0,4.5,4,44-50in,Vietnam,Digital
EKO,K750UGT,LCD,75,1.531,204.81,0.401,0.401,811.0,284.0,133.8,530.0,3.5,4,66-75in,China,Analogue/Digital
EKO,K750UGT2,LCD,75,1.531,204.81,0.401,0.401,811.0,284.0,133.8,530.0,3.5,4,66-75in,China,Analogue/Digital
EKO,K700UGT,LCD,70,1.339,161.454,0.334,0.334,592.0,207.0,120.6,442.0,4.5,4,66-75in,China,Analogue/Digital
EKO,K700UGT2,LCD,70,1.339,161.454,0.334,0.334,592.0,207.0,120.6,442.0,4.5,4,66-75in,China,Analogue/Digital
LG,55LX1T6LA,OLED,55,0.823,100.0,0.4,0.0,368.0,129.0,121.5,447.0,4.5,4,51-55in,"Indonesia,South Korea",Analogue/Digital
LG,55LX1TPSA,OLED,55,0.823,100.0,0.4,0.0,368.0,129.0,121.5,447.0,4.5,4,51-55in,"Indonesia,South Korea",Analogue/Digital
LG,OLED97G46LA,OLED,97,2.568,219.0,0.4,0.0,802.0,281.0,85.3,312.0,6.0,6,86in+,"Indonesia,South Korea",Analogue/Digital
SAMSUNG,UA65DU7*00*,LCD (LED),65,1.148,114.0,0.5,0.0,419.0,147.0,99.3,365.0,5.0,5,56-65in,Vietnam,Digital
SAMSUNG,UA65DU8000W,LCD (LED),65,1.148,122.0,0.5,0.0,448.0,157.0,106.3,390.0,5.0,5,56-65in,Vietnam,Digital
SAMSUNG,UA65DU8000S,LCD (LED),65,1.148,122.0,0.5,0.0,448.0,157.0,106.3,390.0,5.0,5,56-65in,Vietnam,Digital
SAMSUNG,UA65DU8500S,LCD (LED),65,1.148,122.0,0.5,0.0,448.0,157.0,106.3,390.0,5.0,5,56-65in,Vietnam,Digital
SAMSUNG,UA65DU8*00*,LCD (LED),65,1.148,122.0,0.5,0.0,448.0,157.0,106.3,390.0,5.0,5,56-65in,Vietnam,Digital
SAMSUNG,UA43DU8000W,LCD (LED),43,0.498,71.0,0.5,0.0,262.0,92.0,142.6,526.0,4.0,4,33-43in,Vietnam,Digital
SAMSUNG,UA43DU8000S,LCD (LED),43,0.498,71.0,0.5,0.0,262.0,92.0,142.6,526.0,4.0,4,33-43in,Vietnam,Digital
SAMSUNG,UA43DU8500S,LCD (LED),43,0.498,71.0,0.5,0.0,262.0,92.0,142.6,526.0,4.0,4,33-43in,Vietnam,Digital
SAMSUNG,UA43DU8*00*,LCD (LED),43,0.498,71.0,0.5,0.0,262.0,92.0,142.6,526.0,4.0,4,33-43in,Vietnam,Digital
SAMSUNG,UA55DU7000S,LCD (LED),55,0.823,79.0,0.5,0.0,291.0,102.0,96.0,354.0,5.5,6,51-55in,Vietnam,Digital
SAMSUNG,UA55DU7000W,LCD (LED),55,0.823,79.0,0.5,0.0,291.0,102.0,96.0,354.0,5.5,6,51-55in,Vietnam,Digital
SAMSUNG,UA55DU7700S,LCD (LED),55,0.823,79.0,0.5,0.0,291.0,102.0,96.0,354.0,5.5,6,51-55in,Vietnam,Digital
SAMSUNG,UA55DU7700W,LCD (LED),55,0.823,79.0,0.5,0.0,291.0,102.0,96.0,354.0,5.5,6,51-55in,Vietnam,Digital
SAMSUNG,UA55DU7*00*,LCD (LED),55,0.823,79.0,0.5,0.0,291.0,102.0,96.0,354.0,5.5,6,51-55in,Vietnam,Digital
SAMSUNG,UA50DU7000S,LCD (LED),49,0.675,71.0,0.5,0.0,262.0,92.0,105.2,388.0,5.0,5,44-50in,Vietnam,Digital
SAMSUNG,UA50DU7000W,LCD (LED),49,0.675,71.0,0.5,0.0,262.0,92.0,105.2,388.0,5.0,5,44-50in,Vietnam,Digital
SAMSUNG,UA50DU7700S,LCD (LED),49,0.675,71.0,0.5,0.0,262.0,92.0,105.2,388.0,5.0,5,44-50in,Vietnam,Digital
SAMSUNG,UA50DU7700W,LCD (LED),49,0.675,71.0,0.5,0.0,262.0,92.0,105.2,388.0,5.0,5,44-50in,Vietnam,Digital
SAMSUNG,UA50DU7*00*,LCD (LED),49,0.675,71.0,0.5,0.0,262.0,92.0,105.2,388.0,5.0,5,44-50in,Vietnam,Digital
SAMSUNG,UA55DU8000W,LCD (LED),55,0.823,97.0,0.5,0.0,357.0,125.0,117.9,434.0,4.5,4,51-55in,Vietnam,Digital
SAMSUNG,UA55DU8000S,LCD (LED),55,0.823,97.0,0.5,0.0,357.0,125.0,117.9,434.0,4.5,4,51-55in,Vietnam,Digital
SAMSUNG,UA55DU8500S,LCD (LED),55,0.823,97.0,0.5,0.0,357.0,125.0,117.9,434.0,4.5,4,51-55in,Vietnam,Digital
SAMSUNG,UA55DU8*00*,LCD (LED),55,0.823,97.0,0.5,0.0,357.0,125.0,117.9,434.0,4.5,4,51-55in,Vietnam,Digital
KOGAN,KAQL85XQ98GSTA,LCD (LED),85,1.971,250.7,0.45,0.0,974.0,341.0,127.2,494.0,4.0,4,76-85in,China,Analogue/Digital
KOGAN,KAQL85XQ98GSTB,LCD (LED),85,1.971,250.7,0.45,0.0,974.0,341.0,127.2,494.0,4.0,4,76-85in,China,Analogue/Digital
KOGAN,KAQL85XQ98GSTC,LCD (LED),85,1.971,250.7,0.45,0.0,974.0,341.0,127.2,494.0,4.0,4,76-85in,China,Analogue/Digital
KOGAN,KAQL85XQ98GSTD,LCD (LED),85,1.971,250.7,0.45,0.0,974.0,341.0,127.2,494.0,4.0,4,76-85in,China,Analogue/Digital
KOGAN,KAQL85XQ98GSTE,LCD (LED),85,1.971,250.7,0.45,0.0,974.0,341.0,127.2,494.0,4.0,4,76-85in,China,Analogue/Digital
KOGAN,KAQL85XQ98GST*,LCD (LED),85,1.971,250.7,0.45,0.0,974.0,341.0,127.2,494.0,4.0,4,76-85in,China,Analogue/Digital
KOGAN,KAQL75XQ98GSTA,LCD (LED),75,1.531,172.1,0.35,0.0,681.0,238.0,112.4,445.0,4.5,4,66-75in,China,Analogue/Digital
KOGAN,KAQL75XQ98GSTB,LCD (LED),75,1.531,172.1,0.35,0.0,681.0,238.0,112.4,445.0,4.5,4,66-75in,China,Analogue/Digital
KOGAN,KAQL75XQ98GSTC,LCD (LED),75,1.531,172.1,0.35,0.0,681.0,238.0,112.4,445.0,4.5,4,66-75in,China,Analogue/Digital
KOGAN,KAQL75XQ98GSTD,LCD (LED),75,1.531,172.1,0.35,0.0,681.0,238.0,112.4,445.0,4.5,4,66-75in,China,Analogue/Digital
KOGAN,KAQL75XQ98GSTE,LCD (LED),75,1.531,172.1,0.35,0.0,681.0,238.0,112.4,445.0,4.5,4,66-75in,China,Analogue/Digital
KOGAN,KAQL75XQ98GST*,LCD (LED),75,1.531,172.1,0.35,0.0,681.0,238.0,112.4,445.0,4.5,4,66-75in,China,Analogue/Digital
SAMSUNG,UA50DU8000W,LCD (LED),50,0.676,83.0,0.5,0.0,306.0,107.0,122.8,453.0,4.5,4,44-50in,Vietnam,Digital
SAMSUNG,UA50DU8000S,LCD (LED),50,0.676,83.0,0.5,0.0,306.0,107.0,122.8,453.0,4.5,4,44-50in,Vietnam,Digital
SAMSUNG,UA50DU8500S,LCD (LED),50,0.676,83.0,0.5,0.0,306.0,107.0,122.8,453.0,4.5,4,44-50in,Vietnam,Digital
SAMSUNG,UA50DU8*00*,LCD (LED),50,0.676,83.0,0.5,0.0,306.0,107.0,122.8,453.0,4.5,4,44-50in,Vietnam,Digital
TECO,LED58AUSRC,LCD (LED),57,0.916,86.5,0.4,0.4,349.0,122.0,94.4,381.0,5.0,5,56-65in,China,Analogue/Digital
TECO,LED43AUSRC,LCD (LED),42,0.498,52.9,0.38,0.0,214.0,75.0,106.2,430.0,5.0,5,33-43in,China,Analogue/Digital
AIWA,AWS400G,LCD,39,0.426,46.8,0.4,0.0,189.0,66.0,109.9,444.0,5.0,5,33-43in,China,Analogue
AIWA,AWS650G,LCD,64,1.147,90.1,0.4,0.0,404.0,141.0,78.6,352.0,5.5,6,56-65in,China,
KOGAN,KAQL70W94QA,LCD (LED),70,1.338,142.43,,,538.0,188.0,106.4,402.0,5.0,5,66-75in,"China,Vietnam",Digital
KOGAN,KAQL70W94QB,LCD (LED),70,1.338,142.43,,,538.0,188.0,106.4,402.0,5.0,5,66-75in,"China,Vietnam",Digital
KOGAN,KAQL70W94QC,LCD (LED),70,1.338,142.43,,,538.0,188.0,106.4,402.0,5.0,5,66-75in,"China,Vietnam",Digital
KOGAN,KAQL70W94QD,LCD (LED),70,1.338,142.43,,,538.0,188.0,106.4,402.0,5.0,5,66-75in,"China,Vietnam",Digital
KOGAN,KAQL70W94QE,LCD (LED),70,1.338,142.43,,,538.0,188.0,106.4,402.0,5.0,5,66-75in,"China,Vietnam",Digital
KOGAN,KAQL70W94QF,LCD (LED),70,1.338,142.43,,,538.0,188.0,106.4,402.0,5.0,5,66-75in,"China,Vietnam",Digital
SAMSUNG,UA98DU9000W,LCD (LED),98,2.621,332.0,0.5,0.0,1215.0,425.0,126.7,464.0,4.0,4,86in+,Vietnam,Digital
SAMSUNG,UA98DU9000S,LCD (LED),98,2.621,332.0,0.5,0.0,1215.0,425.0,126.7,464.0,4.0,4,86in+,Vietnam,Digital
SAMSUNG,UA98DU9000*,LCD (LED),98,2.621,332.0,0.5,0.0,1215.0,425.0,126.7,464.0,4.0,4,86in+,Vietnam,Digital
EKO,K500UGT,LCD,49,0.675,96.56,0.356,0.356,376.0,132.0,143.1,557.0,3.5,4,44-50in,China,Analogue/Digital
KOGAN,KAQL43XQ98GSVA,LCD (LED),42,0.498,87.66,,,338.0,118.0,176.0,679.0,3.0,3,33-43in,China,Digital
KOGAN,KAQL43XQ98GSVB,LCD (LED),42,0.498,87.66,,,338.0,118.0,176.0,679.0,3.0,3,33-43in,China,Digital
KOGAN,KAQL43XQ98GSVC,LCD (LED),42,0.498,87.66,,,338.0,118.0,176.0,679.0,3.0,3,33-43in,China,Digital
EKO,K650UGT2,LCD (LED),65,1.148,132.27,0.37756,0.62228,511.0,179.0,115.2,445.0,4.5,4,56-65in,China,Analogue/Digital
TCL,43C655,LCD (LED),42,0.498,58.2,0.334,0.0,240.0,84.0,116.9,482.0,4.5,4,33-43in,China,Analogue/Digital
LINSAR,LS40FHDNF23,LCD (LED),40,0.426,38.946,,,144.0,50.0,91.4,338.0,6.0,6,33-43in,China,Analogue/Digital
TCL,50C655,LCD (LED),49,0.675,58.4,0.363,0.0,300.0,105.0,86.5,444.0,4.5,4,44-50in,China,Analogue/Digital
TCL,55C655,LCD (LED),55,0.822,86.9,0.353,0.0,367.0,128.0,105.7,446.0,4.5,4,51-55in,China,Analogue/Digital
TCL,65C655,LCD (LED),64,1.147,106.6,0.32,0.0,440.0,154.0,92.9,384.0,5.0,5,56-65in,China,Analogue/Digital
TCL,75C655,LCD (LED),75,1.531,122.0,0.311,0.0,515.0,180.0,79.7,336.0,5.5,6,66-75in,China,Analogue/Digital
TCL,65C855,LCD (LED),64,1.147,176.1,0.347,0.0,716.0,251.0,153.5,624.0,3.0,3,56-65in,China,Analogue/Digital
TCL,75C855,LCD (LED),75,1.531,208.1,0.33,0.0,925.0,324.0,135.9,604.0,3.0,3,66-75in,China,Analogue/Digital
TCL,85C855,LCD (LED),85,1.971,212.4,0.323,0.0,940.0,329.0,107.8,477.0,4.0,4,76-85in,China,Analogue/Digital
TCL,98C855,LCD (LED),97,2.62,191.2,0.299,0.0,853.0,299.0,73.0,326.0,5.5,6,86in+,China,Analogue/Digital
FFALCON,FF43U64,LCD (LED),42,0.498,41.8,0.404,0.0,170.0,60.0,83.9,341.0,6.0,6,33-43in,China,Analogue/Digital
FFALCON,FF50U64,LCD (LED),49,0.675,49.2,0.384,0.0,200.0,70.0,72.9,296.0,6.0,6,44-50in,China,Analogue/Digital
FFALCON,FF55U64,LCD (LED),55,0.822,58.4,0.394,0.0,240.0,84.0,71.0,292.0,6.0,6,51-55in,China,Analogue/Digital
FFALCON,FF65U64,LCD (LED),64,1.147,77.6,0.354,0.0,350.0,122.0,67.7,305.0,6.0,6,56-65in,China,Analogue/Digital
FFALCON,FF75U64,LCD (LED),75,1.531,111.2,0.386,0.0,460.0,161.0,72.6,300.0,6.0,6,66-75in,China,Analogue/Digital
LG,98QNED89TSA,LCD (LED),98,2.622,245.5,0.39,0.42,999.0,350.0,93.6,381.0,5.0,5,86in+,China,Analogue/Digital
LG,98QNED89T6A,LCD (LED),98,2.622,245.5,0.39,0.42,999.0,350.0,93.6,381.0,5.0,5,86in+,China,Analogue/Digital
LG,98QNED89TUA,LCD (LED),98,2.622,245.5,0.39,0.42,999.0,350.0,93.6,381.0,5.0,5,86in+,China,Analogue/Digital
LG,98QNED#####,LCD (LED),98,2.622,245.5,0.39,0.42,999.0,350.0,93.6,381.0,5.0,5,86in+,China,Analogue/Digital
SAMSUNG,QA77S90DAE,LCD (LED),77,1.62,175.0,0.5,0.0,642.0,225.0,108.0,396.0,5.0,5,76-85in,Vietnam,Digital
SAMSUNG,QA83S90DAE,LCD (LED),83,1.877,217.0,0.5,0.0,795.0,278.0,115.6,424.0,4.5,4,76-85in,Vietnam,Digital
SONY,K-55XR80,OLED,55,0.823,100.0,0.5,17.7,372.0,130.0,121.5,452.0,4.5,4,51-55in,"Malaysia,Vietnam",Analogue/Digital
SONY,K-65XR80,OLED,65,1.148,117.9,0.5,14.7,437.0,153.0,102.7,381.0,5.0,5,56-65in,"Malaysia,Vietnam",Analogue/Digital
LG,OLED65M46LA,OLED,65,1.148,172.0,0.4,0.0,630.0,220.0,149.8,549.0,3.5,4,56-65in,"Indonesia,South Korea",Analogue/Digital
LG,OLED77M46LA,OLED,77,1.62,220.0,0.4,0.0,806.0,282.0,135.8,498.0,4.0,4,76-85in,"Indonesia,South Korea",Analogue/Digital
LG,OLED83M46LA,OLED,83,1.877,242.0,0.4,0.0,886.0,310.0,128.9,472.0,4.0,4,76-85in,"Indonesia,South Korea",Analogue/Digital
LG,OLED97G4PSA,OLED,97,2.568,219.0,0.4,0.0,802.0,281.0,85.3,312.0,6.0,6,86in+,"Indonesia,South Korea",Analogue/Digital
LG,OLED97M4PSA,OLED,97,2.568,244.0,0.4,0.0,893.0,313.0,95.0,348.0,5.5,6,86in+,"Indonesia,South Korea",Analogue/Digital
LG,OLED97M46LA,OLED,97,2.568,244.0,0.4,0.0,893.0,313.0,95.0,348.0,5.5,6,86in+,"Indonesia,South Korea",Analogue/Digital
EKO,K550UGT2,LCD,55,0.823,94.96,0.37,0.0,349.0,122.0,115.4,424.0,4.5,4,51-55in,China,Analogue/Digital
TCL,50C755,LCD (LED),49,0.675,91.4,0.333,0.0,390.0,136.0,135.4,578.0,3.5,4,44-50in,China,Analogue/Digital
TCL,55C755,LCD (LED),55,0.822,89.1,0.273,0.0,381.0,133.0,108.4,464.0,4.5,4,51-55in,China,Analogue/Digital
TCL,65C755,LCD (LED),64,1.147,105.7,0.323,0.0,440.0,154.0,92.2,384.0,5.0,5,56-65in,China,Analogue/Digital
TCL,75C755,LCD (LED),75,1.531,134.6,0.334,0.0,550.0,192.0,87.9,359.0,5.0,5,66-75in,China,Analogue/Digital
TCL,85C755,LCD (LED),85,1.971,148.2,0.375,0.0,660.0,231.0,75.2,335.0,5.5,6,76-85in,China,Analogue/Digital
TCL,98C755,LCD (LED),97,2.62,197.4,0.354,0.0,890.0,312.0,75.3,340.0,5.5,6,86in+,China,Analogue/Digital
SONY,K-77XR80,OLED,77,1.621,152.2,0.5,14.4,562.0,197.0,93.9,347.0,5.5,6,76-85in,Malaysia,Analogue/Digital
TCL,98C655,LCD (LED),97,2.62,226.0,0.393,0.0,909.0,318.0,86.3,347.0,5.5,6,86in+,China,Analogue/Digital
LG,43UR761H0TA,LCD (LED),43,0.498,67.0,0.4,0.0,247.0,86.0,134.5,496.0,4.0,4,33-43in,"Indonesia,South Korea",Analogue/Digital
LG,43UT90506LB,LCD (LED),43,0.498,67.0,0.4,0.0,247.0,86.0,134.5,496.0,4.0,4,33-43in,"Indonesia,South Korea",Analogue/Digital
LG,50UT90506LB,LCD (LED),49,0.675,68.0,0.4,0.0,251.0,88.0,100.7,372.0,5.5,6,44-50in,"Indonesia,South Korea",Analogue/Digital
LG,55UT90506LB,LCD (LED),55,0.823,91.0,0.4,0.0,335.0,117.0,110.6,407.0,5.0,5,51-55in,"Indonesia,South Korea",Analogue/Digital
LG,65UT90506LB,LCD (LED),65,1.148,114.0,0.4,0.0,419.0,147.0,99.3,365.0,5.0,5,56-65in,"Indonesia,South Korea",Analogue/Digital
LG,75UT90506LB,LCD (LED),75,1.531,126.0,0.4,0.0,462.0,162.0,82.3,302.0,6.0,6,66-75in,"Indonesia,South Korea",Analogue/Digital
BLAUPUNKT,BP24WOSDVD,LCD,24,0.156,28.7,0.32,0.0,107.0,37.0,184.0,686.0,4.0,4,32in & under,China,Digital
BAUHN,ATV60UHDW-0824,LCD,60,0.996,81.288,,,299.0,105.0,81.6,300.0,6.0,6,56-65in,China,Analogue/Digital
YOKOHAMA,YTV240Z,LCD (LED),24,0.153,20.24,,,76.0,27.0,132.3,497.0,5.5,6,32in & under,China,Digital
KOGAN,KAQL55W94QB,LCD (LED),55,0.823,111.7,,,427.0,149.0,135.7,519.0,4.0,4,51-55in,"China,Vietnam",Digital
KOGAN,KAQL55W94QC,LCD (LED),55,0.823,111.7,,,427.0,149.0,135.7,519.0,4.0,4,51-55in,"China,Vietnam",Digital
KOGAN,KAQL55W94QD,LCD (LED),55,0.823,111.7,,,427.0,149.0,135.7,519.0,4.0,4,51-55in,"China,Vietnam",Digital
KOGAN,KAQL55W94QE,LCD (LED),55,0.823,111.7,,,427.0,149.0,135.7,519.0,4.0,4,51-55in,"China,Vietnam",Digital
KOGAN,KAQL55W94QF,LCD (LED),55,0.823,111.7,,,427.0,149.0,135.7,519.0,4.0,4,51-55in,"China,Vietnam",Digital
KOGAN,KAQL65W94QB,LCD (LED),65,1.147,150.64,,,560.0,196.0,131.3,488.0,4.0,4,56-65in,"China,Vietnam",Digital
KOGAN,KAQL65W94QC,LCD (LED),65,1.147,150.64,,,560.0,196.0,131.3,488.0,4.0,4,56-65in,"China,Vietnam",Digital
KOGAN,KAQL65W94QD,LCD (LED),65,1.147,150.64,,,560.0,196.0,131.3,488.0,4.0,4,56-65in,"China,Vietnam",Digital
KOGAN,KAQL65W94QE,LCD (LED),65,1.147,150.64,,,560.0,196.0,131.3,488.0,4.0,4,56-65in,"China,Vietnam",Digital
KOGAN,KAQL65W94QF,LCD (LED),65,1.147,150.64,,,560.0,196.0,131.3,488.0,4.0,4,56-65in,"China,Vietnam",Digital
KOGAN,KAQL75W94QB,LCD (LED),75,1.532,187.1,,,690.0,242.0,122.1,450.0,4.0,4,66-75in,"China,Vietnam",Digital
KOGAN,KAQL75W94QC,LCD (LED),75,1.532,187.1,,,690.0,242.0,122.1,450.0,4.0,4,66-75in,"China,Vietnam",Digital
KOGAN,KAQL75W94QD,LCD (LED),75,1.532,187.1,,,690.0,242.0,122.1,450.0,4.0,4,66-75in,"China,Vietnam",Digital
KOGAN,KAQL75W94QE,LCD (LED),75,1.532,187.1,,,690.0,242.0,122.1,450.0,4.0,4,66-75in,"China,Vietnam",Digital
KOGAN,KAQL75W94QF,LCD (LED),75,1.532,187.1,,,690.0,242.0,122.1,450.0,4.0,4,66-75in,"China,Vietnam",Digital
KOGAN,KAQL50W94QB,LCD (LED),50,0.675,101.23,,,398.0,139.0,150.0,590.0,3.5,4,44-50in,"China,Vietnam",Digital
KOGAN,KAQL50W94QC,LCD (LED),50,0.675,101.23,,,398.0,139.0,150.0,590.0,3.5,4,44-50in,"China,Vietnam",Digital
KOGAN,KAQL50W94QD,LCD (LED),50,0.675,101.23,,,398.0,139.0,150.0,590.0,3.5,4,44-50in,"China,Vietnam",Digital
KOGAN,KAQL50W94QE,LCD (LED),50,0.675,101.23,,,398.0,139.0,150.0,590.0,3.5,4,44-50in,"China,Vietnam",Digital
KOGAN,KAQL50W94QF,LCD (LED),50,0.675,101.23,,,398.0,139.0,150.0,590.0,3.5,4,44-50in,"China,Vietnam",Digital
AIWA,AWS650W,LCD (LED),65,1.148,115.94,0.34,0.48,468.0,164.0,101.0,408.0,4.5,4,56-65in,China,Analogue/Digital
JVC,LT-50N7145AE,LCD (LED),49,0.675,47.5,,,210.0,74.0,70.4,311.0,6.0,6,44-50in,China,Analogue/Digital
THOMSON,STVLED43FHD-W,LCD (LED),42,0.498,49.14,,,194.0,68.0,98.7,390.0,5.5,6,33-43in,China,Digital
SAMSUNG,BE43D-H,LCD (LED),43,0.498,68.0,0.5,0.0,251.0,88.0,136.5,504.0,4.0,4,33-43in,Vietnam,Digital
SAMSUNG,BE50D-H,LCD (LED),49,0.675,71.0,0.5,0.0,262.0,92.0,105.2,388.0,5.0,5,44-50in,Vietnam,Digital
SAMSUNG,BE55D-H,LCD (LED),55,0.823,79.0,0.5,0.0,291.0,102.0,96.0,354.0,5.5,6,51-55in,Vietnam,Digital
SAMSUNG,BE65D-H,LCD (LED),65,1.148,114.0,0.5,0.0,419.0,147.0,99.3,365.0,5.0,5,56-65in,Vietnam,Digital
SAMSUNG,BE75D-H,LCD (LED),75,1.532,137.0,0.5,0.0,503.0,176.0,89.4,328.0,5.5,6,66-75in,Vietnam,Digital
BLAUPUNKT,BP50WOS3,LCD (LED),50,0.675,94.37,0.37,0.39,400.0,140.0,139.8,593.0,3.0,3,44-50in,China,Analogue/Digital
BLAUPUNKT,BP70WOS3,LCD (LED),70,1.338,128.9,0.39,0.44,550.0,192.0,96.3,411.0,4.5,4,66-75in,China,Analogue/Digital
SAMSUNG,BE85D-H,LCD (LED),85,1.971,143.0,0.5,0.0,525.0,184.0,72.6,266.0,6.0,6,76-85in,Vietnam,Digital
TECO,LED24AHSRC,LCD (LED),24,0.153,16.2,0.22,0.22,67.0,23.0,105.9,438.0,6.0,6,32in & under,China,Analogue/Digital
SAMSUNG,QA43LS01DAW,LCD (LED),43,0.498,79.0,0.5,0.0,291.0,102.0,158.6,584.0,3.5,4,33-43in,Vietnam,Digital
SAMSUNG,QA43LS01DAS,LCD (LED),43,0.498,79.0,0.5,0.0,291.0,102.0,158.6,584.0,3.5,4,33-43in,Vietnam,Digital
SAMSUNG,QA43LS01DA*,LCD (LED),43,0.498,79.0,0.5,0.0,291.0,102.0,158.6,584.0,3.5,4,33-43in,Vietnam,Digital
SAMSUNG,QA55LS01DAW,LCD (LED),55,0.823,89.0,0.5,0.0,328.0,115.0,108.1,399.0,5.0,5,51-55in,Vietnam,Digital
SAMSUNG,QA55LS01DAS,LCD (LED),55,0.823,89.0,0.5,0.0,328.0,115.0,108.1,399.0,5.0,5,51-55in,Vietnam,Digital
SAMSUNG,QA55LS01DA*,LCD (LED),55,0.823,89.0,0.5,0.0,328.0,115.0,108.1,399.0,5.0,5,51-55in,Vietnam,Digital
SAMSUNG,QA65LS01DAW,LCD (LED),65,1.148,126.0,0.5,0.0,463.0,162.0,109.8,403.0,5.0,5,56-65in,Vietnam,Digital
SAMSUNG,QA65LS01DAS,LCD (LED),65,1.148,126.0,0.5,0.0,463.0,162.0,109.8,403.0,5.0,5,56-65in,Vietnam,Digital
SAMSUNG,QA65LS01DA*,LCD (LED),65,1.148,126.0,0.5,0.0,463.0,162.0,109.8,403.0,5.0,5,56-65in,Vietnam,Digital
TECO,LED32AHSRC,LCD (LED),32,0.274,26.3,0.4,0.0,105.0,37.0,96.0,383.0,6.0,6,32in & under,China,Analogue/Digital
SYLVOX,RT27R2KECA,LCD,27,0.202,15.3,0.43,0.0,59.0,21.0,75.7,292.0,7.0,7,32in & under,China,
HISENSE,55U7N series,LCD (LED),55,0.823,91.26,0.29,0.0,381.0,133.0,110.9,463.0,4.5,4,51-55in,China,Analogue/Digital
LG,32LT340CBTB,LCD (LED),32,0.274,25.5,0.18,0.0,95.0,33.0,93.1,347.0,6.0,6,32in & under,"Indonesia,South Korea",Analogue/Digital
KOGAN,KALED50R95TA,LCD (LED),49,0.675,66.8,0.4,0.4,284.0,99.0,99.0,421.0,5.0,5,44-50in,China,Analogue/Digital
KOGAN,KALED50R95TB,LCD (LED),49,0.675,66.8,0.4,0.4,284.0,99.0,99.0,421.0,5.0,5,44-50in,China,Analogue/Digital
KOGAN,KALED50R95TC,LCD (LED),49,0.675,66.8,0.4,0.4,284.0,99.0,99.0,421.0,5.0,5,44-50in,China,Analogue/Digital
KOGAN,KALED50R95TD,LCD (LED),49,0.675,66.8,0.4,0.4,284.0,99.0,99.0,421.0,5.0,5,44-50in,China,Analogue/Digital
KOGAN,KALED50R95TE,LCD (LED),49,0.675,66.8,0.4,0.4,284.0,99.0,99.0,421.0,5.0,5,44-50in,China,Analogue/Digital
KOGAN,KALED65R95TA,LCD (LED),64,1.147,94.2,0.45,0.45,371.0,130.0,82.1,323.0,6.0,6,56-65in,China,Analogue/Digital
KOGAN,KALED65R95TB,LCD (LED),64,1.147,94.2,0.45,0.45,371.0,130.0,82.1,323.0,6.0,6,56-65in,China,Analogue/Digital
KOGAN,KALED65R95TC,LCD (LED),64,1.147,94.2,0.45,0.45,371.0,130.0,82.1,323.0,6.0,6,56-65in,China,Analogue/Digital
KOGAN,KALED65R95TD,LCD (LED),64,1.147,94.2,0.45,0.45,371.0,130.0,82.1,323.0,6.0,6,56-65in,China,Analogue/Digital
KOGAN,KALED65R95TE,LCD (LED),64,1.147,94.2,0.45,0.45,371.0,130.0,82.1,323.0,6.0,6,56-65in,China,Analogue/Digital
KOGAN,KALED75R95TA,LCD (LED),75,1.531,109.4,0.45,0.45,488.0,171.0,71.5,319.0,6.0,6,66-75in,China,Analogue/Digital
KOGAN,KALED75R95TB,LCD (LED),75,1.531,109.4,0.45,0.45,488.0,171.0,71.5,319.0,6.0,6,66-75in,China,Analogue/Digital
KOGAN,KALED75R95TC,LCD (LED),75,1.531,109.4,0.45,0.45,488.0,171.0,71.5,319.0,6.0,6,66-75in,China,Analogue/Digital
KOGAN,KALED75R95TD,LCD (LED),75,1.531,109.4,0.45,0.45,488.0,171.0,71.5,319.0,6.0,6,66-75in,China,Analogue/Digital
KOGAN,KALED75R95TE,LCD (LED),75,1.531,109.4,0.45,0.45,488.0,171.0,71.5,319.0,6.0,6,66-75in,China,Analogue/Digital
KOGAN,KALED55R95TA,LCD (LED),55,0.822,70.8,0.46,0.46,302.0,106.0,86.1,367.0,5.5,6,51-55in,China,Analogue/Digital
KOGAN,KALED55R95TB,LCD (LED),55,0.822,70.8,0.46,0.46,302.0,106.0,86.1,367.0,5.5,6,51-55in,China,Analogue/Digital
KOGAN,KALED55R95TC,LCD (LED),55,0.822,70.8,0.46,0.46,302.0,106.0,86.1,367.0,5.5,6,51-55in,China,Analogue/Digital
KOGAN,KALED55R95TD,LCD (LED),55,0.822,70.8,0.46,0.46,302.0,106.0,86.1,367.0,5.5,6,51-55in,China,Analogue/Digital
KOGAN,KALED55R95TE,LCD (LED),55,0.822,70.8,0.46,0.46,302.0,106.0,86.1,367.0,5.5,6,51-55in,China,Analogue/Digital
KOGAN,KALED32R95TA,LCD (LED),31,0.273,22.9,0.35,0.35,104.0,36.0,83.9,381.0,6.0,6,32in & under,China,Analogue/Digital
KOGAN,KALED32R95TB,LCD (LED),31,0.273,22.9,0.35,0.35,104.0,36.0,83.9,381.0,6.0,6,32in & under,China,Analogue/Digital
KOGAN,KALED32R95TC,LCD (LED),31,0.273,22.9,0.35,0.35,104.0,36.0,83.9,381.0,6.0,6,32in & under,China,Analogue/Digital
KOGAN,KALED32R95TD,LCD (LED),31,0.273,22.9,0.35,0.35,104.0,36.0,83.9,381.0,6.0,6,32in & under,China,Analogue/Digital
KOGAN,KALED32R95TE,LCD (LED),31,0.273,22.9,0.35,0.35,104.0,36.0,83.9,381.0,6.0,6,32in & under,China,Analogue/Digital
SAMSUNG,QA50LS01DAS,LCD (LED),49,0.675,93.0,0.5,0.0,343.0,120.0,137.8,508.0,4.0,4,44-50in,Vietnam,Digital
KOGAN,KALED40R95TA,LCD (LED),39,0.426,36.5,0.35,0.35,148.0,52.0,85.7,347.0,6.0,6,33-43in,China,Analogue/Digital
KOGAN,KALED40R95TB,LCD (LED),39,0.426,36.5,0.35,0.35,148.0,52.0,85.7,347.0,6.0,6,33-43in,China,Analogue/Digital
KOGAN,KALED40R95TC,LCD (LED),39,0.426,36.5,0.35,0.35,148.0,52.0,85.7,347.0,6.0,6,33-43in,China,Analogue/Digital
KOGAN,KALED40R95TD,LCD (LED),39,0.426,36.5,0.35,0.35,148.0,52.0,85.7,347.0,6.0,6,33-43in,China,Analogue/Digital
KOGAN,KALED40R95TE,LCD (LED),39,0.426,36.5,0.35,0.35,148.0,52.0,85.7,347.0,6.0,6,33-43in,China,Analogue/Digital
KOGAN,KALED43R95TA,LCD (LED),42,0.497,52.9,0.45,0.45,214.0,75.0,106.4,431.0,5.0,5,33-43in,China,Analogue/Digital
KOGAN,KALED43R95TB,LCD (LED),42,0.497,52.9,0.45,0.45,214.0,75.0,106.4,431.0,5.0,5,33-43in,China,Analogue/Digital
KOGAN,KALED43R95TC,LCD (LED),42,0.497,52.9,0.45,0.45,214.0,75.0,106.4,431.0,5.0,5,33-43in,China,Analogue/Digital
KOGAN,KALED43R95TD,LCD (LED),42,0.497,52.9,0.45,0.45,214.0,75.0,106.4,431.0,5.0,5,33-43in,China,Analogue/Digital
KOGAN,KALED43R95TE,LCD (LED),42,0.497,52.9,0.45,0.45,214.0,75.0,106.4,431.0,5.0,5,33-43in,China,Analogue/Digital
KOGAN,KALED50R95T*,LCD (LED),49,0.675,66.8,0.4,0.4,284.0,99.0,99.0,421.0,5.0,5,44-50in,China,Analogue/Digital
KOGAN,KALED65R95T*,LCD (LED),64,1.147,94.2,0.45,0.45,371.0,130.0,82.1,323.0,6.0,6,56-65in,China,Analogue/Digital
KOGAN,KALED75R95T*,LCD (LED),75,1.531,109.4,0.45,0.45,488.0,171.0,71.5,319.0,6.0,6,66-75in,China,Analogue/Digital
KOGAN,KALED55R95T*,LCD (LED),55,0.822,70.8,0.46,0.46,302.0,106.0,86.1,367.0,5.5,6,51-55in,China,Analogue/Digital
KOGAN,KALED43R95T*,LCD (LED),42,0.497,52.9,0.45,0.45,214.0,75.0,106.4,431.0,5.0,5,33-43in,China,Analogue/Digital
KOGAN,KALED40R95T*,LCD (LED),39,0.426,36.5,0.35,0.35,148.0,52.0,85.7,347.0,6.0,6,33-43in,China,Analogue/Digital
KOGAN,KALED32R95T*,LCD (LED),31,0.273,22.9,0.35,0.35,104.0,36.0,83.9,381.0,6.0,6,32in & under,China,Analogue/Digital
EKO,K65USW3,LCD,65,1.148,111.438,,,407.0,142.0,97.1,355.0,5.5,6,56-65in,China,Analogue/Digital
EKO,K55USW2,LCD,55,0.823,82.242,,,301.0,105.0,99.9,366.0,5.5,6,51-55in,China,Analogue/Digital
EKO,K55USW3,LCD,55,0.823,82.242,,,301.0,105.0,99.9,366.0,5.5,6,51-55in,China,Analogue/Digital
KOGAN,KAQL65MQ9TA,LCD (LED),65,1.175,136.1,0.37,0.0,532.0,186.0,115.8,453.0,4.5,4,56-65in,China,Analogue/Digital
KOGAN,KAQL65MQ9TB,LCD (LED),65,1.175,136.1,0.37,0.0,532.0,186.0,115.8,453.0,4.5,4,56-65in,China,Analogue/Digital
KOGAN,KAQL65MQ9TC,LCD (LED),65,1.175,136.1,0.37,0.0,532.0,186.0,115.8,453.0,4.5,4,56-65in,China,Analogue/Digital
KOGAN,KAQL65MQ9TD,LCD (LED),65,1.175,136.1,0.37,0.0,532.0,186.0,115.8,453.0,4.5,4,56-65in,China,Analogue/Digital
KOGAN,KAQL65MQ9TE,LCD (LED),65,1.175,136.1,0.37,0.0,532.0,186.0,115.8,453.0,4.5,4,56-65in,China,Analogue/Digital
KOGAN,KAQL65MQ9T*,LCD (LED),65,1.175,136.1,0.37,0.0,532.0,186.0,115.8,453.0,4.5,4,56-65in,China,Analogue/Digital
JVC,LT-32ND35AS,LCD (LED),32,0.274,36.9,0.33,0.0,145.0,51.0,134.7,529.0,4.5,4,32in & under,China,Analogue/Digital
TOSHIBA,43C350NP,LCD (LED),43,0.498,59.91,0.24,0.0,242.0,85.0,120.3,486.0,4.5,4,33-43in,China,Analogue/Digital
TOSHIBA,50C350NP,LCD (LED),50,0.675,61.1,0.26,0.0,254.0,89.0,90.5,376.0,5.5,6,44-50in,China,Analogue/Digital
TOSHIBA,55C350NP,LCD (LED),55,0.823,63.7,0.36,0.0,269.0,94.0,77.4,327.0,6.0,6,51-55in,China,Analogue/Digital
TOSHIBA,65C350NP,LCD (LED),64,1.147,89.74,0.37,0.0,369.0,129.0,78.2,322.0,6.0,6,56-65in,China,Analogue/Digital
TOSHIBA,75C350NP,LCD (LED),75,1.532,95.06,0.369,0.0,389.0,136.0,62.0,254.0,7.0,7,66-75in,China,Analogue/Digital
TOSHIBA,85C350NP,LCD (LED),85,1.971,150.59,0.36,0.0,599.0,210.0,76.4,304.0,6.0,6,76-85in,China,Analogue/Digital
TECO,LED70AUSRC,LCD (LED),70,1.338,135.9,,,532.0,186.0,101.6,398.0,5.0,5,66-75in,China,Analogue/Digital
EKO,K70USW3,LCD (LED),70,1.338,161.0,,,667.0,233.0,120.3,499.0,4.0,4,66-75in,China,Analogue/Digital
SYLVOX,KT16A0KOGA,LCD (LED),16,0.067,15.1,,,58.0,20.0,225.4,866.0,4.5,4,32in & under,China,Analogue/Digital
JVC,LT-40N5155A,LCD (LED),40,0.426,48.76,0.35,0.46,198.0,69.0,114.5,465.0,4.5,4,33-43in,China,Analogue/Digital
SAMSUNG,UA43DU7000S,LCD (LED),43,0.498,68.0,0.5,0.0,251.0,88.0,136.5,504.0,4.0,4,33-43in,Vietnam,Digital
SAMSUNG,UA43DU7700S,LCD (LED),43,0.498,68.0,0.5,0.0,251.0,88.0,136.5,504.0,4.0,4,33-43in,Vietnam,Digital
SAMSUNG,UA43DU7700W,LCD (LED),43,0.498,68.0,0.5,0.0,251.0,88.0,136.5,504.0,4.0,4,33-43in,Vietnam,Digital
SAMSUNG,UA43DU7*00*,LCD (LED),43,0.498,68.0,0.5,0.0,251.0,88.0,136.5,504.0,4.0,4,33-43in,Vietnam,Digital
SAMSUNG,QA65QE1DAS,LCD (LED),65,1.148,103.0,0.5,0.0,379.0,133.0,89.7,330.0,5.5,6,56-65in,Vietnam,Digital
SAMSUNG,QA65QE1DA*,LCD (LED),65,1.148,103.0,0.5,0.0,379.0,133.0,89.7,330.0,5.5,6,56-65in,Vietnam,Digital
SAMSUNG,QA65QE1DAW,LCD (LED),65,1.148,103.0,0.5,0.0,379.0,133.0,89.7,330.0,5.5,6,56-65in,Vietnam,Digital
JVC,LT-65N7115A11E,LCD (LED),64,1.147,104.2,,,415.0,145.0,90.8,362.0,5.5,6,56-65in,China,Analogue/Digital
HUBBL,LT065A-04-FXTL,LCD (LED),65,1.148,64.71,,,240.0,84.0,56.4,209.0,7.0,7,56-65in,Poland,Digital
CHIQ,U70M9Q,LCD (LED),70,1.339,123.6,0.41,0.0,481.0,168.0,92.3,359.0,5.5,6,66-75in,China,Analogue/Digital
TCL,115X955 Max,LCD (LED),114,3.611,600.0,0.392,0.0,2652.0,928.0,166.2,734.0,2.0,2,86in+,China,Analogue/Digital
CHIQ,L32G7KPG,LCD (LED),32,0.274,23.3,,,116.0,41.0,85.0,423.0,5.5,6,32in & under,China,Analogue/Digital
EKO,K420FSG,LCD,41,0.468,48.96,0.25,0.0,180.0,63.0,104.6,385.0,5.5,6,33-43in,China,Analogue/Digital
AIWA,AWC240G,LCD (LED),24,0.153,19.8,0.23,0.0,82.0,29.0,129.4,536.0,5.0,5,32in & under,China,Analogue/Digital
HISENSE,85U7NAU,LCD (LED),85,1.971,204.59,0.46,0.0,829.0,290.0,103.8,421.0,4.5,4,76-85in,China,Analogue/Digital
HISENSE,85U7NNZ,LCD (LED),85,1.971,204.59,0.46,0.0,829.0,290.0,103.8,421.0,4.5,4,76-85in,China,Analogue/Digital
HISENSE,85U7N series,LCD (LED),85,1.971,204.59,0.46,0.0,829.0,290.0,103.8,421.0,4.5,4,76-85in,China,Analogue/Digital
TELEFUNKEN,TL24HSWDTA,LCD,24,0.156,28.7,0.32,0.0,107.0,37.0,184.0,686.0,4.0,4,32in & under,China,Digital
BAUHN,ATV32HDW-0424,LCD (LED),32,0.274,27.2,,,101.0,35.0,99.3,369.0,6.0,6,32in & under,China,Analogue/Digital
BAUHN,ATV32HDW-0824,LCD (LED),32,0.274,27.2,,,101.0,35.0,99.3,369.0,6.0,6,32in & under,China,Analogue/Digital
BAUHN,ATV32HDW-****,LCD (LED),32,0.274,27.2,,,101.0,35.0,99.3,369.0,6.0,6,32in & under,China,Analogue/Digital
BAUHN,ATV32HDW-0624,LCD (LED),32,0.274,27.2,,,101.0,35.0,99.3,369.0,6.0,6,32in & under,China,Analogue/Digital
AIWA,AWS500W,LCD (LED),50,0.675,57.2,0.25,0.0,211.0,74.0,84.7,313.0,6.0,6,44-50in,China,
BLAUPUNKT,BP430FSG9800,LCD (LED),42,0.498,50.67,,,208.0,73.0,101.7,418.0,5.0,5,33-43in,China,Analogue/Digital
SAMSUNG,QA55LST7DAW,LCD (LED),55,0.823,206.0,0.5,0.0,755.0,264.0,250.3,917.0,1.0,1,51-55in,Mexico,Digital
SAMSUNG,QA55LST7DAS,LCD (LED),55,0.823,206.0,0.5,0.0,755.0,264.0,250.3,917.0,1.0,1,51-55in,Mexico,Digital
SAMSUNG,QA55LST7DA*,LCD (LED),55,0.823,206.0,0.5,0.0,755.0,264.0,250.3,917.0,1.0,1,51-55in,Mexico,Digital
KOGAN,KAQL75MQ9TA,LCD (LED),75,1.531,145.4,0.42,0.0,609.0,213.0,95.0,398.0,5.0,5,66-75in,China,Analogue/Digital
KOGAN,KAQL75MQ9TB,LCD (LED),75,1.531,145.4,0.42,0.0,609.0,213.0,95.0,398.0,5.0,5,66-75in,China,Analogue/Digital
KOGAN,KAQL75MQ9TC,LCD (LED),75,1.531,145.4,0.42,0.0,609.0,213.0,95.0,398.0,5.0,5,66-75in,China,Analogue/Digital
KOGAN,KAQL75MQ9TD,LCD (LED),75,1.531,145.4,0.42,0.0,609.0,213.0,95.0,398.0,5.0,5,66-75in,China,Analogue/Digital
KOGAN,KAQL75MQ9TE,LCD (LED),75,1.531,145.4,0.42,0.0,609.0,213.0,95.0,398.0,5.0,5,66-75in,China,Analogue/Digital
KOGAN,KAQL75MQ9T*,LCD (LED),75,1.531,145.4,0.42,0.0,609.0,213.0,95.0,398.0,5.0,5,66-75in,China,Analogue/Digital
BLAUPUNKT,BP32WOSDVD,LCD (LED),32,0.274,33.5,0.36,0.0,125.0,44.0,122.3,456.0,5.0,5,32in & under,China,Analogue/Digital
LG,32LN660HBSD,LCD (LED),32,0.274,24.0,0.4,0.0,90.0,32.0,87.6,328.0,6.0,6,32in & under,"Indonesia,South Korea",Analogue/Digital
TELEFUNKEN,TL55QGG,LCD (LED),55,0.823,103.0,,,379.0,133.0,125.2,461.0,4.5,4,51-55in,China,Analogue/Digital
KOGAN,KAOD48X98JSTA,OLED,48,0.623,80.3,0.35,0.0,331.0,116.0,128.9,531.0,4.0,4,44-50in,China,Analogue/Digital
KOGAN,KAOD48X98JSTB,OLED,48,0.623,80.3,0.35,0.0,331.0,116.0,128.9,531.0,4.0,4,44-50in,China,Analogue/Digital
KOGAN,KAOD48X98JSTC,OLED,48,0.623,80.3,0.35,0.0,331.0,116.0,128.9,531.0,4.0,4,44-50in,China,Analogue/Digital
KOGAN,KAOD48X98JSTD,OLED,48,0.623,80.3,0.35,0.0,331.0,116.0,128.9,531.0,4.0,4,44-50in,China,Analogue/Digital
KOGAN,KAOD48X98JSTE,OLED,48,0.623,80.3,0.35,0.0,331.0,116.0,128.9,531.0,4.0,4,44-50in,China,Analogue/Digital
KOGAN,KAOD48X98JST*,OLED,48,0.623,80.3,0.35,0.0,331.0,116.0,128.9,531.0,4.0,4,44-50in,China,Analogue/Digital
SVISION,SV43FWOS,LCD,43,0.498,40.1,0.37,0.0,165.0,58.0,80.5,331.0,6.0,6,33-43in,China,Digital
BLAUPUNKT,BP100WOSQ,LCD (LED),98,2.622,350.0,,,1284.0,449.0,133.5,490.0,4.0,4,86in+,China,Analogue/Digital
HISENSE,55U6NAU,LCD (LED),55,0.823,79.98,0.28,0.0,339.0,119.0,97.2,412.0,5.0,5,51-55in,China,Analogue/Digital
HISENSE,55U6NNZ,LCD (LED),55,0.823,79.98,0.28,0.0,339.0,119.0,97.2,412.0,5.0,5,51-55in,China,Analogue/Digital
HISENSE,65U6NAU,LCD (LED),65,1.148,99.95,0.29,0.0,416.0,146.0,87.1,362.0,5.5,6,56-65in,China,Analogue/Digital
HISENSE,65U6NNZ,LCD (LED),65,1.148,99.95,0.29,0.0,416.0,146.0,87.1,362.0,5.5,6,56-65in,China,Analogue/Digital
HISENSE,75U6NAU,LCD (LED),75,1.532,133.76,0.31,0.0,547.0,191.0,87.3,357.0,5.5,6,66-75in,China,Analogue/Digital
HISENSE,75U6NNZ,LCD (LED),75,1.532,133.76,0.31,0.0,547.0,191.0,87.3,357.0,5.5,6,66-75in,China,Analogue/Digital
HISENSE,85U6NAU,LCD (LED),85,1.971,189.93,0.25,0.0,780.0,273.0,96.4,396.0,5.0,5,76-85in,China,Analogue/Digital
HISENSE,85U6NNZ,LCD (LED),85,1.971,189.93,0.25,0.0,780.0,273.0,96.4,396.0,5.0,5,76-85in,China,Analogue/Digital
HISENSE,55U6N series,LCD (LED),55,0.823,79.98,0.28,0.0,339.0,119.0,97.2,412.0,5.0,5,51-55in,China,Analogue/Digital
HISENSE,65U6N series,LCD (LED),65,1.148,99.95,0.29,0.0,416.0,146.0,87.1,362.0,5.5,6,56-65in,China,Analogue/Digital
HISENSE,75U6N series,LCD (LED),75,1.532,133.76,0.31,0.0,547.0,191.0,87.3,357.0,5.5,6,66-75in,China,Analogue/Digital
HISENSE,85U6N series,LCD (LED),85,1.971,189.93,0.25,0.0,780.0,273.0,96.4,396.0,5.0,5,76-85in,China,Analogue/Digital
HISENSE,43Q6NAU,LCD (LED),42,0.498,55.02,0.24,0.0,229.0,80.0,110.5,460.0,4.5,4,33-43in,China,Analogue/Digital
HISENSE,43Q6NNZ,LCD (LED),42,0.498,55.02,0.24,0.0,229.0,80.0,110.5,460.0,4.5,4,33-43in,China,Analogue/Digital
HISENSE,50Q6NAU,LCD (LED),50,0.675,55.49,0.34,0.0,227.0,79.0,82.2,336.0,6.0,6,44-50in,China,Analogue/Digital
HISENSE,50Q6NNZ,LCD (LED),50,0.675,55.49,0.34,0.0,227.0,79.0,82.2,336.0,6.0,6,44-50in,China,Analogue/Digital
HISENSE,55Q6NAU,LCD (LED),55,0.823,59.97,0.26,0.0,239.0,84.0,72.9,290.0,6.0,6,51-55in,China,Analogue/Digital
HISENSE,55Q6NNZ,LCD (LED),55,0.823,59.97,0.26,0.0,239.0,84.0,72.9,290.0,6.0,6,51-55in,China,Analogue/Digital
HISENSE,65Q6NAU,LCD (LED),65,1.148,90.42,0.3,0.0,369.0,129.0,78.8,321.0,6.0,6,56-65in,China,Analogue/Digital
HISENSE,65Q6NNZ,LCD (LED),65,1.148,90.42,0.3,0.0,369.0,129.0,78.8,321.0,6.0,6,56-65in,China,Analogue/Digital
HISENSE,75Q6NAU,LCD (LED),75,1.532,120.56,0.26,0.0,489.0,171.0,78.7,319.0,6.0,6,66-75in,China,Analogue/Digital
HISENSE,75Q6NNZ,LCD (LED),75,1.532,120.56,0.26,0.0,489.0,171.0,78.7,319.0,6.0,6,66-75in,China,Analogue/Digital
HISENSE,85Q6NAU,LCD (LED),85,1.971,172.13,0.31,0.0,696.0,244.0,87.3,353.0,5.5,6,76-85in,China,Analogue/Digital
HISENSE,85Q6NNZ,LCD (LED),85,1.971,172.13,0.31,0.0,696.0,244.0,87.3,353.0,5.5,6,76-85in,China,Analogue/Digital
SAMSUNG,QA65LST7DAW,LCD (LED),65,1.148,260.0,0.5,0.0,952.0,333.0,226.5,829.0,1.5,2,56-65in,Mexico,Digital
SAMSUNG,QA65LST7DAS,LCD (LED),65,1.148,260.0,0.5,0.0,952.0,333.0,226.5,829.0,1.5,2,56-65in,Mexico,Digital
SAMSUNG,QA65LST7DA*,LCD (LED),65,1.148,260.0,0.5,0.0,952.0,333.0,226.5,829.0,1.5,2,56-65in,Mexico,Digital
SAMSUNG,QA75LST7DAW,LCD (LED),75,1.532,322.0,0.5,0.0,1178.0,412.0,210.2,769.0,2.0,2,66-75in,Mexico,Digital
SAMSUNG,QA75LST7DAS,LCD (LED),75,1.532,322.0,0.5,0.0,1178.0,412.0,210.2,769.0,2.0,2,66-75in,Mexico,Digital
SAMSUNG,QA75LST7DA*,LCD (LED),75,1.532,322.0,0.5,0.0,1178.0,412.0,210.2,769.0,2.0,2,66-75in,Mexico,Digital
WINTAL,19LED19HD,LCD (LED),19,0.094,19.4,,,72.0,25.0,206.4,766.0,4.0,4,32in & under,China,Analogue/Digital
AIWA,AWC320G,LCD (LED),32,0.274,28.6,0.4,0.0,116.0,41.0,104.4,423.0,5.5,6,32in & under,China,Analogue/Digital
KOGAN,KAOD55X98JSTA,OLED,55,0.823,88.3,0.35,0.0,378.0,132.0,107.3,459.0,4.5,4,51-55in,China,Analogue/Digital
KOGAN,KAOD55X98JSTB,OLED,55,0.823,88.3,0.35,0.0,378.0,132.0,107.3,459.0,4.5,4,51-55in,China,Analogue/Digital
KOGAN,KAOD55X98JSTC,OLED,55,0.823,88.3,0.35,0.0,378.0,132.0,107.3,459.0,4.5,4,51-55in,China,Analogue/Digital
KOGAN,KAOD55X98JSTD,OLED,55,0.823,88.3,0.35,0.0,378.0,132.0,107.3,459.0,4.5,4,51-55in,China,Analogue/Digital
KOGAN,KAOD55X98JSTE,OLED,55,0.823,88.3,0.35,0.0,378.0,132.0,107.3,459.0,4.5,4,51-55in,China,Analogue/Digital
KOGAN,KAOD55X98JST*,OLED,55,0.823,88.3,0.35,0.0,378.0,132.0,107.3,459.0,4.5,4,51-55in,China,Analogue/Digital
SYLVOX,KT16K0KOGA,LCD (LED),16,0.067,14.7,,,56.0,20.0,219.4,836.0,4.5,4,32in & under,China,Analogue/Digital
TCL,85C745 Pro,LCD (LED),85,1.971,160.8,0.381,0.0,750.0,262.0,81.6,381.0,5.0,5,76-85in,China,Analogue/Digital
KOGAN,KALED19PRIZE,LCD,19,0.094,15.8718,0.234284,0.235448,62.0,22.0,168.8,660.0,5.0,5,32in & under,China,Analogue/Digital
HISENSE,43Q6N series,LCD (LED),42,0.498,55.02,0.24,0.0,229.0,80.0,110.5,460.0,4.5,4,33-43in,China,Analogue/Digital
HISENSE,50Q6N series,LCD (LED),50,0.675,55.49,0.34,0.0,227.0,79.0,82.2,336.0,6.0,6,44-50in,China,Analogue/Digital
HISENSE,65Q6N series,LCD (LED),65,1.148,90.42,0.3,0.0,369.0,129.0,78.8,321.0,6.0,6,56-65in,China,Analogue/Digital
HISENSE,75Q6N series,LCD (LED),75,1.532,120.56,0.26,0.0,489.0,171.0,78.7,319.0,6.0,6,66-75in,China,Analogue/Digital
HISENSE,85Q6N series,LCD (LED),85,1.971,172.13,0.31,0.0,696.0,244.0,87.3,353.0,5.5,6,76-85in,China,Analogue/Digital
TOSHIBA,55Z870NP,LCD (LED),55,0.823,106.46,0.31,0.0,426.0,149.0,129.4,518.0,4.0,4,51-55in,China,Analogue/Digital
TOSHIBA,65Z870NP,LCD (LED),65,1.148,157.4,0.33,0.0,639.0,224.0,137.1,557.0,3.5,4,56-65in,China,Analogue/Digital
TOSHIBA,75Z870NP,LCD (LED),75,1.532,169.46,0.3,0.0,683.0,239.0,110.6,446.0,4.5,4,66-75in,China,Analogue/Digital
TOSHIBA,85Z870NP,LCD (LED),85,1.971,236.68,0.32,0.0,969.0,339.0,120.1,492.0,4.0,4,76-85in,China,Analogue/Digital
TOSHIBA,100Z670NP,LCD (LED),100,2.73,264.81,0.31,0.0,1070.0,374.0,97.0,392.0,5.0,5,86in+,China,Analogue/Digital
BAUHN,ATV70UHDW-0624,LCD (LED),70,1.332,109.038,,,400.0,140.0,81.9,300.0,6.0,6,66-75in,China,Analogue/Digital
HISENSE,55Q6N series,LCD (LED),55,0.823,59.97,0.26,0.0,239.0,84.0,72.9,290.0,6.0,6,51-55in,China,Analogue/Digital
BLAUPUNKT,BP850WOSQ,LCD,85,1.971,257.2,0.36,0.0,980.0,343.0,130.5,497.0,3.5,4,76-85in,China,Digital
KOGAN,KALED55U94VA,LCD (LED),55,0.822,73.6,,,375.0,131.0,89.5,456.0,4.5,4,51-55in,China,Digital
KOGAN,KALED55U94VB,LCD (LED),55,0.822,73.6,,,375.0,131.0,89.5,456.0,4.5,4,51-55in,China,Digital
KOGAN,KALED55U94VC,LCD (LED),55,0.822,73.6,,,375.0,131.0,89.5,456.0,4.5,4,51-55in,China,Digital
KOGAN,KALED55U94V Series,LCD (LED),55,0.822,73.6,,,375.0,131.0,89.5,456.0,4.5,4,51-55in,China,Digital
SVISION,SVU50WOS,LCD,50,0.675,85.767,,,315.0,110.0,127.1,467.0,4.5,4,44-50in,China,Analogue/Digital
BLAUPUNKT,BP85WOS2,LCD (LED),85,1.97,197.27,0.3,0.0,722.0,253.0,100.1,366.0,5.0,5,76-85in,China,Analogue/Digital
KOGAN,KALED55T96QA,LCD (LED),55,0.823,115.0,,,425.0,149.0,139.7,516.0,4.0,4,51-55in,"China,Vietnam",Digital
KOGAN,KALED55T96QB,LCD (LED),55,0.823,115.0,,,425.0,149.0,139.7,516.0,4.0,4,51-55in,"China,Vietnam",Digital
KOGAN,KALED55T96QC,LCD (LED),55,0.823,115.0,,,425.0,149.0,139.7,516.0,4.0,4,51-55in,"China,Vietnam",Digital
KOGAN,KAQL55T96QA,LCD (LED),55,0.823,115.0,,,425.0,149.0,139.7,516.0,4.0,4,51-55in,"China,Vietnam",Digital
KOGAN,KAQL55T96QB,LCD (LED),55,0.823,115.0,,,425.0,149.0,139.7,516.0,4.0,4,51-55in,"China,Vietnam",Digital
KOGAN,KAQL55T96QC,LCD (LED),55,0.823,115.0,,,425.0,149.0,139.7,516.0,4.0,4,51-55in,"China,Vietnam",Digital
KOGAN,KALED32T96QA,LCD (LED),32,0.274,35.2,,,145.0,51.0,128.5,529.0,4.5,4,32in & under,"China,Vietnam",Digital
KOGAN,KALED32T96QB,LCD (LED),32,0.274,35.2,,,145.0,51.0,128.5,529.0,4.5,4,32in & under,"China,Vietnam",Digital
KOGAN,KALED32T96QC,LCD (LED),32,0.274,35.2,,,145.0,51.0,128.5,529.0,4.5,4,32in & under,"China,Vietnam",Digital
KOGAN,KALED32T96QD,LCD (LED),32,0.274,35.2,,,145.0,51.0,128.5,529.0,4.5,4,32in & under,"China,Vietnam",Digital
KOGAN,KALED50T96QA,LCD (LED),50,0.675,99.42,,,395.0,138.0,147.3,585.0,3.5,4,44-50in,"China,Vietnam",Digital
KOGAN,KALED50T96QB,LCD (LED),50,0.675,99.42,,,395.0,138.0,147.3,585.0,3.5,4,44-50in,"China,Vietnam",Digital
KOGAN,KALED50T96QC,LCD (LED),50,0.675,99.42,,,395.0,138.0,147.3,585.0,3.5,4,44-50in,"China,Vietnam",Digital
KOGAN,KAQL50T96QA,LCD (LED),50,0.675,99.42,,,395.0,138.0,147.3,585.0,3.5,4,44-50in,"China,Vietnam",Digital
KOGAN,KAQL50T96QB,LCD (LED),50,0.675,99.42,,,395.0,138.0,147.3,585.0,3.5,4,44-50in,"China,Vietnam",Digital
KOGAN,KAQL50T96QC,LCD (LED),50,0.675,99.42,,,395.0,138.0,147.3,585.0,3.5,4,44-50in,"China,Vietnam",Digital
KOGAN,KALED65T96QA,LCD (LED),65,1.148,147.44,,,580.0,203.0,128.4,505.0,4.0,4,56-65in,"China,Vietnam",Digital
KOGAN,KALED65T96QB,LCD (LED),65,1.148,147.44,,,580.0,203.0,128.4,505.0,4.0,4,56-65in,"China,Vietnam",Digital
KOGAN,KALED65T96QC,LCD (LED),65,1.148,147.44,,,580.0,203.0,128.4,505.0,4.0,4,56-65in,"China,Vietnam",Digital
KOGAN,KAQL65T96QA,LCD (LED),65,1.148,147.44,,,580.0,203.0,128.4,505.0,4.0,4,56-65in,"China,Vietnam",Digital
KOGAN,KAQL65T96QB,LCD (LED),65,1.148,147.44,,,580.0,203.0,128.4,505.0,4.0,4,56-65in,"China,Vietnam",Digital
KOGAN,KAQL65T96QC,LCD (LED),65,1.148,147.44,,,580.0,203.0,128.4,505.0,4.0,4,56-65in,"China,Vietnam",Digital
KOGAN,KALED75T96QA,LCD (LED),75,1.532,180.0,,,680.0,238.0,117.5,444.0,4.5,4,66-75in,"China,Vietnam",Digital
KOGAN,KALED75T96QB,LCD (LED),75,1.532,180.0,,,680.0,238.0,117.5,444.0,4.5,4,66-75in,"China,Vietnam",Digital
KOGAN,KALED75T96QC,LCD (LED),75,1.532,180.0,,,680.0,238.0,117.5,444.0,4.5,4,66-75in,"China,Vietnam",Digital
KOGAN,KAQL75T96QA,LCD (LED),75,1.532,180.0,,,680.0,238.0,117.5,444.0,4.5,4,66-75in,"China,Vietnam",Digital
KOGAN,KAQL75T96QB,LCD (LED),75,1.532,180.0,,,680.0,238.0,117.5,444.0,4.5,4,66-75in,"China,Vietnam",Digital
KOGAN,KAQL75T96QC,LCD (LED),75,1.532,180.0,,,680.0,238.0,117.5,444.0,4.5,4,66-75in,"China,Vietnam",Digital
KOGAN,KALED42T96QA,LCD (LED),41,0.466,54.39,,,205.0,72.0,116.7,440.0,5.0,5,33-43in,"China,Vietnam",Digital
KOGAN,KALED42T96QB,LCD (LED),41,0.466,54.39,,,205.0,72.0,116.7,440.0,5.0,5,33-43in,"China,Vietnam",Digital
KOGAN,KALED42T96QC,LCD (LED),41,0.466,54.39,,,205.0,72.0,116.7,440.0,5.0,5,33-43in,"China,Vietnam",Digital
KOGAN,KALED42T96QD,LCD (LED),41,0.466,54.39,,,205.0,72.0,116.7,440.0,5.0,5,33-43in,"China,Vietnam",Digital
EKO,K65USTW,LCD,65,1.148,126.1,0.42,0.0,463.0,162.0,109.8,403.0,5.0,5,56-65in,China,Analogue/Digital
KOGAN,KAOD65X98JSTA,OLED,65,1.148,112.7,0.35,0.35,459.0,161.0,98.2,400.0,5.0,5,56-65in,China,Analogue/Digital
KOGAN,KAOD65X98JSTB,OLED,65,1.148,112.7,0.35,0.35,459.0,161.0,98.2,400.0,5.0,5,56-65in,China,Analogue/Digital
KOGAN,KAOD65X98JSTC,OLED,65,1.148,112.7,0.35,0.35,459.0,161.0,98.2,400.0,5.0,5,56-65in,China,Analogue/Digital
KOGAN,KAOD65X98JSTD,OLED,65,1.148,112.7,0.35,0.35,459.0,161.0,98.2,400.0,5.0,5,56-65in,China,Analogue/Digital
KOGAN,KAOD65X98JSTE,OLED,65,1.148,112.7,0.35,0.35,459.0,161.0,98.2,400.0,5.0,5,56-65in,China,Analogue/Digital
KOGAN,KAOD65X98JST*,OLED,65,1.148,112.7,0.35,0.35,459.0,161.0,98.2,400.0,5.0,5,56-65in,China,Analogue/Digital
EKO,K55USTW,LCD,55,0.823,115.9,0.44,0.0,426.0,149.0,140.8,518.0,4.0,4,51-55in,China,Analogue/Digital
KOGAN,KALED32T96Q*,LCD (LED),32,0.274,35.2,,,145.0,51.0,128.5,529.0,4.5,4,32in & under,"China,Vietnam",Digital
KOGAN,KALED42T96Q*,LCD (LED),41,0.466,54.39,,,205.0,72.0,116.7,440.0,5.0,5,33-43in,"China,Vietnam",Digital
JVC,LT-55N7115A11E,LCD (LED),55,0.822,60.9,0.4,0.0,247.0,86.0,74.1,300.0,6.0,6,51-55in,China,
CHIQ,U98F8TG PRO,LCD (LED),98,2.621,299.4,0.4,0.0,1233.0,432.0,114.2,470.0,4.0,4,86in+,China,Analogue/Digital
LOEWE,BILD S.77,OLED,77,1.62,220.0,0.42,77.0,833.0,292.0,135.8,514.0,3.5,4,76-85in,Germany,Analogue/Digital
LG,75UT80506LA,LCD (LED),75,1.531,165.0,0.4,0.0,605.0,212.0,107.8,395.0,5.0,5,66-75in,"Indonesia,South Korea",Analogue/Digital
LINSAR,LS24HDNF-12V,LCD,24,0.153,15.1,0.2,0.0,66.0,23.0,98.7,431.0,6.0,6,32in & under,China,
BAUHN,ATV75UHDW-0924,LCD,75,1.532,133.54,,,490.0,172.0,87.2,320.0,6.0,6,66-75in,China,Analogue/Digital
KOGAN,KAQL55XQ98GSTA,LCD (LED),55,0.823,92.8,0.3,0.0,378.0,132.0,112.8,459.0,4.5,4,51-55in,China,Analogue/Digital
KOGAN,KAQL55XQ98GSTB,LCD (LED),55,0.823,92.8,0.3,0.0,378.0,132.0,112.8,459.0,4.5,4,51-55in,China,Analogue/Digital
KOGAN,KAQL55XQ98GSTC,LCD (LED),55,0.823,92.8,0.3,0.0,378.0,132.0,112.8,459.0,4.5,4,51-55in,China,Analogue/Digital
KOGAN,KAQL55XQ98GSTD,LCD (LED),55,0.823,92.8,0.3,0.0,378.0,132.0,112.8,459.0,4.5,4,51-55in,China,Analogue/Digital
KOGAN,KAQL55XQ98GSTE,LCD (LED),55,0.823,92.8,0.3,0.0,378.0,132.0,112.8,459.0,4.5,4,51-55in,China,Analogue/Digital
KOGAN,KAQL55XQ98GST*,LCD (LED),55,0.823,92.8,0.3,0.0,378.0,132.0,112.8,459.0,4.5,4,51-55in,China,Analogue/Digital
KOGAN,75T96 series,LCD (LED),75,1.532,180.0,,,680.0,238.0,117.5,444.0,4.5,4,66-75in,"China,Vietnam",Digital
AIWA,AWS400W,LCD (LED),40,0.426,48.76,0.35,0.46,198.0,69.0,114.5,465.0,4.5,4,33-43in,China,Analogue/Digital
HISENSE,32A4NAU,LCD (LED),32,0.274,22.8,0.31,0.0,93.0,33.0,83.2,339.0,6.0,6,32in & under,China,Analogue/Digital
HISENSE,40A4NAU,LCD (LED),40,0.426,29.07,0.28,0.0,121.0,42.0,68.2,284.0,7.0,7,33-43in,China,Analogue/Digital
HISENSE,32A4NNZ,LCD (LED),32,0.274,22.8,0.31,0.0,93.0,33.0,83.2,339.0,6.0,6,32in & under,China,Analogue/Digital
HISENSE,32A4N,LCD (LED),32,0.274,22.8,0.31,0.0,93.0,33.0,83.2,339.0,6.0,6,32in & under,China,Analogue/Digital
HISENSE,40A4NNZ,LCD (LED),40,0.426,29.07,0.28,0.0,121.0,42.0,68.2,284.0,7.0,7,33-43in,China,Analogue/Digital
HISENSE,40A4N,LCD (LED),40,0.426,29.07,0.28,0.0,121.0,42.0,68.2,284.0,7.0,7,33-43in,China,Analogue/Digital
HISENSE,100Q7NAU,LCD (LED),100,2.73,252.1,0.33,0.0,999.0,350.0,92.3,366.0,5.0,5,86in+,China,Analogue/Digital
HISENSE,75U8NAU,LCD (LED),75,1.532,177.17,0.31,0.0,720.0,252.0,115.6,470.0,4.0,4,66-75in,China,Analogue/Digital
HISENSE,85U8NAU,LCD (LED),85,1.971,262.49,0.31,0.0,1079.0,378.0,133.2,547.0,3.5,4,76-85in,China,Analogue/Digital
HISENSE,65UXAU,LCD (LED),65,1.148,137.97,0.38,0.0,569.0,199.0,120.2,496.0,4.0,4,56-65in,China,Analogue/Digital
BROOKLYN,BM32WOSDVD,LCD (LED),32,0.274,33.5,0.36,0.0,125.0,44.0,122.3,456.0,5.0,5,32in & under,China,Analogue/Digital
SAMSUNG,UA43DUE800W,LCD (LED),43,0.498,71.0,0.5,0.0,262.0,92.0,142.6,526.0,4.0,4,33-43in,Vietnam,Digital
SAMSUNG,UA43DUE800S,LCD (LED),43,0.498,71.0,0.5,0.0,262.0,92.0,142.6,526.0,4.0,4,33-43in,Vietnam,Digital
SAMSUNG,UA43DUE800*,LCD (LED),43,0.498,71.0,0.5,0.0,262.0,92.0,142.6,526.0,4.0,4,33-43in,Vietnam,Digital
SAMSUNG,UA50DUE800W,LCD (LED),49,0.675,83.0,0.5,0.0,306.0,107.0,123.0,453.0,4.5,4,44-50in,Vietnam,Digital
SAMSUNG,UA50DUE800S,LCD (LED),49,0.675,83.0,0.5,0.0,306.0,107.0,123.0,453.0,4.5,4,44-50in,Vietnam,Digital
SAMSUNG,UA50DUE800*,LCD (LED),49,0.675,83.0,0.5,0.0,306.0,107.0,123.0,453.0,4.5,4,44-50in,Vietnam,Digital
SAMSUNG,UA55DUE800W,LCD (LED),55,0.823,97.0,0.5,0.0,357.0,125.0,117.9,434.0,4.5,4,51-55in,Vietnam,Digital
SAMSUNG,UA55DUE800S,LCD (LED),55,0.823,97.0,0.5,0.0,357.0,125.0,117.9,434.0,4.5,4,51-55in,Vietnam,Digital
SAMSUNG,UA55DUE800*,LCD (LED),55,0.823,97.0,0.5,0.0,357.0,125.0,117.9,434.0,4.5,4,51-55in,Vietnam,Digital
SAMSUNG,UA65DUE800W,LCD (LED),65,1.148,122.0,0.5,0.0,448.0,157.0,106.3,390.0,5.0,5,56-65in,Vietnam,Digital
SAMSUNG,UA65DUE800S,LCD (LED),65,1.148,122.0,0.5,0.0,448.0,157.0,106.3,390.0,5.0,5,56-65in,Vietnam,Digital
SAMSUNG,UA65DUE800*,LCD (LED),65,1.148,122.0,0.5,0.0,448.0,157.0,106.3,390.0,5.0,5,56-65in,Vietnam,Digital
SAMSUNG,UA75DUE800W,LCD (LED),75,1.532,163.0,0.5,0.0,598.0,209.0,106.4,390.0,5.0,5,66-75in,Vietnam,Digital
SAMSUNG,UA85DUE800W,LCD (LED),85,1.971,195.0,0.5,0.0,715.0,250.0,98.9,363.0,5.0,5,76-85in,Vietnam,Digital
AIWA,AWS700W,LCD (LED),70,1.332,140.89,0.28,0.5,576.0,202.0,105.8,432.0,4.5,4,66-75in,China,Analogue/Digital
KOGAN,KAQL85T96QA,LCD (LED),85,1.971,280.55,,,1090.0,382.0,142.3,553.0,3.5,4,76-85in,"China,Vietnam",Digital
KOGAN,KAQL85T96QB,LCD (LED),85,1.971,280.55,,,1090.0,382.0,142.3,553.0,3.5,4,76-85in,"China,Vietnam",Digital
KOGAN,KAQL85T96QC,LCD (LED),85,1.971,280.55,,,1090.0,382.0,142.3,553.0,3.5,4,76-85in,"China,Vietnam",Digital
KOGAN,KAQL85T96QD,LCD (LED),85,1.971,280.55,,,1090.0,382.0,142.3,553.0,3.5,4,76-85in,"China,Vietnam",Digital
KOGAN,**********85**********,LCD (LED),85,1.971,280.55,,,1090.0,382.0,142.3,553.0,3.5,4,76-85in,"China,Vietnam",Digital
LG,43UT801C0LA,LCD (LED),43,0.498,73.0,0.4,0.0,269.0,94.0,146.6,540.0,4.0,4,33-43in,"Indonesia,South Korea",Analogue/Digital
LG,43UT801C0SB,LCD (LED),43,0.498,70.0,0.4,0.0,258.0,90.0,140.6,518.0,4.0,4,33-43in,"Indonesia,South Korea",Analogue/Digital
LG,50UT801C0LA,LCD (LED),49,0.675,83.0,0.4,0.0,305.0,107.0,123.0,452.0,4.5,4,44-50in,"Indonesia,South Korea",Analogue/Digital
LG,50UT801C0SB,LCD (LED),49,0.675,83.0,0.4,0.0,305.0,107.0,123.0,452.0,4.5,4,44-50in,"Indonesia,South Korea",Analogue/Digital
LG,55UT801C0LA,LCD (LED),55,0.823,97.0,0.4,0.0,357.0,125.0,117.9,434.0,4.5,4,51-55in,"Indonesia,South Korea",Analogue/Digital
LG,55UT801C0SB,LCD (LED),55,0.823,97.0,0.4,0.0,357.0,125.0,117.9,434.0,4.5,4,51-55in,"Indonesia,South Korea",Analogue/Digital
LG,65UT801C0LA,LCD (LED),65,1.148,120.0,0.4,0.0,441.0,154.0,104.5,384.0,5.0,5,56-65in,"Indonesia,South Korea",Analogue/Digital
LG,65UT801C0SB,LCD (LED),65,1.148,120.0,0.4,0.0,441.0,154.0,104.5,384.0,5.0,5,56-65in,"Indonesia,South Korea",Analogue/Digital
LG,75UT801C0SB,LCD (LED),75,1.531,165.0,0.4,0.0,605.0,212.0,107.8,395.0,5.0,5,66-75in,"Indonesia,South Korea",Analogue/Digital
LG,75UT811C0LA,LCD (LED),75,1.531,165.0,0.4,0.0,605.0,212.0,107.8,395.0,5.0,5,66-75in,"Indonesia,South Korea",Analogue/Digital
LG,86UT801C0SB,LCD (LED),86,2.02,212.0,0.4,0.0,776.0,272.0,105.0,384.0,5.0,5,86in+,"Indonesia,South Korea",Analogue/Digital
LG,86UT811C0LA,LCD (LED),86,2.02,212.0,0.4,0.0,776.0,272.0,105.0,384.0,5.0,5,86in+,"Indonesia,South Korea",Analogue/Digital
EKO,K75USWW,LCD,75,1.532,162.1,,,600.0,210.0,105.8,392.0,5.0,5,66-75in,China,Analogue/Digital
AIWA,AWS500G,OLED,50,0.675,64.6,0.35,0.0,276.0,97.0,95.7,409.0,5.0,5,44-50in,China,Analogue/Digital
EKO,K550UAT,LCD,55,0.823,110.12,0.4,0.0,404.0,141.0,133.8,491.0,4.0,4,51-55in,China,Analogue/Digital
EKO,K550UATW,LCD,55,0.823,110.12,0.4,0.0,404.0,141.0,133.8,491.0,4.0,4,51-55in,China,Analogue/Digital
KOGAN,KALED100T96QA,LCD (LED),100,2.73,379.07,,,1497.0,524.0,138.9,548.0,3.5,4,86in+,"China,Vietnam",Digital
KOGAN,KALED100T96QB,LCD (LED),100,2.73,379.07,,,1497.0,524.0,138.9,548.0,3.5,4,86in+,"China,Vietnam",Digital
KOGAN,KALED100T96QC,LCD (LED),100,2.73,379.07,,,1497.0,524.0,138.9,548.0,3.5,4,86in+,"China,Vietnam",Digital
KOGAN,KAQL100T96QA,LCD (LED),100,2.73,379.07,,,1497.0,524.0,138.9,548.0,3.5,4,86in+,"China,Vietnam",Digital
KOGAN,KAQL100T96QB,LCD (LED),100,2.73,379.07,,,1497.0,524.0,138.9,548.0,3.5,4,86in+,"China,Vietnam",Digital
KOGAN,KAQL100T96QC,LCD (LED),100,2.73,379.07,,,1497.0,524.0,138.9,548.0,3.5,4,86in+,"China,Vietnam",Digital
KOGAN,**********100**********,LCD (LED),100,2.73,379.07,,,1497.0,524.0,138.9,548.0,3.5,4,86in+,"China,Vietnam",Digital
KOGAN,KAQL70T96QA,LCD (LED),70,1.338,138.82,,,538.0,188.0,103.8,402.0,5.0,5,66-75in,"China,Vietnam",Digital
KOGAN,KAQL70T96QB,LCD (LED),70,1.338,138.82,,,538.0,188.0,103.8,402.0,5.0,5,66-75in,"China,Vietnam",Digital
KOGAN,KAQL70T96QC,LCD (LED),70,1.338,138.82,,,538.0,188.0,103.8,402.0,5.0,5,66-75in,"China,Vietnam",Digital
KOGAN,KAQL70T96QD,LCD (LED),70,1.338,138.82,,,538.0,188.0,103.8,402.0,5.0,5,66-75in,"China,Vietnam",Digital
KOGAN,**********70**********,LCD (LED),70,1.338,138.82,,,538.0,188.0,103.8,402.0,5.0,5,66-75in,"China,Vietnam",Digital
TCL,85C655,LCD (LED),85,1.971,191.0,0.378,0.0,840.0,294.0,96.9,426.0,4.5,4,76-85in,China,Analogue/Digital
HISENSE,70A6NNZ,LCD (LED),70,1.338,103.99,0.35,0.0,430.0,150.0,77.7,321.0,6.0,6,66-75in,China,Analogue/Digital
HISENSE,70A6NAU,LCD (LED),70,1.338,103.99,0.35,0.0,430.0,150.0,77.7,321.0,6.0,6,66-75in,China,Analogue/Digital
HISENSE,70A6N Series,LCD (LED),70,1.338,103.99,0.35,0.0,430.0,150.0,77.7,321.0,6.0,6,66-75in,China,Analogue/Digital
TOSHIBA,32V35NP,LCD (LED),32,0.274,24.17,0.27,0.0,97.0,34.0,88.2,354.0,6.0,6,32in & under,China,Analogue/Digital
TOSHIBA,43V35NP,LCD (LED),43,0.498,33.62,0.27,0.0,137.0,48.0,67.5,275.0,7.0,7,33-43in,China,Analogue/Digital
HISENSE,65U8NAU,LCD (LED),65,1.148,151.8,0.35,0.0,639.0,224.0,132.2,557.0,3.5,4,56-65in,China,Analogue/Digital
HISENSE,65U8NNZ,LCD (LED),65,1.148,151.8,0.35,0.0,639.0,224.0,132.2,557.0,3.5,4,56-65in,China,Analogue/Digital
HISENSE,65U8N Series,LCD (LED),65,1.148,151.8,0.35,0.0,639.0,224.0,132.2,557.0,3.5,4,56-65in,China,Analogue/Digital
JVC,AV-J193152A,LCD,19,0.094,19.4,0.3,0.0,73.0,26.0,206.4,777.0,4.0,4,32in & under,China,Analogue/Digital
JVC,AV-J193155A,LCD,19,0.094,19.4,0.3,0.0,73.0,26.0,206.4,777.0,4.0,4,32in & under,China,Analogue/Digital
JVC,"19"" smart",LCD,19,0.094,19.4,0.3,0.0,73.0,26.0,206.4,777.0,4.0,4,32in & under,China,Analogue/Digital
LG,43UM662H4LC,LCD (LED),43,0.498,36.0,0.4,0.0,134.0,47.0,72.3,269.0,7.0,7,33-43in,"Indonesia,South Korea",Analogue/Digital
LG,50UM662H4LC,LCD (LED),49,0.675,40.0,0.4,0.0,149.0,52.0,59.3,221.0,7.0,7,44-50in,"Indonesia,South Korea",Analogue/Digital
LG,55UM662H4LC,LCD (LED),55,0.823,49.0,0.4,0.0,181.0,63.0,59.5,220.0,7.0,7,51-55in,"Indonesia,South Korea",Analogue/Digital
LG,65UM662H4LC,LCD (LED),65,1.148,56.0,0.4,0.0,207.0,72.0,48.8,180.0,8.0,8,56-65in,"Indonesia,South Korea",Analogue/Digital
TCL,85A300W,LCD (LED),85,1.971,143.6,0.233,0.0,600.0,210.0,72.9,304.0,6.0,6,76-85in,China,Analogue/Digital
TCL,75A300W,LCD (LED),75,1.531,115.4,0.301,0.0,500.0,175.0,75.4,327.0,5.5,6,66-75in,China,Analogue/Digital
TCL,65A300W,LCD (LED),64,1.147,103.5,0.254,0.0,425.0,149.0,90.2,371.0,5.0,5,56-65in,China,Analogue/Digital
TCL,55A300W,LCD (LED),55,0.822,90.7,0.249,0.0,372.0,130.0,110.3,453.0,4.5,4,51-55in,China,Analogue/Digital
LG,98UT9050PSA,LCD (LED),98,2.622,354.9,0.39,0.4,1434.0,502.0,135.4,547.0,3.5,4,86in+,China,Analogue/Digital
LG,98UT91006LA,LCD (LED),98,2.622,354.9,0.39,0.4,1434.0,502.0,135.4,547.0,3.5,4,86in+,China,Analogue/Digital
LG,98UT90006LA,LCD (LED),98,2.622,354.9,0.39,0.4,1434.0,502.0,135.4,547.0,3.5,4,86in+,China,Analogue/Digital
LG,98UT9000PUA,LCD (LED),98,2.622,354.9,0.39,0.4,1434.0,502.0,135.4,547.0,3.5,4,86in+,China,Analogue/Digital
LG,98UT9300KNA,LCD (LED),98,2.622,354.9,0.39,0.4,1434.0,502.0,135.4,547.0,3.5,4,86in+,China,Analogue/Digital
LG,98UT9######,LCD (LED),98,2.622,354.9,0.39,0.4,1434.0,502.0,135.4,547.0,3.5,4,86in+,China,Analogue/Digital
AIWA,AWC240WZ,LCD (LED),24,0.153,26.3,,,105.0,37.0,171.9,686.0,4.0,4,32in & under,China,Digital
AIWA,AWC320WZ,LCD (LED),31,0.273,38.6,,,145.0,51.0,141.4,531.0,4.5,4,32in & under,China,Digital
KOGAN,KAQL75XQ98GSVA,LCD (LED),75,1.531,159.6,,,643.0,225.0,104.2,420.0,4.5,4,66-75in,China,Digital
KOGAN,KAQL75XQ98GSVB,LCD (LED),75,1.531,159.6,,,643.0,225.0,104.2,420.0,4.5,4,66-75in,China,Digital
KOGAN,KAQL75XQ98GSVC,LCD (LED),75,1.531,159.6,,,643.0,225.0,104.2,420.0,4.5,4,66-75in,China,Digital
QBELL,QT70WX8A,LCD (LED),70,1.338,128.9,0.39,0.44,550.0,192.0,96.3,411.0,4.5,4,66-75in,China,Analogue/Digital
SPHERE,S924TVSB,LCD (LED),24,0.156,19.64,0.39,0.39,74.0,26.0,125.9,474.0,5.5,6,32in & under,China,Digital
SPHERE,S924TVDVDSB,LCD (LED),24,0.156,19.64,0.39,0.39,74.0,26.0,125.9,474.0,5.5,6,32in & under,China,Digital
SPHERE,S927TVSB,LCD (LED),27,0.201,24.6,0.3,0.3,92.0,32.0,122.4,458.0,5.5,6,32in & under,China,Digital
SPHERE,S927TVDVDSB,LCD (LED),27,0.201,24.6,0.3,0.3,92.0,32.0,122.4,458.0,5.5,6,32in & under,China,Digital
SPHERE,S924,LCD (LED),24,0.156,19.64,0.39,0.39,74.0,26.0,125.9,474.0,5.5,6,32in & under,China,Digital
SPHERE,S927,LCD (LED),27,0.201,24.6,0.3,0.3,92.0,32.0,122.4,458.0,5.5,6,32in & under,China,Digital
KOGAN,KAQL75XQ98GSVA series,LCD (LED),75,1.531,159.6,,,643.0,225.0,104.2,420.0,4.5,4,66-75in,China,Digital
KOGAN,KAQL85XQ98GSVA,LCD (LED),85,1.971,226.38,,,868.0,304.0,114.9,440.0,4.5,4,76-85in,China,Digital
KOGAN,KAQL85XQ98GSVB,LCD (LED),85,1.971,226.38,,,868.0,304.0,114.9,440.0,4.5,4,76-85in,China,Digital
KOGAN,KAQL85XQ98GSVC,LCD (LED),85,1.971,226.38,,,868.0,304.0,114.9,440.0,4.5,4,76-85in,China,Digital
KOGAN,KAQL85XQ98GS series,LCD (LED),85,1.971,226.38,,,868.0,304.0,114.9,440.0,4.5,4,76-85in,China,Digital
KOGAN,KALED32F98VA,LCD (LED),31,0.273,37.86,,,152.0,53.0,138.7,557.0,4.0,4,32in & under,China,Digital
KOGAN,KALED32F98VB,LCD (LED),31,0.273,37.86,,,152.0,53.0,138.7,557.0,4.0,4,32in & under,China,Digital
KOGAN,KALED32F98VC,LCD (LED),31,0.273,37.86,,,152.0,53.0,138.7,557.0,4.0,4,32in & under,China,Digital
KOGAN,KALED32F98 series,LCD (LED),31,0.273,37.86,,,152.0,53.0,138.7,557.0,4.0,4,32in & under,China,Digital
TECO,LED32IHRK,LCD (LED),31,0.273,35.6,0.32,0.0,140.0,49.0,130.4,513.0,4.5,4,32in & under,China,Analogue/Digital
HYUNDAI,H50UHDQLDZEN,LCD (LED),50,0.675,61.524,,,227.0,79.0,91.1,336.0,6.0,6,44-50in,China,Analogue/Digital
HYUNDAI,H55UHDQLDZEN,LCD (LED),55,0.823,72.83,,,268.0,94.0,88.5,326.0,6.0,6,51-55in,China,Analogue/Digital
HYUNDAI,H65UHDQLDZEN,LCD (LED),65,1.172,101.54,,,373.0,131.0,86.6,318.0,6.0,6,56-65in,China,Analogue/Digital
HYUNDAI,H75UHDQLDZEN,LCD (LED),75,1.532,130.146,,,477.0,167.0,85.0,311.0,6.0,6,66-75in,China,Analogue/Digital
ALTIUS,AT32HDW2-BCF,LCD (LED),32,0.274,27.036,,,102.0,36.0,98.7,372.0,6.0,6,32in & under,China,Analogue/Digital
AIWA,AWS420W,LCD (LED),42,0.468,51.78,0.39,0.5,210.0,74.0,110.6,449.0,4.5,4,33-43in,China,Analogue/Digital
KOGAN,KAQL86T96QA,LCD (LED),86,2.02,298.5,,,1117.0,391.0,147.8,553.0,3.5,4,86in+,"China,Vietnam",Digital
KOGAN,KAQL86T96QB,LCD (LED),86,2.02,298.5,,,1117.0,391.0,147.8,553.0,3.5,4,86in+,"China,Vietnam",Digital
KOGAN,KAQL86T96QC,LCD (LED),86,2.02,298.5,,,1117.0,391.0,147.8,553.0,3.5,4,86in+,"China,Vietnam",Digital
KOGAN,KAQL86T96QD,LCD (LED),86,2.02,298.5,,,1117.0,391.0,147.8,553.0,3.5,4,86in+,"China,Vietnam",Digital
KOGAN,**********86**********,LCD (LED),86,2.02,298.5,,,1117.0,391.0,147.8,553.0,3.5,4,86in+,"China,Vietnam",Digital
BAUHN,ATV43FHDW-1124,LCD,43,0.498,44.2,0.4,0.0,172.0,60.0,88.8,345.0,6.0,6,33-43in,China,Analogue/Digital
EKO,K650UAT,LCD,65,1.148,147.21,0.34,0.0,540.0,189.0,128.2,470.0,4.0,4,56-65in,China,Analogue/Digital
EKO,K650UATW,LCD,65,1.148,147.21,0.34,0.0,540.0,189.0,128.2,470.0,4.0,4,56-65in,China,Analogue/Digital
BAUHN,ATV43FHDW-0125,LCD,43,0.498,44.2,0.4,0.0,172.0,60.0,88.8,345.0,6.0,6,33-43in,China,Analogue/Digital
BAUHN,ATV43FHDW-****,LCD,43,0.498,44.2,0.4,0.0,172.0,60.0,88.8,345.0,6.0,6,33-43in,China,Analogue/Digital
BAUHN,ATV55UHDW-1024,LCD (LED),55,0.823,69.65,0.31,0.0,256.0,90.0,84.6,311.0,6.0,6,51-55in,China,Analogue/Digital
BAUHN,ATV55UHDW-0125,LCD (LED),55,0.823,69.65,0.31,0.0,256.0,90.0,84.6,311.0,6.0,6,51-55in,China,Analogue/Digital
BAUHN,ATV55UHDW-****,LCD (LED),55,0.823,69.65,0.31,0.0,256.0,90.0,84.6,311.0,6.0,6,51-55in,China,Analogue/Digital
HYUNDAI,H55UHDMLDGTV,LCD (LED),55,0.823,92.2,0.4,0.0,379.0,133.0,112.0,461.0,4.5,4,51-55in,China,Analogue/Digital
KOGAN,KALED24D96SQA,LCD (LED),24,0.153,23.98,,,95.0,33.0,156.7,621.0,4.5,4,32in & under,"China,Vietnam",Digital
KOGAN,KALED24D96SQB,LCD (LED),24,0.153,23.98,,,95.0,33.0,156.7,621.0,4.5,4,32in & under,"China,Vietnam",Digital
KOGAN,KALED24D96SQC,LCD (LED),24,0.153,23.98,,,95.0,33.0,156.7,621.0,4.5,4,32in & under,"China,Vietnam",Digital
KOGAN,KALED24D96SQD,LCD (LED),24,0.153,23.98,,,95.0,33.0,156.7,621.0,4.5,4,32in & under,"China,Vietnam",Digital
KOGAN,**********24**********,LCD (LED),24,0.153,23.98,,,95.0,33.0,156.7,621.0,4.5,4,32in & under,"China,Vietnam",Digital
KOGAN,KALED32D96SQA,LCD (LED),32,0.274,31.84,,,131.0,46.0,116.2,478.0,5.0,5,32in & under,"China,Vietnam",Digital
KOGAN,KALED32D96SQB,LCD (LED),32,0.274,31.84,,,131.0,46.0,116.2,478.0,5.0,5,32in & under,"China,Vietnam",Digital
KOGAN,KALED32D96SQC,LCD (LED),32,0.274,31.84,,,131.0,46.0,116.2,478.0,5.0,5,32in & under,"China,Vietnam",Digital
KOGAN,KALED32D96SQD,LCD (LED),32,0.274,31.84,,,131.0,46.0,116.2,478.0,5.0,5,32in & under,"China,Vietnam",Digital
KOGAN,**********32**********,LCD (LED),32,0.274,31.84,,,131.0,46.0,116.2,478.0,5.0,5,32in & under,"China,Vietnam",Digital
JVC,LT-42NQ5155A,LCD,42,0.466,38.2,0.34,0.0,150.0,52.0,82.0,322.0,6.0,6,33-43in,China,
PHILIPS,85BFL2214/97,LCD (LED),85,1.971,114.6,0.46,0.76,463.0,162.0,58.1,235.0,7.0,7,76-85in,China,Analogue/Digital
PHILIPS,32HFL4518/97,LCD (LED),32,0.274,24.9,0.28,0.32,106.0,37.0,90.9,387.0,5.5,6,32in & under,China,Analogue/Digital
PHILIPS,65PUT7129/98,LCD (LED),65,1.148,122.0,,,488.0,171.0,106.3,425.0,4.5,4,56-65in,China,Analogue/Digital
PHILIPS,24HFL4518/97,LCD (LED),24,0.153,16.9,0.29,0.32,69.0,24.0,110.5,451.0,5.5,6,32in & under,China,Analogue/Digital
PHILIPS,55PUT7129/98,LCD (LED),55,0.823,105.0,,,411.0,144.0,127.6,499.0,4.0,4,51-55in,China,Analogue/Digital
KOGAN,KALED65U95TA,LCD (LED),65,1.148,94.14,0.3,0.0,371.0,130.0,82.0,323.0,6.0,6,56-65in,China,Analogue/Digital
KOGAN,KALED65U95TB,LCD (LED),65,1.148,94.14,0.3,0.0,371.0,130.0,82.0,323.0,6.0,6,56-65in,China,Analogue/Digital
KOGAN,KALED65U95TC,LCD (LED),65,1.148,94.14,0.3,0.0,371.0,130.0,82.0,323.0,6.0,6,56-65in,China,Analogue/Digital
KOGAN,KALED65U95TD,LCD (LED),65,1.148,94.14,0.3,0.0,371.0,130.0,82.0,323.0,6.0,6,56-65in,China,Analogue/Digital
KOGAN,KALED65U95TE,LCD (LED),65,1.148,94.14,0.3,0.0,371.0,130.0,82.0,323.0,6.0,6,56-65in,China,Analogue/Digital
KOGAN,KALED65U95T*,LCD (LED),65,1.148,94.14,0.3,0.0,371.0,130.0,82.0,323.0,6.0,6,56-65in,China,Analogue/Digital
PHILIPS,50PUT7129/98,LCD (LED),50,0.675,96.0,,,386.0,135.0,142.2,572.0,3.5,4,44-50in,China,Analogue/Digital
KOGAN,KALED75U95TA,LCD (LED),75,1.532,154.03,0.3,0.0,608.0,213.0,100.5,397.0,5.0,5,66-75in,China,Analogue/Digital
KOGAN,KALED75U95TB,LCD (LED),75,1.532,154.03,0.3,0.0,608.0,213.0,100.5,397.0,5.0,5,66-75in,China,Analogue/Digital
KOGAN,KALED75U95TC,LCD (LED),75,1.532,154.03,0.3,0.0,608.0,213.0,100.5,397.0,5.0,5,66-75in,China,Analogue/Digital
KOGAN,KALED75U95TD,LCD (LED),75,1.532,154.03,0.3,0.0,608.0,213.0,100.5,397.0,5.0,5,66-75in,China,Analogue/Digital
KOGAN,KALED75U95TE,LCD (LED),75,1.532,154.03,0.3,0.0,608.0,213.0,100.5,397.0,5.0,5,66-75in,China,Analogue/Digital
KOGAN,KALED75U95TF,LCD (LED),75,1.532,154.03,0.3,0.0,608.0,213.0,100.5,397.0,5.0,5,66-75in,China,Analogue/Digital
KOGAN,KALED75U95TG,LCD (LED),75,1.532,154.03,0.3,0.0,608.0,213.0,100.5,397.0,5.0,5,66-75in,China,Analogue/Digital
KOGAN,KALED75U95T*,LCD (LED),75,1.532,154.03,0.3,0.0,608.0,213.0,100.5,397.0,5.0,5,66-75in,China,Analogue/Digital
PHILIPS,55PML8969/98,LCD (LED),55,0.823,120.0,,,470.0,164.0,145.8,571.0,3.5,4,51-55in,China,Analogue/Digital
PHILIPS,65PML8969/98,LCD (LED),65,1.148,168.0,,,645.0,226.0,146.3,562.0,3.5,4,56-65in,China,Analogue/Digital
SAMSUNG,BE98D-H,LCD (LED),98,2.621,332.0,0.5,0.0,1215.0,425.0,126.7,464.0,4.0,4,86in+,Vietnam,Digital
BAUHN,ATV70UHDW-1124,LCD,70,1.338,108.294,,,397.0,139.0,80.9,297.0,6.0,6,66-75in,China,Analogue/Digital
PALSONIC,PT6515SU,LCD (LED),65,1.148,105.43,0.3,0.48,439.0,154.0,91.8,382.0,5.0,5,56-65in,China,Analogue/Digital
HYUNDAI,H65UHDMLDGTV,LCD (LED),64,1.147,149.6,0.4,0.0,576.0,202.0,130.4,502.0,4.0,4,56-65in,China,Analogue/Digital
AOA,LTD19FT,LCD (LED),19,0.094,15.3,,,58.0,20.0,162.8,617.0,5.0,5,32in & under,China,Digital
BLAUPUNKT,BP24PTVW,LCD (LED),24,0.156,16.33,1.012,1.32,76.0,27.0,104.7,487.0,5.5,6,32in & under,China,Analogue/Digital
BLAUPUNKT,BP24PTVP,LCD (LED),24,0.156,16.33,1.012,1.32,76.0,27.0,104.7,487.0,5.5,6,32in & under,China,Analogue/Digital
BLAUPUNKT,BP24PTVBL,LCD (LED),24,0.156,16.33,1.012,1.32,76.0,27.0,104.7,487.0,5.5,6,32in & under,China,Analogue/Digital
BLAUPUNKT,BP24PTVG,LCD (LED),24,0.156,16.33,1.012,1.32,76.0,27.0,104.7,487.0,5.5,6,32in & under,China,Analogue/Digital
BLAUPUNKT,"BP24****（*=Blank, 0-9,A-Z,a-z for marketing purpose, no technical difference)",LCD (LED),24,0.156,16.33,1.012,1.32,76.0,27.0,104.7,487.0,5.5,6,32in & under,China,Analogue/Digital
EKO,K700UATW,LCD,70,1.339,153.11,,,561.0,196.0,114.3,419.0,4.5,4,66-75in,China,Analogue/Digital
LINSAR,LS32HDNF-12V,LCD (LED),32,0.274,27.036,,,102.0,36.0,98.7,372.0,6.0,6,32in & under,China,Analogue/Digital
AKAI,AK4324S7WOS,LCD,43,0.498,44.2,0.4,0.0,172.0,60.0,88.8,345.0,6.0,6,33-43in,China,Analogue/Digital
AKAI,AK55324S7WOS,LCD (LED),55,0.823,68.12,0.32,0.0,256.0,90.0,82.8,311.0,6.0,6,51-55in,China,Analogue/Digital
SONIQ,G65UV50A,LCD,65,1.148,92.076,0.38409,0.64009,340.0,119.0,80.2,296.0,6.0,6,56-65in,China,Analogue/Digital
POLAROID,PL7024WOS,LCD,70,1.338,108.294,,,397.0,139.0,80.9,297.0,6.0,6,66-75in,China,Analogue/Digital
AIWA,AWS320DVD,LCD (LED),32,0.274,33.5,0.36,0.0,125.0,44.0,122.3,456.0,5.0,5,32in & under,China,
QBELL,QTH32T,LCD (LED),32,0.274,35.3,,,131.0,46.0,128.8,478.0,5.0,5,32in & under,China,Analogue/Digital
SAMSUNG,UA50TU8000,LCD (LED),49,0.675,91.0,0.5,0.0,335.0,117.0,134.8,496.0,4.0,4,44-50in,Vietnam,Digital
SAMSUNG,UA50TU8000S,LCD (LED),49,0.675,91.0,0.5,0.0,335.0,117.0,134.8,496.0,4.0,4,44-50in,Vietnam,Digital
SAMSUNG,UA50TU8000W,LCD (LED),49,0.675,91.0,0.5,0.0,335.0,117.0,134.8,496.0,4.0,4,44-50in,Vietnam,Digital
SAMSUNG,UA65TU8000,LCD (LED),65,1.148,116.0,0.5,0.0,426.0,149.0,101.0,371.0,5.0,5,56-65in,Vietnam,Digital
SAMSUNG,UA65TU8000S,LCD (LED),65,1.148,116.0,0.5,0.0,426.0,149.0,101.0,371.0,5.0,5,56-65in,Vietnam,Digital
SAMSUNG,UA65TU8000W,LCD (LED),65,1.148,116.0,0.5,0.0,426.0,149.0,101.0,371.0,5.0,5,56-65in,Vietnam,Digital
SAMSUNG,UA55TU8000W,LCD (LED),55,0.823,102.0,0.5,0.0,375.0,131.0,123.9,456.0,4.5,4,51-55in,Vietnam,Digital
SAMSUNG,UA55TU8000S,LCD (LED),55,0.823,102.0,0.5,0.0,375.0,131.0,123.9,456.0,4.5,4,51-55in,Vietnam,Digital
SAMSUNG,UA55TU8000,LCD (LED),55,0.823,102.0,0.5,0.0,375.0,131.0,123.9,456.0,4.5,4,51-55in,Vietnam,Digital
KOGAN,KAQL50R96KA,LCD (LED),50,0.676,56.9,0.373,0.0,250.0,88.0,84.2,370.0,5.5,6,44-50in,China,Analogue/Digital
KOGAN,KAOD77X98JSVA,OLED,77,1.619,131.1,,,540.0,189.0,81.0,334.0,5.5,6,76-85in,China,Digital
KOGAN,KAOD77X98JSVB,OLED,77,1.619,131.1,,,540.0,189.0,81.0,334.0,5.5,6,76-85in,China,Digital
KOGAN,KAOD77X98JSVC,OLED,77,1.619,131.1,,,540.0,189.0,81.0,334.0,5.5,6,76-85in,China,Digital
KOGAN,KAOD77X98JSV series,OLED,77,1.619,131.1,,,540.0,189.0,81.0,334.0,5.5,6,76-85in,China,Digital
KOGAN,KAQL100XQ98GSVA,OLED,100,2.73,446.3,,,1670.0,584.0,163.5,612.0,3.0,3,86in+,China,Digital
KOGAN,KAQL100XQ98GSVB,OLED,100,2.73,446.3,,,1670.0,584.0,163.5,612.0,3.0,3,86in+,China,Digital
KOGAN,KAQL100XQ98GSVC,OLED,100,2.73,446.3,,,1670.0,584.0,163.5,612.0,3.0,3,86in+,China,Digital
KOGAN,KAQL100XQ98GSV series,OLED,100,2.73,446.3,,,1670.0,584.0,163.5,612.0,3.0,3,86in+,China,Digital
KOGAN,KAQL55R96KA,LCD (LED),55,0.823,69.4,,,280.0,98.0,84.3,340.0,5.5,6,51-55in,China,Analogue/Digital
KOGAN,KAQL65R96KA,LCD (LED),65,1.148,92.9,,,400.0,140.0,80.9,348.0,5.5,6,56-65in,China,Analogue/Digital
LG,86NANO80A6A,LCD (LED),86,2.02,212.0,0.4,0.0,776.0,272.0,105.0,384.0,5.0,5,86in+,"Indonesia,South Korea",Analogue/Digital
LG,86NANO80ASA,LCD (LED),86,2.02,212.0,0.4,0.0,776.0,272.0,105.0,384.0,5.0,5,86in+,"Indonesia,South Korea",Analogue/Digital
LG,OLED55C5PSA,OLED,55,0.823,101.0,0.4,0.0,371.0,130.0,122.7,451.0,4.5,4,51-55in,"Indonesia,South Korea",Analogue/Digital
LG,OLED55C56LA,OLED,55,0.823,101.0,0.4,0.0,371.0,130.0,122.7,451.0,4.5,4,51-55in,"Indonesia,South Korea",Analogue/Digital
LG,OLED55G5PSA,OLED,55,0.823,96.0,0.4,0.0,353.0,124.0,116.6,429.0,4.5,4,51-55in,"Indonesia,South Korea",Analogue/Digital
LG,OLED55G55LW,OLED,55,0.823,96.0,0.4,0.0,353.0,124.0,116.6,429.0,4.5,4,51-55in,"Indonesia,South Korea",Analogue/Digital
LG,OLED65C5PSA,OLED,65,1.148,124.0,0.4,0.0,455.0,159.0,108.0,396.0,5.0,5,56-65in,"Indonesia,South Korea",Analogue/Digital
LG,OLED65C56LA,OLED,65,1.148,124.0,0.4,0.0,455.0,159.0,108.0,396.0,5.0,5,56-65in,"Indonesia,South Korea",Analogue/Digital
LG,OLED77C5PSA,OLED,77,1.62,163.0,0.4,0.0,597.0,209.0,100.6,369.0,5.0,5,76-85in,"Indonesia,South Korea",Analogue/Digital
LG,OLED77C56LA,OLED,77,1.62,163.0,0.4,0.0,597.0,209.0,100.6,369.0,5.0,5,76-85in,"Indonesia,South Korea",Analogue/Digital
LG,OLED83G5PSA,OLED,83,1.877,189.0,0.4,0.0,692.0,242.0,100.7,369.0,5.0,5,76-85in,"Indonesia,South Korea",Analogue/Digital
LG,OLED83G56LA,OLED,83,1.877,189.0,0.4,0.0,692.0,242.0,100.7,369.0,5.0,5,76-85in,"Indonesia,South Korea",Analogue/Digital
BAUHN,ATV24HDW-0225,LCD,24,0.153,17.766,,,68.0,24.0,116.1,444.0,6.0,6,32in & under,China,Analogue/Digital
CHIQ,U75M9,LCD,75,1.532,154.23,0.3,0.0,608.0,213.0,100.7,397.0,5.0,5,66-75in,China,Analogue/Digital
DGTEC,DG24HDDVD12V,LCD (LED),24,0.153,20.96,,,78.0,27.0,137.0,510.0,5.0,5,32in & under,China,Analogue/Digital
QBELL,QTU55T,LCD,55,0.823,92.1,0.4,0.0,339.0,119.0,111.9,412.0,5.0,5,51-55in,China,Analogue/Digital
SONY,K-55XR80M2,OLED,55,0.823,91.6,0.5,13.3,341.0,119.0,111.3,414.0,5.0,5,51-55in,"Malaysia,Vietnam",Analogue/Digital
SONY,K-65XR80M2,OLED,65,1.148,102.9,0.5,13.1,381.0,133.0,89.6,332.0,5.5,6,56-65in,Malaysia,Analogue/Digital
QBELL,QTU50T,LCD (LED),50,0.675,76.8,,,284.0,99.0,113.8,421.0,5.0,5,44-50in,China,Analogue/Digital
LG,50QNED80A6A,LCD (LED),49,0.675,68.0,0.4,0.0,251.0,88.0,100.7,372.0,5.5,6,44-50in,"Indonesia,South Korea",Analogue/Digital
LG,50QNED81ASA,LCD (LED),49,0.675,68.0,0.4,0.0,251.0,88.0,100.7,372.0,5.5,6,44-50in,"Indonesia,South Korea",Analogue/Digital
LG,OLED48C5PSA,OLED,48,0.623,76.0,0.4,0.0,280.0,98.0,122.0,449.0,4.5,4,44-50in,"Indonesia,South Korea",Analogue/Digital
LG,OLED48C56LA,OLED,48,0.623,76.0,0.4,0.0,280.0,98.0,122.0,449.0,4.5,4,44-50in,"Indonesia,South Korea",Analogue/Digital
LG,OLED55B5PSA,OLED,55,0.823,88.0,0.4,0.0,324.0,113.0,106.9,394.0,5.0,5,51-55in,"Indonesia,South Korea",Analogue/Digital
LG,OLED55B56LA,OLED,55,0.823,88.0,0.4,0.0,324.0,113.0,106.9,394.0,5.0,5,51-55in,"Indonesia,South Korea",Analogue/Digital
LG,OLED65B5PSA,OLED,65,1.148,106.0,0.4,0.0,389.0,136.0,92.3,339.0,5.5,6,56-65in,"Indonesia,South Korea",Analogue/Digital
LG,OLED65B56LA,OLED,65,1.148,106.0,0.4,0.0,389.0,136.0,92.3,339.0,5.5,6,56-65in,"Indonesia,South Korea",Analogue/Digital
QBELL,QTF40T,LCD (LED),40,0.426,51.3,,,189.0,66.0,120.4,444.0,5.0,5,33-43in,China,Analogue/Digital
PHILIPS,40PFT6529/79,LCD (LED),40,0.426,41.6,,,167.0,58.0,97.7,392.0,5.5,6,33-43in,China,Analogue/Digital
EKO,K42FST,LCD (LED),42,0.466,55.0,,,204.0,71.0,118.0,438.0,5.0,5,33-43in,China,Analogue/Digital
PHILIPS,32PHT6529/79,LCD (LED),32,0.274,35.8,,,145.0,51.0,130.7,529.0,4.5,4,32in & under,China,Analogue/Digital
LG,OLED42C5PSA,OLED,42,0.476,65.0,0.4,0.0,240.0,84.0,136.6,504.0,4.0,4,33-43in,"Indonesia,South Korea",Analogue/Digital
LG,OLED42C54LA,OLED,42,0.476,65.0,0.4,0.0,240.0,84.0,136.6,504.0,4.0,4,33-43in,"Indonesia,South Korea",Analogue/Digital
LG,OLED77G5PSA,OLED,77,1.62,153.0,0.4,0.0,561.0,196.0,94.4,346.0,5.5,6,76-85in,"Indonesia,South Korea",Analogue/Digital
LG,OLED77G56LA,OLED,77,1.62,153.0,0.4,0.0,561.0,196.0,94.4,346.0,5.5,6,76-85in,"Indonesia,South Korea",Analogue/Digital
LG,55QNED86A6A,LCD (LED),55,0.823,82.0,0.4,0.0,302.0,106.0,99.6,367.0,5.5,6,51-55in,"Indonesia,South Korea",Analogue/Digital
LG,55QNED86ASA,LCD (LED),55,0.823,82.0,0.4,0.0,302.0,106.0,99.6,367.0,5.5,6,51-55in,"Indonesia,South Korea",Analogue/Digital
LG,65QNED86A6A,LCD (LED),65,1.148,105.0,0.4,0.0,386.0,135.0,91.5,336.0,5.5,6,56-65in,"Indonesia,South Korea",Analogue/Digital
LG,65QNED86ASA,LCD (LED),65,1.148,105.0,0.4,0.0,386.0,135.0,91.5,336.0,5.5,6,56-65in,"Indonesia,South Korea",Analogue/Digital
AOA,LTW50UHD,LCD (LED),50,0.675,73.4,0.4,0.0,270.0,94.0,108.7,400.0,5.0,5,44-50in,China,Digital
PHILIPS,77OLED720/79,OLED,78,1.7,188.5,,,798.0,279.0,110.9,469.0,4.0,4,76-85in,China,Analogue/Digital
LG,65NANO80A6A,LCD (LED),65,1.148,118.0,0.4,0.0,433.0,152.0,102.8,377.0,5.0,5,56-65in,"Indonesia,South Korea",Analogue/Digital
LG,65NANO80ASA,LCD (LED),65,1.148,118.0,0.4,0.0,433.0,152.0,102.8,377.0,5.0,5,56-65in,"Indonesia,South Korea",Analogue/Digital
LG,65QNED80A6A,LCD (LED),65,1.148,98.0,0.4,0.0,360.0,126.0,85.4,314.0,6.0,6,56-65in,"Indonesia,South Korea",Analogue/Digital
LG,65QNED81ASA,LCD (LED),65,1.148,98.0,0.4,0.0,360.0,126.0,85.4,314.0,6.0,6,56-65in,"Indonesia,South Korea",Analogue/Digital
LG,75NANO80A6A,LCD (LED),75,1.531,165.0,0.4,0.0,605.0,212.0,107.8,395.0,5.0,5,66-75in,"Indonesia,South Korea",Analogue/Digital
LG,75NANO80ASA,LCD (LED),75,1.531,165.0,0.4,0.0,605.0,212.0,107.8,395.0,5.0,5,66-75in,"Indonesia,South Korea",Analogue/Digital
LG,75QNED80A6A,LCD (LED),75,1.531,106.0,0.4,0.0,389.0,136.0,69.2,254.0,7.0,7,66-75in,"Indonesia,South Korea",Analogue/Digital
LG,75QNED81ASA,LCD (LED),75,1.531,106.0,0.4,0.0,389.0,136.0,69.2,254.0,7.0,7,66-75in,"Indonesia,South Korea",Analogue/Digital
LG,75QNED86ASA,LCD (LED),75,1.531,106.0,0.4,0.0,389.0,136.0,69.2,254.0,7.0,7,66-75in,"Indonesia,South Korea",Analogue/Digital
LG,86QNED80A6A,LCD (LED),86,2.02,132.0,0.4,0.0,484.0,169.0,65.3,240.0,7.0,7,86in+,"Indonesia,South Korea",Analogue/Digital
AIWA,AWS580G,LCD,58,0.917,82.5,0.33,0.33,331.0,116.0,90.0,361.0,5.5,6,56-65in,China,
JVC,LT-70NQ7155A,LCD,70,1.339,141.1,0.29,0.0,550.0,192.0,105.4,411.0,4.5,4,66-75in,China,
LG,86QNED81ASA,LCD (LED),86,2.02,132.0,0.4,0.0,484.0,169.0,65.3,240.0,7.0,7,86in+,"Indonesia,South Korea",Analogue/Digital
LG,OLED48B5PSA,OLED,48,0.623,74.0,0.4,0.0,273.0,96.0,118.8,438.0,4.5,4,44-50in,"Indonesia,South Korea",Analogue/Digital
LG,43NANO80A6B,LCD (LED),43,0.498,70.0,0.4,0.0,258.0,90.0,140.6,518.0,4.0,4,33-43in,"Indonesia,South Korea",Analogue/Digital
LG,43NANO80ASA,LCD (LED),43,0.498,70.0,0.4,0.0,258.0,90.0,140.6,518.0,4.0,4,33-43in,"Indonesia,South Korea",Analogue/Digital
LG,43QNED80A6A,LCD (LED),43,0.498,64.0,0.4,0.0,236.0,83.0,128.5,474.0,4.5,4,33-43in,"Indonesia,South Korea",Analogue/Digital
LG,43QNED81ASA,LCD (LED),43,0.498,64.0,0.4,0.0,236.0,83.0,128.5,474.0,4.5,4,33-43in,"Indonesia,South Korea",Analogue/Digital
LG,50NANO80A6A,LCD (LED),49,0.675,83.0,0.4,0.0,305.0,107.0,123.0,452.0,4.5,4,44-50in,"Indonesia,South Korea",Analogue/Digital
LG,50NANO80ASA,LCD (LED),49,0.675,83.0,0.4,0.0,305.0,107.0,123.0,452.0,4.5,4,44-50in,"Indonesia,South Korea",Analogue/Digital
LG,55NANO80A6A,LCD (LED),55,0.823,92.0,0.4,0.0,338.0,118.0,111.8,411.0,5.0,5,51-55in,"Indonesia,South Korea",Analogue/Digital
LG,55NANO80ASA,LCD (LED),55,0.823,92.0,0.4,0.0,338.0,118.0,111.8,411.0,5.0,5,51-55in,"Indonesia,South Korea",Analogue/Digital
LG,55QNED80A6A,LCD (LED),55,0.823,82.0,0.4,0.0,302.0,106.0,99.6,367.0,5.5,6,51-55in,"Indonesia,South Korea",Analogue/Digital
LG,55QNED81ASA,LCD (LED),55,0.823,82.0,0.4,0.0,302.0,106.0,99.6,367.0,5.5,6,51-55in,"Indonesia,South Korea",Analogue/Digital
PHILIPS,50PUT7039/79,LCD (LED),50,0.675,91.5,,,375.0,131.0,135.6,556.0,3.5,4,44-50in,China,Analogue/Digital
PHILIPS,55PUT7039/79,LCD (LED),55,0.823,99.2,,,404.0,141.0,120.5,491.0,4.0,4,51-55in,China,Analogue/Digital
SAMSUNG,UA43F6000FS,LCD (LED),43,0.498,49.0,0.5,0.0,182.0,64.0,98.4,365.0,5.5,6,33-43in,Vietnam,Digital
PRISM+,M55,LCD (LED),55,0.823,79.3,,,320.0,112.0,96.4,389.0,5.0,5,51-55in,China,Analogue/Digital
PRISM+,M65,LCD (LED),65,1.148,111.6,,,450.0,158.0,97.2,392.0,5.0,5,56-65in,China,Analogue/Digital
PRISM+,M75,LCD (LED),75,1.532,140.4,,,580.0,203.0,91.6,379.0,5.0,5,66-75in,China,Analogue/Digital
EKO,K32HSWV12,LCD (LED),32,0.274,35.3,,,131.0,46.0,128.8,478.0,5.0,5,32in & under,China,Analogue/Digital
LG,OLED65G5PSA,OLED,65,1.148,115.0,0.4,0.0,422.0,148.0,100.2,368.0,5.0,5,56-65in,"Indonesia,South Korea",Analogue/Digital
LG,OLED65G56LA,OLED,65,1.148,115.0,0.4,0.0,422.0,148.0,100.2,368.0,5.0,5,56-65in,"Indonesia,South Korea",Analogue/Digital
LG,OLED77B5PSA,OLED,77,1.62,135.0,0.4,0.0,495.0,173.0,83.3,306.0,6.0,6,76-85in,"Indonesia,South Korea",Analogue/Digital
LG,OLED77B56LA,OLED,77,1.62,135.0,0.4,0.0,495.0,173.0,83.3,306.0,6.0,6,76-85in,"Indonesia,South Korea",Analogue/Digital
LG,55QNED82ASA,LCD (LED),55,0.823,92.0,0.4,0.0,338.0,118.0,111.8,411.0,5.0,5,51-55in,"Indonesia,South Korea",Analogue/Digital
LG,65QNED82ASA,LCD (LED),65,1.148,98.0,0.4,0.0,360.0,126.0,85.4,314.0,6.0,6,56-65in,"Indonesia,South Korea",Analogue/Digital
LG,86QNED82ASA,LCD (LED),86,2.02,132.0,0.4,0.0,484.0,169.0,65.3,240.0,7.0,7,86in+,"Indonesia,South Korea",Analogue/Digital
LG,50QNED86ASA,LCD (LED),49,0.675,68.0,0.4,0.0,251.0,88.0,100.7,372.0,5.5,6,44-50in,"Indonesia,South Korea",Analogue/Digital
LG,86QNED86A6A,LCD (LED),86,2.02,138.0,0.4,0.0,506.0,177.0,68.3,250.0,7.0,7,86in+,"Indonesia,South Korea",Analogue/Digital
LG,86QNED86ASA,LCD (LED),86,2.02,138.0,0.4,0.0,506.0,177.0,68.3,250.0,7.0,7,86in+,"Indonesia,South Korea",Analogue/Digital
QBELL,QTU70T,LCD (LED),70,1.338,147.1,0.45,0.46,690.0,242.0,109.9,516.0,3.5,4,66-75in,China,Analogue/Digital
PHILIPS,75PUT7039/79,LCD (LED),75,1.531,162.0,,,667.0,233.0,105.8,436.0,4.5,4,66-75in,China,Analogue/Digital
PHILIPS,65PUT7039/79,LCD (LED),65,1.178,115.0,,,462.0,162.0,97.6,392.0,5.0,5,56-65in,China,Analogue/Digital
PHILIPS,86PUT7039/79,LCD (LED),86,2.02,231.0,,,963.0,337.0,114.4,477.0,4.0,4,86in+,China,Analogue/Digital
JVC,LT-32NQ5155A,LCD (LED),32,0.274,24.84,,,110.0,38.0,90.7,401.0,5.5,6,32in & under,China,Analogue/Digital
JVC,LT-43NQ5155A,LCD (LED),42,0.498,38.4,,,163.0,57.0,77.1,327.0,6.0,6,33-43in,China,Analogue/Digital
JVC,AV-AQ557155A,LCD (LED),55,0.823,61.38,,,247.0,86.0,74.6,300.0,6.0,6,51-55in,China,Analogue/Digital
JVC,LT-55NQ7155A,LCD (LED),55,0.823,61.38,,,247.0,86.0,74.6,300.0,6.0,6,51-55in,China,Analogue/Digital
JVC,LT-55NQ7155AW,LCD (LED),55,0.823,61.38,,,247.0,86.0,74.6,300.0,6.0,6,51-55in,China,Analogue/Digital
JVC,LT-55NQ7155AX,LCD (LED),55,0.823,61.38,,,247.0,86.0,74.6,300.0,6.0,6,51-55in,China,Analogue/Digital
JVC,AV-AQ657155A,LCD (LED),64,1.147,105.96,,,448.0,157.0,92.4,391.0,5.0,5,56-65in,China,Analogue/Digital
JVC,LT-65NQ7155A,LCD (LED),64,1.147,105.96,,,448.0,157.0,92.4,391.0,5.0,5,56-65in,China,Analogue/Digital
JVC,LT-65NQ7155AW,LCD (LED),64,1.147,105.96,,,448.0,157.0,92.4,391.0,5.0,5,56-65in,China,Analogue/Digital
JVC,LT-65NQ7155AX,LCD (LED),64,1.147,105.96,,,448.0,157.0,92.4,391.0,5.0,5,56-65in,China,Analogue/Digital
JVC,AQ657155 series,LCD (LED),64,1.147,105.96,,,448.0,157.0,92.4,391.0,5.0,5,56-65in,China,Analogue/Digital
JVC,AQ557155A series,LCD (LED),55,0.823,61.38,,,247.0,86.0,74.6,300.0,6.0,6,51-55in,China,Analogue/Digital
JVC,AV-JQ757115AE,LCD (LED),75,1.531,106.68,,,466.0,163.0,69.7,304.0,6.0,6,66-75in,China,Analogue/Digital
JVC,AV-JQ757115A series,LCD (LED),75,1.531,106.68,,,466.0,163.0,69.7,304.0,6.0,6,66-75in,China,Analogue/Digital
BLAUPUNKT,BP700UTS,LCD (LED),70,1.338,147.1,0.45,0.46,690.0,242.0,109.9,516.0,3.5,4,66-75in,China,Analogue/Digital
LG,50QNED82ASA,LCD (LED),49,0.675,81.0,0.4,0.0,298.0,104.0,120.0,441.0,4.5,4,44-50in,"Indonesia,South Korea",Analogue/Digital
LG,75QNED82ASA,LCD (LED),75,1.531,106.0,0.4,0.0,389.0,136.0,69.2,254.0,7.0,7,66-75in,"Indonesia,South Korea",Analogue/Digital
LG,OLED83C5PSA,OLED,83,1.877,189.0,0.4,0.0,692.0,242.0,100.7,369.0,5.0,5,76-85in,"Indonesia,South Korea",Analogue/Digital
LG,OLED83C56LA,OLED,83,1.877,189.0,0.4,0.0,692.0,242.0,100.7,369.0,5.0,5,76-85in,"Indonesia,South Korea",Analogue/Digital
TCL,55C7K,LCD (LED),55,0.822,106.0,0.253,0.0,425.0,149.0,129.0,517.0,4.0,4,51-55in,China,Analogue/Digital
TCL,50C7K,LCD (LED),49,0.675,87.6,0.233,0.0,353.0,124.0,129.8,523.0,4.0,4,44-50in,China,Analogue/Digital
TCL,75C7K,LCD (LED),75,1.531,190.0,0.337,0.0,755.0,264.0,124.1,493.0,4.0,4,66-75in,China,Analogue/Digital
TCL,85C7K,LCD (LED),85,1.971,175.2,0.31,0.0,768.0,269.0,88.9,390.0,5.0,5,76-85in,China,Analogue/Digital
TCL,55C6K,LCD (LED),55,0.822,86.5,0.265,0.0,380.0,133.0,105.2,462.0,4.5,4,51-55in,China,Analogue/Digital
TCL,65C6K,LCD (LED),64,1.147,115.0,0.286,0.0,460.0,161.0,100.3,401.0,5.0,5,56-65in,China,Analogue/Digital
TCL,75C6K,LCD (LED),75,1.531,140.0,0.239,0.0,600.0,210.0,91.4,392.0,5.0,5,66-75in,China,Analogue/Digital
TCL,85C6K,LCD (LED),85,1.971,175.2,0.31,0.0,768.0,269.0,88.9,390.0,5.0,5,76-85in,China,Analogue/Digital
BAUHN,ATV70UHDW-0325,LCD (LED),70,1.332,109.038,,,400.0,140.0,81.9,300.0,6.0,6,66-75in,China,Analogue/Digital
BLAUPUNKT,BP400FSG98,LCD,40,0.429,50.5,0.25,0.25,186.0,65.0,117.7,434.0,5.0,5,33-43in,China,Analogue/Digital
BLAUPUNKT,BP320HSG98,LCD,31,0.272,34.296,0.262,0.0,130.0,46.0,126.1,478.0,5.0,5,32in & under,China,Analogue/Digital
BLAUPUNKT,BP320FSG98,LCD,31,0.272,34.296,0.262,0.0,130.0,46.0,126.1,478.0,5.0,5,32in & under,China,Analogue/Digital
SONY,K-55XR50,LCD (LED),55,0.823,111.8,0.5,11.3,414.0,145.0,135.8,503.0,4.0,4,51-55in,"Malaysia,China",Analogue/Digital
SONY,K-65XR50,LCD (LED),65,1.148,150.7,0.5,11.9,556.0,195.0,131.3,484.0,4.0,4,56-65in,"Malaysia,China",Analogue/Digital
BLAUPUNKT,BP750USG98,LCD,75,1.531,204.81,0.401,0.401,811.0,284.0,133.8,530.0,3.5,4,66-75in,China,Analogue/Digital
EKO,K750UGTWQ,LCD,75,1.531,204.81,0.401,0.401,811.0,284.0,133.8,530.0,3.5,4,66-75in,China,Analogue/Digital
LG,65QNED9MA6A,LCD (LED),65,1.148,140.0,0.4,0.0,515.0,180.0,122.0,449.0,4.5,4,56-65in,"Indonesia,South Korea",Analogue/Digital
LG,65QNED9MASA,LCD (LED),65,1.148,140.0,0.4,0.0,515.0,180.0,122.0,449.0,4.5,4,56-65in,"Indonesia,South Korea",Analogue/Digital
LG,75QNED9MA6A,LCD (LED),75,1.531,153.0,0.4,0.0,561.0,196.0,99.9,366.0,5.0,5,66-75in,"Indonesia,South Korea",Analogue/Digital
LG,75QNED9MASA,LCD (LED),75,1.531,153.0,0.4,0.0,561.0,196.0,99.9,366.0,5.0,5,66-75in,"Indonesia,South Korea",Analogue/Digital
LG,86QNED9MA6A,LCD (LED),86,2.02,187.0,0.4,0.0,685.0,240.0,92.6,339.0,5.5,6,86in+,"Indonesia,South Korea",Analogue/Digital
LG,86QNED9MASA,LCD (LED),86,2.02,187.0,0.4,0.0,685.0,240.0,92.6,339.0,5.5,6,86in+,"Indonesia,South Korea",Analogue/Digital
JVC,LT-50NQ7145AE,LCD (LED),50,0.675,49.6,0.46,1.26,210.0,74.0,73.5,311.0,6.0,6,44-50in,China,Analogue/Digital
BLAUPUNKT,BP550USG98,LCD,55,0.823,94.96,0.37,0.0,349.0,122.0,115.4,424.0,4.5,4,51-55in,China,Analogue/Digital
EKO,K550UGTQ,LCD,55,0.823,87.96,0.347,0.347,349.0,122.0,106.9,424.0,4.5,4,51-55in,China,Analogue/Digital
EKO,K500UGTQ,LCD,49,0.675,96.612,0.354,0.354,376.0,132.0,143.1,557.0,3.5,4,44-50in,China,Analogue/Digital
BLAUPUNKT,BP500USG98,LCD,49,0.675,96.612,0.354,0.354,376.0,132.0,143.1,557.0,3.5,4,44-50in,China,Analogue/Digital
SAMSUNG,QA65QN900FW,LCD (LED),65,1.148,248.0,0.5,0.0,908.0,318.0,216.0,791.0,2.0,2,56-65in,Vietnam,Digital
SAMSUNG,QA65QN900FS,LCD (LED),65,1.148,248.0,0.5,0.0,908.0,318.0,216.0,791.0,2.0,2,56-65in,Vietnam,Digital
SAMSUNG,QA65QN900F*,LCD (LED),65,1.148,248.0,0.5,0.0,908.0,318.0,216.0,791.0,2.0,2,56-65in,Vietnam,Digital
TCL,98P7K,LCD (LED),97,2.62,148.6,0.433,0.0,700.0,245.0,56.7,267.0,6.0,6,86in+,China,Analogue/Digital
SAMSUNG,QA43LS03FAW,LCD (LED),43,0.498,70.0,0.5,0.0,259.0,91.0,140.6,520.0,4.0,4,33-43in,Vietnam,Digital
SAMSUNG,QA43LS03FAS,LCD (LED),43,0.498,70.0,0.5,0.0,259.0,91.0,140.6,520.0,4.0,4,33-43in,Vietnam,Digital
SAMSUNG,QA43LS03FA*,LCD (LED),43,0.498,70.0,0.5,0.0,259.0,91.0,140.6,520.0,4.0,4,33-43in,Vietnam,Digital
SAMSUNG,QA55LS03FAW,LCD (LED),55,0.823,111.0,0.5,0.0,408.0,143.0,134.9,496.0,4.0,4,51-55in,Vietnam,Digital
SAMSUNG,QA55LS03FAS,LCD (LED),55,0.823,111.0,0.5,0.0,408.0,143.0,134.9,496.0,4.0,4,51-55in,Vietnam,Digital
SAMSUNG,QA55LS03FA*,LCD (LED),55,0.823,111.0,0.5,0.0,408.0,143.0,134.9,496.0,4.0,4,51-55in,Vietnam,Digital
SAMSUNG,QA48S90FAE,LCD (LED),48,0.623,79.0,0.5,0.0,291.0,102.0,126.8,467.0,4.5,4,44-50in,Vietnam,Digital
SAMSUNG,QA55S90FAW,LCD (LED),55,0.823,109.0,0.5,0.0,401.0,140.0,132.4,487.0,4.0,4,51-55in,Vietnam,Digital
SAMSUNG,QA55S90FAS,LCD (LED),55,0.823,109.0,0.5,0.0,401.0,140.0,132.4,487.0,4.0,4,51-55in,Vietnam,Digital
SAMSUNG,QA55S90FA*,LCD (LED),55,0.823,109.0,0.5,0.0,401.0,140.0,132.4,487.0,4.0,4,51-55in,Vietnam,Digital
BLAUPUNKT,BP500FTS,LCD (LED),50,0.675,47.9,,,224.0,78.0,71.0,332.0,6.0,6,44-50in,China,Analogue/Digital
SAMSUNG,QA83S90FAE,LCD (LED),83,1.877,216.0,0.5,0.0,791.0,277.0,115.1,421.0,4.5,4,76-85in,Vietnam,Digital
SAMSUNG,QA77S85FAE,LCD (LED),77,1.62,138.0,0.5,0.0,507.0,177.0,85.2,313.0,6.0,6,76-85in,Vietnam,Digital
AIWA,AWS430QW,LCD (LED),43,0.498,45.69,0.37,0.0,170.0,60.0,91.7,341.0,6.0,6,33-43in,China,Analogue/Digital
AIWA,AWS650G2,LCD (LED),65,1.148,92.9,0.41,0.0,371.0,130.0,80.9,323.0,6.0,6,56-65in,China,Analogue/Digital
BLAUPUNKT,BP650USG98,LCD,64,1.147,94.65,0.354,0.0,580.0,203.0,82.5,506.0,4.0,4,56-65in,China,Analogue/Digital
AIWA,AWS550QW,LCD (LED),55,0.823,98.27,0.36,0.51,397.0,139.0,119.4,482.0,4.0,4,51-55in,China,Analogue/Digital
AIWA,AWS650QW,LCD (LED),65,1.148,134.33,0.34,0.49,541.0,189.0,117.0,471.0,4.0,4,56-65in,China,Analogue/Digital
AKAI,AK40S9ZEN,LCD (LED),40,0.426,40.4,0.3,0.0,149.0,52.0,94.8,350.0,6.0,6,33-43in,China,Digital
AIWA,AWS500QW,LCD (LED),50,0.675,79.06,0.36,0.49,321.0,112.0,117.1,476.0,4.0,4,44-50in,China,Analogue/Digital
EKO,K49FST,LCD (LED),50,0.675,47.9,,,224.0,78.0,71.0,332.0,6.0,6,44-50in,China,Analogue/Digital
LG,43QNED82ASA,LCD (LED),43,0.498,70.0,0.4,0.0,258.0,90.0,140.6,518.0,4.0,4,33-43in,"Indonesia,South Korea",Analogue/Digital
LG,50UA8450PSA,LCD (LED),49,0.675,83.0,0.4,0.0,305.0,107.0,123.0,452.0,4.5,4,44-50in,"Indonesia,South Korea",Analogue/Digital
LG,55UA8450PSA,LCD (LED),55,0.823,92.0,0.4,0.0,338.0,118.0,111.8,411.0,5.0,5,51-55in,"Indonesia,South Korea",Analogue/Digital
LG,OLED65M5PSA,OLED,65,1.148,140.0,0.4,0.0,514.0,180.0,122.0,448.0,4.5,4,56-65in,"Indonesia,South Korea",Analogue/Digital
LG,OLED65M59LA,OLED,65,1.148,140.0,0.4,0.0,514.0,180.0,122.0,448.0,4.5,4,56-65in,"Indonesia,South Korea",Analogue/Digital
TCL,55P7K,LCD (LED),55,0.822,69.8,0.346,0.0,284.0,99.0,84.9,345.0,5.5,6,51-55in,China,Analogue/Digital
TCL,50P7K,LCD (LED),49,0.675,60.2,0.359,0.0,245.0,86.0,89.2,363.0,5.5,6,44-50in,China,Analogue/Digital
SAMSUNG,QA65QN80FAW,LCD (LED),65,1.148,154.0,0.5,0.0,565.0,198.0,134.1,492.0,4.0,4,56-65in,Vietnam,Digital
SAMSUNG,QA65QN80FAS,LCD (LED),65,1.148,154.0,0.5,0.0,565.0,198.0,134.1,492.0,4.0,4,56-65in,Vietnam,Digital
SAMSUNG,QA65QN80FA*,LCD (LED),65,1.148,154.0,0.5,0.0,565.0,198.0,134.1,492.0,4.0,4,56-65in,Vietnam,Digital
SAMSUNG,QA55S85FAE,LCD (LED),55,0.823,104.0,0.5,0.0,383.0,134.0,126.4,465.0,4.0,4,51-55in,Vietnam,Digital
BAUHN,ATV32HDW-0425,LCD,32,0.274,25.23,0.39,0.0,101.0,35.0,92.1,369.0,6.0,6,32in & under,China,Digital
PHILIPS,75PQT9020/79,LCD (LED),75,1.532,203.5,,,824.0,288.0,132.8,538.0,3.5,4,66-75in,China,Analogue/Digital
SAMSUNG,QA55S95FAW,LCD (LED),55,0.823,109.0,0.5,0.0,401.0,140.0,132.4,487.0,4.0,4,51-55in,Vietnam,Digital
SAMSUNG,QA55S95FAS,LCD (LED),55,0.823,109.0,0.5,0.0,401.0,140.0,132.4,487.0,4.0,4,51-55in,Vietnam,Digital
SAMSUNG,QA55S95FA*,LCD (LED),55,0.823,109.0,0.5,0.0,401.0,140.0,132.4,487.0,4.0,4,51-55in,Vietnam,Digital
HISENSE,55S7NAU,LCD (LED),55,0.823,87.99,0.35,0.0,381.0,133.0,106.9,463.0,4.5,4,51-55in,China,Analogue/Digital
HISENSE,65S7NAU,LCD (LED),65,1.148,105.58,0.36,0.0,416.0,146.0,92.0,362.0,5.5,6,56-65in,China,Analogue/Digital
SAMSUNG,QA65S85FAE,LCD (LED),65,1.148,129.0,0.5,0.0,474.0,166.0,112.4,413.0,4.5,4,56-65in,Vietnam,Digital
SAMSUNG,QA65S90FAE,LCD (LED),65,1.148,145.0,0.5,0.0,532.0,186.0,126.3,463.0,4.0,4,56-65in,Vietnam,Digital
SAMSUNG,QA77S90FAE,LCD (LED),77,1.62,174.0,0.5,0.0,638.0,223.0,107.4,394.0,5.0,5,76-85in,Vietnam,Digital
SAMSUNG,QA55QN90FAW,LCD (LED),55,0.823,110.0,0.5,0.0,405.0,142.0,133.7,492.0,4.0,4,51-55in,Vietnam,Digital
SAMSUNG,QA55QN90FAS,LCD (LED),55,0.823,110.0,0.5,0.0,405.0,142.0,133.7,492.0,4.0,4,51-55in,Vietnam,Digital
SAMSUNG,QA55QN90FA*,LCD (LED),55,0.823,110.0,0.5,0.0,405.0,142.0,133.7,492.0,4.0,4,51-55in,Vietnam,Digital
EKO,K430FGTQ,LCD,43,0.5,45.012,0.301,0.301,196.0,69.0,90.0,392.0,5.0,5,33-43in,China,Analogue/Digital
BAUHN,ATV55UHDW-0425,LCD,54,0.819,70.0,0.34,0.0,270.0,94.0,85.5,330.0,6.0,6,51-55in,China,Analogue/Digital
PHILIPS,65PQT9020/79,LCD (LED),65,1.148,175.9,,,722.0,253.0,153.2,629.0,3.0,3,56-65in,China,Analogue/Digital
PHILIPS,86PQT9020/79,LCD (LED),86,2.02,287.2,,,1163.0,407.0,142.2,576.0,3.0,3,86in+,China,Analogue/Digital
SONY,K-75XR50,LCD (LED),75,1.531,195.4,0.5,12.3,719.0,252.0,127.6,470.0,4.0,4,66-75in,"Malaysia,China",Analogue/Digital
LG,OLED77T4PSA,OLED,77,1.62,182.0,0.4,0.0,667.0,233.0,112.3,412.0,4.5,4,76-85in,"Indonesia,South Korea",Analogue/Digital
LG,43UA8450PSA,LCD (LED),43,0.498,70.0,0.4,0.0,258.0,90.0,140.6,518.0,4.0,4,33-43in,"Indonesia,South Korea",Analogue/Digital
LG,OLED77M5PSA,OLED,77,1.62,178.0,0.4,0.0,654.0,229.0,109.9,404.0,4.5,4,76-85in,"Indonesia,South Korea",Analogue/Digital
SONY,K-85XR50,LCD (LED),85,1.971,216.9,0.5,11.4,797.0,279.0,110.0,404.0,4.5,4,76-85in,"Malaysia,China",Analogue/Digital
LG,OLED77M56LA,OLED,77,1.62,178.0,0.4,0.0,654.0,229.0,109.9,404.0,4.5,4,76-85in,"Indonesia,South Korea",Analogue/Digital
LG,OLED83M5PSA,OLED,83,1.877,214.0,0.4,0.0,785.0,275.0,114.0,418.0,4.5,4,76-85in,"Indonesia,South Korea",Analogue/Digital
LG,OLED83M56LA,OLED,83,1.877,214.0,0.4,0.0,785.0,275.0,114.0,418.0,4.5,4,76-85in,"Indonesia,South Korea",Analogue/Digital
SAMSUNG,QA42S90FAE,LCD (LED),42,0.476,67.0,0.5,0.0,248.0,87.0,140.8,521.0,4.0,4,33-43in,Vietnam,Digital
SAMSUNG,QA43QN90FAW,LCD (LED),43,0.498,62.0,0.5,0.0,229.0,80.0,124.5,460.0,4.5,4,33-43in,Vietnam,Digital
SAMSUNG,QA43QN90FAS,LCD (LED),43,0.498,62.0,0.5,0.0,229.0,80.0,124.5,460.0,4.5,4,33-43in,Vietnam,Digital
SAMSUNG,QA43QN90FA*,LCD (LED),43,0.498,62.0,0.5,0.0,229.0,80.0,124.5,460.0,4.5,4,33-43in,Vietnam,Digital
SAMSUNG,QA55QN70FAW,LCD (LED),55,0.823,107.0,0.5,0.0,394.0,138.0,130.0,479.0,4.0,4,51-55in,Vietnam,Digital
SAMSUNG,QA55QN70FAS,LCD (LED),55,0.823,107.0,0.5,0.0,394.0,138.0,130.0,479.0,4.0,4,51-55in,Vietnam,Digital
SAMSUNG,QA55QN70FA*,LCD (LED),55,0.823,107.0,0.5,0.0,394.0,138.0,130.0,479.0,4.0,4,51-55in,Vietnam,Digital
SAMSUNG,QA65QN70FAW,LCD (LED),65,1.148,141.0,0.5,0.0,518.0,181.0,122.8,451.0,4.5,4,56-65in,Vietnam,Digital
SAMSUNG,QA65QN70FAS,LCD (LED),65,1.148,141.0,0.5,0.0,518.0,181.0,122.8,451.0,4.5,4,56-65in,Vietnam,Digital
SAMSUNG,QA65QN70FA*,LCD (LED),65,1.148,141.0,0.5,0.0,518.0,181.0,122.8,451.0,4.5,4,56-65in,Vietnam,Digital
SAMSUNG,QA65QN90FAW,LCD (LED),65,1.148,137.0,0.5,0.0,503.0,176.0,119.3,438.0,4.5,4,56-65in,Vietnam,Digital
SAMSUNG,QA65QN90FAS,LCD (LED),65,1.148,137.0,0.5,0.0,503.0,176.0,119.3,438.0,4.5,4,56-65in,Vietnam,Digital
SAMSUNG,QA65QN90FA*,LCD (LED),65,1.148,137.0,0.5,0.0,503.0,176.0,119.3,438.0,4.5,4,56-65in,Vietnam,Digital
SAMSUNG,QA65S95FAW,LCD (LED),65,1.148,152.0,0.5,0.0,558.0,195.0,132.4,486.0,4.0,4,56-65in,Vietnam,Digital
SAMSUNG,QA65S95FAS,LCD (LED),65,1.148,152.0,0.5,0.0,558.0,195.0,132.4,486.0,4.0,4,56-65in,Vietnam,Digital
SAMSUNG,QA65S95FA*,LCD (LED),65,1.148,152.0,0.5,0.0,558.0,195.0,132.4,486.0,4.0,4,56-65in,Vietnam,Digital
TCL,65C7K,LCD (LED),64,1.147,134.4,0.287,0.0,510.0,178.0,117.2,445.0,4.5,4,56-65in,China,Analogue/Digital
SAMSUNG,QA75QN70FAW,LCD (LED),75,1.532,156.0,0.5,0.0,572.0,200.0,101.8,373.0,5.0,5,66-75in,Vietnam,Digital
SAMSUNG,QA75QN70FAS,LCD (LED),75,1.532,156.0,0.5,0.0,572.0,200.0,101.8,373.0,5.0,5,66-75in,Vietnam,Digital
SAMSUNG,QA75QN70FA*,LCD (LED),75,1.532,156.0,0.5,0.0,572.0,200.0,101.8,373.0,5.0,5,66-75in,Vietnam,Digital
SAMSUNG,QA75QN900FW,LCD (LED),75,1.532,271.0,0.5,0.0,992.0,347.0,176.9,648.0,2.5,2,66-75in,Vietnam,Digital
SAMSUNG,QA75QN900FS,LCD (LED),75,1.532,271.0,0.5,0.0,992.0,347.0,176.9,648.0,2.5,2,66-75in,Vietnam,Digital
SAMSUNG,QA75QN900F*,LCD (LED),75,1.532,271.0,0.5,0.0,992.0,347.0,176.9,648.0,2.5,2,66-75in,Vietnam,Digital
SAMSUNG,QA75QN90FAW,LCD (LED),75,1.532,151.0,0.5,0.0,554.0,194.0,98.6,362.0,5.0,5,66-75in,Vietnam,Digital
SAMSUNG,QA75QN90FAS,LCD (LED),75,1.532,151.0,0.5,0.0,554.0,194.0,98.6,362.0,5.0,5,66-75in,Vietnam,Digital
SAMSUNG,QA75QN90FA*,LCD (LED),75,1.532,151.0,0.5,0.0,554.0,194.0,98.6,362.0,5.0,5,66-75in,Vietnam,Digital
SAMSUNG,QA77S95FAW,LCD (LED),77,1.628,216.0,0.5,0.0,791.0,277.0,132.7,486.0,4.0,4,76-85in,Vietnam,Digital
SAMSUNG,QA77S95FAS,LCD (LED),77,1.628,216.0,0.5,0.0,791.0,277.0,132.7,486.0,4.0,4,76-85in,Vietnam,Digital
SAMSUNG,QA77S95FA*,LCD (LED),77,1.628,216.0,0.5,0.0,791.0,277.0,132.7,486.0,4.0,4,76-85in,Vietnam,Digital
SAMSUNG,QA83S85FAE,LCD (LED),83,1.877,186.0,0.5,0.0,682.0,239.0,99.1,363.0,5.0,5,76-85in,Vietnam,Digital
SAMSUNG,QA85QN70FAW,LCD (LED),85,1.971,199.0,0.5,0.0,729.0,255.0,101.0,370.0,5.0,5,76-85in,Vietnam,Digital
SAMSUNG,QA85QN70FAS,LCD (LED),85,1.971,199.0,0.5,0.0,729.0,255.0,101.0,370.0,5.0,5,76-85in,Vietnam,Digital
SAMSUNG,QA85QN70FA*,LCD (LED),85,1.971,199.0,0.5,0.0,729.0,255.0,101.0,370.0,5.0,5,76-85in,Vietnam,Digital
SAMSUNG,QA85QN900FW,LCD (LED),85,1.971,286.0,0.5,0.0,1047.0,366.0,145.1,531.0,3.5,4,76-85in,Vietnam,Digital
SAMSUNG,QA85QN900FS,LCD (LED),85,1.971,286.0,0.5,0.0,1047.0,366.0,145.1,531.0,3.5,4,76-85in,Vietnam,Digital
SAMSUNG,QA85QN900F*,LCD (LED),85,1.971,286.0,0.5,0.0,1047.0,366.0,145.1,531.0,3.5,4,76-85in,Vietnam,Digital
SAMSUNG,QA85QN90FAW,LCD (LED),85,1.971,211.0,0.5,0.0,773.0,271.0,107.1,392.0,5.0,5,76-85in,Vietnam,Digital
SAMSUNG,QA85QN90FAS,LCD (LED),85,1.971,211.0,0.5,0.0,773.0,271.0,107.1,392.0,5.0,5,76-85in,Vietnam,Digital
SAMSUNG,QA85QN90FA*,LCD (LED),85,1.971,211.0,0.5,0.0,773.0,271.0,107.1,392.0,5.0,5,76-85in,Vietnam,Digital
SAMSUNG,QA85QN990FW,LCD (LED),85,1.971,360.0,0.5,0.0,1317.0,461.0,182.6,668.0,2.5,2,76-85in,Vietnam,Digital
SAMSUNG,QA85QN990FS,LCD (LED),85,1.971,360.0,0.5,0.0,1317.0,461.0,182.6,668.0,2.5,2,76-85in,Vietnam,Digital
SAMSUNG,QA85QN990F*,LCD (LED),85,1.971,360.0,0.5,0.0,1317.0,461.0,182.6,668.0,2.5,2,76-85in,Vietnam,Digital
SAMSUNG,QA98QN90FAW,LCD (LED),98,2.621,242.0,0.5,0.0,886.0,310.0,92.3,338.0,5.5,6,86in+,Vietnam,Digital
SAMSUNG,QA98QN90FAS,LCD (LED),98,2.621,242.0,0.5,0.0,886.0,310.0,92.3,338.0,5.5,6,86in+,Vietnam,Digital
SAMSUNG,QA98QN90FA*,LCD (LED),98,2.621,242.0,0.5,0.0,886.0,310.0,92.3,338.0,5.5,6,86in+,Vietnam,Digital
TCL,65P7K,LCD (LED),64,1.147,75.0,0.337,0.0,320.0,112.0,65.4,279.0,6.0,6,56-65in,China,Analogue/Digital
SAMSUNG,QA65QN990FW,LCD (LED),65,1.148,282.0,0.5,0.0,1032.0,361.0,245.6,899.0,1.0,1,56-65in,Vietnam,Digital
SAMSUNG,QA65QN990FS,LCD (LED),65,1.148,282.0,0.5,0.0,1032.0,361.0,245.6,899.0,1.0,1,56-65in,Vietnam,Digital
SAMSUNG,QA65QN990F*,LCD (LED),65,1.148,282.0,0.5,0.0,1032.0,361.0,245.6,899.0,1.0,1,56-65in,Vietnam,Digital
TCL,43P7K,LCD (LED),42,0.498,50.5,0.335,0.0,220.0,77.0,101.4,442.0,4.5,4,33-43in,China,Analogue/Digital
LG,OLED97G5PSA,OLED,97,2.568,228.0,0.4,0.0,835.0,292.0,88.8,325.0,5.5,6,86in+,"Indonesia,South Korea",Analogue/Digital
LG,OLED97G56LA,OLED,97,2.568,228.0,0.4,0.0,835.0,292.0,88.8,325.0,5.5,6,86in+,"Indonesia,South Korea",Analogue/Digital
LG,OLED97M5PSA,OLED,97,2.568,253.0,0.4,0.0,926.0,324.0,98.5,361.0,5.0,5,86in+,"Indonesia,South Korea",Analogue/Digital
LG,OLED97M56LA,OLED,97,2.568,253.0,0.4,0.0,926.0,324.0,98.5,361.0,5.0,5,86in+,"Indonesia,South Korea",Analogue/Digital
SAMSUNG,UA43TU8000W,LCD (LED),42,0.498,69.0,0.5,0.0,255.0,89.0,138.6,512.0,4.0,4,33-43in,Vietnam,Digital
SAMSUNG,UA43TU8000S,LCD (LED),42,0.498,69.0,0.5,0.0,255.0,89.0,138.6,512.0,4.0,4,33-43in,Vietnam,Digital
SAMSUNG,UA43TU8500S,LCD (LED),42,0.498,69.0,0.5,0.0,255.0,89.0,138.6,512.0,4.0,4,33-43in,Vietnam,Digital
SAMSUNG,UA43TU8000,LCD (LED),42,0.498,69.0,0.5,0.0,255.0,89.0,138.6,512.0,4.0,4,33-43in,Vietnam,Digital
SAMSUNG,UA75TU8000W,LCD (LED),75,1.536,154.0,0.5,0.0,565.0,198.0,100.3,368.0,5.0,5,66-75in,Vietnam,Digital
SAMSUNG,UA75TU8000S,LCD (LED),75,1.536,154.0,0.5,0.0,565.0,198.0,100.3,368.0,5.0,5,66-75in,Vietnam,Digital
SAMSUNG,UA75TU8000,LCD (LED),75,1.536,154.0,0.5,0.0,565.0,198.0,100.3,368.0,5.0,5,66-75in,Vietnam,Digital
SAMSUNG,QA65LS03FWW,LCD (LED),65,1.148,154.0,0.5,0.0,565.0,198.0,134.1,492.0,4.0,4,56-65in,Vietnam,Digital
SAMSUNG,QA65LS03FWS,LCD (LED),65,1.148,154.0,0.5,0.0,565.0,198.0,134.1,492.0,4.0,4,56-65in,Vietnam,Digital
SAMSUNG,QA65LS03FW*,LCD (LED),65,1.148,154.0,0.5,0.0,565.0,198.0,134.1,492.0,4.0,4,56-65in,Vietnam,Digital
SAMSUNG,QA83S95FAE,LCD (LED),83,1.877,248.0,0.5,0.0,908.0,318.0,132.1,484.0,4.0,4,76-85in,Vietnam,Digital
SAMSUNG,QA85Q8FAAW,LCD (LED),85,1.971,196.0,0.5,0.0,718.0,251.0,99.4,364.0,5.0,5,76-85in,Vietnam,Digital
SAMSUNG,QA85Q8FAAS,LCD (LED),85,1.971,196.0,0.5,0.0,718.0,251.0,99.4,364.0,5.0,5,76-85in,Vietnam,Digital
SAMSUNG,QA85Q8F5AW,LCD (LED),85,1.971,196.0,0.5,0.0,718.0,251.0,99.4,364.0,5.0,5,76-85in,Vietnam,Digital
SAMSUNG,QA85Q8F*A*,LCD (LED),85,1.971,196.0,0.5,0.0,718.0,251.0,99.4,364.0,5.0,5,76-85in,Vietnam,Digital
SAMSUNG,QA75Q8FAAW,LCD (LED),75,1.532,181.0,0.5,0.0,664.0,232.0,118.1,433.0,4.5,4,66-75in,Vietnam,Digital
SAMSUNG,QA75Q8FAAS,LCD (LED),75,1.532,181.0,0.5,0.0,664.0,232.0,118.1,433.0,4.5,4,66-75in,Vietnam,Digital
SAMSUNG,QA75Q8F5AW,LCD (LED),75,1.532,181.0,0.5,0.0,664.0,232.0,118.1,433.0,4.5,4,66-75in,Vietnam,Digital
SAMSUNG,QA75Q8F*A*,LCD (LED),75,1.532,181.0,0.5,0.0,664.0,232.0,118.1,433.0,4.5,4,66-75in,Vietnam,Digital
SAMSUNG,QA65Q8FAAW,LCD (LED),65,1.148,122.0,0.5,0.0,448.0,157.0,106.3,390.0,5.0,5,56-65in,Vietnam,Digital
SAMSUNG,QA65Q8FAAS,LCD (LED),65,1.148,122.0,0.5,0.0,448.0,157.0,106.3,390.0,5.0,5,56-65in,Vietnam,Digital
SAMSUNG,QA65Q8F5AW,LCD (LED),65,1.148,122.0,0.5,0.0,448.0,157.0,106.3,390.0,5.0,5,56-65in,Vietnam,Digital
SAMSUNG,QA65Q8F*A*,LCD (LED),65,1.148,122.0,0.5,0.0,448.0,157.0,106.3,390.0,5.0,5,56-65in,Vietnam,Digital
SAMSUNG,QA55Q8FAAW,LCD (LED),55,0.823,79.0,0.5,0.0,291.0,102.0,96.0,354.0,5.5,6,51-55in,Vietnam,Digital
SAMSUNG,QA55Q8FAAS,LCD (LED),55,0.823,79.0,0.5,0.0,291.0,102.0,96.0,354.0,5.5,6,51-55in,Vietnam,Digital
SAMSUNG,QA55Q8F5AW,LCD (LED),55,0.823,79.0,0.5,0.0,291.0,102.0,96.0,354.0,5.5,6,51-55in,Vietnam,Digital
SAMSUNG,QA55Q8F*A*,LCD (LED),55,0.823,79.0,0.5,0.0,291.0,102.0,96.0,354.0,5.5,6,51-55in,Vietnam,Digital
SAMSUNG,QA50Q8FAAW,LCD (LED),49,0.675,75.0,0.5,0.0,277.0,97.0,111.1,410.0,5.0,5,44-50in,Vietnam,Digital
SAMSUNG,QA50Q8FAAS,LCD (LED),49,0.675,75.0,0.5,0.0,277.0,97.0,111.1,410.0,5.0,5,44-50in,Vietnam,Digital
SAMSUNG,QA50Q8F5AW,LCD (LED),49,0.675,75.0,0.5,0.0,277.0,97.0,111.1,410.0,5.0,5,44-50in,Vietnam,Digital
SAMSUNG,QA50Q8F*A*,LCD (LED),49,0.675,75.0,0.5,0.0,277.0,97.0,111.1,410.0,5.0,5,44-50in,Vietnam,Digital
SAMSUNG,QA43Q8FAAW,LCD (LED),43,0.498,68.0,0.5,0.0,251.0,88.0,136.5,504.0,4.0,4,33-43in,Vietnam,Digital
SAMSUNG,QA43Q8FAAS,LCD (LED),43,0.498,68.0,0.5,0.0,251.0,88.0,136.5,504.0,4.0,4,33-43in,Vietnam,Digital
SAMSUNG,QA43Q8F5AW,LCD (LED),43,0.498,68.0,0.5,0.0,251.0,88.0,136.5,504.0,4.0,4,33-43in,Vietnam,Digital
SAMSUNG,QA43Q8F*A*,LCD (LED),43,0.498,68.0,0.5,0.0,251.0,88.0,136.5,504.0,4.0,4,33-43in,Vietnam,Digital
SONY,K-98XR50,LCD (LED),98,2.621,356.4,0.5,10.8,1306.0,457.0,136.0,498.0,3.5,4,86in+,China,Analogue/Digital
SAMSUNG,QA55QN80FAW,LCD (LED),55,0.823,107.0,0.5,0.0,394.0,138.0,130.0,479.0,4.0,4,51-55in,Vietnam,Digital
SAMSUNG,QA55QN80FAS,LCD (LED),55,0.823,107.0,0.5,0.0,394.0,138.0,130.0,479.0,4.0,4,51-55in,Vietnam,Digital
SAMSUNG,QA55QN80FA*,LCD (LED),55,0.823,107.0,0.5,0.0,394.0,138.0,130.0,479.0,4.0,4,51-55in,Vietnam,Digital
SAMSUNG,QA50QN80FAW,LCD (LED),50,0.708,100.0,0.5,0.0,368.0,129.0,141.2,520.0,4.0,4,44-50in,Vietnam,Digital
SAMSUNG,QA50QN80FAS,LCD (LED),50,0.708,100.0,0.5,0.0,368.0,129.0,141.2,520.0,4.0,4,44-50in,Vietnam,Digital
SAMSUNG,QA50QN80FA*,LCD (LED),50,0.708,100.0,0.5,0.0,368.0,129.0,141.2,520.0,4.0,4,44-50in,Vietnam,Digital
SAMSUNG,QA75QN80FAW,LCD (LED),75,1.532,204.0,0.5,0.0,748.0,262.0,133.2,488.0,4.0,4,66-75in,Vietnam,Digital
SAMSUNG,QA75QN80FAS,LCD (LED),75,1.532,204.0,0.5,0.0,748.0,262.0,133.2,488.0,4.0,4,66-75in,Vietnam,Digital
SAMSUNG,QA75QN80FA*,LCD (LED),75,1.532,204.0,0.5,0.0,748.0,262.0,133.2,488.0,4.0,4,66-75in,Vietnam,Digital
SAMSUNG,QA85QN80FAW,LCD (LED),85,1.971,248.0,0.5,0.0,908.0,318.0,125.8,461.0,4.0,4,76-85in,Vietnam,Digital
SAMSUNG,QA85QN80FAS,LCD (LED),85,1.971,248.0,0.5,0.0,908.0,318.0,125.8,461.0,4.0,4,76-85in,Vietnam,Digital
SAMSUNG,QA85QN80FA*,LCD (LED),85,1.971,248.0,0.5,0.0,908.0,318.0,125.8,461.0,4.0,4,76-85in,Vietnam,Digital
LG,100QNED86A6,LCD (LED),100,2.73,260.0,0.4,0.0,952.0,333.0,95.2,349.0,5.5,6,86in+,"South Korea,Indonesia",Analogue/Digital
LG,100QNED86AS,LCD (LED),100,2.73,260.0,0.4,0.0,952.0,333.0,95.2,349.0,5.5,6,86in+,"Indonesia,South Korea",Analogue/Digital
SAMSUNG,QA55QN85FAW,LCD (LED),55,0.823,111.0,0.5,0.0,408.0,143.0,134.9,496.0,4.0,4,51-55in,Vietnam,Digital
SAMSUNG,QA55QN85FAS,LCD (LED),55,0.823,111.0,0.5,0.0,408.0,143.0,134.9,496.0,4.0,4,51-55in,Vietnam,Digital
SAMSUNG,QA55QN85FA*,LCD (LED),55,0.823,111.0,0.5,0.0,408.0,143.0,134.9,496.0,4.0,4,51-55in,Vietnam,Digital
SKYWORTH,24LP60G,LCD (LED),24,0.156,16.33,,,76.0,27.0,104.7,487.0,5.5,6,32in & under,China,Analogue/Digital
SAMSUNG,QA65QN85FAW,LCD (LED),65,1.148,140.0,0.5,0.0,514.0,180.0,122.0,448.0,4.5,4,56-65in,Vietnam,Digital
SAMSUNG,QA65QN85FAS,LCD (LED),65,1.148,140.0,0.5,0.0,514.0,180.0,122.0,448.0,4.5,4,56-65in,Vietnam,Digital
SAMSUNG,QA65QN85FA*,LCD (LED),65,1.148,140.0,0.5,0.0,514.0,180.0,122.0,448.0,4.5,4,56-65in,Vietnam,Digital
SAMSUNG,QA75QN85FAW,LCD (LED),75,1.532,166.0,0.5,0.0,609.0,213.0,108.4,398.0,5.0,5,66-75in,Vietnam,Digital
SAMSUNG,QA75QN85FAS,LCD (LED),75,1.532,166.0,0.5,0.0,609.0,213.0,108.4,398.0,5.0,5,66-75in,Vietnam,Digital
SAMSUNG,QA75QN85FA*,LCD (LED),75,1.532,166.0,0.5,0.0,609.0,213.0,108.4,398.0,5.0,5,66-75in,Vietnam,Digital
SAMSUNG,QA85QN85FAW,LCD (LED),85,1.971,211.0,0.5,0.0,773.0,271.0,107.1,392.0,5.0,5,76-85in,Vietnam,Digital
SAMSUNG,QA85QN85FAS,LCD (LED),85,1.971,211.0,0.5,0.0,773.0,271.0,107.1,392.0,5.0,5,76-85in,Vietnam,Digital
SAMSUNG,QA85QN85FA*,LCD (LED),85,1.971,211.0,0.5,0.0,773.0,271.0,107.1,392.0,5.0,5,76-85in,Vietnam,Digital
SAMSUNG,QA50LS03FAW,LCD (LED),49,0.675,92.0,0.5,0.0,339.0,119.0,136.3,502.0,4.0,4,44-50in,Vietnam,Digital
SAMSUNG,QA50LS03FAS,LCD (LED),49,0.675,92.0,0.5,0.0,339.0,119.0,136.3,502.0,4.0,4,44-50in,Vietnam,Digital
SAMSUNG,QA50LS03FA*,LCD (LED),49,0.675,92.0,0.5,0.0,339.0,119.0,136.3,502.0,4.0,4,44-50in,Vietnam,Digital
SAMSUNG,QA65LS03FAW,LCD (LED),65,1.148,153.0,0.5,0.0,562.0,197.0,133.3,490.0,4.0,4,56-65in,Vietnam,Digital
SAMSUNG,QA75LS03FWW,LCD (LED),75,1.532,189.0,0.5,0.0,693.0,243.0,123.4,452.0,4.0,4,66-75in,Vietnam,Digital
SAMSUNG,QA75LS03FWS,LCD (LED),75,1.532,189.0,0.5,0.0,693.0,243.0,123.4,452.0,4.0,4,66-75in,Vietnam,Digital
SAMSUNG,QA75LS03FW*,LCD (LED),75,1.532,189.0,0.5,0.0,693.0,243.0,123.4,452.0,4.0,4,66-75in,Vietnam,Digital
SAMSUNG,QA85LS03FWW,LCD (LED),85,1.971,220.0,0.5,0.0,806.0,282.0,111.6,409.0,4.5,4,76-85in,Vietnam,Digital
SAMSUNG,QA85LS03FWS,LCD (LED),85,1.971,220.0,0.5,0.0,806.0,282.0,111.6,409.0,4.5,4,76-85in,Vietnam,Digital
SAMSUNG,QA85LS03FW*,LCD (LED),85,1.971,220.0,0.5,0.0,806.0,282.0,111.6,409.0,4.5,4,76-85in,Vietnam,Digital
SAMSUNG,QA50QN90FAW,LCD (LED),49,0.675,77.0,0.5,0.0,284.0,99.0,114.1,421.0,5.0,5,44-50in,Vietnam,Digital
SAMSUNG,QA50QN90FAS,LCD (LED),49,0.675,77.0,0.5,0.0,284.0,99.0,114.1,421.0,5.0,5,44-50in,Vietnam,Digital
SAMSUNG,QA50QN90FA*,LCD (LED),49,0.675,77.0,0.5,0.0,284.0,99.0,114.1,421.0,5.0,5,44-50in,Vietnam,Digital
MONSTER,MT24HDNFB,LCD (LED),24,0.153,15.38,0.5,0.0,59.0,21.0,100.5,386.0,6.0,6,32in & under,China,Digital
MONSTER,MT32HDNFB,LCD (LED),32,0.274,15.87,0.4,0.0,60.0,21.0,57.9,219.0,8.0,8,32in & under,China,Digital
SAMSUNG,QA55Q7FAAW,LCD (LED),55,0.823,84.0,0.5,0.0,310.0,108.0,102.1,377.0,5.0,5,51-55in,Vietnam,Digital
SAMSUNG,QA55Q7FAAS,LCD (LED),55,0.823,84.0,0.5,0.0,310.0,108.0,102.1,377.0,5.0,5,51-55in,Vietnam,Digital
SAMSUNG,QA55Q7F5AW,LCD (LED),55,0.823,84.0,0.5,0.0,310.0,108.0,102.1,377.0,5.0,5,51-55in,Vietnam,Digital
SAMSUNG,QA55Q7F5AS,LCD (LED),55,0.823,84.0,0.5,0.0,310.0,108.0,102.1,377.0,5.0,5,51-55in,Vietnam,Digital
SAMSUNG,QA55QEF1AW,LCD (LED),55,0.823,84.0,0.5,0.0,310.0,108.0,102.1,377.0,5.0,5,51-55in,Vietnam,Digital
SAMSUNG,QA55QEF1AS,LCD (LED),55,0.823,84.0,0.5,0.0,310.0,108.0,102.1,377.0,5.0,5,51-55in,Vietnam,Digital
SAMSUNG,55Q7F,LCD (LED),55,0.823,84.0,0.5,0.0,310.0,108.0,102.1,377.0,5.0,5,51-55in,Vietnam,Digital
SAMSUNG,QA65Q7FAAW,LCD (LED),65,1.148,117.0,0.5,0.0,430.0,150.0,101.9,375.0,5.0,5,56-65in,Vietnam,Digital
SAMSUNG,QA65Q7FAAS,LCD (LED),65,1.148,117.0,0.5,0.0,430.0,150.0,101.9,375.0,5.0,5,56-65in,Vietnam,Digital
SAMSUNG,QA65Q7F5AW,LCD (LED),65,1.148,117.0,0.5,0.0,430.0,150.0,101.9,375.0,5.0,5,56-65in,Vietnam,Digital
SAMSUNG,QA65Q7F5AS,LCD (LED),65,1.148,117.0,0.5,0.0,430.0,150.0,101.9,375.0,5.0,5,56-65in,Vietnam,Digital
SAMSUNG,QA65QEF1AW,LCD (LED),65,1.148,117.0,0.5,0.0,430.0,150.0,101.9,375.0,5.0,5,56-65in,Vietnam,Digital
SAMSUNG,QA65QEF1AS,LCD (LED),65,1.148,117.0,0.5,0.0,430.0,150.0,101.9,375.0,5.0,5,56-65in,Vietnam,Digital
SAMSUNG,QA75Q7FAAW,LCD (LED),75,1.532,143.0,0.5,0.0,525.0,184.0,93.3,343.0,5.5,6,66-75in,Vietnam,Digital
SAMSUNG,QA75Q7FAAS,LCD (LED),75,1.532,143.0,0.5,0.0,525.0,184.0,93.3,343.0,5.5,6,66-75in,Vietnam,Digital
SAMSUNG,QA75Q7F5AW,LCD (LED),75,1.532,143.0,0.5,0.0,525.0,184.0,93.3,343.0,5.5,6,66-75in,Vietnam,Digital
SAMSUNG,QA75Q7F5AS,LCD (LED),75,1.532,143.0,0.5,0.0,525.0,184.0,93.3,343.0,5.5,6,66-75in,Vietnam,Digital
SAMSUNG,QA75QEF1AW,LCD (LED),75,1.532,143.0,0.5,0.0,525.0,184.0,93.3,343.0,5.5,6,66-75in,Vietnam,Digital
SAMSUNG,QA75QEF1AS,LCD (LED),75,1.532,143.0,0.5,0.0,525.0,184.0,93.3,343.0,5.5,6,66-75in,Vietnam,Digital
SAMSUNG,QA85Q7FAAW,LCD (LED),85,1.971,187.0,0.5,0.0,686.0,240.0,94.9,348.0,5.5,6,76-85in,Vietnam,Digital
SAMSUNG,QA85Q7FAAS,LCD (LED),85,1.971,187.0,0.5,0.0,686.0,240.0,94.9,348.0,5.5,6,76-85in,Vietnam,Digital
SAMSUNG,QA85Q7F5AW,LCD (LED),85,1.971,187.0,0.5,0.0,686.0,240.0,94.9,348.0,5.5,6,76-85in,Vietnam,Digital
SAMSUNG,QA85Q7F5AS,LCD (LED),85,1.971,187.0,0.5,0.0,686.0,240.0,94.9,348.0,5.5,6,76-85in,Vietnam,Digital
SAMSUNG,QA85QEF1AW,LCD (LED),85,1.971,187.0,0.5,0.0,686.0,240.0,94.9,348.0,5.5,6,76-85in,Vietnam,Digital
SAMSUNG,QA85QEF1AS,LCD (LED),85,1.971,187.0,0.5,0.0,686.0,240.0,94.9,348.0,5.5,6,76-85in,Vietnam,Digital
SAMSUNG,85Q7F,LCD (LED),85,1.971,187.0,0.5,0.0,686.0,240.0,94.9,348.0,5.5,6,76-85in,Vietnam,Digital
SAMSUNG,QA100QN80FW,LCD (LED),100,2.73,282.0,0.5,0.0,1032.0,361.0,103.3,378.0,5.0,5,86in+,Vietnam,Digital
SAMSUNG,QA100QN80FS,LCD (LED),100,2.73,282.0,0.5,0.0,1032.0,361.0,103.3,378.0,5.0,5,86in+,Vietnam,Digital
SAMSUNG,QA100QN80F*,LCD (LED),100,2.73,282.0,0.5,0.0,1032.0,361.0,103.3,378.0,5.0,5,86in+,Vietnam,Digital
AIWA,AWS550G,LCD (LED),55,0.823,65.43,0.43,0.0,258.0,90.0,79.5,313.0,6.0,6,51-55in,China,Analogue/Digital
LG,55UA7350PSB,LCD (LED),55,0.823,91.0,,,334.0,117.0,110.6,406.0,5.0,5,51-55in,"China,Vietnam",Analogue/Digital
LG,50UA7350PSB,LCD (LED),49,0.675,81.0,,,297.0,104.0,120.0,440.0,4.5,4,44-50in,"China,Vietnam",Analogue/Digital
LG,86UA8450PSA,LCD (LED),86,2.02,155.0,,,568.0,199.0,76.7,281.0,6.0,6,86in+,"China,Vietnam",Analogue/Digital
LG,43UA7350PSB,LCD (LED),43,0.498,66.0,,,242.0,85.0,132.5,486.0,4.5,4,33-43in,"China,Vietnam",Analogue/Digital
LG,75UA8450PSA,LCD (LED),75,1.531,137.0,,,502.0,176.0,89.5,328.0,5.5,6,66-75in,"China,Vietnam",Analogue/Digital
LG,65UA7350PSB,LCD (LED),65,1.148,115.0,,,422.0,148.0,100.2,368.0,5.0,5,56-65in,"China,Vietnam",Analogue/Digital
LG,50QNED80ASA,LCD (LED),49,0.675,68.0,0.4,0.0,251.0,88.0,100.7,372.0,5.5,6,44-50in,"Indonesia,South Korea",Analogue/Digital
LG,75QNED86A6A,LCD (LED),75,1.531,106.0,0.4,0.0,389.0,136.0,69.2,254.0,7.0,7,66-75in,"Indonesia,South Korea",Analogue/Digital
EMETE,EME-5501TE,LCD (LED),55,0.823,104.8,,,391.0,137.0,127.3,475.0,4.0,4,51-55in,China,Analogue/Digital
EMETE,EME-5502TE,LCD (LED),55,0.823,104.8,,,391.0,137.0,127.3,475.0,4.0,4,51-55in,China,Analogue/Digital
EMETE,EME-5503TE,LCD (LED),55,0.823,104.8,,,391.0,137.0,127.3,475.0,4.0,4,51-55in,China,Analogue/Digital
EMETE,EME-5504TE,LCD (LED),55,0.823,104.8,,,391.0,137.0,127.3,475.0,4.0,4,51-55in,China,Analogue/Digital
EMETE,EME-5505TE,LCD (LED),55,0.823,104.8,,,391.0,137.0,127.3,475.0,4.0,4,51-55in,China,Analogue/Digital
EMETE,EME-5506TE,LCD (LED),55,0.823,104.8,,,391.0,137.0,127.3,475.0,4.0,4,51-55in,China,Analogue/Digital
EMETE,EME-5507TE,LCD (LED),55,0.823,104.8,,,391.0,137.0,127.3,475.0,4.0,4,51-55in,China,Analogue/Digital
EMETE,EME-5508TE,LCD (LED),55,0.823,104.8,,,391.0,137.0,127.3,475.0,4.0,4,51-55in,China,Analogue/Digital
EMETE,EME-5509TE,LCD (LED),55,0.823,104.8,,,391.0,137.0,127.3,475.0,4.0,4,51-55in,China,Analogue/Digital
EMETE,EME-6501TE,LCD (LED),65,1.148,110.08,,,415.0,145.0,95.9,361.0,5.5,6,56-65in,China,Analogue/Digital
EMETE,EME-6502TE,LCD (LED),65,1.148,110.08,,,415.0,145.0,95.9,361.0,5.5,6,56-65in,China,Analogue/Digital
EMETE,EME-6503TE,LCD (LED),65,1.148,110.08,,,415.0,145.0,95.9,361.0,5.5,6,56-65in,China,Analogue/Digital
EMETE,EME-6504TE,LCD (LED),65,1.148,110.08,,,415.0,145.0,95.9,361.0,5.5,6,56-65in,China,Analogue/Digital
EMETE,EME-6505TE,LCD (LED),65,1.148,110.08,,,415.0,145.0,95.9,361.0,5.5,6,56-65in,China,Analogue/Digital
EMETE,EME-6506TE,LCD (LED),65,1.148,110.08,,,415.0,145.0,95.9,361.0,5.5,6,56-65in,China,Analogue/Digital
EMETE,EME-6507TE,LCD (LED),65,1.148,110.08,,,415.0,145.0,95.9,361.0,5.5,6,56-65in,China,Analogue/Digital
EMETE,EME-6508TE,LCD (LED),65,1.148,110.08,,,415.0,145.0,95.9,361.0,5.5,6,56-65in,China,Analogue/Digital
EMETE,EME-6509TE,LCD (LED),65,1.148,110.08,,,415.0,145.0,95.9,361.0,5.5,6,56-65in,China,Analogue/Digital
EMETE,EME-6510TE,LCD (LED),65,1.148,110.08,,,415.0,145.0,95.9,361.0,5.5,6,56-65in,China,Analogue/Digital
EMETE,EME-7501TE,LCD (LED),75,1.531,175.6,,,650.0,228.0,114.7,425.0,4.5,4,66-75in,China,Analogue/Digital
EMETE,EME-7502TE,LCD (LED),75,1.531,175.6,,,650.0,228.0,114.7,425.0,4.5,4,66-75in,China,Analogue/Digital
EMETE,EME-7503TE,LCD (LED),75,1.531,175.6,,,650.0,228.0,114.7,425.0,4.5,4,66-75in,China,Analogue/Digital
EMETE,EME-7504TE,LCD (LED),75,1.531,175.6,,,650.0,228.0,114.7,425.0,4.5,4,66-75in,China,Analogue/Digital
EMETE,EME-7505TE,LCD (LED),75,1.531,175.6,,,650.0,228.0,114.7,425.0,4.5,4,66-75in,China,Analogue/Digital
EMETE,EME-7506TE,LCD (LED),75,1.531,175.6,,,650.0,228.0,114.7,425.0,4.5,4,66-75in,China,Analogue/Digital
EMETE,EME-7507TE,LCD (LED),75,1.531,175.6,,,650.0,228.0,114.7,425.0,4.5,4,66-75in,China,Analogue/Digital
EMETE,EME-7508TE,LCD (LED),75,1.531,175.6,,,650.0,228.0,114.7,425.0,4.5,4,66-75in,China,Analogue/Digital
EMETE,EME-7509TE,LCD (LED),75,1.531,175.6,,,650.0,228.0,114.7,425.0,4.5,4,66-75in,China,Analogue/Digital
EMETE,EME-7510TE,LCD (LED),75,1.531,175.6,,,650.0,228.0,114.7,425.0,4.5,4,66-75in,China,Analogue/Digital
EMETE,EME-8501TE,LCD (LED),85,1.971,199.69,,,740.0,259.0,101.3,375.0,5.0,5,76-85in,China,Analogue/Digital
EMETE,EME-8502TE,LCD (LED),85,1.971,199.69,,,740.0,259.0,101.3,375.0,5.0,5,76-85in,China,Analogue/Digital
EMETE,EME-8503TE,LCD (LED),85,1.971,199.69,,,740.0,259.0,101.3,375.0,5.0,5,76-85in,China,Analogue/Digital
EMETE,EME-8504TE,LCD (LED),85,1.971,199.69,,,740.0,259.0,101.3,375.0,5.0,5,76-85in,China,Analogue/Digital
EMETE,EME-8505TE,LCD (LED),85,1.971,199.69,,,740.0,259.0,101.3,375.0,5.0,5,76-85in,China,Analogue/Digital
EMETE,EME-8506TE,LCD (LED),85,1.971,199.69,,,740.0,259.0,101.3,375.0,5.0,5,76-85in,China,Analogue/Digital
EMETE,EME-8507TE,LCD (LED),85,1.971,199.69,,,740.0,259.0,101.3,375.0,5.0,5,76-85in,China,Analogue/Digital
EMETE,EME-8508TE,LCD (LED),85,1.971,199.69,,,740.0,259.0,101.3,375.0,5.0,5,76-85in,China,Analogue/Digital
EMETE,EME-8509TE,LCD (LED),85,1.971,199.69,,,740.0,259.0,101.3,375.0,5.0,5,76-85in,China,Analogue/Digital
EMETE,EME-8510TE,LCD (LED),85,1.971,199.69,,,740.0,259.0,101.3,375.0,5.0,5,76-85in,China,Analogue/Digital
EMETE,EME-1001TE,LCD (LED),100,2.73,320.0,,,1201.0,420.0,117.2,440.0,4.0,4,86in+,China,Analogue/Digital
EMETE,EME-1002TE,LCD (LED),100,2.73,320.0,,,1201.0,420.0,117.2,440.0,4.0,4,86in+,China,Analogue/Digital
EMETE,EME-1003TE,LCD (LED),100,2.73,320.0,,,1201.0,420.0,117.2,440.0,4.0,4,86in+,China,Analogue/Digital
EMETE,EME-1004TE,LCD (LED),100,2.73,320.0,,,1201.0,420.0,117.2,440.0,4.0,4,86in+,China,Analogue/Digital
EMETE,EME-1005TE,LCD (LED),100,2.73,320.0,,,1201.0,420.0,117.2,440.0,4.0,4,86in+,China,Analogue/Digital
EMETE,EME-1006TE,LCD (LED),100,2.73,320.0,,,1201.0,420.0,117.2,440.0,4.0,4,86in+,China,Analogue/Digital
EMETE,EME-1007TE,LCD (LED),100,2.73,320.0,,,1201.0,420.0,117.2,440.0,4.0,4,86in+,China,Analogue/Digital
EMETE,EME-1008TE,LCD (LED),100,2.73,320.0,,,1201.0,420.0,117.2,440.0,4.0,4,86in+,China,Analogue/Digital
EMETE,EME-1009TE,LCD (LED),100,2.73,320.0,,,1201.0,420.0,117.2,440.0,4.0,4,86in+,China,Analogue/Digital
EMETE,EME-1010TE,LCD (LED),100,2.73,320.0,,,1201.0,420.0,117.2,440.0,4.0,4,86in+,China,Analogue/Digital
BAUHN,ATV43FHDW-0325,LCD,43,0.511,39.8,0.35,0.0,172.0,60.0,77.9,337.0,6.0,6,33-43in,China,Analogue/Digital
SAMSUNG,QA75QN990FW,LCD (LED),75,1.532,285.0,0.5,0.0,1043.0,365.0,186.0,681.0,2.5,2,66-75in,Vietnam,Digital
SAMSUNG,QA75QN990FS,LCD (LED),75,1.532,285.0,0.5,0.0,1043.0,365.0,186.0,681.0,2.5,2,66-75in,Vietnam,Digital
SAMSUNG,QA75QN990F*,LCD (LED),75,1.532,285.0,0.5,0.0,1043.0,365.0,186.0,681.0,2.5,2,66-75in,Vietnam,Digital
SAMSUNG,QA55QN1EFAW,LCD (LED),55,0.823,112.0,0.5,0.0,412.0,144.0,136.1,501.0,4.0,4,51-55in,Vietnam,Digital
SAMSUNG,QA55QN1EFAS,LCD (LED),55,0.823,112.0,0.5,0.0,412.0,144.0,136.1,501.0,4.0,4,51-55in,Vietnam,Digital
SAMSUNG,QA55QN1EFA*,LCD (LED),55,0.823,112.0,0.5,0.0,412.0,144.0,136.1,501.0,4.0,4,51-55in,Vietnam,Digital
SAMSUNG,QA65QN1EFAW,LCD (LED),65,1.148,131.0,0.5,0.0,481.0,168.0,114.1,419.0,4.5,4,56-65in,Vietnam,Digital
SAMSUNG,QA65QN1EFAS,LCD (LED),65,1.148,131.0,0.5,0.0,481.0,168.0,114.1,419.0,4.5,4,56-65in,Vietnam,Digital
SAMSUNG,QA65QN1EFA*,LCD (LED),65,1.148,131.0,0.5,0.0,481.0,168.0,114.1,419.0,4.5,4,56-65in,Vietnam,Digital
SAMSUNG,QA75QN1EFAW,LCD (LED),75,1.532,178.0,0.5,0.0,653.0,229.0,116.2,426.0,4.5,4,66-75in,Vietnam,Digital
SAMSUNG,QA75QN1EFAS,LCD (LED),75,1.532,178.0,0.5,0.0,653.0,229.0,116.2,426.0,4.5,4,66-75in,Vietnam,Digital
SAMSUNG,QA75QN1EFA*,LCD (LED),75,1.532,178.0,0.5,0.0,653.0,229.0,116.2,426.0,4.5,4,66-75in,Vietnam,Digital
SAMSUNG,QA85QN1EFAW,LCD (LED),85,1.971,220.0,0.5,0.0,806.0,282.0,111.6,409.0,4.5,4,76-85in,Vietnam,Digital
SAMSUNG,QA85QN1EFAS,LCD (LED),85,1.971,220.0,0.5,0.0,806.0,282.0,111.6,409.0,4.5,4,76-85in,Vietnam,Digital
SAMSUNG,QA85QN1EFA*,LCD (LED),85,1.971,220.0,0.5,0.0,806.0,282.0,111.6,409.0,4.5,4,76-85in,Vietnam,Digital
SAMSUNG,QA65Q*F SERIES,LCD (LED),65,1.148,117.0,0.5,0.0,430.0,150.0,101.9,375.0,5.0,5,56-65in,Vietnam,Digital
SAMSUNG,QA75Q*F SERIES,LCD (LED),75,1.532,143.0,0.5,0.0,525.0,184.0,93.3,343.0,5.5,6,66-75in,Vietnam,Digital
EMETE,EME-5510TE,LCD (LED),55,0.823,104.8,,,391.0,137.0,127.3,475.0,4.0,4,51-55in,China,Analogue/Digital
EMETE,EME-55XXTE,LCD (LED),55,0.823,104.8,,,391.0,137.0,127.3,475.0,4.0,4,51-55in,China,Analogue/Digital
EMETE,EME-65XXTE,LCD (LED),65,1.148,110.08,,,415.0,145.0,95.9,361.0,5.5,6,56-65in,China,Analogue/Digital
EMETE,EME-75XXTE,LCD (LED),75,1.531,175.6,,,650.0,228.0,114.7,425.0,4.5,4,66-75in,China,Analogue/Digital
EMETE,EME-85XXTE,LCD (LED),85,1.971,199.69,,,740.0,259.0,101.3,375.0,5.0,5,76-85in,China,Analogue/Digital
EMETE,EME-10XXTE,LCD (LED),100,2.73,320.0,,,1201.0,420.0,117.2,440.0,4.0,4,86in+,China,Analogue/Digital
TCL,85P7K,LCD (LED),85,1.971,186.5,0.356,0.0,826.0,289.0,94.6,419.0,4.5,4,76-85in,China,Analogue/Digital
TCL,65C8K,LCD (LED),64,1.147,107.4,0.305,0.0,450.0,158.0,93.6,392.0,5.0,5,56-65in,China,Analogue/Digital
TCL,75C8K,LCD (LED),75,1.531,128.9,0.346,0.0,547.0,191.0,84.2,357.0,5.5,6,66-75in,China,Analogue/Digital
TCL,98C8K,LCD (LED),97,2.62,165.6,0.329,0.0,769.0,269.0,63.2,294.0,6.0,6,86in+,China,Analogue/Digital
LG,OLED83B5PSA,OLED,83,1.877,151.0,0.4,0.0,554.0,194.0,80.4,295.0,6.0,6,76-85in,"Indonesia,South Korea",Analogue/Digital
LG,OLED83B56LA,OLED,83,1.877,151.0,0.4,0.0,554.0,194.0,80.4,295.0,6.0,6,76-85in,"Indonesia,South Korea",Analogue/Digital
TCL,75P7K,LCD (LED),75,1.531,104.7,0.334,0.0,460.0,161.0,68.4,300.0,6.0,6,66-75in,China,Analogue/Digital
EKO,K400FGTQ,LCD,40,0.429,50.5,0.25,0.25,186.0,65.0,117.7,434.0,5.0,5,33-43in,China,Analogue/Digital
KOGAN,KALED55U95TA,LCD (LED),55,0.823,65.43,0.43,0.0,258.0,90.0,79.5,313.0,6.0,6,51-55in,China,Analogue/Digital
BLAUPUNKT,BP400FTS,LCD,40,0.426,59.75,,,230.0,80.0,140.3,540.0,4.0,4,33-43in,China,Analogue/Digital
EKO,K40FST,LCD,40,0.426,59.75,,,230.0,80.0,140.3,540.0,4.0,4,33-43in,China,Analogue/Digital
LG,65UA8450PSA,LCD (LED),65,1.148,118.0,0.4,0.0,433.0,152.0,102.8,377.0,5.0,5,56-65in,"Indonesia,South Korea",Analogue/Digital
KOGAN,KAL24DH5400QA,LCD (LED),24,0.153,20.83,,,85.0,30.0,136.1,556.0,5.0,5,32in & under,"China,Vietnam",Digital
KOGAN,KAL24DH5400QB,LCD (LED),24,0.153,20.83,,,85.0,30.0,136.1,556.0,5.0,5,32in & under,"China,Vietnam",Digital
KOGAN,KAL24DH5400QC,LCD (LED),24,0.153,20.83,,,85.0,30.0,136.1,556.0,5.0,5,32in & under,"China,Vietnam",Digital
KOGAN,KAL24DH5400QD,LCD (LED),24,0.153,20.83,,,85.0,30.0,136.1,556.0,5.0,5,32in & under,"China,Vietnam",Digital
LG,65QNED93ASA,LCD (LED),65,1.148,159.1,0.33,0.34,678.0,237.0,138.6,591.0,3.0,3,56-65in,China,Analogue/Digital
LG,65QNED93A6A,LCD (LED),65,1.148,159.1,0.33,0.34,678.0,237.0,138.6,591.0,3.0,3,56-65in,China,Analogue/Digital
LG,65QNED92A6A,LCD (LED),65,1.148,159.1,0.33,0.34,678.0,237.0,138.6,591.0,3.0,3,56-65in,China,Analogue/Digital
LG,65QNED92ASA,LCD (LED),65,1.148,159.1,0.33,0.34,678.0,237.0,138.6,591.0,3.0,3,56-65in,China,Analogue/Digital
LG,65QNED92AUA,LCD (LED),65,1.148,159.1,0.33,0.34,678.0,237.0,138.6,591.0,3.0,3,56-65in,China,Analogue/Digital
LG,65QNED93AKA,LCD (LED),65,1.148,159.1,0.33,0.34,678.0,237.0,138.6,591.0,3.0,3,56-65in,China,Analogue/Digital
LG,"65QNED9#### (# can be A-Z, 0-9 or ""-"" or ""."" or blank)",LCD (LED),65,1.148,159.1,0.33,0.34,678.0,237.0,138.6,591.0,3.0,3,56-65in,China,Analogue/Digital
LG,75QNED93ASA,LCD (LED),75,1.532,190.2,0.31,0.32,806.0,282.0,124.2,526.0,3.5,4,66-75in,China,Analogue/Digital
LG,75QNED93A6A,LCD (LED),75,1.532,190.2,0.31,0.32,806.0,282.0,124.2,526.0,3.5,4,66-75in,China,Analogue/Digital
LG,75QNED92A6A,LCD (LED),75,1.532,190.2,0.31,0.32,806.0,282.0,124.2,526.0,3.5,4,66-75in,China,Analogue/Digital
LG,75QNED92ASA,LCD (LED),75,1.532,190.2,0.31,0.32,806.0,282.0,124.2,526.0,3.5,4,66-75in,China,Analogue/Digital
LG,75QNED92AUA,LCD (LED),75,1.532,190.2,0.31,0.32,806.0,282.0,124.2,526.0,3.5,4,66-75in,China,Analogue/Digital
LG,75QNED93AKA,LCD (LED),75,1.532,190.2,0.31,0.32,806.0,282.0,124.2,526.0,3.5,4,66-75in,China,Analogue/Digital
LG,"75QNED9#### (# can be A-Z, 0-9 or ""-"" or “.” or blank)",LCD (LED),75,1.532,190.2,0.31,0.32,806.0,282.0,124.2,526.0,3.5,4,66-75in,China,Analogue/Digital
HISENSE,40A4QAU,LCD (LED),40,0.426,28.17,0.25,0.0,121.0,42.0,66.1,284.0,7.0,7,33-43in,China,Analogue/Digital
HISENSE,40A4QNZ,LCD (LED),40,0.426,28.17,0.25,0.0,121.0,42.0,66.1,284.0,7.0,7,33-43in,China,Analogue/Digital
HISENSE,32A4QAU,LCD (LED),32,0.274,22.07,0.37,0.0,89.0,31.0,80.5,325.0,6.0,6,32in & under,China,Analogue/Digital
HISENSE,32A4QNZ,LCD (LED),32,0.274,22.07,0.37,0.0,89.0,31.0,80.5,325.0,6.0,6,32in & under,China,Analogue/Digital
HISENSE,43Q6QAU,LCD (LED),42,0.498,51.09,0.26,0.0,203.0,71.0,102.6,408.0,5.0,5,33-43in,China,Analogue/Digital
HISENSE,43Q6QNZ,LCD (LED),42,0.498,51.09,0.26,0.0,203.0,71.0,102.6,408.0,5.0,5,33-43in,China,Analogue/Digital
HISENSE,50Q6QAU,LCD (LED),50,0.675,59.02,0.26,0.0,239.0,84.0,87.4,354.0,5.5,6,44-50in,China,Analogue/Digital
HISENSE,50Q6QNZ,LCD (LED),50,0.675,59.02,0.26,0.0,239.0,84.0,87.4,354.0,5.5,6,44-50in,China,Analogue/Digital
HISENSE,55Q6QAU,LCD (LED),55,0.823,62.0,0.27,0.0,259.0,91.0,75.3,315.0,6.0,6,51-55in,China,Analogue/Digital
HISENSE,55Q6QNZ,LCD (LED),55,0.823,62.0,0.27,0.0,259.0,91.0,75.3,315.0,6.0,6,51-55in,China,Analogue/Digital
HISENSE,65Q6QAU,LCD (LED),65,1.148,98.86,0.38,0.0,399.0,140.0,86.1,348.0,5.5,6,56-65in,China,Analogue/Digital
HISENSE,65Q6QNZ,LCD (LED),65,1.148,98.86,0.38,0.0,399.0,140.0,86.1,348.0,5.5,6,56-65in,China,Analogue/Digital
HISENSE,75Q6QAU,LCD (LED),75,1.532,117.04,0.26,0.0,479.0,168.0,76.4,313.0,6.0,6,66-75in,China,Analogue/Digital
HISENSE,75Q6QNZ,LCD (LED),75,1.532,117.04,0.26,0.0,479.0,168.0,76.4,313.0,6.0,6,66-75in,China,Analogue/Digital
HISENSE,85Q6QAU,LCD (LED),85,1.971,177.89,0.26,0.0,698.0,244.0,90.3,354.0,5.5,6,76-85in,China,Analogue/Digital
HISENSE,85Q6QNZ,LCD (LED),85,1.971,177.89,0.26,0.0,698.0,244.0,90.3,354.0,5.5,6,76-85in,China,Analogue/Digital
HISENSE,65U7QAU,LCD (LED),65,1.148,115.94,0.375,0.0,465.0,163.0,101.0,405.0,5.0,5,56-65in,China,Analogue/Digital
HISENSE,65U7QNZ,LCD (LED),65,1.148,115.94,0.375,0.0,465.0,163.0,101.0,405.0,5.0,5,56-65in,China,Analogue/Digital
HISENSE,75U7QAU,LCD (LED),75,1.532,145.91,0.39,0.0,579.0,203.0,95.2,378.0,5.0,5,66-75in,China,Analogue/Digital
HISENSE,75U7QNZ,LCD (LED),75,1.532,145.91,0.39,0.0,579.0,203.0,95.2,378.0,5.0,5,66-75in,China,Analogue/Digital
HISENSE,85U7QAU,LCD (LED),85,1.971,186.38,0.34,0.0,759.0,266.0,94.6,385.0,5.0,5,76-85in,China,Analogue/Digital
HISENSE,85U7QNZ,LCD (LED),85,1.971,186.38,0.34,0.0,759.0,266.0,94.6,385.0,5.0,5,76-85in,China,Analogue/Digital
HISENSE,100U7QAU,LCD (LED),100,2.73,222.34,0.35,0.0,888.0,311.0,81.4,325.0,5.5,6,86in+,China,Analogue/Digital
HISENSE,100U7QNZ,LCD (LED),100,2.73,222.34,0.35,0.0,888.0,311.0,81.4,325.0,5.5,6,86in+,China,Analogue/Digital
LG,85QNED93ASA,LCD (LED),85,1.971,225.8,0.32,0.33,952.0,333.0,114.6,483.0,4.0,4,76-85in,China,Analogue/Digital
LG,85QNED93A6A,LCD (LED),85,1.971,225.8,0.32,0.33,952.0,333.0,114.6,483.0,4.0,4,76-85in,China,Analogue/Digital
LG,85QNED92A6A,LCD (LED),85,1.971,225.8,0.32,0.33,952.0,333.0,114.6,483.0,4.0,4,76-85in,China,Analogue/Digital
LG,85QNED92ASA,LCD (LED),85,1.971,225.8,0.32,0.33,952.0,333.0,114.6,483.0,4.0,4,76-85in,China,Analogue/Digital
LG,85QNED92AUA,LCD (LED),85,1.971,225.8,0.32,0.33,952.0,333.0,114.6,483.0,4.0,4,76-85in,China,Analogue/Digital
LG,85QNED93AKA,LCD (LED),85,1.971,225.8,0.32,0.33,952.0,333.0,114.6,483.0,4.0,4,76-85in,China,Analogue/Digital
LG,"85QNED9#### (# can be A-Z, 0-9 or ""-"" or ""."" or blank)",LCD (LED),85,1.971,225.8,0.32,0.33,952.0,333.0,114.6,483.0,4.0,4,76-85in,China,Analogue/Digital
KOGAN,KAL24DH5400Q*,LCD (LED),24,0.153,20.83,,,85.0,30.0,136.1,556.0,5.0,5,32in & under,"China,Vietnam",Digital
EKO,K70USTW,LCD (LED),70,1.338,147.1,0.45,0.46,690.0,242.0,109.9,516.0,3.5,4,66-75in,China,Analogue/Digital
COOCAA,32E5500H,LCD (LED),32,0.274,24.3,0.299,0.0,100.0,35.0,88.7,365.0,6.0,6,32in & under,China,Analogue/Digital
HISENSE,40A4Q,LCD (LED),40,0.426,28.17,0.25,0.0,121.0,42.0,66.1,284.0,7.0,7,33-43in,China,Analogue/Digital
JVC,LT-40NQ5155A,LCD (LED),39,0.426,32.46,,,151.0,53.0,76.2,354.0,6.0,6,33-43in,China,Analogue/Digital
JVC,AV-AQ405165A,LCD (LED),42,0.497,47.04,,,194.0,68.0,94.6,390.0,5.5,6,33-43in,China,Analogue/Digital
JVC,AV-JQ405155A,LCD (LED),42,0.497,47.04,,,194.0,68.0,94.6,390.0,5.5,6,33-43in,China,Analogue/Digital
JVC,LT-43NQ7155A,LCD (LED),42,0.497,47.04,,,194.0,68.0,94.6,390.0,5.5,6,33-43in,China,Analogue/Digital
JVC,AV-AQ405165A series,LCD (LED),42,0.497,47.04,,,194.0,68.0,94.6,390.0,5.5,6,33-43in,China,Analogue/Digital
JVC,AV-A557155A,LCD (LED),55,0.823,112.38,,,466.0,163.0,136.5,566.0,3.5,4,51-55in,China,Analogue/Digital
JVC,AV-J557155A,LCD (LED),55,0.823,112.38,,,466.0,163.0,136.5,566.0,3.5,4,51-55in,China,Analogue/Digital
JVC,LT-55N7155A,LCD (LED),55,0.823,112.38,,,466.0,163.0,136.5,566.0,3.5,4,51-55in,China,Analogue/Digital
JVC,LT-55N7165A,LCD (LED),55,0.823,112.38,,,466.0,163.0,136.5,566.0,3.5,4,51-55in,China,Analogue/Digital
JVC,AV-A557155A series,LCD (LED),55,0.823,112.38,,,466.0,163.0,136.5,566.0,3.5,4,51-55in,China,Analogue/Digital
JVC,AV-AE557155A,LCD (LED),55,0.845,75.48,,,302.0,106.0,89.3,357.0,5.5,6,51-55in,China,Analogue/Digital
JVC,AV-JE557165A,LCD (LED),55,0.845,75.48,,,302.0,106.0,89.3,357.0,5.5,6,51-55in,China,Analogue/Digital
JVC,LT-55NE7155A,LCD (LED),55,0.845,75.48,,,302.0,106.0,89.3,357.0,5.5,6,51-55in,China,Analogue/Digital
JVC,AV-AE557155A series,LCD (LED),55,0.845,75.48,,,302.0,106.0,89.3,357.0,5.5,6,51-55in,China,Analogue/Digital
JVC,AV-A657155A,LCD (LED),64,1.147,156.42,,,640.0,224.0,136.4,558.0,3.5,4,56-65in,China,Analogue/Digital
JVC,AV-J657155A,LCD (LED),64,1.147,156.42,,,640.0,224.0,136.4,558.0,3.5,4,56-65in,China,Analogue/Digital
JVC,LT-65N7165A,LCD (LED),64,1.147,156.42,,,640.0,224.0,136.4,558.0,3.5,4,56-65in,China,Analogue/Digital
JVC,AV-A657155A series,LCD (LED),64,1.147,156.42,,,640.0,224.0,136.4,558.0,3.5,4,56-65in,China,Analogue/Digital
JVC,AV-AE657155A,LCD (LED),65,1.182,107.58,,,448.0,157.0,91.0,379.0,5.0,5,56-65in,China,Analogue/Digital
JVC,AV-JE657165A,LCD (LED),65,1.182,107.58,,,448.0,157.0,91.0,379.0,5.0,5,56-65in,China,Analogue/Digital
JVC,LT-65NE7155A,LCD (LED),65,1.182,107.58,,,448.0,157.0,91.0,379.0,5.0,5,56-65in,China,Analogue/Digital
JVC,AV-AE657155A series,LCD (LED),65,1.182,107.58,,,448.0,157.0,91.0,379.0,5.0,5,56-65in,China,Analogue/Digital
EKO,K320HGPB,LCD (LED),32,0.274,32.4,0.415,0.0,127.0,44.0,118.2,464.0,5.0,5,32in & under,China,Analogue/Digital
LINSAR,LS60UHDNF25,LCD,60,0.996,86.09,0.35,0.0,320.0,112.0,86.4,321.0,6.0,6,56-65in,China,
AIWA,AWC400W,LCD,40,0.426,33.1,0.25,0.0,123.0,43.0,77.7,289.0,6.0,6,33-43in,China,Analogue/Digital
PHILIPS,55PQT9020/79,LCD (LED),55,0.823,136.1,,,532.0,186.0,165.4,646.0,3.0,3,51-55in,China,Analogue/Digital
SAMSUNG,QA43Q7FAAW,LCD (LED),43,0.498,68.0,0.5,0.0,251.0,88.0,136.5,504.0,4.0,4,33-43in,Vietnam,Digital
SAMSUNG,QA43Q7FAAS,LCD (LED),43,0.498,68.0,0.5,0.0,251.0,88.0,136.5,504.0,4.0,4,33-43in,Vietnam,Digital
SAMSUNG,QA43QEF1AW,LCD (LED),43,0.498,68.0,0.5,0.0,251.0,88.0,136.5,504.0,4.0,4,33-43in,Vietnam,Digital
SAMSUNG,QA43QEF1AS,LCD (LED),43,0.498,68.0,0.5,0.0,251.0,88.0,136.5,504.0,4.0,4,33-43in,Vietnam,Digital
SAMSUNG,QA43Q*F SERIES,LCD (LED),43,0.498,68.0,0.5,0.0,251.0,88.0,136.5,504.0,4.0,4,33-43in,Vietnam,Digital
SAMSUNG,QA50Q7FAAW,LCD (LED),49,0.675,79.0,0.5,0.0,291.0,102.0,117.0,431.0,4.5,4,44-50in,Vietnam,Digital
SAMSUNG,QA50Q7FAAS,LCD (LED),49,0.675,79.0,0.5,0.0,291.0,102.0,117.0,431.0,4.5,4,44-50in,Vietnam,Digital
SAMSUNG,QA50QEF1AW,LCD (LED),49,0.675,79.0,0.5,0.0,291.0,102.0,117.0,431.0,4.5,4,44-50in,Vietnam,Digital
SAMSUNG,QA50QEF1AS,LCD (LED),49,0.675,79.0,0.5,0.0,291.0,102.0,117.0,431.0,4.5,4,44-50in,Vietnam,Digital
SAMSUNG,QA50Q*F SERIES,LCD (LED),49,0.675,79.0,0.5,0.0,291.0,102.0,117.0,431.0,4.5,4,44-50in,Vietnam,Digital
TCL,98C7K,LCD (LED),97,2.62,164.0,0.338,0.0,800.0,280.0,62.6,305.0,6.0,6,86in+,China,Analogue/Digital
LG,55QNED70A6A,LCD (LED),55,0.823,92.0,0.4,0.0,338.0,118.0,111.8,411.0,5.0,5,51-55in,"Indonesia,South Korea",Analogue/Digital
LG,55QNED70ASA,LCD (LED),55,0.823,92.0,0.4,0.0,338.0,118.0,111.8,411.0,5.0,5,51-55in,"Indonesia,South Korea",Analogue/Digital
LG,65QNED70A6A,LCD (LED),65,1.148,118.0,0.4,0.0,433.0,152.0,102.8,377.0,5.0,5,56-65in,"Indonesia,South Korea",Analogue/Digital
LG,65QNED70ASA,LCD (LED),65,1.148,118.0,0.4,0.0,433.0,152.0,102.8,377.0,5.0,5,56-65in,"Indonesia,South Korea",Analogue/Digital
TOSHIBA,55Z670RP,LCD (LED),55,0.823,75.21,0.31,0.0,305.0,107.0,91.4,371.0,5.5,6,51-55in,China,Analogue/Digital
TOSHIBA,65Z670RP,LCD (LED),65,1.148,105.39,0.32,0.0,416.0,146.0,91.8,362.0,5.5,6,56-65in,China,Analogue/Digital
TOSHIBA,75Z670RP,LCD (LED),75,1.532,121.59,0.41,0.0,489.0,171.0,79.4,319.0,6.0,6,66-75in,China,Analogue/Digital
TOSHIBA,85Z670RP,LCD (LED),85,1.971,171.81,0.26,0.0,688.0,241.0,87.2,349.0,5.5,6,76-85in,China,Analogue/Digital
SAMSUNG,QA55QN3EFAW,LCD (LED),55,0.823,113.0,0.5,0.0,416.0,146.0,137.3,505.0,4.0,4,51-55in,Vietnam,Digital
SAMSUNG,QA55QN3EFAS,LCD (LED),55,0.823,113.0,0.5,0.0,416.0,146.0,137.3,505.0,4.0,4,51-55in,Vietnam,Digital
SAMSUNG,QA55QN3EFA*,LCD (LED),55,0.823,113.0,0.5,0.0,416.0,146.0,137.3,505.0,4.0,4,51-55in,Vietnam,Digital
PHILIPS,65OLED789/98,OLED,65,1.148,122.5,0.36,0.39,493.0,173.0,106.7,429.0,4.5,4,56-65in,China,Analogue/Digital
SAMSUNG,QA65QN3EFAS,LCD (LED),65,1.148,136.0,0.5,0.0,499.0,175.0,118.5,435.0,4.5,4,56-65in,Vietnam,Digital
PHILIPS,55OLED789/98,OLED,55,0.823,97.0,0.35,0.39,391.0,137.0,117.9,475.0,4.0,4,51-55in,China,Analogue/Digital
SAMSUNG,QA65LST7TAW,LCD (LED),64,1.147,271.0,0.5,0.0,992.0,347.0,236.3,865.0,1.5,2,56-65in,Mexico,Digital
SAMSUNG,QA75LST7TAW,LCD (LED),75,1.531,340.0,0.5,0.0,1244.0,435.0,222.1,813.0,1.5,2,66-75in,Mexico,Digital
BAUHN,ATV75UHDT-0725,LCD,75,1.532,130.5,0.42,130.5,485.0,170.0,85.2,317.0,6.0,6,66-75in,China,
SAMSUNG,UA75U8000FW,LCD (LED),75,1.532,136.0,0.5,0.0,499.0,175.0,88.8,326.0,5.5,6,66-75in,Vietnam,Digital
SAMSUNG,UA75U8000FS,LCD (LED),75,1.532,136.0,0.5,0.0,499.0,175.0,88.8,326.0,5.5,6,66-75in,Vietnam,Digital
SAMSUNG,UA75U8500FW,LCD (LED),75,1.532,136.0,0.5,0.0,499.0,175.0,88.8,326.0,5.5,6,66-75in,Vietnam,Digital
SAMSUNG,UA75U8500FS,LCD (LED),75,1.532,136.0,0.5,0.0,499.0,175.0,88.8,326.0,5.5,6,66-75in,Vietnam,Digital
SAMSUNG,UA75UE100FS,LCD (LED),75,1.532,136.0,0.5,0.0,499.0,175.0,88.8,326.0,5.5,6,66-75in,Vietnam,Digital
SAMSUNG,UA75U**00F*,LCD (LED),75,1.532,136.0,0.5,0.0,499.0,175.0,88.8,326.0,5.5,6,66-75in,Vietnam,Digital
SAMSUNG,UA65UE100FS,LCD (LED),65,1.148,113.0,0.5,0.0,416.0,146.0,98.4,362.0,5.5,6,56-65in,Vietnam,Digital
SAMSUNG,UA65U**00F*,LCD (LED),65,1.148,113.0,0.5,0.0,416.0,146.0,98.4,362.0,5.5,6,56-65in,Vietnam,Digital
SAMSUNG,UA65U8000FW,LCD (LED),65,1.148,113.0,0.5,0.0,416.0,146.0,98.4,362.0,5.5,6,56-65in,Vietnam,Digital
SAMSUNG,UA65U8000FS,LCD (LED),65,1.148,113.0,0.5,0.0,416.0,146.0,98.4,362.0,5.5,6,56-65in,Vietnam,Digital
SAMSUNG,UA65U8500FW,LCD (LED),65,1.148,113.0,0.5,0.0,416.0,146.0,98.4,362.0,5.5,6,56-65in,Vietnam,Digital
SAMSUNG,UA65U8500FS,LCD (LED),65,1.148,113.0,0.5,0.0,416.0,146.0,98.4,362.0,5.5,6,56-65in,Vietnam,Digital
SAMSUNG,UA55U8500FW,LCD (LED),55,0.823,79.0,0.5,0.0,291.0,102.0,96.0,354.0,5.5,6,51-55in,Vietnam,Digital
SAMSUNG,UA55U8500FS,LCD (LED),55,0.823,79.0,0.5,0.0,291.0,102.0,96.0,354.0,5.5,6,51-55in,Vietnam,Digital
SAMSUNG,UA55UE100FS,LCD (LED),55,0.823,79.0,0.5,0.0,291.0,102.0,96.0,354.0,5.5,6,51-55in,Vietnam,Digital
SAMSUNG,UA55U**00F*,LCD (LED),55,0.823,79.0,0.5,0.0,291.0,102.0,96.0,354.0,5.5,6,51-55in,Vietnam,Digital
SAMSUNG,UA55U8000FW,LCD (LED),55,0.823,79.0,0.5,0.0,291.0,102.0,96.0,354.0,5.5,6,51-55in,Vietnam,Digital
SAMSUNG,UA55U8000FS,LCD (LED),55,0.823,79.0,0.5,0.0,291.0,102.0,96.0,354.0,5.5,6,51-55in,Vietnam,Digital
SAMSUNG,UA43UE100FS,LCD (LED),43,0.498,68.0,0.5,0.0,251.0,88.0,136.5,504.0,4.0,4,33-43in,Vietnam,Digital
SAMSUNG,UA43U**00F*,LCD (LED),43,0.498,68.0,0.5,0.0,251.0,88.0,136.5,504.0,4.0,4,33-43in,Vietnam,Digital
SAMSUNG,UA43U8000FW,LCD (LED),43,0.498,68.0,0.5,0.0,251.0,88.0,136.5,504.0,4.0,4,33-43in,Vietnam,Digital
SAMSUNG,UA43U8000FS,LCD (LED),43,0.498,68.0,0.5,0.0,251.0,88.0,136.5,504.0,4.0,4,33-43in,Vietnam,Digital
SAMSUNG,UA43U8500FW,LCD (LED),43,0.498,68.0,0.5,0.0,251.0,88.0,136.5,504.0,4.0,4,33-43in,Vietnam,Digital
SAMSUNG,UA43U8500FS,LCD (LED),43,0.498,68.0,0.5,0.0,251.0,88.0,136.5,504.0,4.0,4,33-43in,Vietnam,Digital
SAMSUNG,UA50U8000FW,LCD (LED),49,0.675,71.0,0.5,0.0,262.0,92.0,105.2,388.0,5.0,5,44-50in,Vietnam,Digital
SAMSUNG,UA50U8000FS,LCD (LED),49,0.675,71.0,0.5,0.0,262.0,92.0,105.2,388.0,5.0,5,44-50in,Vietnam,Digital
SAMSUNG,UA50U8500FW,LCD (LED),49,0.675,71.0,0.5,0.0,262.0,92.0,105.2,388.0,5.0,5,44-50in,Vietnam,Digital
SAMSUNG,UA50U8500FS,LCD (LED),49,0.675,71.0,0.5,0.0,262.0,92.0,105.2,388.0,5.0,5,44-50in,Vietnam,Digital
SAMSUNG,UA50UE100FS,LCD (LED),49,0.675,71.0,0.5,0.0,262.0,92.0,105.2,388.0,5.0,5,44-50in,Vietnam,Digital
SAMSUNG,UA50U**00F*,LCD (LED),49,0.675,71.0,0.5,0.0,262.0,92.0,105.2,388.0,5.0,5,44-50in,Vietnam,Digital
SAMSUNG,UA85UE100FS,LCD (LED),85,1.971,142.0,0.5,0.0,521.0,182.0,72.0,264.0,6.0,6,76-85in,Vietnam,Digital
SAMSUNG,UA85U**00F*,LCD (LED),85,1.971,142.0,0.5,0.0,521.0,182.0,72.0,264.0,6.0,6,76-85in,Vietnam,Digital
SAMSUNG,UA85U8000FW,LCD (LED),85,1.971,142.0,0.5,0.0,521.0,182.0,72.0,264.0,6.0,6,76-85in,Vietnam,Digital
SAMSUNG,UA85U8000FS,LCD (LED),85,1.971,142.0,0.5,0.0,521.0,182.0,72.0,264.0,6.0,6,76-85in,Vietnam,Digital
SAMSUNG,UA85U8500FW,LCD (LED),85,1.971,142.0,0.5,0.0,521.0,182.0,72.0,264.0,6.0,6,76-85in,Vietnam,Digital
SAMSUNG,UA85U8500FS,LCD (LED),85,1.971,142.0,0.5,0.0,521.0,182.0,72.0,264.0,6.0,6,76-85in,Vietnam,Digital
FFALCON,FF43U65,LCD (LED),42,0.498,42.7,0.347,0.0,175.0,61.0,85.7,351.0,5.5,6,33-43in,China,Analogue/Digital
FFALCON,FF50U65,LCD (LED),49,0.675,50.0,0.367,0.0,205.0,72.0,74.1,304.0,6.0,6,44-50in,China,Analogue/Digital
FFALCON,FF55U65,LCD (LED),55,0.822,64.3,0.379,0.0,261.0,91.0,78.2,318.0,6.0,6,51-55in,China,Analogue/Digital
FFALCON,FF65U65,LCD (LED),64,1.147,77.1,0.344,0.0,320.0,112.0,67.2,279.0,6.0,6,56-65in,China,Analogue/Digital
FFALCON,FF75U65,LCD (LED),75,1.531,97.2,0.313,0.0,400.0,140.0,63.5,261.0,6.0,6,66-75in,China,Analogue/Digital
HISENSE,55U7QAU,LCD (LED),55,0.823,92.78,0.35,0.0,379.0,133.0,112.7,461.0,4.5,4,51-55in,China,Analogue/Digital
HISENSE,55U7QNZ,LCD (LED),55,0.823,92.78,0.35,0.0,379.0,133.0,112.7,461.0,4.5,4,51-55in,China,Analogue/Digital
HISENSE,65U7Q series,LCD (LED),65,1.148,115.94,0.375,0.0,465.0,163.0,101.0,405.0,5.0,5,56-65in,China,Analogue/Digital
COOCAA,55G6500H,LCD (LED),55,0.823,67.9,,,280.0,98.0,82.5,340.0,5.5,6,51-55in,China,Analogue/Digital
HISENSE,85U7Q series,LCD (LED),85,1.971,186.38,0.34,0.0,759.0,266.0,94.6,385.0,5.0,5,76-85in,China,Analogue/Digital
HISENSE,100U7Q series,LCD (LED),100,2.73,222.34,0.35,0.0,888.0,311.0,81.4,325.0,5.5,6,86in+,China,Analogue/Digital
HISENSE,75U7Q series,LCD (LED),75,1.532,145.91,0.39,0.0,579.0,203.0,95.2,378.0,5.0,5,66-75in,China,Analogue/Digital
SAMSUNG,QA98QN990FW,LCD (LED),98,2.621,358.0,0.5,0.0,1310.0,458.0,136.6,500.0,3.5,4,86in+,Vietnam,Digital
SAMSUNG,QA98QN990FS,LCD (LED),98,2.621,358.0,0.5,0.0,1310.0,458.0,136.6,500.0,3.5,4,86in+,Vietnam,Digital
SAMSUNG,QA98QN990F*,LCD (LED),98,2.621,358.0,0.5,0.0,1310.0,458.0,136.6,500.0,3.5,4,86in+,Vietnam,Digital
KOGAN,KALED50U95VA,LCD (LED),49,0.675,60.48,,,247.0,86.0,89.6,366.0,5.5,6,44-50in,China,Analogue/Digital
KOGAN,KALED50U95VB,LCD (LED),49,0.675,60.48,,,247.0,86.0,89.6,366.0,5.5,6,44-50in,China,Analogue/Digital
KOGAN,KALED50U95VC,LCD (LED),49,0.675,60.48,,,247.0,86.0,89.6,366.0,5.5,6,44-50in,China,Analogue/Digital
KOGAN,KALED50U95V series,LCD (LED),49,0.675,60.48,,,247.0,86.0,89.6,366.0,5.5,6,44-50in,China,Analogue/Digital
HISENSE,43Q6Q series,LCD (LED),42,0.498,51.09,0.26,0.0,203.0,71.0,102.6,408.0,5.0,5,33-43in,China,Analogue/Digital
HISENSE,50Q6Q series,LCD (LED),50,0.675,59.02,0.26,0.0,239.0,84.0,87.4,354.0,5.5,6,44-50in,China,Analogue/Digital
HISENSE,55Q6Q series,LCD (LED),55,0.823,62.0,0.27,0.0,259.0,91.0,75.3,315.0,6.0,6,51-55in,China,Analogue/Digital
HISENSE,65Q6Q series,LCD (LED),65,1.148,98.86,0.38,0.0,399.0,140.0,86.1,348.0,5.5,6,56-65in,China,Analogue/Digital
HISENSE,85Q6Q series,LCD (LED),85,1.971,177.89,0.26,0.0,698.0,244.0,90.3,354.0,5.5,6,76-85in,China,Analogue/Digital
TCL,85X11K,LCD (LED),85,1.971,239.2,0.371,0.0,980.0,343.0,121.4,497.0,3.5,4,76-85in,China,Analogue/Digital
TCL,115C7K,LCD (LED),114,3.611,280.0,0.394,0.0,1100.0,385.0,77.5,305.0,6.0,6,86in+,China,Analogue/Digital
TCL,32S5K,LCD (LED),31,0.273,25.4,0.416,0.0,130.0,46.0,93.0,476.0,5.0,5,32in & under,China,Analogue/Digital
TCL,40S5K,LCD (LED),39,0.426,30.3,0.337,0.0,140.0,49.0,71.1,329.0,6.0,6,33-43in,China,Analogue/Digital
SKYWORTH,SW55G4F,LCD (LED),55,0.823,64.3,,,260.0,91.0,78.1,316.0,6.0,6,51-55in,China,Analogue/Digital
LG,32LR655BPSA,LCD (LED),32,0.274,30.0,0.4,0.0,112.0,39.0,109.5,409.0,5.5,6,32in & under,"Indonesia,South Korea",Analogue/Digital
HISENSE,65Q7QAU,LCD (LED),65,1.148,104.99,0.33,0.0,416.0,146.0,91.5,362.0,5.5,6,56-65in,China,Analogue/Digital
HISENSE,65Q7QNZ,LCD (LED),65,1.148,104.99,0.33,0.0,416.0,146.0,91.5,362.0,5.5,6,56-65in,China,Analogue/Digital
HISENSE,75Q7QAU,LCD (LED),75,1.532,122.25,0.27,0.0,489.0,171.0,79.8,319.0,6.0,6,66-75in,China,Analogue/Digital
HISENSE,75Q7QNZ,LCD (LED),75,1.532,122.25,0.27,0.0,489.0,171.0,79.8,319.0,6.0,6,66-75in,China,Analogue/Digital
HISENSE,85Q7QAU,LCD (LED),85,1.971,175.06,0.26,0.0,698.0,244.0,88.8,354.0,5.5,6,76-85in,China,Analogue/Digital
HISENSE,85Q7QNZ,LCD (LED),85,1.971,175.06,0.26,0.0,698.0,244.0,88.8,354.0,5.5,6,76-85in,China,Analogue/Digital
HISENSE,100Q7QAU,LCD (LED),100,2.73,238.44,0.35,0.0,955.0,334.0,87.3,350.0,5.5,6,86in+,China,Analogue/Digital
HISENSE,100Q7QNZ,LCD (LED),100,2.73,238.44,0.35,0.0,955.0,334.0,87.3,350.0,5.5,6,86in+,China,Analogue/Digital
HISENSE,65Q7Q series,LCD (LED),65,1.148,104.99,0.33,0.0,416.0,146.0,91.5,362.0,5.5,6,56-65in,China,Analogue/Digital
HISENSE,75Q7Q series,LCD (LED),75,1.532,122.25,0.27,0.0,489.0,171.0,79.8,319.0,6.0,6,66-75in,China,Analogue/Digital
HISENSE,85Q7Q series,LCD (LED),85,1.971,175.06,0.26,0.0,698.0,244.0,88.8,354.0,5.5,6,76-85in,China,Analogue/Digital
HISENSE,100Q7Q series,LCD (LED),100,2.73,238.44,0.35,0.0,955.0,334.0,87.3,350.0,5.5,6,86in+,China,Analogue/Digital
KOGAN,KAQL85WQ98GSVA,LCD (LED),85,1.971,216.3,,,863.0,302.0,109.7,438.0,4.5,4,76-85in,China,Analogue/Digital
KOGAN,KAQL85WQ98GSVB,LCD (LED),85,1.971,216.3,,,863.0,302.0,109.7,438.0,4.5,4,76-85in,China,Analogue/Digital
KOGAN,KAQL85WQ98GSVC,LCD (LED),85,1.971,216.3,,,863.0,302.0,109.7,438.0,4.5,4,76-85in,China,Analogue/Digital
KOGAN,KAQL85 series,LCD (LED),85,1.971,216.3,,,863.0,302.0,109.7,438.0,4.5,4,76-85in,China,Analogue/Digital
SVISION,SV500FTS,LCD (LED),50,0.675,47.9,,,224.0,78.0,71.0,332.0,6.0,6,44-50in,China,Analogue/Digital
ZEN TV,ZEN 3202,LCD (LED),31,0.272,35.97,0.5,0.0,134.0,47.0,132.2,493.0,4.5,4,32in & under,China,
ZEN TV,ZEN 3201,LCD (LED),31,0.272,35.97,0.5,0.0,134.0,47.0,132.2,493.0,4.5,4,32in & under,China,
ZEN TV,ZEN2401,LCD,24,0.165,21.55,0.3,0.0,81.0,28.0,130.6,491.0,5.0,5,32in & under,China,
HISENSE,65U8QAU,LCD (LED),65,1.148,129.15,0.4,0.0,520.0,182.0,112.5,453.0,4.5,4,56-65in,China,Analogue/Digital
HISENSE,65U8QNZ,LCD (LED),65,1.148,129.15,0.4,0.0,520.0,182.0,112.5,453.0,4.5,4,56-65in,China,Analogue/Digital
HISENSE,75U8QAU,LCD (LED),75,1.532,169.46,0.39,0.0,679.0,238.0,110.6,443.0,4.5,4,66-75in,China,Analogue/Digital
HISENSE,85U8QAU,LCD (LED),85,1.971,191.41,0.34,0.0,780.0,273.0,97.1,396.0,5.0,5,76-85in,China,Analogue/Digital
HISENSE,65U8Q Series,LCD (LED),65,1.148,129.15,0.4,0.0,520.0,182.0,112.5,453.0,4.5,4,56-65in,China,Analogue/Digital
HISENSE,75U8QNZ,LCD (LED),75,1.532,169.46,0.39,0.0,679.0,238.0,110.6,443.0,4.5,4,66-75in,China,Analogue/Digital
HISENSE,75U8Q Series,LCD (LED),75,1.532,169.46,0.39,0.0,679.0,238.0,110.6,443.0,4.5,4,66-75in,China,Analogue/Digital
HISENSE,85U8QNZ,LCD (LED),85,1.971,191.41,0.34,0.0,780.0,273.0,97.1,396.0,5.0,5,76-85in,China,Analogue/Digital
HISENSE,85U8Q,LCD (LED),85,1.971,191.41,0.34,0.0,780.0,273.0,97.1,396.0,5.0,5,76-85in,China,Analogue/Digital
LG,75QNED70A6A,LCD (LED),75,1.531,165.0,0.4,0.0,605.0,212.0,107.8,395.0,5.0,5,66-75in,"Indonesia,South Korea",Analogue/Digital
LG,75QNED70ASA,LCD (LED),75,1.531,165.0,0.4,0.0,605.0,212.0,107.8,395.0,5.0,5,66-75in,"Indonesia,South Korea",Analogue/Digital
CHIQ,U75M10F,LCD,75,1.532,136.1,0.4,0.0,532.0,186.0,88.8,347.0,5.5,6,66-75in,China,Analogue/Digital
AIWA,AWS650WG,LCD (LED),65,1.148,97.1,0.35,0.0,357.0,125.0,84.6,311.0,6.0,6,56-65in,China,Analogue/Digital
ZEN TV,ZEN 2402,LCD,23,0.151,23.82,0.4,0.0,90.0,32.0,157.7,596.0,4.5,4,32in & under,China,
RCA,RT-24G01A,LCD,23,0.151,23.89,0.4,0.0,90.0,32.0,158.2,596.0,4.5,4,32in & under,China,
KOGAN,KAQL75WQ98GSVA,LCD (LED),75,1.531,130.8,,,542.0,190.0,85.4,354.0,5.5,6,66-75in,China,Analogue/Digital
KOGAN,KAQL75WQ98GSVB,LCD (LED),75,1.531,130.8,,,542.0,190.0,85.4,354.0,5.5,6,66-75in,China,Analogue/Digital
KOGAN,KAQL75WQ98GSVC,LCD (LED),75,1.531,130.8,,,542.0,190.0,85.4,354.0,5.5,6,66-75in,China,Analogue/Digital
KOGAN,KAQL75WQ98 series,LCD (LED),75,1.531,130.8,,,542.0,190.0,85.4,354.0,5.5,6,66-75in,China,Analogue/Digital
AKAI,AK40FHDZEN,LCD (LED),40,0.426,36.9,0.3,0.0,137.0,48.0,86.6,322.0,6.0,6,33-43in,China,Digital
KOGAN,KAQL75MQ8TA,LCD (LED),75,1.532,135.9,0.3,0.0,531.0,186.0,88.7,347.0,5.5,6,66-75in,China,Analogue/Digital
KOGAN,KAQL75MQ8TB,LCD (LED),75,1.532,135.9,0.3,0.0,531.0,186.0,88.7,347.0,5.5,6,66-75in,China,Analogue/Digital
KOGAN,KAQL75MQ8TC,LCD (LED),75,1.532,135.9,0.3,0.0,531.0,186.0,88.7,347.0,5.5,6,66-75in,China,Analogue/Digital
KOGAN,KAQL75MQ8TD,LCD (LED),75,1.532,135.9,0.3,0.0,531.0,186.0,88.7,347.0,5.5,6,66-75in,China,Analogue/Digital
KOGAN,LED (backlighting) TV,LCD (LED),75,1.532,135.9,0.3,0.0,531.0,186.0,88.7,347.0,5.5,6,66-75in,China,Analogue/Digital
COOCAA,40E5500H,LCD (LED),40,0.426,32.9,,,135.0,47.0,77.2,317.0,6.0,6,33-43in,China,Analogue/Digital
KOGAN,KAQL65MQ8TA,LCD (LED),65,1.148,109.1,0.3,0.0,436.0,153.0,95.0,380.0,5.0,5,56-65in,China,Analogue/Digital
KOGAN,KAQL65MQ8TB,LCD (LED),65,1.148,109.1,0.3,0.0,436.0,153.0,95.0,380.0,5.0,5,56-65in,China,Analogue/Digital
KOGAN,KAQL65MQ8TC,LCD (LED),65,1.148,109.1,0.3,0.0,436.0,153.0,95.0,380.0,5.0,5,56-65in,China,Analogue/Digital
KOGAN,KAQL65MQ8TD,LCD (LED),65,1.148,109.1,0.3,0.0,436.0,153.0,95.0,380.0,5.0,5,56-65in,China,Analogue/Digital
KOGAN,KAQL65MQ8TE,LCD (LED),65,1.148,109.1,0.3,0.0,436.0,153.0,95.0,380.0,5.0,5,56-65in,China,Analogue/Digital
VEON,VNG3F55,LCD (LED),55,0.823,57.9,,,304.0,106.0,70.4,369.0,5.5,6,51-55in,China,Analogue/Digital
VEON,VNG3F5525,LCD (LED),55,0.823,57.9,,,304.0,106.0,70.4,369.0,5.5,6,51-55in,China,Analogue/Digital
VEON,VNG3F55 Serise,LCD (LED),55,0.823,57.9,,,304.0,106.0,70.4,369.0,5.5,6,51-55in,China,Analogue/Digital
KOGAN,KAQL75MQ8TE,LCD (LED),75,1.532,135.9,0.3,0.0,531.0,186.0,88.7,347.0,5.5,6,66-75in,China,Analogue/Digital
SKYWORTH,40E5500H,LCD (LED),40,0.426,32.3,,,140.0,49.0,75.8,329.0,6.0,6,33-43in,China,Analogue/Digital
LG,32LR650BPSA,LCD (LED),32,0.274,30.0,0.4,0.0,112.0,39.0,109.5,409.0,5.5,6,32in & under,"Indonesia,South Korea",Analogue/Digital
KOGAN,KAQL55MQ8TA,LCD (LED),55,0.823,93.2,0.3,0.0,378.0,132.0,113.2,459.0,4.5,4,51-55in,China,Analogue/Digital
KOGAN,KAQL55MQ8TB,LCD (LED),55,0.823,93.2,0.3,0.0,378.0,132.0,113.2,459.0,4.5,4,51-55in,China,Analogue/Digital
KOGAN,KAQL55MQ8TC,LCD (LED),55,0.823,93.2,0.3,0.0,378.0,132.0,113.2,459.0,4.5,4,51-55in,China,Analogue/Digital
KOGAN,KAQL55MQ8TD,LCD (LED),55,0.823,93.2,0.3,0.0,378.0,132.0,113.2,459.0,4.5,4,51-55in,China,Analogue/Digital
KOGAN,KAQL55MQ8TE,LCD (LED),55,0.823,93.2,0.3,0.0,378.0,132.0,113.2,459.0,4.5,4,51-55in,China,Analogue/Digital
LINSAR,LS24HDNFB,LCD (LED),24,0.153,15.38,0.5,0.0,59.0,21.0,100.5,386.0,6.0,6,32in & under,China,Digital
LINSAR,LS32HDNFB,LCD (LED),32,0.274,15.87,0.4,0.0,60.0,21.0,57.9,219.0,8.0,8,32in & under,China,Digital
CHIQ,L40M10,LCD (LED),40,0.426,35.2,0.43,0.0,152.0,53.0,82.6,357.0,5.5,6,33-43in,China,Analogue/Digital
CHIQ,L32M10,LCD (LED),32,0.274,24.2,0.45,0.0,112.0,39.0,88.3,409.0,5.5,6,32in & under,China,Analogue/Digital
CHIQ,U65QM10,LCD (LED),65,1.148,136.6,0.3,0.0,520.0,182.0,119.0,453.0,4.5,4,56-65in,China,Analogue/Digital
CHIQ,U65M10F,LCD (LED),65,1.148,94.1,0.3,0.3,371.0,130.0,82.0,323.0,6.0,6,56-65in,China,
CHIQ,L40G5AU,LCD (LED),39,0.426,36.5,0.35,0.35,148.0,52.0,85.7,347.0,6.0,6,33-43in,China,
DGTEC,DG70UHDW22041,LCD,70,1.338,108.294,,,397.0,139.0,80.9,297.0,6.0,6,66-75in,China,Analogue/Digital
AIWA,AWS400G2,LCD (LED),40,0.426,35.2,0.43,0.0,152.0,53.0,82.6,357.0,5.5,6,33-43in,China,Analogue/Digital
KOGAN,KALED55U95TB,LCD (LED),55,0.823,108.4,0.43,0.0,441.0,154.0,131.7,536.0,3.5,4,51-55in,China,Analogue/Digital
KOGAN,KALED55U95TC,LCD (LED),55,0.823,108.4,0.43,0.0,441.0,154.0,131.7,536.0,3.5,4,51-55in,China,Analogue/Digital
KOGAN,KALED55U95TD,LCD (LED),55,0.823,108.4,0.43,0.0,441.0,154.0,131.7,536.0,3.5,4,51-55in,China,Analogue/Digital
KOGAN,KALED55U95TE,LCD (LED),55,0.823,108.4,0.43,0.0,441.0,154.0,131.7,536.0,3.5,4,51-55in,China,Analogue/Digital
KOGAN,KALED55U95TF,LCD (LED),55,0.823,108.4,0.43,0.0,441.0,154.0,131.7,536.0,3.5,4,51-55in,China,Analogue/Digital
KOGAN,KAQL32FQ9TA,LCD (LED),32,0.274,27.1,0.4,0.0,116.0,41.0,98.9,423.0,5.5,6,32in & under,China,Analogue/Digital
KOGAN,KAQL32FQ9TB,LCD (LED),32,0.274,27.1,0.4,0.0,116.0,41.0,98.9,423.0,5.5,6,32in & under,China,Analogue/Digital
KOGAN,KAQL32FQ9TC,LCD (LED),32,0.274,27.1,0.4,0.0,116.0,41.0,98.9,423.0,5.5,6,32in & under,China,Analogue/Digital
KOGAN,KAQL32FQ9TD,LCD (LED),32,0.274,27.1,0.4,0.0,116.0,41.0,98.9,423.0,5.5,6,32in & under,China,Analogue/Digital
KOGAN,KAQL32FQ9TE,LCD (LED),32,0.274,27.1,0.4,0.0,116.0,41.0,98.9,423.0,5.5,6,32in & under,China,Analogue/Digital
TCL,98X11K,LCD (LED),97,2.62,313.1,0.407,0.0,1350.0,472.0,119.5,515.0,3.5,4,86in+,China,Analogue/Digital
KOGAN,KAOD55X98JSVA,LCD (LED),55,0.822,96.66,,,422.0,148.0,117.6,513.0,4.0,4,51-55in,China,Analogue/Digital
KOGAN,KAOD55X98JSVB,LCD (LED),55,0.822,96.66,,,422.0,148.0,117.6,513.0,4.0,4,51-55in,China,Analogue/Digital
KOGAN,KAOD55X98JSVC,LCD (LED),55,0.822,96.66,,,422.0,148.0,117.6,513.0,4.0,4,51-55in,China,Analogue/Digital
KOGAN,KAOD55X98JSV series,LCD (LED),55,0.822,96.66,,,422.0,148.0,117.6,513.0,4.0,4,51-55in,China,Analogue/Digital
KOGAN,KAOD65X98JSVA,LCD (LED),64,1.147,105.84,,,448.0,157.0,92.3,391.0,5.0,5,56-65in,China,Analogue/Digital
KOGAN,KAOD65X98JSVB,LCD (LED),64,1.147,105.84,,,448.0,157.0,92.3,391.0,5.0,5,56-65in,China,Analogue/Digital
KOGAN,KAOD65X98JSVC,LCD (LED),64,1.147,105.84,,,448.0,157.0,92.3,391.0,5.0,5,56-65in,China,Analogue/Digital
KOGAN,KAOD65X98JSV series,LCD (LED),64,1.147,105.84,,,448.0,157.0,92.3,391.0,5.0,5,56-65in,China,Analogue/Digital
FFALCON,FF32S55,LCD (LED),31,0.273,25.4,0.416,0.0,130.0,46.0,93.0,476.0,5.0,5,32in & under,China,Analogue/Digital
FFALCON,FF40S55,LCD (LED),39,0.426,30.3,0.337,0.0,140.0,49.0,71.1,329.0,6.0,6,33-43in,China,Analogue/Digital
SAMSUNG,BE43FX-H,LCD (LED),43,0.498,68.0,0.5,0.0,251.0,88.0,136.5,504.0,4.0,4,33-43in,Vietnam,Digital
SAMSUNG,BE50FX-H,LCD (LED),49,0.675,71.0,0.5,0.0,262.0,92.0,105.2,388.0,5.0,5,44-50in,Vietnam,Digital
SAMSUNG,BE55FX-H,LCD (LED),55,0.823,79.0,0.5,0.0,291.0,102.0,96.0,354.0,5.5,6,51-55in,Vietnam,Digital
SKYWORTH,SW43G3F,LCD (LED),43,0.498,54.9,,,212.0,74.0,110.2,426.0,5.0,5,33-43in,China,Analogue/Digital
SKYWORTH,SW55G3F,LCD (LED),55,0.823,64.6,,,260.0,91.0,78.5,316.0,6.0,6,51-55in,China,Analogue/Digital
SKYWORTH,85Q6600H,LCD (LED),86,2.02,181.9,,,730.0,256.0,90.0,361.0,5.0,5,86in+,China,Analogue/Digital
BAUHN,ATV50UHDT-0825,LCD (LED),49,0.675,56.59,0.432,0.0,220.0,77.0,83.8,326.0,6.0,6,44-50in,China,
SYLVOX,OT55A6KOEC,LCD,55,0.823,79.95,0.43,0.549,300.0,105.0,97.1,365.0,5.5,6,51-55in,China,Analogue/Digital
HISENSE,55U6QAU PRO,LCD (LED),55,0.823,100.24,0.36,0.0,399.0,140.0,121.8,485.0,4.0,4,51-55in,China,Analogue/Digital
HISENSE,55U6QNZ PRO,LCD (LED),55,0.823,100.24,0.36,0.0,399.0,140.0,121.8,485.0,4.0,4,51-55in,China,Analogue/Digital
HISENSE,65U6QAU PRO,LCD (LED),65,1.148,110.31,0.32,0.0,439.0,154.0,96.1,382.0,5.0,5,56-65in,China,Analogue/Digital
HISENSE,65U6QNZ PRO,LCD (LED),65,1.148,110.31,0.32,0.0,439.0,154.0,96.1,382.0,5.0,5,56-65in,China,Analogue/Digital
HISENSE,75U6QAU PRO,LCD (LED),75,1.532,133.21,0.33,0.0,539.0,189.0,87.0,352.0,5.5,6,66-75in,China,Analogue/Digital
HISENSE,75U6QNZ PRO,LCD (LED),75,1.532,133.21,0.33,0.0,539.0,189.0,87.0,352.0,5.5,6,66-75in,China,Analogue/Digital
HISENSE,85U6QAU PRO,LCD (LED),85,1.971,154.51,0.3,0.0,618.0,216.0,78.4,314.0,6.0,6,76-85in,China,Analogue/Digital
HISENSE,85U6QNZ PRO,LCD (LED),85,1.971,154.51,0.3,0.0,618.0,216.0,78.4,314.0,6.0,6,76-85in,China,Analogue/Digital
HISENSE,100U6QAU PRO,LCD (LED),100,2.73,248.33,0.35,0.0,988.0,346.0,91.0,362.0,5.0,5,86in+,China,Analogue/Digital
HISENSE,100U6QNZ PRO,LCD (LED),100,2.73,248.33,0.35,0.0,988.0,346.0,91.0,362.0,5.0,5,86in+,China,Analogue/Digital
SAMSUNG,BE65FX-H,LCD (LED),65,1.148,113.0,0.5,0.0,416.0,146.0,98.4,362.0,5.5,6,56-65in,Vietnam,Digital
SAMSUNG,BE75FX-H,LCD (LED),75,1.532,136.0,0.5,0.0,499.0,175.0,88.8,326.0,5.5,6,66-75in,Vietnam,Digital
SAMSUNG,BE85FX-H,LCD (LED),85,1.971,142.0,0.5,0.0,521.0,182.0,72.0,264.0,6.0,6,76-85in,Vietnam,Digital
HISENSE,55U6Q PRO series,LCD (LED),55,0.823,100.24,0.36,0.0,399.0,140.0,121.8,485.0,4.0,4,51-55in,China,Analogue/Digital
HISENSE,65U6Q PRO series,LCD (LED),65,1.148,110.31,0.32,0.0,439.0,154.0,96.1,382.0,5.0,5,56-65in,China,Analogue/Digital
HISENSE,75U6Q PRO series,LCD (LED),75,1.532,133.21,0.33,0.0,539.0,189.0,87.0,352.0,5.5,6,66-75in,China,Analogue/Digital
HISENSE,85U6Q PRO series,LCD (LED),85,1.971,154.51,0.3,0.0,618.0,216.0,78.4,314.0,6.0,6,76-85in,China,Analogue/Digital
HISENSE,100U6Q PRO series,LCD (LED),100,2.73,248.33,0.35,0.0,988.0,346.0,91.0,362.0,5.0,5,86in+,China,Analogue/Digital
SKYWORTH,75Q6600H,LCD (LED),75,1.532,147.3,,,590.0,206.0,96.1,385.0,5.0,5,66-75in,China,Analogue/Digital
SKYWORTH,SW65G4F,LCD (LED),65,1.148,121.6,,,490.0,172.0,105.9,427.0,4.5,4,56-65in,China,Analogue/Digital
SAMSUNG,HG43U800FAW,LCD (LED),43,0.498,66.0,0.5,0.0,244.0,85.0,132.5,490.0,4.0,4,33-43in,Vietnam,Digital
SAMSUNG,HG50U800FAW,LCD (LED),49,0.675,73.0,0.5,0.0,270.0,94.0,108.1,400.0,5.0,5,44-50in,Vietnam,Digital
SAMSUNG,HG55U800FAW,LCD (LED),55,0.823,81.0,0.5,0.0,299.0,105.0,98.4,363.0,5.5,6,51-55in,Vietnam,Digital
SAMSUNG,HG65U800FAW,LCD (LED),65,1.148,103.0,0.5,0.0,379.0,133.0,89.7,330.0,5.5,6,56-65in,Vietnam,Digital
SAMSUNG,HG75U800FAW,LCD (LED),75,1.532,140.0,0.5,0.0,514.0,180.0,91.4,336.0,5.5,6,66-75in,Vietnam,Digital
SAMSUNG,HG85U800FAW,LCD (LED),85,1.971,164.0,0.5,0.0,602.0,211.0,83.2,305.0,6.0,6,76-85in,Vietnam,Digital
CHIQ,U43QM10,LCD (LED),43,0.498,53.7,0.36,0.0,214.0,75.0,107.8,430.0,5.0,5,33-43in,China,
SYLVOX,OT55KOC,LCD,55,0.823,79.95,0.43,0.549,300.0,105.0,97.1,365.0,5.5,6,51-55in,China,Analogue/Digital
SYLVOX,"OT55A6KOEC, OT55KOC",LCD,55,0.823,79.95,0.43,0.549,300.0,105.0,97.1,365.0,5.5,6,51-55in,China,Analogue/Digital
SYLVOX,OT65A6KOEC,LCD,65,1.148,104.68002,0.41728,0.541,390.0,136.0,91.2,340.0,5.5,6,56-65in,China,Analogue/Digital
SYLVOX,OT65KOC,LCD,65,1.148,104.68002,0.41728,0.541,390.0,136.0,91.2,340.0,5.5,6,56-65in,China,Analogue/Digital
SYLVOX,OT75A6KOEC,LCD,75,1.532,134.5602,0.367584,0.4825,495.0,173.0,87.8,323.0,5.5,6,66-75in,China,Analogue/Digital
SYLVOX,OT75KOC,LCD,75,1.532,134.5602,0.367584,0.4825,495.0,173.0,87.8,323.0,5.5,6,66-75in,China,Analogue/Digital
SYLVOX,"OT65A6KOEC, OT65KOC",LCD,65,1.148,104.68002,0.41728,0.541,390.0,136.0,91.2,340.0,5.5,6,56-65in,China,Analogue/Digital
SYLVOX,"OT75A6KOEC, OT75KOC",LCD,75,1.532,134.5602,0.367584,0.4825,495.0,173.0,87.8,323.0,5.5,6,66-75in,China,Analogue/Digital
CHIQ,U50QM10,LCD (LED),50,0.675,66.2,0.4,0.0,265.0,93.0,98.1,393.0,5.0,5,44-50in,China,
CHIQ,U55M10F,LCD (LED),55,0.823,74.4,0.4,0.0,295.0,103.0,90.4,358.0,5.5,6,51-55in,China,
CHIQ,U75QM10,LCD (LED),75,1.532,136.6,0.4,0.0,543.0,190.0,89.2,354.0,5.5,6,66-75in,China,
LG,43UK660H0LA,LCD (LED),43,0.498,46.0,0.4,0.0,170.0,60.0,92.4,341.0,6.0,6,33-43in,"Indonesia,South Korea",Analogue/Digital
LG,50UK660H0LA,LCD (LED),49,0.675,53.0,0.4,0.0,196.0,69.0,78.5,290.0,6.0,6,44-50in,"South Korea,Indonesia",Analogue/Digital
LG,55UK660H0LA,LCD (LED),55,0.823,54.0,0.4,0.0,200.0,70.0,65.6,243.0,7.0,7,51-55in,"Indonesia,South Korea",Analogue/Digital
LG,65UK660H0LA,LCD (LED),65,1.148,67.0,0.4,0.0,247.0,86.0,58.4,215.0,7.0,7,56-65in,"Indonesia,South Korea",Analogue/Digital
LINSAR,LS85UHDZEN25S,LCD (LED),85,1.971,163.7,0.41,0.0,615.0,215.0,83.1,312.0,6.0,6,76-85in,China,
SKYWORTH,65X8700G,LCD (LED),65,1.148,111.6,,,450.0,158.0,97.2,392.0,5.0,5,56-65in,China,Analogue/Digital
AKAI,AK50UHDZEN,LCD (LED),50,0.675,59.84,,,221.0,77.0,88.7,327.0,6.0,6,44-50in,China,Digital
KOGAN,KALED43U95VA,LCD (LED),42,0.498,63.12,,,269.0,94.0,126.7,540.0,4.0,4,33-43in,China,Analogue/Digital
KOGAN,KALED43U95VB,LCD (LED),42,0.498,63.12,,,269.0,94.0,126.7,540.0,4.0,4,33-43in,China,Analogue/Digital
KOGAN,KALED43U95VC,LCD (LED),42,0.498,63.12,,,269.0,94.0,126.7,540.0,4.0,4,33-43in,China,Analogue/Digital
KOGAN,KAQL65XQ98GSVA,LCD (LED),64,1.147,157.32,,,634.0,222.0,137.2,553.0,3.5,4,56-65in,China,Analogue/Digital
KOGAN,KAQL65XQ98GSVB,LCD (LED),64,1.147,157.32,,,634.0,222.0,137.2,553.0,3.5,4,56-65in,China,Analogue/Digital
KOGAN,KAQL65XQ98GSVC,LCD (LED),64,1.147,157.32,,,634.0,222.0,137.2,553.0,3.5,4,56-65in,China,Analogue/Digital
KOGAN,KAQL65XQ98****,LCD (LED),64,1.147,157.32,,,634.0,222.0,137.2,553.0,3.5,4,56-65in,China,Analogue/Digital
SKYWORTH,55Q7700G,LCD (LED),55,0.823,71.1,,,304.0,106.0,86.4,369.0,5.5,6,51-55in,China,Analogue/Digital
SKYWORTH,43E5500H,LCD (LED),43,0.498,36.6,,,173.0,61.0,73.5,347.0,6.0,6,33-43in,China,Analogue/Digital
SKYWORTH,65Q7700G,LCD (LED),65,1.148,118.6,,,465.0,163.0,103.3,405.0,5.0,5,56-65in,China,Analogue/Digital
EKO,K75USTW,LCD (LED),75,1.532,142.18,,,682.0,239.0,92.8,445.0,4.5,4,66-75in,China,Analogue/Digital
KOGAN,KALED43U95****,LCD (LED),42,0.498,63.12,,,269.0,94.0,126.7,540.0,4.0,4,33-43in,China,Analogue/Digital
KOGAN,KALD24DH67NA,LCD,24,0.153,22.3,0.14,0.0,83.0,29.0,145.8,542.0,5.0,5,32in & under,China,Analogue/Digital
SAMSUNG,QA115QN90FW,LCD (LED),114,3.613,428.0,0.5,0.0,1565.0,548.0,118.5,433.0,4.5,4,86in+,Vietnam,Digital
SAMSUNG,QA115QN90FS,LCD (LED),114,3.613,428.0,0.5,0.0,1565.0,548.0,118.5,433.0,4.5,4,86in+,Vietnam,Digital
SAMSUNG,QA115QN90F*,LCD (LED),114,3.613,428.0,0.5,0.0,1565.0,548.0,118.5,433.0,4.5,4,86in+,Vietnam,Digital
KOGAN,KALD24D97SNA,LCD,24,0.153,22.0,0.27,0.0,83.0,29.0,143.8,542.0,5.0,5,32in & under,China,Analogue/Digital
JVC,LT-42NQ5155AJ,LCD (LED),42,0.468,49.21,0.33,0.43,200.0,70.0,105.1,427.0,5.0,5,33-43in,China,Analogue/Digital
KOGAN,KALD32D97SNA,LCD,32,0.274,35.2,0.27,0.0,131.0,46.0,128.5,478.0,5.0,5,32in & under,China,Analogue/Digital
AOA,LTG43UHD,LCD (LED),43,0.498,50.04,0.3,0.0,185.0,65.0,100.5,371.0,5.5,6,33-43in,China,Digital
SAMSUNG,UA32F6000FW,LCD (LED),31,0.274,36.0,0.5,0.0,134.0,47.0,131.4,489.0,4.5,4,32in & under,Vietnam,Digital
SAMSUNG,UA32F6000FS,LCD (LED),31,0.274,36.0,0.5,0.0,134.0,47.0,131.4,489.0,4.5,4,32in & under,Vietnam,Digital
SAMSUNG,S32F6000FW,LCD (LED),31,0.274,36.0,0.5,0.0,134.0,47.0,131.4,489.0,4.5,4,32in & under,Vietnam,Digital
SAMSUNG,S32F6000FS,LCD (LED),31,0.274,36.0,0.5,0.0,134.0,47.0,131.4,489.0,4.5,4,32in & under,Vietnam,Digital
SAMSUNG,**32F6000F*,LCD (LED),31,0.274,36.0,0.5,0.0,134.0,47.0,131.4,489.0,4.5,4,32in & under,Vietnam,Digital
LG,OLED48G5PSA,OLED,48,0.623,62.0,0.4,0.0,229.0,80.0,99.5,368.0,5.5,6,44-50in,"Indonesia,South Korea",Analogue/Digital
LG,OLED48G56LS,OLED,48,0.623,62.0,0.4,0.0,229.0,80.0,99.5,368.0,5.5,6,44-50in,"Indonesia,South Korea",Analogue/Digital
SKYWORTH,32LP70G,LCD (LED),32,0.274,32.4,0.415,0.0,127.0,44.0,118.2,464.0,5.0,5,32in & under,China,Analogue/Digital
ENGLAON,LED55M10,LCD (LED),55,0.823,143.5,,,530.0,186.0,174.4,644.0,3.0,3,51-55in,Australia,Analogue/Digital
KOGAN,KALD24DH67NB,LCD,24,0.153,22.3,0.14,0.0,83.0,29.0,145.8,542.0,5.0,5,32in & under,China,Analogue/Digital
KOGAN,KALD24DH67NC,LCD,24,0.153,22.3,0.14,0.0,83.0,29.0,145.8,542.0,5.0,5,32in & under,China,Analogue/Digital
KOGAN,KALD24DH67ND,LCD,24,0.153,22.3,0.14,0.0,83.0,29.0,145.8,542.0,5.0,5,32in & under,China,Analogue/Digital
KOGAN,KALD24D97SNB,LCD,24,0.153,22.0,0.27,0.0,83.0,29.0,143.8,542.0,5.0,5,32in & under,China,Analogue/Digital
KOGAN,KALD24D97SNC,LCD,24,0.153,22.0,0.27,0.0,83.0,29.0,143.8,542.0,5.0,5,32in & under,China,Analogue/Digital
KOGAN,KALD24D97SND,LCD,24,0.153,22.0,0.27,0.0,83.0,29.0,143.8,542.0,5.0,5,32in & under,China,Analogue/Digital
KOGAN,KALD32D97SNB,LCD,32,0.274,35.2,0.27,0.0,131.0,46.0,128.5,478.0,5.0,5,32in & under,China,Analogue/Digital
KOGAN,KALD32D97SNC,LCD,32,0.274,35.2,0.27,0.0,131.0,46.0,128.5,478.0,5.0,5,32in & under,China,Analogue/Digital
KOGAN,KALD32D97SND,LCD,32,0.274,35.2,0.27,0.0,131.0,46.0,128.5,478.0,5.0,5,32in & under,China,Analogue/Digital
SKYWORTH,SW32LP70G,LCD (LED),32,0.274,32.4,0.415,0.0,127.0,44.0,118.2,464.0,5.0,5,32in & under,China,Analogue/Digital
KOGAN,KAQL55T97QA,LCD,55,0.823,110.95,,,427.0,149.0,134.8,519.0,4.0,4,51-55in,"China,Vietnam",Digital
KOGAN,KAQL55T97QB,LCD,55,0.823,110.95,,,427.0,149.0,134.8,519.0,4.0,4,51-55in,"China,Vietnam",Digital
KOGAN,KAQL55T97QC,LCD,55,0.823,110.95,,,427.0,149.0,134.8,519.0,4.0,4,51-55in,"China,Vietnam",Digital
KOGAN,KAQL55T97QD,LCD,55,0.823,110.95,,,427.0,149.0,134.8,519.0,4.0,4,51-55in,"China,Vietnam",Digital
KOGAN,KAQL55T97Q*,LCD,55,0.823,110.95,,,427.0,149.0,134.8,519.0,4.0,4,51-55in,"China,Vietnam",Digital
KOGAN,KAQL65T97QA,LCD,65,1.148,162.79,,,651.0,228.0,141.8,567.0,3.5,4,56-65in,"China,Vietnam",Digital
KOGAN,KAQL65T97QB,LCD,65,1.148,162.79,,,651.0,228.0,141.8,567.0,3.5,4,56-65in,"China,Vietnam",Digital
KOGAN,KAQL65T97QC,LCD,65,1.148,162.79,,,651.0,228.0,141.8,567.0,3.5,4,56-65in,"China,Vietnam",Digital
KOGAN,KAQL65T97QD,LCD,65,1.148,162.79,,,651.0,228.0,141.8,567.0,3.5,4,56-65in,"China,Vietnam",Digital
KOGAN,KAQL65T97Q*,LCD,65,1.148,162.79,,,651.0,228.0,141.8,567.0,3.5,4,56-65in,"China,Vietnam",Digital
COOCAA,50G6500H,LCD (LED),49,0.675,55.3,,,230.0,80.0,81.9,341.0,5.5,6,44-50in,China,Analogue/Digital
EKO,K43FST,LCD (LED),43,0.506,50.0,0.27,0.0,184.0,64.0,98.8,364.0,5.5,6,33-43in,China,Analogue/Digital
HISENSE,100U8QAU,LCD (LED),100,2.73,259.29,0.38,0.0,1028.0,360.0,95.0,377.0,5.0,5,86in+,China,Analogue/Digital
HISENSE,100U8QNZ,LCD (LED),100,2.73,259.29,0.38,0.0,1028.0,360.0,95.0,377.0,5.0,5,86in+,China,Analogue/Digital
HISENSE,100UXAU,LCD (LED),100,2.73,268.08,0.39,0.0,1058.0,370.0,98.2,388.0,5.0,5,86in+,China,Analogue/Digital
HISENSE,100UXNZ,LCD (LED),100,2.73,268.08,0.39,0.0,1058.0,370.0,98.2,388.0,5.0,5,86in+,China,Analogue/Digital
HISENSE,100U8Q series,LCD (LED),100,2.73,259.29,0.38,0.0,1028.0,360.0,95.0,377.0,5.0,5,86in+,China,Analogue/Digital
HISENSE,100UX series,LCD (LED),100,2.73,268.08,0.39,0.0,1058.0,370.0,98.2,388.0,5.0,5,86in+,China,Analogue/Digital
HISENSE,116UXAU,LCD (LED),116,3.682,303.84,0.43,0.0,1148.0,402.0,82.5,312.0,6.0,6,86in+,China,Analogue/Digital
HISENSE,116UXNZ,LCD (LED),116,3.682,303.84,0.43,0.0,1148.0,402.0,82.5,312.0,6.0,6,86in+,China,Analogue/Digital
HISENSE,116UX series,LCD (LED),116,3.682,303.84,0.43,0.0,1148.0,402.0,82.5,312.0,6.0,6,86in+,China,Analogue/Digital
LG,65UK760H0SD,LCD (LED),65,1.148,126.0,0.4,0.0,462.0,162.0,109.8,402.0,5.0,5,56-65in,"Indonesia,South Korea",Analogue/Digital
COOCAA,60G6500H,LCD (LED),60,0.996,68.2,,,300.0,105.0,68.5,301.0,6.0,6,56-65in,China,Analogue/Digital
LG,55UK767H0SA,LCD (LED),55,0.823,80.0,0.4,0.0,295.0,103.0,97.2,358.0,5.5,6,51-55in,"Indonesia,South Korea",Analogue/Digital
SAMSUNG,HG43U700FAW,LCD (LED),43,0.498,58.0,0.5,0.0,215.0,75.0,116.5,432.0,5.0,5,33-43in,Vietnam,Digital
SAMSUNG,HG50U700FAW,LCD (LED),49,0.675,66.0,0.5,0.0,244.0,85.0,97.8,361.0,5.5,6,44-50in,Vietnam,Digital
KOGAN,KAL40F98TA,LCD (LED),40,0.426,40.4,0.41,0.0,167.0,58.0,94.8,392.0,5.5,6,33-43in,China,Analogue/Digital
KOGAN,KAL40F98TB,LCD (LED),40,0.426,40.4,0.41,0.0,167.0,58.0,94.8,392.0,5.5,6,33-43in,China,Analogue/Digital
KOGAN,KAL40F98TC,LCD (LED),40,0.426,40.4,0.41,0.0,167.0,58.0,94.8,392.0,5.5,6,33-43in,China,Analogue/Digital
KOGAN,KAL40F98TD,LCD (LED),40,0.426,40.4,0.41,0.0,167.0,58.0,94.8,392.0,5.5,6,33-43in,China,Analogue/Digital
KOGAN,KAL40F98TE,LCD (LED),40,0.426,40.4,0.41,0.0,167.0,58.0,94.8,392.0,5.5,6,33-43in,China,Analogue/Digital
KOGAN,KAL40F98T*,LCD (LED),40,0.426,40.4,0.41,0.0,167.0,58.0,94.8,392.0,5.5,6,33-43in,China,Analogue/Digital
SAMSUNG,HG55U700FAW,LCD (LED),55,0.823,68.0,0.5,0.0,251.0,88.0,82.6,305.0,6.0,6,51-55in,Vietnam,Digital
SAMSUNG,HG65U700FAW,LCD (LED),65,1.148,95.0,0.5,0.0,350.0,122.0,82.8,305.0,6.0,6,56-65in,Vietnam,Digital
SAMSUNG,HG75U700FAW,LCD (LED),75,1.532,118.0,0.5,0.0,434.0,152.0,77.0,283.0,6.0,6,66-75in,Vietnam,Digital
DGTEC,DG55UHDW-23352,LCD,54,0.819,70.0,0.34,0.0,270.0,94.0,85.5,330.0,6.0,6,51-55in,China,Analogue/Digital
AIWA,AWCD24DW,LCD (LED),24,0.156,23.55,0.28,0.0,88.0,31.0,151.0,564.0,4.5,4,32in & under,China,Analogue/Digital
KOGAN,KAQL50Q97TA,LCD (LED),50,0.675,102.2,0.3,0.0,422.0,148.0,151.4,625.0,3.0,3,44-50in,China,Analogue/Digital
KOGAN,KAQL50Q97TB,LCD (LED),50,0.675,102.2,0.3,0.0,422.0,148.0,151.4,625.0,3.0,3,44-50in,China,Analogue/Digital
KOGAN,KAQL50Q97TC,LCD (LED),50,0.675,102.2,0.3,0.0,422.0,148.0,151.4,625.0,3.0,3,44-50in,China,Analogue/Digital
KOGAN,KAQL50Q97TD,LCD (LED),50,0.675,102.2,0.3,0.0,422.0,148.0,151.4,625.0,3.0,3,44-50in,China,Analogue/Digital
KOGAN,KAQL50Q97TE,LCD (LED),50,0.675,102.2,0.3,0.0,422.0,148.0,151.4,625.0,3.0,3,44-50in,China,Analogue/Digital
KOGAN,KAQL50Q97T*,LCD (LED),50,0.675,102.2,0.3,0.0,422.0,148.0,151.4,625.0,3.0,3,44-50in,China,Analogue/Digital
EKO,K430FGT,LCD,43,0.5,45.012,0.301,0.301,196.0,69.0,90.0,392.0,5.0,5,33-43in,China,Analogue/Digital
BAUHN,ATV70UHDW-0625,LCD (LED),70,1.338,108.29,,,397.0,139.0,80.9,297.0,6.0,6,66-75in,China,Analogue/Digital
BAUHN,ATV70UHDW-1025,LCD (LED),70,1.338,108.29,,,397.0,139.0,80.9,297.0,6.0,6,66-75in,China,Analogue/Digital
BAUHN,ATV70UHDW-****,LCD (LED),70,1.338,108.29,,,397.0,139.0,80.9,297.0,6.0,6,66-75in,China,Analogue/Digital
KOGAN,KAQL55Q97TA,LCD (LED),55,0.823,129.3,0.3,0.0,513.0,180.0,157.1,623.0,3.0,3,51-55in,China,Analogue/Digital
KOGAN,KAQL55Q97TB,LCD (LED),55,0.823,129.3,0.3,0.0,513.0,180.0,157.1,623.0,3.0,3,51-55in,China,Analogue/Digital
KOGAN,KAQL55Q97TC,LCD (LED),55,0.823,129.3,0.3,0.0,513.0,180.0,157.1,623.0,3.0,3,51-55in,China,Analogue/Digital
KOGAN,KAQL55Q97TD,LCD (LED),55,0.823,129.3,0.3,0.0,513.0,180.0,157.1,623.0,3.0,3,51-55in,China,Analogue/Digital
KOGAN,KAQL55Q97TE,LCD (LED),55,0.823,129.3,0.3,0.0,513.0,180.0,157.1,623.0,3.0,3,51-55in,China,Analogue/Digital
KOGAN,KAQL55Q97T*,LCD (LED),55,0.823,129.3,0.3,0.0,513.0,180.0,157.1,623.0,3.0,3,51-55in,China,Analogue/Digital
KOGAN,KAQL65Q97TA,LCD (LED),65,1.148,180.8,0.3,0.0,696.0,244.0,157.5,606.0,3.0,3,56-65in,China,Analogue/Digital
KOGAN,KAQL65Q97TB,LCD (LED),65,1.148,180.8,0.3,0.0,696.0,244.0,157.5,606.0,3.0,3,56-65in,China,Analogue/Digital
KOGAN,KAQL65Q97TC,LCD (LED),65,1.148,180.8,0.3,0.0,696.0,244.0,157.5,606.0,3.0,3,56-65in,China,Analogue/Digital
KOGAN,KAQL65Q97TD,LCD (LED),65,1.148,180.8,0.3,0.0,696.0,244.0,157.5,606.0,3.0,3,56-65in,China,Analogue/Digital
KOGAN,KAQL65Q97TE,LCD (LED),65,1.148,180.8,0.3,0.0,696.0,244.0,157.5,606.0,3.0,3,56-65in,China,Analogue/Digital
KOGAN,KAQL65Q97T*,LCD (LED),65,1.148,180.8,0.3,0.0,696.0,244.0,157.5,606.0,3.0,3,56-65in,China,Analogue/Digital
KOGAN,KAL32R98TA,LCD (LED),32,0.274,27.7,0.4,0.0,116.0,41.0,101.1,423.0,5.5,6,32in & under,China,Analogue/Digital
KOGAN,KAL32R98TB,LCD (LED),32,0.274,27.7,0.4,0.0,116.0,41.0,101.1,423.0,5.5,6,32in & under,China,Analogue/Digital
KOGAN,KAL32R98TC,LCD (LED),32,0.274,27.7,0.4,0.0,116.0,41.0,101.1,423.0,5.5,6,32in & under,China,Analogue/Digital
KOGAN,KAL32R98TD,LCD (LED),32,0.274,27.7,0.4,0.0,116.0,41.0,101.1,423.0,5.5,6,32in & under,China,Analogue/Digital
KOGAN,KAL32R98TE,LCD (LED),32,0.274,27.7,0.4,0.0,116.0,41.0,101.1,423.0,5.5,6,32in & under,China,Analogue/Digital
KOGAN,KAL32R98T*,LCD (LED),32,0.274,27.7,0.4,0.0,116.0,41.0,101.1,423.0,5.5,6,32in & under,China,Analogue/Digital
LG,65UK762H0LB,LCD (LED),65,1.148,106.0,0.4,0.0,389.0,136.0,92.3,339.0,5.5,6,56-65in,"Indonesia,South Korea",Analogue/Digital
LG,43UK762H0LB,LCD (LED),43,0.498,65.0,0.4,0.0,240.0,84.0,130.5,482.0,4.5,4,33-43in,"Indonesia,South Korea",Analogue/Digital
LG,50UK762H0LB,LCD (LED),49,0.675,68.0,0.4,0.0,251.0,88.0,100.7,372.0,5.5,6,44-50in,"Indonesia,South Korea",Analogue/Digital
LG,55UK762H0LB,LCD (LED),55,0.823,95.0,0.4,0.0,349.0,122.0,115.4,424.0,4.5,4,51-55in,"Indonesia,South Korea",Analogue/Digital
TENET,T-185J201,LCD (LED),19,0.094,15.3,,,58.0,20.0,162.8,617.0,5.0,5,32in & under,China,Digital
SKYWORTH,60Q6600H,LCD (LED),60,0.996,69.3,,,280.0,98.0,69.6,281.0,6.0,6,56-65in,China,Analogue/Digital
JVC,LT-43NQ5165A,LCD (LED),42,0.498,38.4,0.39,0.0,163.0,57.0,77.1,327.0,6.0,6,33-43in,China,Analogue/Digital
DGTEC,DG70UHDW-22795,LCD (LED),70,1.338,108.29,,,397.0,139.0,80.9,297.0,6.0,6,66-75in,China,Analogue/Digital
DGTEC,DG70UHDW-*****,LCD (LED),70,1.338,108.29,,,397.0,139.0,80.9,297.0,6.0,6,66-75in,China,Analogue/Digital
DGTEC,DG70UHDW-22658,LCD (LED),70,1.338,108.29,,,397.0,139.0,80.9,297.0,6.0,6,66-75in,China,Analogue/Digital
LG,43UA841C0SA,LCD (LED),43,0.498,70.0,0.4,0.0,258.0,90.0,140.6,518.0,4.0,4,33-43in,"Indonesia,South Korea",Analogue/Digital
LG,50UA841C0SA,LCD (LED),49,0.675,83.0,0.4,0.0,305.0,107.0,123.0,452.0,4.5,4,44-50in,"Indonesia,South Korea",Analogue/Digital
LG,55UA841C0SA,LCD (LED),55,0.823,92.0,0.4,0.0,338.0,118.0,111.8,411.0,5.0,5,51-55in,"Indonesia,South Korea",Analogue/Digital
LG,65UA841C0SA,LCD (LED),65,1.148,118.0,0.4,0.0,433.0,152.0,102.8,377.0,5.0,5,56-65in,"Indonesia,South Korea",Analogue/Digital
LG,43UK767H0LB,LCD (LED),43,0.498,62.0,0.4,0.0,229.0,80.0,124.5,460.0,4.5,4,33-43in,"Indonesia,South Korea",Analogue/Digital
BAUHN,ATV75UHDW-0925,LCD,75,1.532,128.89,0.31,0.0,485.0,170.0,84.1,317.0,6.0,6,66-75in,China,Digital
LG,50UK767H0LB,LCD (LED),49,0.675,54.0,0.4,0.0,200.0,70.0,80.0,296.0,6.0,6,44-50in,"Indonesia,South Korea",Analogue/Digital
LG,55UK767H0LB,LCD (LED),55,0.823,55.0,0.4,0.0,203.0,71.0,66.8,247.0,7.0,7,51-55in,"Indonesia,South Korea",Analogue/Digital
LG,65UK767H0LB,LCD (LED),65,1.148,69.0,0.4,0.0,254.0,89.0,60.1,221.0,7.0,7,56-65in,"Indonesia,South Korea",Analogue/Digital
BLAUPUNKT,BP550USG60100,LCD,55,0.823,133.926,0.365,0.365,530.0,186.0,162.7,644.0,3.0,3,51-55in,China,Analogue/Digital
BLAUPUNKT,BP650USG60100,LCD,65,1.149,157.044,0.307,0.307,640.0,224.0,136.7,557.0,3.5,4,56-65in,China,Analogue/Digital
KOGAN,KALED43U95TA,LCD (LED),43,0.498,66.3,0.37,0.0,258.0,90.0,133.1,518.0,4.0,4,33-43in,China,Analogue/Digital
KOGAN,KALED43U95TB,LCD (LED),43,0.498,66.3,0.37,0.0,258.0,90.0,133.1,518.0,4.0,4,33-43in,China,Analogue/Digital
KOGAN,KALED43U95TC,LCD (LED),43,0.498,66.3,0.37,0.0,258.0,90.0,133.1,518.0,4.0,4,33-43in,China,Analogue/Digital
KOGAN,KALED43U95TD,LCD (LED),43,0.498,66.3,0.37,0.0,258.0,90.0,133.1,518.0,4.0,4,33-43in,China,Analogue/Digital
KOGAN,KALED43U95TE,LCD (LED),43,0.498,66.3,0.37,0.0,258.0,90.0,133.1,518.0,4.0,4,33-43in,China,Analogue/Digital
KOGAN,KALED43U95T*,LCD (LED),43,0.498,66.3,0.37,0.0,258.0,90.0,133.1,518.0,4.0,4,33-43in,China,Analogue/Digital
JVC,LT-32NQ3165A,LCD (LED),32,0.274,25.26,0.4,0.0,110.0,38.0,92.2,401.0,5.5,6,32in & under,China,Analogue/Digital
KOGAN,KAL24DH5400VA,LCD (LED),24,0.153,23.0,0.38,0.0,94.0,33.0,150.3,614.0,4.5,4,32in & under,China,Analogue/Digital
KOGAN,KAL24DH5400VB,LCD (LED),24,0.153,23.0,0.38,0.0,94.0,33.0,150.3,614.0,4.5,4,32in & under,China,Analogue/Digital
KOGAN,KAL24DH5400VC,LCD (LED),24,0.153,23.0,0.38,0.0,94.0,33.0,150.3,614.0,4.5,4,32in & under,China,Analogue/Digital
KOGAN,"KAL24DH5400VA,KAL24DH5400VB,KAL24DH5400VC",LCD (LED),24,0.153,23.0,0.38,0.0,94.0,33.0,150.3,614.0,4.5,4,32in & under,China,Analogue/Digital
DGTEC,DG55UHDW-22858,LCD,54,0.819,70.0,0.34,0.0,270.0,94.0,85.5,330.0,6.0,6,51-55in,China,Analogue/Digital
AIWA,AWCD32DW,LCD (LED),32,0.274,33.5,0.36,0.0,125.0,44.0,122.3,456.0,5.0,5,32in & under,China,Analogue/Digital
KOGAN,KALED50U95TA,LCD (LED),50,0.675,80.1,0.3,0.0,349.0,122.0,118.7,517.0,4.0,4,44-50in,China,Analogue/Digital
KOGAN,KALED50U95TB,LCD (LED),50,0.675,80.1,0.3,0.0,349.0,122.0,118.7,517.0,4.0,4,44-50in,China,Analogue/Digital
KOGAN,KALED50U95TC,LCD (LED),50,0.675,80.1,0.3,0.0,349.0,122.0,118.7,517.0,4.0,4,44-50in,China,Analogue/Digital
KOGAN,KALED50U95TD,LCD (LED),50,0.675,80.1,0.3,0.0,349.0,122.0,118.7,517.0,4.0,4,44-50in,China,Analogue/Digital
KOGAN,KALED50U95TE,LCD (LED),50,0.675,80.1,0.3,0.0,349.0,122.0,118.7,517.0,4.0,4,44-50in,China,Analogue/Digital
KOGAN,KALED50U95T*,LCD (LED),50,0.675,80.1,0.3,0.0,349.0,122.0,118.7,517.0,4.0,4,44-50in,China,Analogue/Digital
KOGAN,KAQL70T97QA,LCD,70,1.338,139.61,,,538.0,188.0,104.3,402.0,5.0,5,66-75in,"China,Vietnam",Digital
KOGAN,KAQL70T97QB,LCD,70,1.338,139.61,,,538.0,188.0,104.3,402.0,5.0,5,66-75in,"China,Vietnam",Digital
KOGAN,KAQL70T97QC,LCD,70,1.338,139.61,,,538.0,188.0,104.3,402.0,5.0,5,66-75in,"China,Vietnam",Digital
KOGAN,KAQL70T97QD,LCD,70,1.338,139.61,,,538.0,188.0,104.3,402.0,5.0,5,66-75in,"China,Vietnam",Digital
KOGAN,KAQL70T97Q*,LCD,70,1.338,139.61,,,538.0,188.0,104.3,402.0,5.0,5,66-75in,"China,Vietnam",Digital
DIGITECH,GH5200,LCD,24,0.156,21.64,,,81.0,28.0,138.7,519.0,5.0,5,32in & under,Hong Kong,Analogue/Digital
DIGITECH,GH5226,LCD,24,0.156,21.64,,,81.0,28.0,138.7,519.0,5.0,5,32in & under,Hong Kong,Analogue/Digital
AKAI,AK65UHDZEN,LCD (LED),65,1.148,94.374,,,347.0,121.0,82.2,302.0,6.0,6,56-65in,China,Analogue/Digital
DIGITECH,GH5202,LCD,31,0.268,35.04,,,130.0,46.0,130.7,485.0,4.5,4,32in & under,Hong Kong,Analogue/Digital
DIGITECH,GH5228,LCD,31,0.268,35.04,,,130.0,46.0,130.7,485.0,4.5,4,32in & under,Hong Kong,Analogue/Digital
DIGITECH,GH5204,LCD,19,0.096,14.89,,,56.0,20.0,155.1,583.0,5.5,6,32in & under,Hong Kong,Analogue/Digital
DIGITECH,GH5220,LCD,19,0.096,21.71,,,81.0,28.0,226.1,844.0,3.5,4,32in & under,Hong Kong,Analogue/Digital
DIGITECH,GH5222,LCD,24,0.156,25.17,,,94.0,33.0,161.3,603.0,4.5,4,32in & under,Hong Kong,Analogue/Digital
DIGITECH,GH5230,LCD,24,0.156,25.17,,,94.0,33.0,161.3,603.0,4.5,4,32in & under,Hong Kong,Analogue/Digital
DIGITECH,GH5224,LCD,31,0.268,24.52,,,92.0,32.0,91.5,343.0,6.0,6,32in & under,Hong Kong,Analogue/Digital
SAMSUNG,UA32T5300A,LCD (LED),31,0.273,31.0,0.5,0.0,116.0,41.0,113.6,425.0,5.5,6,32in & under,Vietnam,Digital
SAMSUNG,UA32T5300AW,LCD (LED),31,0.273,31.0,0.5,0.0,116.0,41.0,113.6,425.0,5.5,6,32in & under,Vietnam,Digital
SAMSUNG,UA32T5300AS,LCD (LED),31,0.273,31.0,0.5,0.0,116.0,41.0,113.6,425.0,5.5,6,32in & under,Vietnam,Digital
LG,75UK767H0LB,LCD (LED),75,1.531,147.0,0.4,0.0,539.0,189.0,96.0,352.0,5.5,6,66-75in,"Indonesia,South Korea",Analogue/Digital
TELEFUNKEN,TL400TQ,LCD (LED),40,0.426,43.5,,,167.0,58.0,102.1,392.0,5.5,6,33-43in,China,Analogue/Digital
LG,43PK640S0SB,LCD (LED),43,0.498,65.9,,,242.0,85.0,132.3,486.0,4.5,4,33-43in,"China,Vietnam",Analogue/Digital
LG,50PK640S0SB,LCD (LED),49,0.675,81.0,,,297.0,104.0,120.0,440.0,4.5,4,44-50in,"China,Vietnam",Analogue/Digital
LG,55PK640S0SB,LCD (LED),55,0.823,91.0,,,334.0,117.0,110.6,406.0,5.0,5,51-55in,"Vietnam,China",Analogue/Digital
LG,65PK640S0SB,LCD (LED),65,1.148,115.0,,,422.0,148.0,100.2,368.0,5.0,5,56-65in,"China,Vietnam",Analogue/Digital
LG,75PK640S0SA,LCD (LED),75,1.531,136.9,,,501.0,175.0,89.4,327.0,5.5,6,66-75in,"China,Vietnam",Analogue/Digital
LG,86PK640S0SA,LCD (LED),86,2.02,155.0,,,567.0,198.0,76.7,281.0,6.0,6,86in+,"China,Vietnam",Analogue/Digital
LG,75UA841C0SA,LCD (LED),75,1.531,137.0,,,502.0,176.0,89.5,328.0,5.5,6,66-75in,"China,Vietnam",Analogue/Digital
LG,86UA841C0SA,LCD (LED),86,2.02,155.0,,,568.0,199.0,76.7,281.0,6.0,6,86in+,"China,Vietnam",Analogue/Digital
KOGAN,KAQL75MQ8ZTA,LCD (LED),75,1.532,193.1,0.4,0.0,751.0,263.0,126.0,490.0,4.0,4,66-75in,China,Analogue/Digital
KOGAN,KAQL75MQ8ZTB,LCD (LED),75,1.532,193.1,0.4,0.0,751.0,263.0,126.0,490.0,4.0,4,66-75in,China,Analogue/Digital
KOGAN,KAQL75MQ8ZTC,LCD (LED),75,1.532,193.1,0.4,0.0,751.0,263.0,126.0,490.0,4.0,4,66-75in,China,Analogue/Digital
KOGAN,KAQL75MQ8ZTD,LCD (LED),75,1.532,193.1,0.4,0.0,751.0,263.0,126.0,490.0,4.0,4,66-75in,China,Analogue/Digital
KOGAN,KAQL75MQ8ZTE,LCD (LED),75,1.532,193.1,0.4,0.0,751.0,263.0,126.0,490.0,4.0,4,66-75in,China,Analogue/Digital
KOGAN,KAQL75MQ8ZT*,LCD (LED),75,1.532,193.1,0.4,0.0,751.0,263.0,126.0,490.0,4.0,4,66-75in,China,Analogue/Digital
KOGAN,KAL24R98TA,LCD (LED),24,0.153,19.2,0.4,0.0,83.0,29.0,125.5,542.0,5.0,5,32in & under,China,Analogue/Digital
KOGAN,KAL24R98TB,LCD (LED),24,0.153,19.2,0.4,0.0,83.0,29.0,125.5,542.0,5.0,5,32in & under,China,Analogue/Digital
KOGAN,KAL24R98TC,LCD (LED),24,0.153,19.2,0.4,0.0,83.0,29.0,125.5,542.0,5.0,5,32in & under,China,Analogue/Digital
KOGAN,KAL24R98TD,LCD (LED),24,0.153,19.2,0.4,0.0,83.0,29.0,125.5,542.0,5.0,5,32in & under,China,Analogue/Digital
KOGAN,KAL24R98TE,LCD (LED),24,0.153,19.2,0.4,0.0,83.0,29.0,125.5,542.0,5.0,5,32in & under,China,Analogue/Digital
LOEWE,Stellar 55 DR+ OLED,OLED,55,0.822,70.0,0.4,0.7,258.0,90.0,85.2,314.0,6.0,6,51-55in,Germany,Analogue/Digital
LOEWE,Stella 65 DR+,OLED,65,1.149,85.0,0.4,0.7,313.0,110.0,74.0,272.0,6.0,6,56-65in,Germany,Analogue/Digital
LOEWE,Inspire 48 OLED,OLED,48,0.622,61.0,0.37,0.41,225.0,79.0,98.1,362.0,5.5,6,44-50in,Germany,Analogue/Digital
LOEWE,We SEE 48 OLED,OLED,48,0.622,61.0,0.37,0.41,225.0,79.0,98.1,362.0,5.5,6,44-50in,Germany,Analogue/Digital
LOEWE,Inspire 55 OLED,OLED,55,0.822,76.5,0.3,0.4,281.0,98.0,93.1,342.0,5.5,6,51-55in,Germany,Analogue/Digital
LOEWE,We SEE 55 OLED,OLED,55,0.822,76.5,0.3,0.4,281.0,98.0,93.1,342.0,5.5,6,51-55in,Germany,Analogue/Digital
LOEWE,LOEWE 55 OLED,OLED,55,0.822,76.5,0.3,0.4,281.0,98.0,93.1,342.0,5.5,6,51-55in,Germany,Analogue/Digital
LOEWE,Inspire 65 OLED,OLED,65,1.149,98.0,0.3,0.4,360.0,126.0,85.3,313.0,6.0,6,56-65in,Germany,Analogue/Digital
LOEWE,We SEE 65 OLED,OLED,65,1.149,98.0,0.3,0.4,360.0,126.0,85.3,313.0,6.0,6,56-65in,Germany,Analogue/Digital
LOEWE,LOEWE 65 OLED,OLED,65,1.149,98.0,0.3,0.4,360.0,126.0,85.3,313.0,6.0,6,56-65in,Germany,Analogue/Digital
LOEWE,Stellar 42 DR+ OLED,OLED,42,0.476,52.0,0.4,0.7,192.0,67.0,109.2,403.0,5.0,5,33-43in,Germany,Analogue/Digital
LOEWE,Stellar 48 DR+ OLED,OLED,48,0.623,58.0,0.4,0.7,214.0,75.0,93.1,343.0,5.5,6,44-50in,Germany,Analogue/Digital
SAMSUNG,QA98Q7FAAW,LCD (LED),98,2.621,293.0,0.5,0.0,1073.0,376.0,111.8,409.0,4.5,4,86in+,Vietnam,Digital
SAMSUNG,QA98Q7FAAS,LCD (LED),98,2.621,293.0,0.5,0.0,1073.0,376.0,111.8,409.0,4.5,4,86in+,Vietnam,Digital
SAMSUNG,QA98Q7FAA*,LCD (LED),98,2.621,293.0,0.5,0.0,1073.0,376.0,111.8,409.0,4.5,4,86in+,Vietnam,Digital
BAUHN,ATV40FHDW-1125,LCD,40,0.432,34.7,0.395,0.0,150.0,52.0,80.3,347.0,6.0,6,33-43in,China,Analogue/Digital
TELEFUNKEN,TL320TQ,LCD (LED),32,0.274,38.12,,,145.0,51.0,139.1,529.0,4.5,4,32in & under,China,Analogue/Digital
LOEWE,LOEWE,OLED,48,0.622,61.0,0.37,0.41,225.0,79.0,98.1,362.0,5.5,6,44-50in,Germany,Analogue/Digital
JVC,LT-55NQ7165A,LCD (LED),55,0.849,58.7,0.45,0.0,247.0,86.0,69.1,291.0,6.0,6,51-55in,China,Analogue/Digital
KOGAN,KAQL55MQ8ZTA,LCD (LED),55,0.821,131.3,0.3,0.0,513.0,180.0,159.9,625.0,3.0,3,51-55in,China,Analogue/Digital
KOGAN,KAQL55MQ8ZTB,LCD (LED),55,0.821,131.3,0.3,0.0,513.0,180.0,159.9,625.0,3.0,3,51-55in,China,Analogue/Digital
KOGAN,KAQL55MQ8ZTC,LCD (LED),55,0.821,131.3,0.3,0.0,513.0,180.0,159.9,625.0,3.0,3,51-55in,China,Analogue/Digital
KOGAN,KAQL55MQ8ZTD,LCD (LED),55,0.821,131.3,0.3,0.0,513.0,180.0,159.9,625.0,3.0,3,51-55in,China,Analogue/Digital
KOGAN,KAQL55MQ8ZTE,LCD (LED),55,0.821,131.3,0.3,0.0,513.0,180.0,159.9,625.0,3.0,3,51-55in,China,Analogue/Digital
KOGAN,KAQL55MQ8ZT*,LCD (LED),55,0.821,131.3,0.3,0.0,513.0,180.0,159.9,625.0,3.0,3,51-55in,China,Analogue/Digital
KOGAN,KAQL65MQ8ZTA,LCD (LED),65,1.148,120.1,0.36,0.0,462.0,162.0,104.6,402.0,5.0,5,56-65in,China,Analogue/Digital
KOGAN,KAQL65MQ8ZTB,LCD (LED),65,1.148,120.1,0.36,0.0,462.0,162.0,104.6,402.0,5.0,5,56-65in,China,Analogue/Digital
KOGAN,KAQL65MQ8ZTC,LCD (LED),65,1.148,120.1,0.36,0.0,462.0,162.0,104.6,402.0,5.0,5,56-65in,China,Analogue/Digital
KOGAN,KAQL65MQ8ZTD,LCD (LED),65,1.148,120.1,0.36,0.0,462.0,162.0,104.6,402.0,5.0,5,56-65in,China,Analogue/Digital
KOGAN,KAQL65MQ8ZTE,LCD (LED),65,1.148,120.1,0.36,0.0,462.0,162.0,104.6,402.0,5.0,5,56-65in,China,Analogue/Digital
KOGAN,KAQL65MQ8ZT*,LCD (LED),65,1.148,120.1,0.36,0.0,462.0,162.0,104.6,402.0,5.0,5,56-65in,China,Analogue/Digital
COOCAA,85G6500H,LCD (LED),85,1.969,143.6,0.389,0.0,555.0,194.0,72.9,282.0,6.0,6,76-85in,China,Analogue/Digital
COOCAA,65G6500H,LCD (LED),65,1.148,83.6,,,330.0,116.0,72.8,287.0,6.0,6,56-65in,China,Analogue/Digital
KOGAN,KAL24R98T*,LCD (LED),24,0.153,19.2,0.4,0.0,83.0,29.0,125.5,542.0,5.0,5,32in & under,China,Analogue/Digital
LG,86UA841CPSA,LCD (LED),86,2.02,155.0,,,568.0,199.0,76.7,281.0,6.0,6,86in+,"China,Vietnam",Analogue/Digital
LG,75UA841CPSA,LCD (LED),75,1.531,137.0,,,502.0,176.0,89.5,328.0,5.5,6,66-75in,"China,Vietnam",Analogue/Digital
BAUHN,ATV65UHDW-1125,LCD,65,1.148,94.374,,,357.0,125.0,82.2,311.0,6.0,6,56-65in,China,Analogue/Digital
BAUHN,ATV70UHDT-0126,LCD,70,1.332,110.35,,,405.0,142.0,82.8,304.0,6.0,6,66-75in,China,Analogue/Digital
SYLVOX,OQ65A3KOHJ,LCD,65,1.148,101.358,0.36552,1.5118,400.0,140.0,88.3,348.0,5.5,6,56-65in,China,Analogue/Digital
SYLVOX,OQ75A3KOHJ,LCD,75,1.532,130.692,0.33236,1.268,510.0,178.0,85.3,333.0,5.5,6,66-75in,China,Analogue/Digital
SAMSUNG,HG24F800FAW,LCD (LED),24,0.156,21.0,0.5,0.0,80.0,28.0,134.6,513.0,5.0,5,32in & under,Vietnam,Digital
KOGAN,KAQL65MQXTA,LCD (LED),65,1.148,208.5,0.357,0.0,810.0,284.0,181.6,706.0,2.5,2,56-65in,China,Analogue/Digital
KOGAN,KAQL75MQXTA,LCD (LED),75,1.532,248.3,0.35,0.0,950.0,332.0,162.1,620.0,3.0,3,66-75in,China,Analogue/Digital
KOGAN,KAQL85MQXTA,LCD (LED),85,1.971,321.3,0.328,0.0,1350.0,472.0,163.0,685.0,2.5,2,76-85in,China,Analogue/Digital
LINSAR,LS65UHDZEN25S,LCD (LED),65,1.148,94.374,,,347.0,121.0,82.2,302.0,6.0,6,56-65in,China,Analogue/Digital
DGTEC,DG75UHDW-23351,LCD,75,1.532,128.89,0.31,0.0,485.0,170.0,84.1,317.0,6.0,6,66-75in,China,Digital
JVC,LT-65NQ7165A,LCD (LED),64,1.141,66.42,0.45,0.0,298.0,104.0,58.2,261.0,6.0,6,56-65in,China,Analogue/Digital
LG,55UA731C0SB,LCD (LED),55,0.823,91.0,,,334.0,117.0,110.6,406.0,5.0,5,51-55in,"China,Vietnam",Analogue/Digital
LG,65UA731C0SB,LCD (LED),65,1.148,115.0,,,422.0,148.0,100.2,368.0,5.0,5,56-65in,"China,Vietnam",Analogue/Digital
LG,43UA731C0SB,LCD (LED),43,0.498,66.0,,,242.0,85.0,132.5,486.0,4.5,4,33-43in,"China,Vietnam",Analogue/Digital
SAMSUNG,MRA115MR95F,LCD (LED),114,3.613,464.0,0.5,0.0,1697.0,594.0,128.4,470.0,4.0,4,86in+,Vietnam,Digital
LG,50UA731C0SB,LCD (LED),49,0.675,81.0,,,297.0,104.0,120.0,440.0,4.5,4,44-50in,"China,Vietnam",Analogue/Digital
BLAUPUNKT,BP750USG60100,LCD,75,1.531,211.836,0.34,0.34,950.0,332.0,138.4,621.0,3.0,3,66-75in,China,Analogue/Digital
KOGAN,KALED60U95TA,LCD (LED),60,0.996,102.0,0.3,0.0,404.0,141.0,102.4,406.0,5.0,5,56-65in,China,Analogue/Digital
KOGAN,KALED60U95TB,LCD (LED),60,0.996,102.0,0.3,0.0,404.0,141.0,102.4,406.0,5.0,5,56-65in,China,Analogue/Digital
KOGAN,KALED60U95TC,LCD (LED),60,0.996,102.0,0.3,0.0,404.0,141.0,102.4,406.0,5.0,5,56-65in,China,Analogue/Digital
KOGAN,KALED60U95TD,LCD (LED),60,0.996,102.0,0.3,0.0,404.0,141.0,102.4,406.0,5.0,5,56-65in,China,Analogue/Digital
KOGAN,KALED60U95TE,LCD (LED),60,0.996,102.0,0.3,0.0,404.0,141.0,102.4,406.0,5.0,5,56-65in,China,Analogue/Digital
KOGAN,KALED60U95T*,LCD (LED),60,0.996,102.0,0.3,0.0,404.0,141.0,102.4,406.0,5.0,5,56-65in,China,Analogue/Digital
SAMSUNG,QA65Q6FAAW,LCD (LED),65,1.148,110.0,0.5,0.0,405.0,142.0,95.8,353.0,5.5,6,56-65in,Vietnam,Digital
SAMSUNG,QA65Q6FAAS,LCD (LED),65,1.148,110.0,0.5,0.0,405.0,142.0,95.8,353.0,5.5,6,56-65in,Vietnam,Digital
SAMSUNG,QA65Q6FAA*,LCD (LED),65,1.148,110.0,0.5,0.0,405.0,142.0,95.8,353.0,5.5,6,56-65in,Vietnam,Digital
SAMSUNG,QA85Q6FAAW,LCD (LED),85,1.971,146.0,0.5,0.0,536.0,188.0,74.1,272.0,6.0,6,76-85in,Vietnam,Digital
SAMSUNG,QA85Q6FAAS,LCD (LED),85,1.971,146.0,0.5,0.0,536.0,188.0,74.1,272.0,6.0,6,76-85in,Vietnam,Digital
SAMSUNG,QA85Q6FAA*,LCD (LED),85,1.971,146.0,0.5,0.0,536.0,188.0,74.1,272.0,6.0,6,76-85in,Vietnam,Digital
SAMSUNG,QA75Q6FAAS,LCD (LED),75,1.532,134.0,0.5,0.0,492.0,172.0,87.5,321.0,5.5,6,66-75in,Vietnam,Digital
SAMSUNG,QA75Q6FAA*,LCD (LED),75,1.532,134.0,0.5,0.0,492.0,172.0,87.5,321.0,5.5,6,66-75in,Vietnam,Digital
SAMSUNG,QA75Q6FAAW,LCD (LED),75,1.532,134.0,0.5,0.0,492.0,172.0,87.5,321.0,5.5,6,66-75in,Vietnam,Digital
AIWA,AWS430QWE,LCD (LED),42,0.498,38.16,0.45,0.0,163.0,57.0,76.6,327.0,6.0,6,33-43in,China,Analogue/Digital
JVC,LT-40NQ5165A,LCD (LED),39,0.426,32.46,0.41,0.0,151.0,53.0,76.2,354.0,6.0,6,33-43in,China,Analogue/Digital
JVC,LT-40*******,LCD (LED),39,0.426,32.46,0.41,0.0,151.0,53.0,76.2,354.0,6.0,6,33-43in,China,Analogue/Digital
TECO,LED24JFRDHU,LCD (LED),24,0.156,17.48,,,70.0,24.0,112.1,449.0,5.5,6,32in & under,China,Analogue/Digital
TECO,LED19JHRHU,LCD (LED),19,0.094,18.47,,,75.0,26.0,196.5,798.0,4.0,4,32in & under,China,Analogue/Digital
BAUHN,ATV49FHDT-0126,LCD,50,0.676,52.6,0.395,0.0,195.0,68.0,77.8,288.0,6.0,6,44-50in,China,Analogue/Digital
BLAUPUNKT,BP24TIZDVD,LCD (LED),24,0.156,25.68,0.24,0.0,96.0,34.0,164.6,615.0,4.5,4,32in & under,China,Analogue/Digital
BLAUPUNKT,BP32TIZDVD,LCD (LED),32,0.274,34.76,0.24,0.0,129.0,45.0,126.9,471.0,5.0,5,32in & under,China,Analogue/Digital
BLAUPUNKT,BP40TIZDVD,LCD (LED),40,0.426,35.63,0.26,0.0,132.0,46.0,83.6,310.0,6.0,6,33-43in,China,Analogue/Digital
JVC,AV-BQ557165A,LCD (LED),55,0.823,60.62,0.45,0.0,247.0,86.0,73.7,300.0,6.0,6,51-55in,China,Analogue/Digital
DGTEC,DG70UHDW-23353,LCD (LED),70,1.338,108.29,,,397.0,139.0,80.9,297.0,6.0,6,66-75in,China,Analogue/Digital
EKO,K320HGT12V,LCD (LED),32,0.274,31.784,0.219,0.219,130.0,46.0,116.0,474.0,5.0,5,32in & under,China,Analogue/Digital
EKO,K650UGT**,LCD,64,1.147,94.65,0.354,0.0,580.0,203.0,82.5,506.0,4.0,4,56-65in,China,Analogue/Digital
EKO,K650UGT2Q,LCD,64,1.147,94.65,0.354,0.0,580.0,203.0,82.5,506.0,4.0,4,56-65in,China,Analogue/Digital
ALTIUS,AT24HDNFB,LCD (LED),24,0.153,15.38,0.5,0.0,59.0,21.0,100.5,386.0,6.0,6,32in & under,China,Digital
EKO,K750UATW,LCD,75,1.531,195.75,0.36,0.36,758.0,265.0,127.9,495.0,4.0,4,66-75in,China,Analogue/Digital
AIWA,AWS500WN,LCD (LED),50,0.675,58.95,0.37,0.0,218.0,76.0,87.3,323.0,6.0,6,44-50in,China,Analogue/Digital
AIWA,AWS55DW,LCD (LED),55,0.823,90.11,0.32,0.0,332.0,116.0,109.5,403.0,5.0,5,51-55in,China,Analogue/Digital
AIWA,AWS650QWG,LCD (LED),65,1.148,92.39,0.39,0.0,340.0,119.0,80.5,296.0,6.0,6,56-65in,China,Analogue/Digital
SONY,K-43S20M2,LCD (LED),42,0.498,57.0,0.5,12.0,214.0,75.0,114.5,430.0,5.0,5,33-43in,Vietnam,Analogue/Digital
SONY,K-50S20M2,LCD (LED),49,0.675,65.8,0.5,12.3,246.0,86.0,97.5,364.0,5.5,6,44-50in,Vietnam,Analogue/Digital
SONY,K-55S20M2,LCD (LED),55,0.823,83.6,0.5,13.2,311.0,109.0,101.6,378.0,5.0,5,51-55in,Vietnam,Analogue/Digital
SONY,K-65S20M2,LCD (LED),65,1.148,109.8,0.5,12.4,407.0,142.0,95.6,355.0,5.5,6,56-65in,Vietnam,Analogue/Digital
SONY,K-75S20M2,LCD (LED),75,1.531,133.0,0.5,12.1,491.0,172.0,86.9,321.0,5.5,6,66-75in,Vietnam,Analogue/Digital
BLAUPUNKT,BP320FSG9800,LCD,32,0.274,28.0,0.303,0.303,160.0,56.0,102.2,584.0,4.0,4,32in & under,China,Analogue/Digital
AIWA,AWS550QWE,LCD (LED),54,0.817,60.78,0.45,0.0,247.0,86.0,74.4,302.0,6.0,6,51-55in,China,Analogue/Digital
AIWA,AWS550QWE，AWS550QW,LCD (LED),54,0.817,60.78,0.45,0.0,247.0,86.0,74.4,302.0,6.0,6,51-55in,China,Analogue/Digital
JVC,AV-BQ557165AE,LCD (LED),54,0.817,60.78,0.45,0.0,247.0,86.0,74.4,302.0,6.0,6,51-55in,China,Analogue/Digital
EKO,K320FGTQ,LCD,31,0.272,34.296,0.262,0.0,130.0,46.0,126.1,478.0,5.0,5,32in & under,China,Analogue/Digital
EKO,K320****,LCD,31,0.272,34.296,0.262,0.0,130.0,46.0,126.1,478.0,5.0,5,32in & under,China,Analogue/Digital
EKO,K320HGTLB,LCD,31,0.272,34.296,0.262,0.0,130.0,46.0,126.1,478.0,5.0,5,32in & under,China,Analogue/Digital
EKO,K320HGTLW,LCD,31,0.272,34.296,0.262,0.0,130.0,46.0,126.1,478.0,5.0,5,32in & under,China,Analogue/Digital
JVC,"AV-BQ557165AE, AV-BQ557165A",LCD (LED),54,0.817,60.78,0.45,0.0,247.0,86.0,74.4,302.0,6.0,6,51-55in,China,Analogue/Digital
SPARK ELECTRONICS,55SPA-Outdoor-TV,LCD (LED),55,0.823,114.75,0.4,0.0,421.0,147.0,139.4,512.0,4.0,4,51-55in,China,Digital
SPARK ELECTRONICS,65SPA-Outdoor-TV,LCD (LED),55,0.823,114.75,0.4,0.0,421.0,147.0,139.4,512.0,4.0,4,51-55in,China,Digital
SPARK ELECTRONICS,75SPA-Outdoor-TV,LCD (LED),55,0.823,114.75,0.4,0.0,421.0,147.0,139.4,512.0,4.0,4,51-55in,China,Digital
SPARK ELECTRONICS,55ALF-Outdoor-TV,LCD (LED),55,0.823,114.75,0.4,0.0,421.0,147.0,139.4,512.0,4.0,4,51-55in,China,Digital
SPARK ELECTRONICS,65ALF-Outdoor-TV,LCD (LED),55,0.823,114.75,0.4,0.0,421.0,147.0,139.4,512.0,4.0,4,51-55in,China,Digital
SPARK ELECTRONICS,75ALFOutdoor-TV,LCD (LED),55,0.823,114.75,0.4,0.0,421.0,147.0,139.4,512.0,4.0,4,51-55in,China,Digital
SPARK ELECTRONICS,Outdoor TV,LCD (LED),55,0.823,114.75,0.4,0.0,421.0,147.0,139.4,512.0,4.0,4,51-55in,China,Digital
SPARK ELECTRONICS,"65"" Patio Pro",LCD,65,1.148,158.28,,,582.0,204.0,137.9,507.0,4.0,4,56-65in,China,Analogue/Digital
SPARK ELECTRONICS,"65"" Patio",LCD,65,1.148,158.28,,,582.0,204.0,137.9,507.0,4.0,4,56-65in,China,Analogue/Digital
SPARK ELECTRONICS,"65"" Pavilion 2 Pro",LCD,65,1.148,158.28,,,582.0,204.0,137.9,507.0,4.0,4,56-65in,China,Analogue/Digital
SPARK ELECTRONICS,"65"" Pavilion 2",LCD,65,1.148,158.28,,,582.0,204.0,137.9,507.0,4.0,4,56-65in,China,Analogue/Digital
SPARK ELECTRONICS,"55"" Patio Pro",LCD,55,0.825,127.74,,,471.0,165.0,154.8,571.0,3.5,4,51-55in,China,Analogue/Digital
SPARK ELECTRONICS,"55"" Patio",LCD,55,0.825,127.74,,,471.0,165.0,154.8,571.0,3.5,4,51-55in,China,Analogue/Digital
SPARK ELECTRONICS,"55"" Pavilion 2",LCD,55,0.825,127.74,,,471.0,165.0,154.8,571.0,3.5,4,51-55in,China,Analogue/Digital
SPARK ELECTRONICS,"55"" Pavilion 2 Pro",LCD,55,0.825,127.74,,,471.0,165.0,154.8,571.0,3.5,4,51-55in,China,Analogue/Digital
AIWA,AWC24DW,LCD (LED),24,0.153,26.3,0.4,0.0,105.0,37.0,171.9,686.0,4.0,4,32in & under,China,Analogue/Digital
AIWA,AWC240WZ，AWC24DW,LCD (LED),24,0.153,26.3,0.4,0.0,105.0,37.0,171.9,686.0,4.0,4,32in & under,China,Analogue/Digital
SPARK ELECTRONICS,"75"" Patio",LCD,74,1.529,252.5,,,930.0,326.0,165.1,608.0,3.0,3,66-75in,China,Analogue/Digital
SPARK ELECTRONICS,"75"" Patio Pro",LCD,74,1.529,252.5,,,930.0,326.0,165.1,608.0,3.0,3,66-75in,China,Analogue/Digital
SPARK ELECTRONICS,"75"" Pavilion 2",LCD,74,1.529,252.5,,,930.0,326.0,165.1,608.0,3.0,3,66-75in,China,Analogue/Digital
SPARK ELECTRONICS,"75"" Pavilion 2 Pro",LCD,74,1.529,252.5,,,930.0,326.0,165.1,608.0,3.0,3,66-75in,China,Analogue/Digital
SPARK ELECTRONICS,"86"" Patio",LCD,86,2.022,482.4,,,1771.0,620.0,238.6,876.0,1.0,1,86in+,China,Analogue/Digital
SPARK ELECTRONICS,"86"" Patio Pro",LCD,86,2.022,482.4,,,1771.0,620.0,238.6,876.0,1.0,1,86in+,China,Analogue/Digital
SPARK ELECTRONICS,"86"" Pavilion 2",LCD,86,2.022,482.4,,,1771.0,620.0,238.6,876.0,1.0,1,86in+,China,Analogue/Digital
SPARK ELECTRONICS,"86"" Pavilion 2 Pro",LCD,86,2.022,482.4,,,1771.0,620.0,238.6,876.0,1.0,1,86in+,China,Analogue/Digital
SPARK ELECTRONICS,"65"" Lumin",LCD,64,1.143,240.9,,,890.0,312.0,210.8,779.0,2.0,2,56-65in,China,Analogue/Digital
SPARK ELECTRONICS,"75"" Lumin",LCD,74,1.529,340.8,,,1255.0,439.0,222.9,821.0,1.5,2,66-75in,China,Analogue/Digital
KOGAN,KAQL100MQXTA,LCD (LED),100,2.73,254.9,0.76,0.0,1050.0,368.0,93.4,385.0,5.0,5,86in+,China,Analogue/Digital
KOGAN,KAQL100MQXTB,LCD (LED),100,2.73,254.9,0.76,0.0,1050.0,368.0,93.4,385.0,5.0,5,86in+,China,Analogue/Digital
KOGAN,KAQL100MQXTC,LCD (LED),100,2.73,254.9,0.76,0.0,1050.0,368.0,93.4,385.0,5.0,5,86in+,China,Analogue/Digital
KOGAN,KAQL100MQXTD,LCD (LED),100,2.73,254.9,0.76,0.0,1050.0,368.0,93.4,385.0,5.0,5,86in+,China,Analogue/Digital
KOGAN,KAQL100MQXT*,LCD (LED),100,2.73,254.9,0.76,0.0,1050.0,368.0,93.4,385.0,5.0,5,86in+,China,Analogue/Digital
LG,55QNED86BSA,LCD (LED),55,0.823,82.0,0.4,0.0,302.0,106.0,99.6,367.0,5.5,6,51-55in,"Indonesia,South Korea",Analogue/Digital
LG,55QNED87B6A,LCD (LED),55,0.823,82.0,0.4,0.0,302.0,106.0,99.6,367.0,5.5,6,51-55in,"Indonesia,South Korea",Analogue/Digital
LG,65QNED86BSA,LCD (LED),65,1.148,100.0,0.4,0.0,368.0,129.0,87.1,321.0,6.0,6,56-65in,"Indonesia,South Korea",Analogue/Digital
LG,65QNED87B6A,LCD (LED),65,1.148,100.0,0.4,0.0,368.0,129.0,87.1,321.0,6.0,6,56-65in,"Indonesia,South Korea",Analogue/Digital
LG,75QNED86BSA,LCD (LED),75,1.531,105.0,0.4,0.0,386.0,135.0,68.6,252.0,7.0,7,66-75in,"Indonesia,South Korea",Analogue/Digital
LG,75QNED87B6A,LCD (LED),75,1.531,105.0,0.4,0.0,386.0,135.0,68.6,252.0,7.0,7,66-75in,"Indonesia,South Korea",Analogue/Digital
PHILIPS,55HFL4025/97,LCD (LED),55,0.823,61.2,,,270.0,94.0,74.4,328.0,6.0,6,51-55in,China,Analogue/Digital
PHILIPS,55HFL7025/97,LCD (LED),55,0.823,67.5,,,297.0,104.0,82.0,361.0,5.5,6,51-55in,China,Analogue/Digital
PHILIPS,50HFL4025/97,LCD (LED),50,0.676,47.5,,,210.0,74.0,70.3,311.0,6.0,6,44-50in,China,Analogue/Digital
PHILIPS,50HFL7025/97,LCD (LED),49,0.675,52.1,,,230.0,80.0,77.2,341.0,5.5,6,44-50in,China,Analogue/Digital
PHILIPS,65HFL7025/97,LCD (LED),65,1.148,76.6,,,337.0,118.0,66.7,294.0,6.0,6,56-65in,China,Analogue/Digital
AIWA,AWS500QWE,LCD (LED),49,0.675,51.6,0.45,0.0,210.0,74.0,76.4,311.0,6.0,6,44-50in,China,Analogue/Digital
AIWA,AWS500QW，AWS500QWE,LCD (LED),49,0.675,51.6,0.45,0.0,210.0,74.0,76.4,311.0,6.0,6,44-50in,China,Analogue/Digital
PHILIPS,32HFL4025/97,LCD (LED),32,0.274,24.7,,,117.0,41.0,90.1,427.0,5.5,6,32in & under,China,Analogue/Digital
PHILIPS,24HFL4025/97,LCD (LED),24,0.153,20.2,,,90.0,32.0,132.0,588.0,4.5,4,32in & under,China,Analogue/Digital
PHILIPS,43HFL4025/97,LCD (LED),43,0.498,32.5,,,192.0,67.0,65.3,386.0,5.5,6,33-43in,China,Analogue/Digital
PHILIPS,43HFL7025/97,LCD (LED),43,0.498,41.5,,,183.0,64.0,83.3,367.0,5.5,6,33-43in,China,Analogue/Digital
LG,OLED65B6PSA,OLED,65,1.148,106.0,0.4,0.0,389.0,136.0,92.3,339.0,5.5,6,56-65in,"Indonesia,South Korea",Analogue/Digital
LG,OLED65B66LA,OLED,65,1.148,106.0,0.4,0.0,389.0,136.0,92.3,339.0,5.5,6,56-65in,"Indonesia,South Korea",Analogue/Digital
CHIQ,L24D6CG,LCD (LED),24,0.153,20.0,0.23,0.0,82.0,29.0,130.7,536.0,5.0,5,32in & under,China,
LG,43NU850B6LA,LCD (LED),43,0.498,62.0,0.4,0.0,229.0,80.0,124.5,460.0,4.5,4,33-43in,"Indonesia,South Korea",Analogue/Digital
LG,43NU855BPSA,LCD (LED),43,0.498,62.0,0.4,0.0,229.0,80.0,124.5,460.0,4.5,4,33-43in,"Indonesia,South Korea",Analogue/Digital
LG,55NU850B6LA,LCD (LED),55,0.823,80.0,0.4,0.0,295.0,103.0,97.2,358.0,5.5,6,51-55in,"Indonesia,South Korea",Analogue/Digital
LG,55NU855BPSA,LCD (LED),55,0.823,80.0,0.4,0.0,295.0,103.0,97.2,358.0,5.5,6,51-55in,"Indonesia,South Korea",Analogue/Digital
LG,43QNED80B6B,LCD (LED),43,0.498,63.0,0.4,0.0,232.0,81.0,126.5,466.0,4.5,4,33-43in,"Indonesia,South Korea",Analogue/Digital
LG,43QNED80BSA,LCD (LED),43,0.498,63.0,0.4,0.0,232.0,81.0,126.5,466.0,4.5,4,33-43in,"Indonesia,South Korea",Analogue/Digital
LG,50NU850B6LA,LCD (LED),49,0.675,76.0,0.4,0.0,280.0,98.0,112.6,415.0,5.0,5,44-50in,"Indonesia,South Korea",Analogue/Digital
LG,50NU855BPSA,LCD (LED),49,0.675,76.0,0.4,0.0,280.0,98.0,112.6,415.0,5.0,5,44-50in,"Indonesia,South Korea",Analogue/Digital
LG,65NU850B6LA,LCD (LED),65,1.148,100.0,0.4,0.0,368.0,129.0,87.1,321.0,6.0,6,56-65in,"Indonesia,South Korea",Analogue/Digital
LG,65NU855BPSA,LCD (LED),65,1.148,100.0,0.4,0.0,368.0,129.0,87.1,321.0,6.0,6,56-65in,"Indonesia,South Korea",Analogue/Digital
LG,65QNED80B6B,LCD (LED),65,1.148,140.0,0.4,0.0,514.0,180.0,122.0,448.0,4.5,4,56-65in,"Indonesia,South Korea",Analogue/Digital
LG,65QNED80BSA,LCD (LED),65,1.148,140.0,0.4,0.0,514.0,180.0,122.0,448.0,4.5,4,56-65in,"Indonesia,South Korea",Analogue/Digital
LG,75MRGB86B6A,LCD (LED),75,1.531,106.0,0.4,0.0,389.0,136.0,69.2,254.0,7.0,7,66-75in,"Indonesia,South Korea",Analogue/Digital
LG,75MRGB86BSA,LCD (LED),75,1.531,106.0,0.4,0.0,389.0,136.0,69.2,254.0,7.0,7,66-75in,"Indonesia,South Korea",Analogue/Digital
LG,75QNED70B6A,LCD (LED),75,1.531,132.0,0.4,0.0,484.0,169.0,86.2,316.0,6.0,6,66-75in,"Indonesia,South Korea",Analogue/Digital
LG,75QNED70BSA,LCD (LED),75,1.531,132.0,0.4,0.0,484.0,169.0,86.2,316.0,6.0,6,66-75in,"Indonesia,South Korea",Analogue/Digital
SYLVOX,OT43A7K5GD,LCD,43,0.498,51.6354,0.44572,0.73004,200.0,70.0,103.7,402.0,5.0,5,33-43in,China,Analogue/Digital
SYLVOX,OT43A7K5GF,LCD,43,0.498,51.03,0.45184,1.81696,205.0,72.0,102.5,412.0,5.0,5,33-43in,China,Analogue/Digital
SYLVOX,OQ43A7K5GF,LCD,43,0.498,51.03,0.45184,1.81696,205.0,72.0,102.5,412.0,5.0,5,33-43in,China,Analogue/Digital
SYLVOX,OT43A2KEGE,LCD,43,0.498,51.03,0.45184,1.81696,205.0,72.0,102.5,412.0,5.0,5,33-43in,China,Analogue/Digital
SYLVOX,OQ43A2KEGE,LCD,43,0.498,51.03,0.45184,1.81696,205.0,72.0,102.5,412.0,5.0,5,33-43in,China,Analogue/Digital
SYLVOX,OQ43A2KOGF,LCD,43,0.498,51.03,0.45184,1.81696,205.0,72.0,102.5,412.0,5.0,5,33-43in,China,Analogue/Digital
SYLVOX,OT43A2KOGF,LCD,43,0.498,51.03,0.45184,1.81696,205.0,72.0,102.5,412.0,5.0,5,33-43in,China,Analogue/Digital
SYLVOX,OT43B2K5GF,LCD,43,0.498,51.03,0.45184,1.81696,205.0,72.0,102.5,412.0,5.0,5,33-43in,China,Analogue/Digital
SYLVOX,OT43A2K3GF,LCD,43,0.498,51.03,0.45184,1.81696,205.0,72.0,102.5,412.0,5.0,5,33-43in,China,Analogue/Digital
SYLVOX,OQ43A2K3GF,LCD,43,0.498,51.03,0.45184,1.81696,205.0,72.0,102.5,412.0,5.0,5,33-43in,China,Analogue/Digital
SYLVOX,O*43****GF,LCD,43,0.498,51.03,0.45184,1.81696,205.0,72.0,102.5,412.0,5.0,5,33-43in,China,Analogue/Digital
LG,85QNED80B6A,LCD (LED),85,1.971,212.0,0.4,0.0,776.0,272.0,107.6,394.0,5.0,5,76-85in,"Indonesia,South Korea",Analogue/Digital
LG,85QNED80BSA,LCD (LED),85,1.971,212.0,0.4,0.0,776.0,272.0,107.6,394.0,5.0,5,76-85in,"Indonesia,South Korea",Analogue/Digital
LG,OLED65C6PSA,OLED,65,1.148,109.0,0.4,0.0,400.0,140.0,94.9,348.0,5.5,6,56-65in,"Indonesia,South Korea",Analogue/Digital
LG,OLED65C66LA,OLED,65,1.148,109.0,0.4,0.0,400.0,140.0,94.9,348.0,5.5,6,56-65in,"Indonesia,South Korea",Analogue/Digital
SYLVOX,OQ43A7K5GD,LCD,43,0.498,51.6354,0.44572,0.73004,200.0,70.0,103.7,402.0,5.0,5,33-43in,China,Analogue/Digital
SYLVOX,OQ43A2KEGC,LCD,43,0.498,51.6354,0.44572,0.73004,200.0,70.0,103.7,402.0,5.0,5,33-43in,China,Analogue/Digital
SYLVOX,OT43A2KOGD,LCD,43,0.498,51.6354,0.44572,0.73004,200.0,70.0,103.7,402.0,5.0,5,33-43in,China,Analogue/Digital
SYLVOX,OQ43A2KOGD,LCD,43,0.498,51.6354,0.44572,0.73004,200.0,70.0,103.7,402.0,5.0,5,33-43in,China,Analogue/Digital
SYLVOX,OT43B3K5GD,LCD,43,0.498,51.6354,0.44572,0.73004,200.0,70.0,103.7,402.0,5.0,5,33-43in,China,Analogue/Digital
SYLVOX,OQ43B3K5GD,LCD,43,0.498,51.6354,0.44572,0.73004,200.0,70.0,103.7,402.0,5.0,5,33-43in,China,Analogue/Digital
SYLVOX,OT43BЗKЗGD,LCD,43,0.498,51.6354,0.44572,0.73004,200.0,70.0,103.7,402.0,5.0,5,33-43in,China,Analogue/Digital
SYLVOX,OQ43BЗKЗGD,LCD,43,0.498,51.6354,0.44572,0.73004,200.0,70.0,103.7,402.0,5.0,5,33-43in,China,Analogue/Digital
SYLVOX,OT43A2K3GD,LCD,43,0.498,51.6354,0.44572,0.73004,200.0,70.0,103.7,402.0,5.0,5,33-43in,China,Analogue/Digital
SYLVOX,O*43**K***,LCD,43,0.498,51.6354,0.44572,0.73004,200.0,70.0,103.7,402.0,5.0,5,33-43in,China,Analogue/Digital
SYLVOX,OQ55A3K8HG,LCD,55,0.823,65.5236,0.37062,0.41184,245.0,86.0,79.6,298.0,6.0,6,51-55in,China,Analogue/Digital
SYLVOX,OT55A7K5GF,LCD,55,0.823,71.3472,0.376548,0.677,265.0,93.0,86.7,322.0,6.0,6,51-55in,China,Analogue/Digital
SYLVOX,OQ55A7K5GF,LCD,55,0.823,71.3472,0.376548,0.677,265.0,93.0,86.7,322.0,6.0,6,51-55in,China,Analogue/Digital
SYLVOX,OT55A2KEGE,LCD,55,0.823,71.3472,0.376548,0.677,265.0,93.0,86.7,322.0,6.0,6,51-55in,China,Analogue/Digital
SYLVOX,OQ55A2KEGE,LCD,55,0.823,71.3472,0.376548,0.677,265.0,93.0,86.7,322.0,6.0,6,51-55in,China,Analogue/Digital
SYLVOX,OQ55A2KOGF,LCD,55,0.823,71.3472,0.376548,0.677,265.0,93.0,86.7,322.0,6.0,6,51-55in,China,Analogue/Digital
SYLVOX,OT55A2KOGF,LCD,55,0.823,71.3472,0.376548,0.677,265.0,93.0,86.7,322.0,6.0,6,51-55in,China,Analogue/Digital
SYLVOX,OT55B2K5GF,LCD,55,0.823,71.3472,0.376548,0.677,265.0,93.0,86.7,322.0,6.0,6,51-55in,China,Analogue/Digital
SYLVOX,OT55A2K3GF,LCD,55,0.823,71.3472,0.376548,0.677,265.0,93.0,86.7,322.0,6.0,6,51-55in,China,Analogue/Digital
SYLVOX,OQ55A2K3GF,LCD,55,0.823,71.3472,0.376548,0.677,265.0,93.0,86.7,322.0,6.0,6,51-55in,China,Analogue/Digital
SYLVOX,O*55**K*G*,LCD,55,0.823,71.3472,0.376548,0.677,265.0,93.0,86.7,322.0,6.0,6,51-55in,China,Analogue/Digital
SYLVOX,OT55A7K5GD,LCD,55,0.823,67.434,0.3956,0.70004,255.0,89.0,81.9,310.0,6.0,6,51-55in,China,Analogue/Digital
SYLVOX,OQ55A7K5GD,LCD,55,0.823,67.434,0.3956,0.70004,255.0,89.0,81.9,310.0,6.0,6,51-55in,China,Analogue/Digital
SYLVOX,OQ55A2KEGC,LCD,55,0.823,67.434,0.3956,0.70004,255.0,89.0,81.9,310.0,6.0,6,51-55in,China,Analogue/Digital
SYLVOX,OT55A2KOGD,LCD,55,0.823,67.434,0.3956,0.70004,255.0,89.0,81.9,310.0,6.0,6,51-55in,China,Analogue/Digital
SYLVOX,OQ55A2KOGD,LCD,55,0.823,67.434,0.3956,0.70004,255.0,89.0,81.9,310.0,6.0,6,51-55in,China,Analogue/Digital
SYLVOX,OT55B3K5GD,LCD,55,0.823,67.434,0.3956,0.70004,255.0,89.0,81.9,310.0,6.0,6,51-55in,China,Analogue/Digital
SYLVOX,OQ55B3K5GD,LCD,55,0.823,67.434,0.3956,0.70004,255.0,89.0,81.9,310.0,6.0,6,51-55in,China,Analogue/Digital
SYLVOX,OT55BЗKЗGD,LCD,55,0.823,67.434,0.3956,0.70004,255.0,89.0,81.9,310.0,6.0,6,51-55in,China,Analogue/Digital
SYLVOX,OQ55BЗKЗGD,LCD,55,0.823,67.434,0.3956,0.70004,255.0,89.0,81.9,310.0,6.0,6,51-55in,China,Analogue/Digital
SYLVOX,OT55A2K3GD,LCD,55,0.823,67.434,0.3956,0.70004,255.0,89.0,81.9,310.0,6.0,6,51-55in,China,Analogue/Digital
SYLVOX,OQ65A3K8HG,LCD,65,1.148,93.012,0.3831,0.52664,350.0,122.0,81.0,305.0,6.0,6,56-65in,China,Analogue/Digital
SYLVOX,OT65A7K5GF,LCD,65,1.148,90.0792,0.48412,0.95696,340.0,119.0,78.5,296.0,6.0,6,56-65in,China,Analogue/Digital
SYLVOX,OQ65A7K5GF,LCD,65,1.148,90.0792,0.48412,0.95696,340.0,119.0,78.5,296.0,6.0,6,56-65in,China,Analogue/Digital
SYLVOX,OT65A2KEGE,LCD,65,1.148,90.0792,0.48412,0.95696,340.0,119.0,78.5,296.0,6.0,6,56-65in,China,Analogue/Digital
SYLVOX,OQ65A2KEGE,LCD,65,1.148,90.0792,0.48412,0.95696,340.0,119.0,78.5,296.0,6.0,6,56-65in,China,Analogue/Digital
SYLVOX,OQ65A2KOGF,LCD,65,1.148,90.0792,0.48412,0.95696,340.0,119.0,78.5,296.0,6.0,6,56-65in,China,Analogue/Digital
SYLVOX,OT65A2KOGF,LCD,65,1.148,90.0792,0.48412,0.95696,340.0,119.0,78.5,296.0,6.0,6,56-65in,China,Analogue/Digital
SYLVOX,OT65B2K5GF,LCD,65,1.148,90.0792,0.48412,0.95696,340.0,119.0,78.5,296.0,6.0,6,56-65in,China,Analogue/Digital
SYLVOX,OT65A2K3GF,LCD,65,1.148,90.0792,0.48412,0.95696,340.0,119.0,78.5,296.0,6.0,6,56-65in,China,Analogue/Digital
SYLVOX,OQ65A2K3GF,LCD,65,1.148,90.0792,0.48412,0.95696,340.0,119.0,78.5,296.0,6.0,6,56-65in,China,Analogue/Digital
SYLVOX,O*65**K*G*,LCD,65,1.148,90.0792,0.48412,0.95696,340.0,119.0,78.5,296.0,6.0,6,56-65in,China,Analogue/Digital
SYLVOX,OT65A7K5GD,LCD,65,1.148,90.1488,0.48624,1.63308,340.0,119.0,78.5,296.0,6.0,6,56-65in,China,Analogue/Digital
SYLVOX,OQ65A7K5GD,LCD,65,1.148,90.1488,0.48624,1.63308,340.0,119.0,78.5,296.0,6.0,6,56-65in,China,Analogue/Digital
SYLVOX,OQ65A2KEGC,LCD,65,1.148,90.1488,0.48624,1.63308,340.0,119.0,78.5,296.0,6.0,6,56-65in,China,Analogue/Digital
SYLVOX,OT65A2KOGD,LCD,65,1.148,90.1488,0.48624,1.63308,340.0,119.0,78.5,296.0,6.0,6,56-65in,China,Analogue/Digital
SYLVOX,OQ65A2KOGD,LCD,65,1.148,90.1488,0.48624,1.63308,340.0,119.0,78.5,296.0,6.0,6,56-65in,China,Analogue/Digital
SYLVOX,OT65B3K5GD,LCD,65,1.148,90.1488,0.48624,1.63308,340.0,119.0,78.5,296.0,6.0,6,56-65in,China,Analogue/Digital
SYLVOX,OQ65B3K5GD,LCD,65,1.148,90.1488,0.48624,1.63308,340.0,119.0,78.5,296.0,6.0,6,56-65in,China,Analogue/Digital
SYLVOX,OT65BЗKЗGD,LCD,65,1.148,90.1488,0.48624,1.63308,340.0,119.0,78.5,296.0,6.0,6,56-65in,China,Analogue/Digital
SYLVOX,OQ65BЗKЗGD,LCD,65,1.148,90.1488,0.48624,1.63308,340.0,119.0,78.5,296.0,6.0,6,56-65in,China,Analogue/Digital
SYLVOX,OT65A2K3GD,LCD,65,1.148,90.1488,0.48624,1.63308,340.0,119.0,78.5,296.0,6.0,6,56-65in,China,Analogue/Digital
SYLVOX,OQ75A3K8HG,LCD,75,1.532,103.59,0.336164,0.42388,385.0,135.0,67.6,251.0,7.0,7,66-75in,China,Analogue/Digital
SYLVOX,OT75A7K5GF,LCD,75,1.532,124.536,0.49384,0.77584,460.0,161.0,81.3,300.0,6.0,6,66-75in,China,Analogue/Digital
SYLVOX,OQ75A7K5GF,LCD,75,1.532,124.536,0.49384,0.77584,460.0,161.0,81.3,300.0,6.0,6,66-75in,China,Analogue/Digital
SYLVOX,OT75A2KEGE,LCD,75,1.532,124.536,0.49384,0.77584,460.0,161.0,81.3,300.0,6.0,6,66-75in,China,Analogue/Digital
SYLVOX,OQ75A2KEGE,LCD,75,1.532,124.536,0.49384,0.77584,460.0,161.0,81.3,300.0,6.0,6,66-75in,China,Analogue/Digital
SYLVOX,OQ75A2KOGF,LCD,75,1.532,124.536,0.49384,0.77584,460.0,161.0,81.3,300.0,6.0,6,66-75in,China,Analogue/Digital
SYLVOX,OT75A2KOGF,LCD,75,1.532,124.536,0.49384,0.77584,460.0,161.0,81.3,300.0,6.0,6,66-75in,China,Analogue/Digital
SYLVOX,OT75B2K5GF,LCD,75,1.532,124.536,0.49384,0.77584,460.0,161.0,81.3,300.0,6.0,6,66-75in,China,Analogue/Digital
SYLVOX,OT75A2K3GF,LCD,75,1.532,124.536,0.49384,0.77584,460.0,161.0,81.3,300.0,6.0,6,66-75in,China,Analogue/Digital
SYLVOX,OQ75A2K3GF,LCD,75,1.532,124.536,0.49384,0.77584,460.0,161.0,81.3,300.0,6.0,6,66-75in,China,Analogue/Digital
SYLVOX,O75**K*G*,LCD,75,1.532,124.536,0.49384,0.77584,460.0,161.0,81.3,300.0,6.0,6,66-75in,China,Analogue/Digital
SYLVOX,OT75A7K5GD,LCD,75,1.532,119.9244,0.48856,0.93928,450.0,158.0,78.3,294.0,6.0,6,66-75in,China,Analogue/Digital
SYLVOX,OQ75A7K5GD,LCD,75,1.532,119.9244,0.48856,0.93928,450.0,158.0,78.3,294.0,6.0,6,66-75in,China,Analogue/Digital
SYLVOX,OQ75A2KEGC,LCD,75,1.532,119.9244,0.48856,0.93928,450.0,158.0,78.3,294.0,6.0,6,66-75in,China,Analogue/Digital
SYLVOX,OT75A2KOGD,LCD,75,1.532,119.9244,0.48856,0.93928,450.0,158.0,78.3,294.0,6.0,6,66-75in,China,Analogue/Digital
SYLVOX,OQ75A2KOGD,LCD,75,1.532,119.9244,0.48856,0.93928,450.0,158.0,78.3,294.0,6.0,6,66-75in,China,Analogue/Digital
SYLVOX,OT75B3K5GD,LCD,75,1.532,119.9244,0.48856,0.93928,450.0,158.0,78.3,294.0,6.0,6,66-75in,China,Analogue/Digital
SYLVOX,OQ75B3K5GD,LCD,75,1.532,119.9244,0.48856,0.93928,450.0,158.0,78.3,294.0,6.0,6,66-75in,China,Analogue/Digital
SYLVOX,OT75BЗKЗGD,LCD,75,1.532,119.9244,0.48856,0.93928,450.0,158.0,78.3,294.0,6.0,6,66-75in,China,Analogue/Digital
SYLVOX,OQ75BЗKЗGD,LCD,75,1.532,119.9244,0.48856,0.93928,450.0,158.0,78.3,294.0,6.0,6,66-75in,China,Analogue/Digital
SYLVOX,OT75A2K3GD,LCD,75,1.532,119.9244,0.48856,0.93928,450.0,158.0,78.3,294.0,6.0,6,66-75in,China,Analogue/Digital
SYLVOX,O*75**K*G*,LCD,75,1.532,119.9244,0.48856,0.93928,450.0,158.0,78.3,294.0,6.0,6,66-75in,China,Analogue/Digital
AIWA,AV-BO507165A,LCD (LED),49,0.675,51.6,0.45,0.0,210.0,74.0,76.4,311.0,6.0,6,44-50in,China,Analogue/Digital
AIWA,AV-BQ507165AE,LCD (LED),49,0.675,51.6,0.45,0.0,210.0,74.0,76.4,311.0,6.0,6,44-50in,China,Analogue/Digital
AIWA,AV-JQ507165A,LCD (LED),49,0.675,51.6,0.45,0.0,210.0,74.0,76.4,311.0,6.0,6,44-50in,China,Analogue/Digital
AIWA,AWS700WS,LCD (LED),69,1.347,149.6,0.34,0.0,548.0,192.0,111.1,407.0,4.5,4,66-75in,China,Analogue/Digital
JVC,LT-70NQ7165A,LCD (LED),70,1.339,136.3,0.37,0.0,550.0,192.0,101.8,411.0,4.5,4,66-75in,China,Analogue/Digital
AIWA,AWS60DG,LCD (LED),60,0.996,102.0,0.3,0.0,404.0,141.0,102.4,406.0,5.0,5,56-65in,China,Analogue/Digital
EKO,K50FST,LCD (LED),50,0.675,55.52,,,228.0,80.0,82.3,338.0,6.0,6,44-50in,China,Analogue/Digital
TELEFUNKEN,TL500TQZ,LCD (LED),50,0.675,55.52,,,228.0,80.0,82.3,338.0,6.0,6,44-50in,China,Analogue/Digital
TELEFUNKEN,TL500TQZ1,LCD (LED),50,0.675,55.52,,,228.0,80.0,82.3,338.0,6.0,6,44-50in,China,Analogue/Digital
TELEFUNKEN,TL500TQZ2,LCD (LED),50,0.675,55.52,,,228.0,80.0,82.3,338.0,6.0,6,44-50in,China,Analogue/Digital
TELEFUNKEN,TL500TQZ3,LCD (LED),50,0.675,55.52,,,228.0,80.0,82.3,338.0,6.0,6,44-50in,China,Analogue/Digital
TECO,LED32BHSRC,LCD (LED),32,0.278,27.42,0.4,0.0,116.0,41.0,98.6,417.0,5.5,6,32in & under,China,Analogue/Digital
LG,50QNED70B6C,LCD (LED),49,0.675,76.0,0.4,0.0,280.0,98.0,112.6,415.0,5.0,5,44-50in,"Indonesia,South Korea",Analogue/Digital
LG,50QNED70BSA,LCD (LED),49,0.675,76.0,0.4,0.0,280.0,98.0,112.6,415.0,5.0,5,44-50in,"Indonesia,South Korea",Analogue/Digital
LG,50QNED80B6B,LCD (LED),49,0.675,80.0,0.4,0.0,295.0,103.0,118.5,437.0,4.5,4,44-50in,"Indonesia,South Korea",Analogue/Digital
LG,50QNED80BSA,LCD (LED),49,0.675,80.0,0.4,0.0,295.0,103.0,118.5,437.0,4.5,4,44-50in,"Indonesia,South Korea",Analogue/Digital
LG,55MRGB86B6A,LCD (LED),55,0.823,78.0,0.4,0.0,287.0,100.0,94.8,349.0,5.5,6,51-55in,"Indonesia,South Korea",Analogue/Digital
LG,55MRGB86BSA,LCD (LED),55,0.823,78.0,0.4,0.0,287.0,100.0,94.8,349.0,5.5,6,51-55in,"Indonesia,South Korea",Analogue/Digital
LG,55QNED70B6C,LCD (LED),55,0.823,82.0,0.4,0.0,302.0,106.0,99.6,367.0,5.5,6,51-55in,"Indonesia,South Korea",Analogue/Digital
LG,55QNED70BSA,LCD (LED),55,0.823,82.0,0.4,0.0,302.0,106.0,99.6,367.0,5.5,6,51-55in,"Indonesia,South Korea",Analogue/Digital
LG,55QNED80B6B,LCD (LED),55,0.823,88.0,0.4,0.0,324.0,113.0,106.9,394.0,5.0,5,51-55in,"Indonesia,South Korea",Analogue/Digital
LG,55QNED80BSA,LCD (LED),55,0.823,88.0,0.4,0.0,324.0,113.0,106.9,394.0,5.0,5,51-55in,"Indonesia,South Korea",Analogue/Digital
LG,75QNED80B6A,LCD (LED),75,1.531,166.0,0.4,0.0,608.0,213.0,108.4,397.0,5.0,5,66-75in,"Indonesia,South Korea",Analogue/Digital
LG,75QNED80BSA,LCD (LED),75,1.531,166.0,0.4,0.0,608.0,213.0,108.4,397.0,5.0,5,66-75in,"Indonesia,South Korea",Analogue/Digital
LG,85QNED70B6A,LCD (LED),85,1.971,158.0,0.4,0.0,579.0,203.0,80.2,294.0,6.0,6,76-85in,"Indonesia,South Korea",Analogue/Digital
LG,85QNED70BSA,LCD (LED),85,1.971,158.0,0.4,0.0,579.0,203.0,80.2,294.0,6.0,6,76-85in,"Indonesia,South Korea",Analogue/Digital
LG,43QNED70B6C,LCD (LED),43,0.498,63.0,0.4,0.0,232.0,81.0,126.5,466.0,4.5,4,33-43in,"Indonesia,South Korea",Analogue/Digital
LG,43QNED70BSA,LCD (LED),43,0.498,63.0,0.4,0.0,232.0,81.0,126.5,466.0,4.5,4,33-43in,"Indonesia,South Korea",Analogue/Digital
LG,65QNED70B6C,LCD (LED),65,1.148,100.0,0.4,0.0,368.0,129.0,87.1,321.0,6.0,6,56-65in,"Indonesia,South Korea",Analogue/Digital
LG,65QNED70BSA,LCD (LED),65,1.148,100.0,0.4,0.0,368.0,129.0,87.1,321.0,6.0,6,56-65in,"Indonesia,South Korea",Analogue/Digital
LG,75NU850B6LA,LCD (LED),75,1.531,130.0,0.4,0.0,477.0,167.0,84.9,312.0,6.0,6,66-75in,"Indonesia,South Korea",Analogue/Digital
LG,75NU855BPSA,LCD (LED),75,1.531,130.0,0.4,0.0,477.0,167.0,84.9,312.0,6.0,6,66-75in,"Indonesia,South Korea",Analogue/Digital
LG,85NU850B6LA,LCD (LED),85,1.971,155.0,0.4,0.0,568.0,199.0,78.6,288.0,6.0,6,76-85in,"Indonesia,South Korea",Analogue/Digital
LG,85NU855BPSA,LCD (LED),85,1.971,155.0,0.4,0.0,568.0,199.0,78.6,288.0,6.0,6,76-85in,"Indonesia,South Korea",Analogue/Digital
LG,OLED48B6PSA,OLED,48,0.623,78.0,0.4,0.0,287.0,100.0,125.2,461.0,4.5,4,44-50in,"Indonesia,South Korea",Analogue/Digital
LG,OLED48C6PSA,OLED,48,0.623,60.0,0.4,0.0,222.0,78.0,96.3,356.0,5.5,6,44-50in,"Indonesia,South Korea",Analogue/Digital
LG,OLED48C66LA,OLED,48,0.623,60.0,0.4,0.0,222.0,78.0,96.3,356.0,5.5,6,44-50in,"Indonesia,South Korea",Analogue/Digital
LG,OLED55B6PSA,OLED,55,0.823,90.0,0.4,0.0,331.0,116.0,109.4,402.0,5.0,5,51-55in,"Indonesia,South Korea",Analogue/Digital
LG,OLED55B66LA,OLED,55,0.823,90.0,0.4,0.0,331.0,116.0,109.4,402.0,5.0,5,51-55in,"Indonesia,South Korea",Analogue/Digital
LG,OLED55C6PSA,OLED,55,0.823,96.0,0.4,0.0,353.0,124.0,116.6,429.0,4.5,4,51-55in,"Indonesia,South Korea",Analogue/Digital
LG,OLED55C66LA,OLED,55,0.823,96.0,0.4,0.0,353.0,124.0,116.6,429.0,4.5,4,51-55in,"Indonesia,South Korea",Analogue/Digital
LG,OLED55G6PSB,OLED,55,0.823,92.0,0.4,0.0,338.0,118.0,111.8,411.0,5.0,5,51-55in,"Indonesia,South Korea",Analogue/Digital
LG,OLED65G6PSB,OLED,65,1.148,112.0,0.4,0.0,411.0,144.0,97.6,358.0,5.5,6,56-65in,"Indonesia,South Korea",Analogue/Digital
LG,OLED77B6PSA,OLED,77,1.62,138.0,0.4,0.0,506.0,177.0,85.2,312.0,6.0,6,76-85in,"Indonesia,South Korea",Analogue/Digital
LG,OLED77B66LA,OLED,77,1.62,138.0,0.4,0.0,506.0,177.0,85.2,312.0,6.0,6,76-85in,"Indonesia,South Korea",Analogue/Digital
LG,OLED77G6PSB,OLED,77,1.62,140.0,0.4,0.0,514.0,180.0,86.4,317.0,6.0,6,76-85in,"Indonesia,South Korea",Analogue/Digital
BAUHN,ATV24HDTB-0226,LCD,24,0.153,17.9,0.4237,0.0,68.0,24.0,117.0,444.0,6.0,6,32in & under,China,Analogue/Digital
LG,86MRGB86B6A,LCD (LED),86,2.02,146.0,0.4,0.0,535.0,187.0,72.3,265.0,6.0,6,86in+,"Indonesia,South Korea",Analogue/Digital
LG,86MRGB86BSA,LCD (LED),86,2.02,146.0,0.4,0.0,535.0,187.0,72.3,265.0,6.0,6,86in+,"Indonesia,South Korea",Analogue/Digital
SAMSUNG,UA43M70HAW,LCD (LED),43,0.498,70.0,0.5,0.0,259.0,91.0,140.6,520.0,4.0,4,33-43in,Vietnam,Digital
SAMSUNG,UA43M70HAS,LCD (LED),43,0.498,70.0,0.5,0.0,259.0,91.0,140.6,520.0,4.0,4,33-43in,Vietnam,Digital
SAMSUNG,UA43M70HA*,LCD (LED),43,0.498,70.0,0.5,0.0,259.0,91.0,140.6,520.0,4.0,4,33-43in,Vietnam,Digital
SAMSUNG,UA50M70HAW,LCD (LED),49,0.675,73.0,0.5,0.0,270.0,94.0,108.1,400.0,5.0,5,44-50in,Vietnam,Digital
SAMSUNG,UA50M70HAS,LCD (LED),49,0.675,73.0,0.5,0.0,270.0,94.0,108.1,400.0,5.0,5,44-50in,Vietnam,Digital
SAMSUNG,UA50M70HA*,LCD (LED),49,0.675,73.0,0.5,0.0,270.0,94.0,108.1,400.0,5.0,5,44-50in,Vietnam,Digital
SAMSUNG,UA55M70HAW,LCD (LED),55,0.823,84.0,0.5,0.0,310.0,108.0,102.1,377.0,5.0,5,51-55in,Vietnam,Digital
SAMSUNG,UA55M70HAS,LCD (LED),55,0.823,84.0,0.5,0.0,310.0,108.0,102.1,377.0,5.0,5,51-55in,Vietnam,Digital
SAMSUNG,UA55M70HA*,LCD (LED),55,0.823,84.0,0.5,0.0,310.0,108.0,102.1,377.0,5.0,5,51-55in,Vietnam,Digital
SAMSUNG,UA65M70HAW,LCD (LED),65,1.148,111.0,0.5,0.0,408.0,143.0,96.7,355.0,5.5,6,56-65in,Vietnam,Digital
SAMSUNG,UA65M70HAS,LCD (LED),65,1.148,111.0,0.5,0.0,408.0,143.0,96.7,355.0,5.5,6,56-65in,Vietnam,Digital
SAMSUNG,UA65M70HA*,LCD (LED),65,1.148,111.0,0.5,0.0,408.0,143.0,96.7,355.0,5.5,6,56-65in,Vietnam,Digital
SAMSUNG,UA75M70HAW,LCD (LED),75,1.532,142.0,0.5,0.0,521.0,182.0,92.7,340.0,5.5,6,66-75in,Vietnam,Digital
SAMSUNG,UA75M70HAS,LCD (LED),75,1.532,142.0,0.5,0.0,521.0,182.0,92.7,340.0,5.5,6,66-75in,Vietnam,Digital
SAMSUNG,UA75M70HA*,LCD (LED),75,1.532,142.0,0.5,0.0,521.0,182.0,92.7,340.0,5.5,6,66-75in,Vietnam,Digital
SAMSUNG,UA85M70HAW,LCD (LED),85,1.971,151.0,0.5,0.0,554.0,194.0,76.6,281.0,6.0,6,76-85in,Vietnam,Digital
SAMSUNG,UA85M70HAS,LCD (LED),85,1.971,151.0,0.5,0.0,554.0,194.0,76.6,281.0,6.0,6,76-85in,Vietnam,Digital
SAMSUNG,UA85M70HA*,LCD (LED),85,1.971,151.0,0.5,0.0,554.0,194.0,76.6,281.0,6.0,6,76-85in,Vietnam,Digital
SAMSUNG,UA43U8000HW,LCD (LED),43,0.498,67.0,0.5,0.0,248.0,87.0,134.5,498.0,4.0,4,33-43in,Vietnam,Digital
SAMSUNG,UA43U8000HS,LCD (LED),43,0.498,67.0,0.5,0.0,248.0,87.0,134.5,498.0,4.0,4,33-43in,Vietnam,Digital
SAMSUNG,UA43U8500HW,LCD (LED),43,0.498,67.0,0.5,0.0,248.0,87.0,134.5,498.0,4.0,4,33-43in,Vietnam,Digital
SAMSUNG,UA43U8500HS,LCD (LED),43,0.498,67.0,0.5,0.0,248.0,87.0,134.5,498.0,4.0,4,33-43in,Vietnam,Digital
SAMSUNG,UA43U8*00H*,LCD (LED),43,0.498,67.0,0.5,0.0,248.0,87.0,134.5,498.0,4.0,4,33-43in,Vietnam,Digital
SAMSUNG,UA50U8000HW,LCD (LED),49,0.675,71.0,0.5,0.0,262.0,92.0,105.2,388.0,5.0,5,44-50in,Vietnam,Digital
SAMSUNG,UA50U8000HS,LCD (LED),49,0.675,71.0,0.5,0.0,262.0,92.0,105.2,388.0,5.0,5,44-50in,Vietnam,Digital
SAMSUNG,UA50U8500HW,LCD (LED),49,0.675,71.0,0.5,0.0,262.0,92.0,105.2,388.0,5.0,5,44-50in,Vietnam,Digital
SAMSUNG,UA50U8500HS,LCD (LED),49,0.675,71.0,0.5,0.0,262.0,92.0,105.2,388.0,5.0,5,44-50in,Vietnam,Digital
SAMSUNG,UA50U8*00H*,LCD (LED),49,0.675,71.0,0.5,0.0,262.0,92.0,105.2,388.0,5.0,5,44-50in,Vietnam,Digital
LG,OLED77C6PSA,OLED,77,1.62,126.0,0.4,0.0,462.0,162.0,77.8,285.0,6.0,6,76-85in,"Indonesia,South Korea",Analogue/Digital
LG,OLED77C66LA,OLED,77,1.62,126.0,0.4,0.0,462.0,162.0,77.8,285.0,6.0,6,76-85in,"Indonesia,South Korea",Analogue/Digital
LG,OLED83G6PSB,OLED,83,1.877,155.0,0.4,0.0,568.0,199.0,82.6,303.0,6.0,6,76-85in,"Indonesia,South Korea",Analogue/Digital
LG,55UA8055PSA,LCD (LED),55,0.823,92.0,0.4,0.0,338.0,118.0,111.8,411.0,5.0,5,51-55in,"Indonesia,South Korea",Analogue/Digital
LG,65UA8055PSA,LCD (LED),65,1.148,118.0,0.4,0.0,433.0,152.0,102.8,377.0,5.0,5,56-65in,"Indonesia,South Korea",Analogue/Digital
LG,OLED42C6PSA,OLED,42,0.476,55.0,0.4,0.0,203.0,71.0,115.5,426.0,5.0,5,33-43in,"Indonesia,South Korea",Analogue/Digital
LG,OLED42C67LA,OLED,42,0.476,55.0,0.4,0.0,203.0,71.0,115.5,426.0,5.0,5,33-43in,"Indonesia,South Korea",Analogue/Digital
LG,OLED83B6PSA,OLED,83,1.877,151.0,0.4,0.0,554.0,194.0,80.4,295.0,6.0,6,76-85in,"Indonesia,South Korea",Analogue/Digital
LG,OLED83C6PSA,OLED,83,1.877,133.0,0.4,0.0,488.0,171.0,70.9,260.0,6.0,6,76-85in,"Indonesia,South Korea",Analogue/Digital
LG,OLED83C66LA,OLED,83,1.877,133.0,0.4,0.0,488.0,171.0,70.9,260.0,6.0,6,76-85in,"Indonesia,South Korea",Analogue/Digital
LG,65MRGB86B6A,LCD (LED),65,1.148,99.0,0.4,0.0,364.0,127.0,86.2,317.0,6.0,6,56-65in,"Indonesia,South Korea",Analogue/Digital
LG,65MRGB86BSA,LCD (LED),65,1.148,99.0,0.4,0.0,364.0,127.0,86.2,317.0,6.0,6,56-65in,"Indonesia,South Korea",Analogue/Digital
KOGAN,KAQL75Q97TA,LCD (LED),75,1.532,179.1,0.3,0.0,685.0,240.0,116.9,447.0,4.5,4,66-75in,China,Analogue/Digital
KOGAN,KAQL75Q97TB,LCD (LED),75,1.532,179.1,0.3,0.0,685.0,240.0,116.9,447.0,4.5,4,66-75in,China,Analogue/Digital
KOGAN,KAQL75Q97TC,LCD (LED),75,1.532,179.1,0.3,0.0,685.0,240.0,116.9,447.0,4.5,4,66-75in,China,Analogue/Digital
KOGAN,KAQL75Q97TD,LCD (LED),75,1.532,179.1,0.3,0.0,685.0,240.0,116.9,447.0,4.5,4,66-75in,China,Analogue/Digital
KOGAN,KAQL75Q97TE,LCD (LED),75,1.532,179.1,0.3,0.0,685.0,240.0,116.9,447.0,4.5,4,66-75in,China,Analogue/Digital
KOGAN,KAQL75Q97T*,LCD (LED),75,1.532,179.1,0.3,0.0,685.0,240.0,116.9,447.0,4.5,4,66-75in,China,Analogue/Digital
KOGAN,KAQL85MQXTB,LCD (LED),85,1.971,255.138,0.603,0.0,1080.0,378.0,129.4,548.0,3.5,4,76-85in,China,Analogue/Digital
KOGAN,KAQL85MQXTC,LCD (LED),85,1.971,255.138,0.603,0.0,1080.0,378.0,129.4,548.0,3.5,4,76-85in,China,Analogue/Digital
KOGAN,KAQL85MQXTD,LCD (LED),85,1.971,255.138,0.603,0.0,1080.0,378.0,129.4,548.0,3.5,4,76-85in,China,Analogue/Digital
KOGAN,KAQL85MQXT*,LCD (LED),85,1.971,255.138,0.603,0.0,1080.0,378.0,129.4,548.0,3.5,4,76-85in,China,Analogue/Digital
KOGAN,KAQL75MQXTB,LCD (LED),75,1.532,214.632,0.536,0.0,850.0,298.0,140.1,555.0,3.5,4,66-75in,China,Analogue/Digital
KOGAN,KAQL75MQXTC,LCD (LED),75,1.532,214.632,0.536,0.0,850.0,298.0,140.1,555.0,3.5,4,66-75in,China,Analogue/Digital
KOGAN,KAQL75MQXTD,LCD (LED),75,1.532,214.632,0.536,0.0,850.0,298.0,140.1,555.0,3.5,4,66-75in,China,Analogue/Digital
KOGAN,KAQL75MQXT*,LCD (LED),75,1.532,214.632,0.536,0.0,850.0,298.0,140.1,555.0,3.5,4,66-75in,China,Analogue/Digital
KOGAN,KAQL65MQXTB,LCD (LED),65,1.148,197.274,0.589,0.0,810.0,284.0,171.8,706.0,2.5,2,56-65in,China,Analogue/Digital
KOGAN,KAQL65MQXTC,LCD (LED),65,1.148,197.274,0.589,0.0,810.0,284.0,171.8,706.0,2.5,2,56-65in,China,Analogue/Digital
KOGAN,KAQL65MQXTD,LCD (LED),65,1.148,197.274,0.589,0.0,810.0,284.0,171.8,706.0,2.5,2,56-65in,China,Analogue/Digital
KOGAN,KAQL65MQXT*,LCD (LED),65,1.148,197.274,0.589,0.0,810.0,284.0,171.8,706.0,2.5,2,56-65in,China,Analogue/Digital
KOGAN,KAQL65MQ9ZTA,LCD (LED),65,1.148,147.3,0.4,0.0,579.0,203.0,128.3,504.0,4.0,4,56-65in,China,Analogue/Digital
KOGAN,KAQL65MQ9ZTB,LCD (LED),65,1.148,147.3,0.4,0.0,579.0,203.0,128.3,504.0,4.0,4,56-65in,China,Analogue/Digital
KOGAN,KAQL65MQ9ZTC,LCD (LED),65,1.148,147.3,0.4,0.0,579.0,203.0,128.3,504.0,4.0,4,56-65in,China,Analogue/Digital
KOGAN,KAQL65MQ9ZTD,LCD (LED),65,1.148,147.3,0.4,0.0,579.0,203.0,128.3,504.0,4.0,4,56-65in,China,Analogue/Digital
KOGAN,KAQL65MQ9ZTE,LCD (LED),65,1.148,147.3,0.4,0.0,579.0,203.0,128.3,504.0,4.0,4,56-65in,China,Analogue/Digital
KOGAN,KAQL65MQ9ZT*,LCD (LED),65,1.148,147.3,0.4,0.0,579.0,203.0,128.3,504.0,4.0,4,56-65in,China,Analogue/Digital
KOGAN,KAQL75MQ9ZTA,LCD (LED),75,1.532,223.7,0.42,0.0,853.0,299.0,146.0,557.0,3.5,4,66-75in,China,Analogue/Digital
KOGAN,KAQL75MQ9ZTB,LCD (LED),75,1.532,223.7,0.42,0.0,853.0,299.0,146.0,557.0,3.5,4,66-75in,China,Analogue/Digital
KOGAN,KAQL75MQ9ZTC,LCD (LED),75,1.532,223.7,0.42,0.0,853.0,299.0,146.0,557.0,3.5,4,66-75in,China,Analogue/Digital
KOGAN,KAQL75MQ9ZTD,LCD (LED),75,1.532,223.7,0.42,0.0,853.0,299.0,146.0,557.0,3.5,4,66-75in,China,Analogue/Digital
KOGAN,KAQL75MQ9ZTE,LCD (LED),75,1.532,223.7,0.42,0.0,853.0,299.0,146.0,557.0,3.5,4,66-75in,China,Analogue/Digital
KOGAN,KAQL75MQ9ZT*,LCD (LED),75,1.532,223.7,0.42,0.0,853.0,299.0,146.0,557.0,3.5,4,66-75in,China,Analogue/Digital
KOGAN,KAQL100MQ9ZTA,LCD (LED),100,2.73,219.1,0.38,0.0,955.0,334.0,80.3,350.0,5.5,6,86in+,China,Analogue/Digital
KOGAN,KAQL100MQ9ZTB,LCD (LED),100,2.73,219.1,0.38,0.0,955.0,334.0,80.3,350.0,5.5,6,86in+,China,Analogue/Digital
KOGAN,KAQL100MQ9ZTC,LCD (LED),100,2.73,219.1,0.38,0.0,955.0,334.0,80.3,350.0,5.5,6,86in+,China,Analogue/Digital
KOGAN,KAQL100MQ9ZTD,LCD (LED),100,2.73,219.1,0.38,0.0,955.0,334.0,80.3,350.0,5.5,6,86in+,China,Analogue/Digital
KOGAN,KAQL100MQ9ZTE,LCD (LED),100,2.73,219.1,0.38,0.0,955.0,334.0,80.3,350.0,5.5,6,86in+,China,Analogue/Digital
KOGAN,KAQL100MQ9ZT*,LCD (LED),100,2.73,219.1,0.38,0.0,955.0,334.0,80.3,350.0,5.5,6,86in+,China,Analogue/Digital
TELEFUNKEN,TL430TQZ,LCD (LED),43,0.498,58.3,,,215.0,75.0,117.1,432.0,5.0,5,33-43in,China,Analogue/Digital
TELEFUNKEN,TL430TQZ1,LCD (LED),43,0.498,58.3,,,215.0,75.0,117.1,432.0,5.0,5,33-43in,China,Analogue/Digital
TELEFUNKEN,TL430TQZ2,LCD (LED),43,0.498,58.3,,,215.0,75.0,117.1,432.0,5.0,5,33-43in,China,Analogue/Digital
TELEFUNKEN,TL430TQZ3,LCD (LED),43,0.498,58.3,,,215.0,75.0,117.1,432.0,5.0,5,33-43in,China,Analogue/Digital
QBELL,QTF50T,LCD (LED),50,0.675,55.52,,,228.0,80.0,82.3,338.0,6.0,6,44-50in,China,Analogue/Digital
SAMSUNG,UA65U8000HW,LCD (LED),65,1.148,112.0,0.5,0.0,412.0,144.0,97.6,359.0,5.5,6,56-65in,Vietnam,Digital
SAMSUNG,UA65U8000HS,LCD (LED),65,1.148,112.0,0.5,0.0,412.0,144.0,97.6,359.0,5.5,6,56-65in,Vietnam,Digital
SAMSUNG,UA65U8500HW,LCD (LED),65,1.148,112.0,0.5,0.0,412.0,144.0,97.6,359.0,5.5,6,56-65in,Vietnam,Digital
SAMSUNG,UA65U8500HS,LCD (LED),65,1.148,112.0,0.5,0.0,412.0,144.0,97.6,359.0,5.5,6,56-65in,Vietnam,Digital
SAMSUNG,UA65U8*00H*,LCD (LED),65,1.148,112.0,0.5,0.0,412.0,144.0,97.6,359.0,5.5,6,56-65in,Vietnam,Digital
SAMSUNG,UA55U8000HW,LCD (LED),55,0.823,79.0,0.5,0.0,291.0,102.0,96.0,354.0,5.5,6,51-55in,Vietnam,Digital
SAMSUNG,UA55U8000HS,LCD (LED),55,0.823,79.0,0.5,0.0,291.0,102.0,96.0,354.0,5.5,6,51-55in,Vietnam,Digital
SAMSUNG,UA55U8500HW,LCD (LED),55,0.823,79.0,0.5,0.0,291.0,102.0,96.0,354.0,5.5,6,51-55in,Vietnam,Digital
SAMSUNG,UA55U8500HS,LCD (LED),55,0.823,79.0,0.5,0.0,291.0,102.0,96.0,354.0,5.5,6,51-55in,Vietnam,Digital
SAMSUNG,UA55U8*00H*,LCD (LED),55,0.823,79.0,0.5,0.0,291.0,102.0,96.0,354.0,5.5,6,51-55in,Vietnam,Digital
SAMSUNG,UA85U8000HW,LCD (LED),85,1.971,142.0,0.5,0.0,521.0,182.0,72.0,264.0,6.0,6,76-85in,Vietnam,Digital
SAMSUNG,UA85U8000HS,LCD (LED),85,1.971,142.0,0.5,0.0,521.0,182.0,72.0,264.0,6.0,6,76-85in,Vietnam,Digital
SAMSUNG,UA85U8500HW,LCD (LED),85,1.971,142.0,0.5,0.0,521.0,182.0,72.0,264.0,6.0,6,76-85in,Vietnam,Digital
SAMSUNG,UA85U8500HS,LCD (LED),85,1.971,142.0,0.5,0.0,521.0,182.0,72.0,264.0,6.0,6,76-85in,Vietnam,Digital
SAMSUNG,UA85U8*00H*,LCD (LED),85,1.971,142.0,0.5,0.0,521.0,182.0,72.0,264.0,6.0,6,76-85in,Vietnam,Digital
SAMSUNG,UA75U8000HW,LCD (LED),75,1.532,133.0,0.5,0.0,489.0,171.0,86.8,319.0,6.0,6,66-75in,Vietnam,Digital
SAMSUNG,UA75U8000HS,LCD (LED),75,1.532,133.0,0.5,0.0,489.0,171.0,86.8,319.0,6.0,6,66-75in,Vietnam,Digital
SAMSUNG,UA75U8500HW,LCD (LED),75,1.532,133.0,0.5,0.0,489.0,171.0,86.8,319.0,6.0,6,66-75in,Vietnam,Digital
SAMSUNG,UA75U8500HS,LCD (LED),75,1.532,133.0,0.5,0.0,489.0,171.0,86.8,319.0,6.0,6,66-75in,Vietnam,Digital
SAMSUNG,UA75U8*00H*,LCD (LED),75,1.532,133.0,0.5,0.0,489.0,171.0,86.8,319.0,6.0,6,66-75in,Vietnam,Digital
KOGAN,KAL50U96VA,LCD (LED),49,0.675,60.48,0.45,0.0,247.0,86.0,89.6,366.0,5.5,6,44-50in,China,Analogue/Digital
KOGAN,KAL50U96VB,LCD (LED),49,0.675,60.48,0.45,0.0,247.0,86.0,89.6,366.0,5.5,6,44-50in,China,Analogue/Digital
KOGAN,KAL50U96VC,LCD (LED),49,0.675,60.48,0.45,0.0,247.0,86.0,89.6,366.0,5.5,6,44-50in,China,Analogue/Digital
KOGAN,"KAL50U96VA, KAL50U96V,KAL50U96VC",LCD (LED),49,0.675,60.48,0.45,0.0,247.0,86.0,89.6,366.0,5.5,6,44-50in,China,Analogue/Digital
KOGAN,KAL55U96VA,LCD (LED),55,0.849,58.7,0.45,0.0,335.0,117.0,69.1,395.0,5.0,5,51-55in,China,Analogue/Digital
KOGAN,KAL55U96VB,LCD (LED),55,0.849,58.7,0.45,0.0,335.0,117.0,69.1,395.0,5.0,5,51-55in,China,Analogue/Digital
KOGAN,KAL55U96VC,LCD (LED),55,0.849,58.7,0.45,0.0,335.0,117.0,69.1,395.0,5.0,5,51-55in,China,Analogue/Digital
KOGAN,"KAL55U96VA,KAL55U96VB,KAL55U96VC",LCD (LED),55,0.849,58.7,0.45,0.0,335.0,117.0,69.1,395.0,5.0,5,51-55in,China,Analogue/Digital
SAMSUNG,QA85QN80HAW,LCD (LED),85,1.971,223.0,0.5,0.0,817.0,286.0,113.1,415.0,4.5,4,76-85in,Vietnam,Digital
SAMSUNG,QA85QN80HAS,LCD (LED),85,1.971,223.0,0.5,0.0,817.0,286.0,113.1,415.0,4.5,4,76-85in,Vietnam,Digital
SAMSUNG,QA85QN80HA*,LCD (LED),85,1.971,223.0,0.5,0.0,817.0,286.0,113.1,415.0,4.5,4,76-85in,Vietnam,Digital
SAMSUNG,QA65S85HAE,LCD (LED),65,1.148,128.0,0.5,0.0,470.0,164.0,111.5,409.0,4.5,4,56-65in,Vietnam,Digital
SAMSUNG,QA55S85HAE,LCD (LED),55,0.823,100.0,0.5,0.0,368.0,129.0,121.5,447.0,4.5,4,51-55in,Vietnam,Digital
SAMSUNG,QA75QN80HAW,LCD (LED),75,1.532,189.0,0.5,0.0,693.0,243.0,123.4,452.0,4.0,4,66-75in,Vietnam,Digital
SAMSUNG,QA75QN80HAS,LCD (LED),75,1.532,189.0,0.5,0.0,693.0,243.0,123.4,452.0,4.0,4,66-75in,Vietnam,Digital
SAMSUNG,QA75QN80HA*,LCD (LED),75,1.532,189.0,0.5,0.0,693.0,243.0,123.4,452.0,4.0,4,66-75in,Vietnam,Digital
SAMSUNG,QA55S90HAW,LCD (LED),55,0.823,108.0,0.5,0.0,397.0,139.0,131.2,482.0,4.0,4,51-55in,Vietnam,Digital
SAMSUNG,QA55S90HAS,LCD (LED),55,0.823,108.0,0.5,0.0,397.0,139.0,131.2,482.0,4.0,4,51-55in,Vietnam,Digital
SAMSUNG,QA55S90HA*,LCD (LED),55,0.823,108.0,0.5,0.0,397.0,139.0,131.2,482.0,4.0,4,51-55in,Vietnam,Digital
SAMSUNG,UA55M80HAW,LCD (LED),55,0.823,75.0,0.5,0.0,277.0,97.0,91.1,337.0,5.5,6,51-55in,Vietnam,Digital
SAMSUNG,UA55M80HAS,LCD (LED),55,0.823,75.0,0.5,0.0,277.0,97.0,91.1,337.0,5.5,6,51-55in,Vietnam,Digital
SAMSUNG,UA55M80HA*,LCD (LED),55,0.823,75.0,0.5,0.0,277.0,97.0,91.1,337.0,5.5,6,51-55in,Vietnam,Digital
LG,86QNED86BSA,LCD (LED),86,2.02,137.0,0.4,0.0,503.0,176.0,67.8,249.0,7.0,7,86in+,"Indonesia,South Korea",Analogue/Digital
LG,86QNED87B6A,LCD (LED),86,2.02,137.0,0.4,0.0,503.0,176.0,67.8,249.0,7.0,7,86in+,"Indonesia,South Korea",Analogue/Digital
BELGIQUE,CCA-BFHD24TV,LCD,24,0.155,17.88,0.28,0.0,67.0,23.0,115.4,432.0,6.0,6,32in & under,China,
BELGIQUE,VK-2401D,LCD,24,0.155,17.88,0.28,0.0,67.0,23.0,115.4,432.0,6.0,6,32in & under,China,
BELGIQUE,CCA-BFHD32TV,LCD,32,0.276,35.42,0.32,0.0,131.0,46.0,128.3,475.0,5.0,5,32in & under,China,
BELGIQUE,VK-3201D,LCD,32,0.276,35.42,0.32,0.0,131.0,46.0,128.3,475.0,5.0,5,32in & under,China,
BELGIQUE,CCA-BFHD40TV,LCD,39,0.429,69.27,0.5,0.0,256.0,90.0,161.5,597.0,3.5,4,33-43in,China,
BELGIQUE,VK-4001D,LCD,39,0.429,69.27,0.5,0.0,256.0,90.0,161.5,597.0,3.5,4,33-43in,China,
SAMSUNG,UA58U8000HS,LCD (LED),58,0.916,96.0,0.5,0.0,353.0,124.0,104.8,385.0,5.0,5,56-65in,Vietnam,Digital
SAMSUNG,UA70U8000HS,LCD (LED),70,1.338,128.0,0.5,0.0,470.0,164.0,95.7,351.0,5.5,6,66-75in,Vietnam,Digital
KOGAN,KAQL55MQ9ZTA,LCD (LED),55,0.823,97.4,0.4,0.0,426.0,149.0,118.3,518.0,4.0,4,51-55in,China,Analogue/Digital
KOGAN,KAQL55MQ9ZTB,LCD (LED),55,0.823,97.4,0.4,0.0,426.0,149.0,118.3,518.0,4.0,4,51-55in,China,Analogue/Digital
KOGAN,KAQL55MQ9ZTC,LCD (LED),55,0.823,97.4,0.4,0.0,426.0,149.0,118.3,518.0,4.0,4,51-55in,China,Analogue/Digital
KOGAN,KAQL55MQ9ZTD,LCD (LED),55,0.823,97.4,0.4,0.0,426.0,149.0,118.3,518.0,4.0,4,51-55in,China,Analogue/Digital
KOGAN,KAQL55MQ9ZTE,LCD (LED),55,0.823,97.4,0.4,0.0,426.0,149.0,118.3,518.0,4.0,4,51-55in,China,Analogue/Digital
KOGAN,KAQL55MQ9ZT*,LCD (LED),55,0.823,97.4,0.4,0.0,426.0,149.0,118.3,518.0,4.0,4,51-55in,China,Analogue/Digital
TELEFUNKEN,TL320TQ1,LCD (LED),32,0.274,35.1,,,131.0,46.0,128.1,478.0,5.0,5,32in & under,China,Analogue/Digital
TELEFUNKEN,TL320QT,LCD (LED),32,0.274,35.1,,,131.0,46.0,128.1,478.0,5.0,5,32in & under,China,Analogue/Digital
TELEFUNKEN,TL320QT2,LCD (LED),32,0.274,35.1,,,131.0,46.0,128.1,478.0,5.0,5,32in & under,China,Analogue/Digital
TELEFUNKEN,TL320QT3,LCD (LED),32,0.274,35.1,,,131.0,46.0,128.1,478.0,5.0,5,32in & under,China,Analogue/Digital
SAMSUNG,QA55QN80HAW,LCD (LED),55,0.823,102.0,0.5,0.0,375.0,131.0,123.9,456.0,4.5,4,51-55in,Vietnam,Digital
SAMSUNG,QA55QN80HAS,LCD (LED),55,0.823,102.0,0.5,0.0,375.0,131.0,123.9,456.0,4.5,4,51-55in,Vietnam,Digital
SAMSUNG,QA55QN80HA*,LCD (LED),55,0.823,102.0,0.5,0.0,375.0,131.0,123.9,456.0,4.5,4,51-55in,Vietnam,Digital
SAMSUNG,QA65QN80HAW,LCD (LED),65,1.148,153.0,0.5,0.0,562.0,197.0,133.3,490.0,4.0,4,56-65in,Vietnam,Digital
SAMSUNG,QA65QN80HAS,LCD (LED),65,1.148,153.0,0.5,0.0,562.0,197.0,133.3,490.0,4.0,4,56-65in,Vietnam,Digital
SAMSUNG,QA65QN80HA*,LCD (LED),65,1.148,153.0,0.5,0.0,562.0,197.0,133.3,490.0,4.0,4,56-65in,Vietnam,Digital
SAMSUNG,MRA75R95HAW,LCD (LED),75,1.532,203.0,0.5,0.0,744.0,260.0,132.5,486.0,4.0,4,66-75in,Vietnam,Digital
SAMSUNG,MRA75R95HAS,LCD (LED),75,1.532,203.0,0.5,0.0,744.0,260.0,132.5,486.0,4.0,4,66-75in,Vietnam,Digital
SAMSUNG,MRA75R95HA*,LCD (LED),75,1.532,203.0,0.5,0.0,744.0,260.0,132.5,486.0,4.0,4,66-75in,Vietnam,Digital
SAMSUNG,MRA85R95HAW,LCD (LED),85,1.971,260.0,0.5,0.0,952.0,333.0,131.9,483.0,4.0,4,76-85in,Vietnam,Digital
SAMSUNG,MRA85R95HAS,LCD (LED),85,1.971,260.0,0.5,0.0,952.0,333.0,131.9,483.0,4.0,4,76-85in,Vietnam,Digital
SAMSUNG,MRA85R95HA*,LCD (LED),85,1.971,260.0,0.5,0.0,952.0,333.0,131.9,483.0,4.0,4,76-85in,Vietnam,Digital
SAMSUNG,MRA65R95HAW,LCD (LED),65,1.148,153.0,0.5,0.0,562.0,197.0,133.3,490.0,4.0,4,56-65in,Vietnam,Digital
SAMSUNG,MRA65R95HAS,LCD (LED),65,1.148,153.0,0.5,0.0,562.0,197.0,133.3,490.0,4.0,4,56-65in,Vietnam,Digital
SAMSUNG,MRA65R95HA*,LCD (LED),65,1.148,153.0,0.5,0.0,562.0,197.0,133.3,490.0,4.0,4,56-65in,Vietnam,Digital
SAMSUNG,QA83S90HAE,LCD (LED),83,1.877,215.0,0.5,0.0,788.0,276.0,114.5,420.0,4.5,4,76-85in,Vietnam,Digital
SAMSUNG,QA77S90HAW,LCD (LED),77,1.628,173.0,0.5,0.0,635.0,222.0,106.3,390.0,5.0,5,76-85in,Vietnam,Digital
SAMSUNG,QA77S90HAS,LCD (LED),77,1.628,173.0,0.5,0.0,635.0,222.0,106.3,390.0,5.0,5,76-85in,Vietnam,Digital
SAMSUNG,QA77S90HA*,LCD (LED),77,1.628,173.0,0.5,0.0,635.0,222.0,106.3,390.0,5.0,5,76-85in,Vietnam,Digital
LG,OLED55G66LW,OLED,55,0.823,92.0,0.4,0.0,338.0,118.0,111.8,411.0,5.0,5,51-55in,"Indonesia,South Korea",Analogue/Digital
LG,OLED65G66LW,OLED,65,1.148,112.0,0.4,0.0,411.0,144.0,97.6,358.0,5.5,6,56-65in,"Indonesia,South Korea",Analogue/Digital
LG,OLED77G66LW,OLED,77,1.62,140.0,0.4,0.0,514.0,180.0,86.4,317.0,6.0,6,76-85in,"Indonesia,South Korea",Analogue/Digital
LG,OLED83G66LW,OLED,83,1.877,155.0,0.4,0.0,568.0,199.0,82.6,303.0,6.0,6,76-85in,"Indonesia,South Korea",Analogue/Digital
SAMSUNG,QA65S90HAW,LCD (LED),65,1.148,138.0,0.5,0.0,507.0,177.0,120.2,442.0,4.5,4,56-65in,Vietnam,Digital
SAMSUNG,QA65S90HAS,LCD (LED),65,1.148,138.0,0.5,0.0,507.0,177.0,120.2,442.0,4.5,4,56-65in,Vietnam,Digital
SAMSUNG,QA65S90HA*,LCD (LED),65,1.148,138.0,0.5,0.0,507.0,177.0,120.2,442.0,4.5,4,56-65in,Vietnam,Digital
SAMSUNG,QA50QN70HAW,LCD (LED),49,0.675,83.0,0.5,0.0,306.0,107.0,123.0,453.0,4.5,4,44-50in,Vietnam,Digital
SAMSUNG,QA50QN70HAS,LCD (LED),49,0.675,83.0,0.5,0.0,306.0,107.0,123.0,453.0,4.5,4,44-50in,Vietnam,Digital
SAMSUNG,QA50QN70HA*,LCD (LED),49,0.675,83.0,0.5,0.0,306.0,107.0,123.0,453.0,4.5,4,44-50in,Vietnam,Digital
SAMSUNG,QA65QN70HAW,LCD (LED),65,1.148,130.0,0.5,0.0,478.0,167.0,113.2,416.0,4.5,4,56-65in,Vietnam,Digital
SAMSUNG,QA65QN70HAS,LCD (LED),65,1.148,130.0,0.5,0.0,478.0,167.0,113.2,416.0,4.5,4,56-65in,Vietnam,Digital
SAMSUNG,QA65QN70HA*,LCD (LED),65,1.148,130.0,0.5,0.0,478.0,167.0,113.2,416.0,4.5,4,56-65in,Vietnam,Digital
BELGIQUE,CCA-BFHD**TV,LCD,24,0.155,17.88,0.28,0.0,67.0,23.0,115.4,432.0,6.0,6,32in & under,China,
LG,55LX7BPSA,LCD (LED),55,0.823,76.1,0.34,0.38,313.0,110.0,92.5,380.0,5.0,5,51-55in,China,Analogue/Digital
LG,55LX7B6LA,LCD (LED),55,0.823,76.1,0.34,0.38,313.0,110.0,92.5,380.0,5.0,5,51-55in,China,Analogue/Digital
LG,55LX7BPUA,LCD (LED),55,0.823,76.1,0.34,0.38,313.0,110.0,92.5,380.0,5.0,5,51-55in,China,Analogue/Digital
LG,55LX7BKNA,LCD (LED),55,0.823,76.1,0.34,0.38,313.0,110.0,92.5,380.0,5.0,5,51-55in,China,Analogue/Digital
LG,55LX7B###,LCD (LED),55,0.823,76.1,0.34,0.38,313.0,110.0,92.5,380.0,5.0,5,51-55in,China,Analogue/Digital
SAMSUNG,QA100QN80HW,LCD (LED),100,2.73,278.0,0.5,0.0,1018.0,356.0,101.8,373.0,5.0,5,86in+,Vietnam,Digital
SAMSUNG,QA100QN80HS,LCD (LED),100,2.73,278.0,0.5,0.0,1018.0,356.0,101.8,373.0,5.0,5,86in+,Vietnam,Digital
SAMSUNG,QA100QN80H*,LCD (LED),100,2.73,278.0,0.5,0.0,1018.0,356.0,101.8,373.0,5.0,5,86in+,Vietnam,Digital
SAMSUNG,QA55QN70HAW,LCD (LED),55,0.823,105.0,0.5,0.0,386.0,135.0,127.6,469.0,4.0,4,51-55in,Vietnam,Digital
SAMSUNG,QA55QN70HAS,LCD (LED),55,0.823,105.0,0.5,0.0,386.0,135.0,127.6,469.0,4.0,4,51-55in,Vietnam,Digital
SAMSUNG,QA55QN70HA*,LCD (LED),55,0.823,105.0,0.5,0.0,386.0,135.0,127.6,469.0,4.0,4,51-55in,Vietnam,Digital
SAMSUNG,QA43QN70HAW,LCD (LED),43,0.499,69.0,0.5,0.0,255.0,89.0,138.3,511.0,4.0,4,33-43in,Vietnam,Digital
SAMSUNG,QA43QN70HAS,LCD (LED),43,0.499,69.0,0.5,0.0,255.0,89.0,138.3,511.0,4.0,4,33-43in,Vietnam,Digital
SAMSUNG,QA43QN70HA*,LCD (LED),43,0.499,69.0,0.5,0.0,255.0,89.0,138.3,511.0,4.0,4,33-43in,Vietnam,Digital
SAMSUNG,QA77S95HAE,LCD (LED),77,1.62,213.0,0.5,0.0,781.0,273.0,131.5,482.0,4.0,4,76-85in,Vietnam,Digital
SAMSUNG,QA75LS03HWW,LCD (LED),75,1.532,187.0,0.5,0.0,686.0,240.0,122.1,448.0,4.0,4,66-75in,Vietnam,Digital
SAMSUNG,QA75LS03HWS,LCD (LED),75,1.532,187.0,0.5,0.0,686.0,240.0,122.1,448.0,4.0,4,66-75in,Vietnam,Digital
SAMSUNG,QA75LS03HW*,LCD (LED),75,1.532,187.0,0.5,0.0,686.0,240.0,122.1,448.0,4.0,4,66-75in,Vietnam,Digital
SAMSUNG,UA85M80HAW,LCD (LED),85,1.971,141.0,0.5,0.0,518.0,181.0,71.5,263.0,6.0,6,76-85in,Vietnam,Digital
SAMSUNG,UA85M80HAS,LCD (LED),85,1.971,141.0,0.5,0.0,518.0,181.0,71.5,263.0,6.0,6,76-85in,Vietnam,Digital
SAMSUNG,UA85M80HA*,LCD (LED),85,1.971,141.0,0.5,0.0,518.0,181.0,71.5,263.0,6.0,6,76-85in,Vietnam,Digital
SAMSUNG,UA75M80HAW,LCD (LED),75,1.532,117.0,0.5,0.0,430.0,150.0,76.4,281.0,6.0,6,66-75in,Vietnam,Digital
SAMSUNG,UA75M80HAS,LCD (LED),75,1.532,117.0,0.5,0.0,430.0,150.0,76.4,281.0,6.0,6,66-75in,Vietnam,Digital
SAMSUNG,UA75M80HA*,LCD (LED),75,1.532,117.0,0.5,0.0,430.0,150.0,76.4,281.0,6.0,6,66-75in,Vietnam,Digital
SAMSUNG,UA65M80HAW,LCD (LED),65,1.148,101.0,0.5,0.0,372.0,130.0,88.0,324.0,6.0,6,56-65in,Vietnam,Digital
SAMSUNG,UA65M80HAS,LCD (LED),65,1.148,101.0,0.5,0.0,372.0,130.0,88.0,324.0,6.0,6,56-65in,Vietnam,Digital
SAMSUNG,UA65M80HA*,LCD (LED),65,1.148,101.0,0.5,0.0,372.0,130.0,88.0,324.0,6.0,6,56-65in,Vietnam,Digital
LG,65LX7BPSA,LCD (LED),65,1.148,86.6,0.33,0.34,368.0,129.0,75.4,321.0,6.0,6,56-65in,China,Analogue/Digital
LG,65LX7B6LA,LCD (LED),65,1.148,86.6,0.33,0.34,368.0,129.0,75.4,321.0,6.0,6,56-65in,China,Analogue/Digital
LG,65LX7BPUA,LCD (LED),65,1.148,86.6,0.33,0.34,368.0,129.0,75.4,321.0,6.0,6,56-65in,China,Analogue/Digital
LG,65LX7BKNA,LCD (LED),65,1.148,86.6,0.33,0.34,368.0,129.0,75.4,321.0,6.0,6,56-65in,China,Analogue/Digital
LG,65LX7B###,LCD (LED),65,1.148,86.6,0.33,0.34,368.0,129.0,75.4,321.0,6.0,6,56-65in,China,Analogue/Digital
SONY,K-50XR30M2,LCD (LED),49,0.674,85.5,0.5,12.0,318.0,111.0,126.9,472.0,4.5,4,44-50in,Thailand,Analogue/Digital
LG,75NU805BPSB,LCD,75,1.531,118.0,,,433.0,152.0,77.1,283.0,6.0,6,66-75in,"China,Vietnam",Analogue/Digital
LG,55NU805BPSB,LCD,55,0.823,85.0,,,312.0,109.0,103.3,379.0,5.0,5,51-55in,"China,Vietnam",Analogue/Digital
LG,85NU805BPSB,LCD,85,1.971,160.0,,,586.0,205.0,81.2,297.0,6.0,6,76-85in,"China,Vietnam",Analogue/Digital
LG,65NU805BPSB,LCD,65,1.148,92.0,,,338.0,118.0,80.1,294.0,6.0,6,56-65in,"China,Vietnam",Analogue/Digital
LG,98NU855BPSB,LCD,98,2.622,340.0,,,1243.0,435.0,129.7,474.0,4.0,4,86in+,"China,Vietnam",Analogue/Digital
SONY,K-65XR30M2,LCD (LED),65,1.148,130.2,0.5,13.6,481.0,168.0,113.4,419.0,4.5,4,56-65in,Thailand,Analogue/Digital
SONY,K-75XR30M2,LCD (LED),75,1.532,172.0,0.5,12.1,633.0,222.0,112.3,413.0,4.5,4,66-75in,Thailand,Analogue/Digital
SONY,K-85XR30M2,LCD (LED),85,1.971,166.9,0.5,12.8,615.0,215.0,84.7,312.0,6.0,6,76-85in,Thailand,Analogue/Digital
SONY,K-65XR70M2,LCD (LED),65,1.148,129.4,0.5,9.9,477.0,167.0,112.7,416.0,4.5,4,56-65in,China,Analogue/Digital
SONY,K-55XR70M2,LCD (LED),55,0.823,105.9,0.5,10.9,392.0,137.0,128.7,476.0,4.0,4,51-55in,China,Analogue/Digital
SONY,K-50XR70M2,LCD (LED),49,0.675,105.8,0.5,12.1,392.0,137.0,156.7,581.0,3.5,4,44-50in,China,Analogue/Digital
SONY,K-100XR30M2,LCD (LED),100,2.73,191.6,0.5,12.8,705.0,247.0,70.2,258.0,6.0,6,86in+,Thailand,Analogue/Digital
SKYWORTH,43Q5600H,LCD (LED),43,0.498,38.7,,,165.0,58.0,77.7,331.0,6.0,6,33-43in,China,Analogue/Digital
KOGAN,KAL65U96VA,LCD (LED),65,1.147,122.82,0.45,0.0,506.0,177.0,107.1,441.0,4.5,4,56-65in,China,Digital
KOGAN,KAL65U96VB,LCD (LED),65,1.147,122.82,0.45,0.0,506.0,177.0,107.1,441.0,4.5,4,56-65in,China,Digital
KOGAN,KAL65U96VC,LCD (LED),65,1.147,122.82,0.45,0.0,506.0,177.0,107.1,441.0,4.5,4,56-65in,China,Digital
KOGAN,"KAL65U96VA, KAL65U96VB, KAL65U96VC",LCD (LED),65,1.147,122.82,0.45,0.0,506.0,177.0,107.1,441.0,4.5,4,56-65in,China,Digital
LG,OLED97G6PSA,OLED,97,2.568,228.0,0.4,0.0,835.0,292.0,88.8,325.0,5.5,6,86in+,"Indonesia,South Korea",Analogue/Digital
LG,OLED97G66LW,OLED,97,2.568,228.0,0.4,0.0,835.0,292.0,88.8,325.0,5.5,6,86in+,"Indonesia,South Korea",Analogue/Digital
LG,100MRGB96B6,LCD (LED),100,2.73,200.0,0.4,0.0,733.0,257.0,73.3,268.0,6.0,6,86in+,"Indonesia,South Korea",Analogue/Digital
LG,100MRGB96BS,LCD (LED),100,2.73,200.0,0.4,0.0,733.0,257.0,73.3,268.0,6.0,6,86in+,"Indonesia,South Korea",Analogue/Digital
LG,100QNED86BS,LCD (LED),100,2.73,230.0,0.4,0.0,842.0,295.0,84.2,308.0,6.0,6,86in+,"Indonesia,South Korea",Analogue/Digital
LG,100QNED87B6,LCD (LED),100,2.73,230.0,0.4,0.0,842.0,295.0,84.2,308.0,6.0,6,86in+,"Indonesia,South Korea",Analogue/Digital
SONY,K-65XR90M2,LCD (LED),65,1.148,151.4,0.5,15.3,559.0,196.0,131.9,487.0,4.0,4,56-65in,"Malaysia,China",Analogue/Digital
TCL,65P7LS,LCD (LED),64,1.147,82.8,0.37,0.0,360.0,126.0,72.2,314.0,6.0,6,56-65in,China,Analogue/Digital
TCL,65C8L,LCD (LED),64,1.147,109.4,0.413,0.0,465.0,163.0,95.4,405.0,5.0,5,56-65in,China,Analogue/Digital
TCL,85C8L,LCD (LED),85,1.971,190.4,0.377,0.0,770.0,270.0,96.6,391.0,5.0,5,76-85in,China,Analogue/Digital
TCL,98C8L,LCD (LED),97,2.62,196.2,0.362,0.0,818.0,286.0,74.9,312.0,6.0,6,86in+,China,Analogue/Digital
TCL,85X11L,LCD (LED),85,1.971,290.0,0.328,0.0,1171.0,410.0,147.1,594.0,3.0,3,76-85in,China,Analogue/Digital
TCL,98X11L,LCD (LED),97,2.62,444.6,0.316,0.0,1790.0,626.0,169.7,683.0,2.5,2,86in+,China,Analogue/Digital
SAMSUNG,QA65S95HAW,LCD (LED),65,1.148,151.0,0.5,0.0,554.0,194.0,131.5,483.0,4.0,4,56-65in,Vietnam,Digital
SAMSUNG,QA65S95HAS,LCD (LED),65,1.148,151.0,0.5,0.0,554.0,194.0,131.5,483.0,4.0,4,56-65in,Vietnam,Digital
SAMSUNG,QA65S95HA*,LCD (LED),65,1.148,151.0,0.5,0.0,554.0,194.0,131.5,483.0,4.0,4,56-65in,Vietnam,Digital
SAMSUNG,QA75QN70HAW,LCD (LED),75,1.532,138.0,0.5,0.0,507.0,177.0,90.1,331.0,5.5,6,66-75in,Vietnam,Digital
SAMSUNG,QA75QN70HAS,LCD (LED),75,1.532,138.0,0.5,0.0,507.0,177.0,90.1,331.0,5.5,6,66-75in,Vietnam,Digital
SAMSUNG,QA75QN70HA*,LCD (LED),75,1.532,138.0,0.5,0.0,507.0,177.0,90.1,331.0,5.5,6,66-75in,Vietnam,Digital
SAMSUNG,QA77S85HAE,LCD (LED),77,1.62,137.0,0.5,0.0,503.0,176.0,84.6,310.0,6.0,6,76-85in,Vietnam,Digital
SAMSUNG,QA83S85HAE,LCD (LED),83,1.877,185.0,0.5,0.0,678.0,237.0,98.6,361.0,5.0,5,76-85in,Vietnam,Digital
SAMSUNG,QA83S95HAE,LCD (LED),83,1.877,247.0,0.5,0.0,905.0,317.0,131.6,482.0,4.0,4,76-85in,Vietnam,Digital
SAMSUNG,QA85LS03HWW,LCD (LED),85,1.971,219.0,0.5,0.0,802.0,281.0,111.1,407.0,4.5,4,76-85in,Vietnam,Digital
SAMSUNG,QA85LS03HWS,LCD (LED),85,1.971,219.0,0.5,0.0,802.0,281.0,111.1,407.0,4.5,4,76-85in,Vietnam,Digital
SAMSUNG,QA85LS03HW*,LCD (LED),85,1.971,219.0,0.5,0.0,802.0,281.0,111.1,407.0,4.5,4,76-85in,Vietnam,Digital
SAMSUNG,QA50QN80HAW,LCD (LED),49,0.675,99.0,0.5,0.0,364.0,127.0,146.7,539.0,3.5,4,44-50in,Vietnam,Digital
SAMSUNG,QA50QN80HAS,LCD (LED),49,0.675,99.0,0.5,0.0,364.0,127.0,146.7,539.0,3.5,4,44-50in,Vietnam,Digital
SAMSUNG,QA50QN80HA*,LCD (LED),49,0.675,99.0,0.5,0.0,364.0,127.0,146.7,539.0,3.5,4,44-50in,Vietnam,Digital
SAMSUNG,QA48S90HAE,LCD (LED),48,0.623,78.0,0.5,0.0,288.0,101.0,125.2,462.0,4.5,4,44-50in,Vietnam,Digital
SAMSUNG,MRA65R85HAS,LCD (LED),65,1.148,147.0,0.5,0.0,540.0,189.0,128.0,470.0,4.0,4,56-65in,Vietnam,Digital
SAMSUNG,MRA65R85HAW,LCD (LED),65,1.148,147.0,0.5,0.0,540.0,189.0,128.0,470.0,4.0,4,56-65in,Vietnam,Digital
SAMSUNG,MRA65R85HA*,LCD (LED),65,1.148,147.0,0.5,0.0,540.0,189.0,128.0,470.0,4.0,4,56-65in,Vietnam,Digital
SAMSUNG,MRA85R85HAW,LCD (LED),85,1.971,234.0,0.5,0.0,857.0,300.0,118.7,435.0,4.5,4,76-85in,Vietnam,Digital
SAMSUNG,MRA85R85HAS,LCD (LED),85,1.971,234.0,0.5,0.0,857.0,300.0,118.7,435.0,4.5,4,76-85in,Vietnam,Digital
SAMSUNG,MRA85R85HA*,LCD (LED),85,1.971,234.0,0.5,0.0,857.0,300.0,118.7,435.0,4.5,4,76-85in,Vietnam,Digital
SAMSUNG,QA65LS03HWW,LCD (LED),65,1.148,153.0,0.5,0.0,562.0,197.0,133.3,490.0,4.0,4,56-65in,Vietnam,Digital
SAMSUNG,QA65LS03HWS,LCD (LED),65,1.148,153.0,0.5,0.0,562.0,197.0,133.3,490.0,4.0,4,56-65in,Vietnam,Digital
SAMSUNG,QA65LS03HW*,LCD (LED),65,1.148,153.0,0.5,0.0,562.0,197.0,133.3,490.0,4.0,4,56-65in,Vietnam,Digital
KOGAN,KAL32R98VA,LCD (LED),31,0.273,38.1,0.42,0.0,152.0,53.0,139.6,557.0,4.0,4,32in & under,China,Digital
KOGAN,KAL32R98VB,LCD (LED),31,0.273,38.1,0.42,0.0,152.0,53.0,139.6,557.0,4.0,4,32in & under,China,Digital
KOGAN,KAL32R98VC,LCD (LED),31,0.273,38.1,0.42,0.0,152.0,53.0,139.6,557.0,4.0,4,32in & under,China,Digital
KOGAN,"KAL32R98VA, KAL32R98VB,KAL32R98VC",LCD (LED),31,0.273,38.1,0.42,0.0,152.0,53.0,139.6,557.0,4.0,4,32in & under,China,Digital
MYVI,UR-LED2406DVD,LCD,24,0.156,22.1,0.57,0.0,84.0,29.0,141.7,538.0,5.0,5,32in & under,China,
MYVI,UR-LED3206DVD,LCD,32,0.279,42.9,0.63,0.0,160.0,56.0,153.8,573.0,4.0,4,32in & under,China,
COOCAA,65X66CH,LCD (LED),65,1.148,79.1,,,310.0,108.0,68.9,270.0,6.0,6,56-65in,China,Analogue/Digital
SAMSUNG,QA55QN1EHAW,LCD (LED),55,0.823,105.0,0.5,0.0,386.0,135.0,127.6,469.0,4.0,4,51-55in,Vietnam,Digital
SAMSUNG,QA55QN1EHAS,LCD (LED),55,0.823,105.0,0.5,0.0,386.0,135.0,127.6,469.0,4.0,4,51-55in,Vietnam,Digital
SAMSUNG,QA55QN1EHA*,LCD (LED),55,0.823,105.0,0.5,0.0,386.0,135.0,127.6,469.0,4.0,4,51-55in,Vietnam,Digital
SAMSUNG,QA65QN1EHAW,LCD (LED),65,1.148,130.0,0.5,0.0,478.0,167.0,113.2,416.0,4.5,4,56-65in,Vietnam,Digital
SAMSUNG,QA65QN1EHAS,LCD (LED),65,1.148,130.0,0.5,0.0,478.0,167.0,113.2,416.0,4.5,4,56-65in,Vietnam,Digital
SAMSUNG,QA65QN1EHA*,LCD (LED),65,1.148,130.0,0.5,0.0,478.0,167.0,113.2,416.0,4.5,4,56-65in,Vietnam,Digital
SAMSUNG,MRA75R85HAW,LCD (LED),75,1.532,180.0,0.5,0.0,660.0,231.0,117.5,431.0,4.5,4,66-75in,Vietnam,Digital
SAMSUNG,MRA75R85HAS,LCD (LED),75,1.532,180.0,0.5,0.0,660.0,231.0,117.5,431.0,4.5,4,66-75in,Vietnam,Digital
SAMSUNG,MRA75R85HA*,LCD (LED),75,1.532,180.0,0.5,0.0,660.0,231.0,117.5,431.0,4.5,4,66-75in,Vietnam,Digital
SAMSUNG,QA85QN1EHAW,LCD (LED),85,1.971,196.0,0.5,0.0,718.0,251.0,99.4,364.0,5.0,5,76-85in,Vietnam,Digital
SAMSUNG,QA75QN1EHAW,LCD (LED),75,1.532,138.0,0.5,0.0,507.0,177.0,90.1,331.0,5.5,6,66-75in,Vietnam,Digital
SAMSUNG,QA55LS03HWW,LCD (LED),55,0.823,111.0,0.5,0.0,408.0,143.0,134.9,496.0,4.0,4,51-55in,Vietnam,Digital
SAMSUNG,QA55LS03HWS,LCD (LED),55,0.823,111.0,0.5,0.0,408.0,143.0,134.9,496.0,4.0,4,51-55in,Vietnam,Digital
SAMSUNG,QA55LS03HW*,LCD (LED),55,0.823,111.0,0.5,0.0,408.0,143.0,134.9,496.0,4.0,4,51-55in,Vietnam,Digital
SAMSUNG,QA42S90HAE,LCD (LED),42,0.476,66.0,0.5,0.0,244.0,85.0,138.7,513.0,4.0,4,33-43in,Vietnam,Digital
SAMSUNG,QA48S85HAE,LCD (LED),48,0.623,86.0,0.5,0.0,317.0,111.0,138.0,509.0,4.0,4,44-50in,Vietnam,Digital
SAMSUNG,QA55S95HAW,LCD (LED),55,0.823,105.0,0.5,0.0,386.0,135.0,127.6,469.0,4.0,4,51-55in,Vietnam,Digital
SAMSUNG,QA55S95HAS,LCD (LED),55,0.823,105.0,0.5,0.0,386.0,135.0,127.6,469.0,4.0,4,51-55in,Vietnam,Digital
SAMSUNG,QA55S95HA*,LCD (LED),55,0.823,105.0,0.5,0.0,386.0,135.0,127.6,469.0,4.0,4,51-55in,Vietnam,Digital
SAMSUNG,QA85QN70HAW,LCD (LED),85,1.971,196.0,0.5,0.0,718.0,251.0,99.4,364.0,5.0,5,76-85in,Vietnam,Digital
SAMSUNG,QA85QN70HAS,LCD (LED),85,1.971,196.0,0.5,0.0,718.0,251.0,99.4,364.0,5.0,5,76-85in,Vietnam,Digital
SAMSUNG,QA85QN70HA*,LCD (LED),85,1.971,196.0,0.5,0.0,718.0,251.0,99.4,364.0,5.0,5,76-85in,Vietnam,Digital
SAMSUNG,QA55LS03HEW,LCD (LED),55,0.823,110.0,0.5,0.0,405.0,142.0,133.7,492.0,4.0,4,51-55in,Vietnam,Digital
SAMSUNG,UA55M1EHAW,LCD (LED),55,0.823,84.0,0.5,0.0,310.0,108.0,102.1,377.0,5.0,5,51-55in,Vietnam,Digital
SAMSUNG,UA55M1EHAS,LCD (LED),55,0.823,84.0,0.5,0.0,310.0,108.0,102.1,377.0,5.0,5,51-55in,Vietnam,Digital
SAMSUNG,UA55M1EHA*,LCD (LED),55,0.823,84.0,0.5,0.0,310.0,108.0,102.1,377.0,5.0,5,51-55in,Vietnam,Digital
LINSAR,LS50QLDVTV,LCD,50,0.675,51.1,0.28,0.0,207.0,72.0,75.7,307.0,6.0,6,44-50in,China,Digital
SONY,K-85XR90M2,LCD (LED),85,1.971,228.1,0.5,13.7,839.0,294.0,115.7,426.0,4.5,4,76-85in,"Malaysia,China",Analogue/Digital
SONY,K-75XR90M2,LCD (LED),75,1.531,181.2,0.5,13.3,668.0,234.0,118.4,436.0,4.5,4,66-75in,"Malaysia,China",Analogue/Digital
SAMSUNG,UA65M1EHAW,LCD (LED),65,1.148,111.0,0.5,0.0,408.0,143.0,96.7,355.0,5.5,6,56-65in,Vietnam,Digital
SAMSUNG,UA65M1EHAS,LCD (LED),65,1.148,111.0,0.5,0.0,408.0,143.0,96.7,355.0,5.5,6,56-65in,Vietnam,Digital
SAMSUNG,UA65M1EHA*,LCD (LED),65,1.148,111.0,0.5,0.0,408.0,143.0,96.7,355.0,5.5,6,56-65in,Vietnam,Digital
SAMSUNG,UA75M1EHAW,LCD (LED),75,1.532,142.0,0.5,0.0,521.0,182.0,92.7,340.0,5.5,6,66-75in,Vietnam,Digital
SAMSUNG,UA75M1EHAS,LCD (LED),75,1.532,142.0,0.5,0.0,521.0,182.0,92.7,340.0,5.5,6,66-75in,Vietnam,Digital
SAMSUNG,UA75M1EHA*,LCD (LED),75,1.532,142.0,0.5,0.0,521.0,182.0,92.7,340.0,5.5,6,66-75in,Vietnam,Digital
SAMSUNG,UA85M1EHAW,LCD (LED),85,1.971,151.0,0.5,0.0,554.0,194.0,76.6,281.0,6.0,6,76-85in,Vietnam,Digital
LG,50NU805BPSC,LCD (LED),49,0.675,75.0,,,276.0,97.0,111.1,409.0,5.0,5,44-50in,China,Analogue/Digital
LG,43NU805BPSC,LCD (LED),43,0.498,58.0,,,213.0,75.0,116.5,428.0,5.0,5,33-43in,China,Analogue/Digital
LG,32LB650B6LA,LCD (LED),32,0.274,29.0,0.4,0.0,108.0,38.0,105.8,394.0,5.5,6,32in & under,"Indonesia,South Korea",Analogue/Digital
KOGAN,KAQL85MQ9TA,LCD (LED),85,1.971,227.8,0.41,0.0,871.0,305.0,115.6,442.0,4.5,4,76-85in,China,Analogue/Digital
KOGAN,KAQL85MQ9TB,LCD (LED),85,1.971,227.8,0.41,0.0,871.0,305.0,115.6,442.0,4.5,4,76-85in,China,Analogue/Digital
KOGAN,KAQL85MQ9TC,LCD (LED),85,1.971,227.8,0.41,0.0,871.0,305.0,115.6,442.0,4.5,4,76-85in,China,Analogue/Digital
KOGAN,KAQL85MQ9TD,LCD (LED),85,1.971,227.8,0.41,0.0,871.0,305.0,115.6,442.0,4.5,4,76-85in,China,Analogue/Digital
KOGAN,KAQL85MQ9TE,LCD (LED),85,1.971,227.8,0.41,0.0,871.0,305.0,115.6,442.0,4.5,4,76-85in,China,Analogue/Digital
KOGAN,KAQL85MQ9T*,LCD (LED),85,1.971,227.8,0.41,0.0,871.0,305.0,115.6,442.0,4.5,4,76-85in,China,Analogue/Digital
COOCAA,43Q56CH,LCD (LED),43,0.498,37.6,,,160.0,56.0,75.5,321.0,6.0,6,33-43in,China,Analogue/Digital
AIWA,AWB757DW,LCD,75,1.532,140.14,0.32,0.0,514.0,180.0,91.5,336.0,5.5,6,66-75in,China,Digital
AIWA,AWB243DH,LCD,24,0.153,23.45,0.38,0.0,97.0,34.0,153.3,634.0,4.0,4,32in & under,China,Digital
LG,32LB655BPSA,LCD (LED),32,0.274,29.0,0.4,0.0,108.0,38.0,105.8,394.0,5.5,6,32in & under,"Indonesia,South Korea",Analogue/Digital
LINSAR,LS55QLDVTV,LCD,55,0.823,62.37,0.32,0.0,252.0,88.0,75.8,306.0,6.0,6,51-55in,China,Digital
LINSAR,LS65QLDVTV,LCD,65,1.148,83.67,0.31,0.0,338.0,118.0,72.9,294.0,6.0,6,56-65in,China,Digital
LINSAR,LS75QLDVTV,LCD,75,1.532,103.19,0.3,0.0,416.0,146.0,67.4,272.0,6.0,6,66-75in,China,Digital
LINSAR,LS85QLDVTV,LCD,85,1.971,141.25,0.28,0.0,569.0,199.0,71.7,289.0,6.0,6,76-85in,China,Digital
SAMSUNG,QA43LS03HEW,LCD (LED),43,0.498,69.0,0.5,0.0,255.0,89.0,138.6,512.0,4.0,4,33-43in,Vietnam,Digital
SAMSUNG,QA43LS03HES,LCD (LED),43,0.498,69.0,0.5,0.0,255.0,89.0,138.6,512.0,4.0,4,33-43in,Vietnam,Digital
SAMSUNG,QA43LS03HE*,LCD (LED),43,0.498,69.0,0.5,0.0,255.0,89.0,138.6,512.0,4.0,4,33-43in,Vietnam,Digital
SAMSUNG,QA98LS03HEW,LCD (LED),97,2.604,202.0,0.5,0.0,740.0,259.0,77.6,284.0,6.0,6,86in+,Vietnam,Digital
SAMSUNG,QA98LS03HES,LCD (LED),97,2.604,202.0,0.5,0.0,740.0,259.0,77.6,284.0,6.0,6,86in+,Vietnam,Digital
SAMSUNG,QA98LS03HE*,LCD (LED),97,2.604,202.0,0.5,0.0,740.0,259.0,77.6,284.0,6.0,6,86in+,Vietnam,Digital
SAMSUNG,UA98U9000HW,LCD (LED),98,2.622,258.0,0.5,0.0,945.0,331.0,98.4,360.0,5.0,5,86in+,Vietnam,Digital
SAMSUNG,UA98U9000HS,LCD (LED),98,2.622,258.0,0.5,0.0,945.0,331.0,98.4,360.0,5.0,5,86in+,Vietnam,Digital
SAMSUNG,UA98U9000H*,LCD (LED),98,2.622,258.0,0.5,0.0,945.0,331.0,98.4,360.0,5.0,5,86in+,Vietnam,Digital
SAMSUNG,QA85LS03HEW,LCD (LED),85,1.971,208.0,0.5,0.0,762.0,267.0,105.5,387.0,5.0,5,76-85in,Vietnam,Digital
SAMSUNG,QA65LS03HEW,LCD (LED),65,1.148,147.0,0.5,0.0,540.0,189.0,128.0,470.0,4.0,4,56-65in,Vietnam,Digital
SAMSUNG,HG32F800FAW,LCD (LED),31,0.274,32.0,0.5,0.0,120.0,42.0,116.8,438.0,5.0,5,32in & under,Vietnam,Digital
SAMSUNG,MRA55R85HAW,LCD (LED),55,0.823,112.0,0.5,0.0,412.0,144.0,136.1,501.0,4.0,4,51-55in,Vietnam,Digital
SAMSUNG,MRA55R85HAS,LCD (LED),55,0.823,112.0,0.5,0.0,412.0,144.0,136.1,501.0,4.0,4,51-55in,Vietnam,Digital
SAMSUNG,MRA55R85HA*,LCD (LED),55,0.823,112.0,0.5,0.0,412.0,144.0,136.1,501.0,4.0,4,51-55in,Vietnam,Digital
TCL,55C7L,LCD (LED),55,0.822,96.7,0.283,0.0,425.0,149.0,117.6,517.0,4.0,4,51-55in,China,Analogue/Digital
FFALCON,FF65U65A,LCD (LED),64,1.147,56.2,0.362,0.0,300.0,105.0,49.0,262.0,6.0,6,56-65in,China,Analogue/Digital
TCL,75P7LS,LCD (LED),75,1.531,97.6,0.349,0.0,450.0,158.0,63.7,294.0,6.0,6,66-75in,China,Analogue/Digital
TCL,85C7L,LCD (LED),85,1.971,193.2,0.327,0.0,768.0,269.0,98.0,390.0,5.0,5,76-85in,China,Analogue/Digital
TCL,98C7L,LCD (LED),97,2.62,190.9,0.324,0.0,800.0,280.0,72.9,305.0,6.0,6,86in+,China,Analogue/Digital
TCL,75C8L,LCD (LED),75,1.531,157.4,0.389,0.0,684.0,239.0,102.8,447.0,4.5,4,66-75in,China,Analogue/Digital
TCL,43P7LS,LCD (LED),42,0.498,57.0,0.345,0.0,250.0,88.0,114.5,502.0,4.0,4,33-43in,China,Analogue/Digital
TCL,50P7LS,LCD (LED),49,0.675,58.6,0.369,0.0,240.0,84.0,86.8,356.0,5.5,6,44-50in,China,Analogue/Digital
TCL,55P7LS,LCD (LED),55,0.822,54.8,0.373,0.0,260.0,91.0,66.7,316.0,6.0,6,51-55in,China,Analogue/Digital
TCL,85P7LS,LCD (LED),85,1.971,186.5,0.356,0.0,826.0,289.0,94.6,419.0,4.5,4,76-85in,China,Analogue/Digital
FFALCON,FF43U65A,LCD (LED),42,0.498,42.4,0.346,0.0,190.0,66.0,85.1,382.0,5.5,6,33-43in,China,Analogue/Digital
FFALCON,FF50U65A,LCD (LED),49,0.675,50.0,0.367,0.0,205.0,72.0,74.1,304.0,6.0,6,44-50in,China,Analogue/Digital
FFALCON,FF55U65A,LCD (LED),55,0.822,49.6,0.344,0.0,260.0,91.0,60.3,316.0,6.0,6,51-55in,China,Analogue/Digital
FFALCON,FF75U65A,LCD (LED),75,1.531,96.8,0.342,0.0,400.0,140.0,63.2,261.0,6.0,6,66-75in,China,Analogue/Digital
TCL,75X11L,LCD (LED),75,1.531,211.6,0.407,0.0,853.0,299.0,138.2,557.0,3.5,4,66-75in,China,Analogue/Digital
LG,75QNED82BSA,LCD (LED),75,1.531,148.0,0.4,0.0,543.0,190.0,96.7,355.0,5.5,6,66-75in,"Indonesia,South Korea",Analogue/Digital
LG,85QNED82BSA,LCD (LED),85,1.971,183.0,0.4,0.0,670.0,234.0,92.8,340.0,5.5,6,76-85in,"Indonesia,South Korea",Analogue/Digital
LG,55QNED82BSA,LCD (LED),55,0.823,81.0,0.4,0.0,298.0,104.0,98.4,362.0,5.5,6,51-55in,"Indonesia,South Korea",Analogue/Digital
LG,65QNED82BSA,LCD (LED),65,1.148,110.0,0.4,0.0,404.0,141.0,95.8,352.0,5.5,6,56-65in,"Indonesia,South Korea",Analogue/Digital
SONY,K-75XR70M2,LCD (LED),75,1.531,140.5,0.5,11.6,519.0,182.0,91.8,339.0,5.5,6,66-75in,"Malaysia,China",Analogue/Digital
SONY,K-85XR70M2,LCD (LED),85,1.971,197.9,0.5,14.2,729.0,255.0,100.4,370.0,5.0,5,76-85in,"Malaysia,China",Analogue/Digital
SONY,K-55XR30M2,LCD (LED),55,0.823,100.4,0.5,11.5,372.0,130.0,122.0,452.0,4.5,4,51-55in,Thailand,Analogue/Digital
SAMSUNG,QA75LS03HEW,LCD (LED),75,1.532,175.0,0.5,0.0,642.0,225.0,114.2,419.0,4.5,4,66-75in,Vietnam,Digital
TCL,75C7L,LCD (LED),75,1.531,129.1,0.349,0.0,586.0,205.0,84.3,383.0,5.0,5,66-75in,China,Analogue/Digital
TCL,65C7L,LCD (LED),64,1.147,99.5,0.338,0.0,488.0,171.0,86.7,425.0,4.5,4,56-65in,China,Analogue/Digital
BAUHN,ATV55UHDW-0426,LCD,54,0.819,71.6,0.47,0.0,270.0,94.0,87.4,330.0,6.0,6,51-55in,China,Analogue/Digital
SAMSUNG,QA40Q5FAAW,LCD (LED),40,0.426,41.0,0.5,0.0,153.0,54.0,96.2,359.0,5.5,6,33-43in,Vietnam,Digital
SAMSUNG,QA40Q5FAAS,LCD (LED),40,0.426,41.0,0.5,0.0,153.0,54.0,96.2,359.0,5.5,6,33-43in,Vietnam,Digital
SAMSUNG,QA40Q5FAA*,LCD (LED),40,0.426,41.0,0.5,0.0,153.0,54.0,96.2,359.0,5.5,6,33-43in,Vietnam,Digital
SAMSUNG,QA43Q5FAAW,LCD (LED),43,0.498,48.0,0.5,0.0,178.0,62.0,96.4,357.0,5.5,6,33-43in,Vietnam,Digital
SAMSUNG,QA43Q5FAAS,LCD (LED),43,0.498,48.0,0.5,0.0,178.0,62.0,96.4,357.0,5.5,6,33-43in,Vietnam,Digital
SAMSUNG,QA43Q5FAA*,LCD (LED),43,0.498,48.0,0.5,0.0,178.0,62.0,96.4,357.0,5.5,6,33-43in,Vietnam,Digital
LG,50QNED86BSA,LCD (LED),49,0.675,68.0,0.4,0.0,251.0,88.0,100.7,372.0,5.5,6,44-50in,"Indonesia,South Korea",Analogue/Digital
LG,75MRGB96BSA,LCD (LED),75,1.531,148.0,0.4,0.0,543.0,190.0,96.7,355.0,5.5,6,66-75in,"Indonesia,South Korea",Analogue/Digital
LG,86MRGB96BSA,LCD (LED),86,2.02,172.0,0.4,0.0,630.0,220.0,85.1,312.0,6.0,6,86in+,"Indonesia,South Korea",Analogue/Digital
TCL,55C6L,LCD (LED),55,0.822,74.1,0.331,0.0,300.0,105.0,90.1,365.0,5.5,6,51-55in,China,Analogue/Digital
TCL,65C6L,LCD (LED),64,1.147,81.1,0.322,0.0,380.0,133.0,70.7,331.0,5.5,6,56-65in,China,Analogue/Digital
TCL,75C6L,LCD (LED),75,1.531,118.9,0.346,0.0,511.0,179.0,77.7,334.0,5.5,6,66-75in,China,Analogue/Digital
TCL,85C6L,LCD (LED),85,1.971,124.9,0.326,0.0,555.0,194.0,63.4,282.0,6.0,6,76-85in,China,Analogue/Digital
SONY,K-98XR70M2,LCD (LED),98,2.621,217.0,0.5,12.4,798.0,279.0,82.8,304.0,6.0,6,86in+,"Malaysia,China",Analogue/Digital
HISENSE,40A4SAU,LCD (LED),40,0.426,28.17,0.25,0.0,121.0,42.0,66.1,284.0,7.0,7,33-43in,China,Analogue/Digital
HISENSE,40A4SNZ,LCD (LED),40,0.426,28.17,0.25,0.0,121.0,42.0,66.1,284.0,7.0,7,33-43in,China,Analogue/Digital
HISENSE,32A4SAU,LCD (LED),32,0.274,22.07,0.37,0.0,89.0,31.0,80.5,325.0,6.0,6,32in & under,China,Analogue/Digital
HISENSE,32A4SNZ,LCD (LED),32,0.274,22.07,0.37,0.0,89.0,31.0,80.5,325.0,6.0,6,32in & under,China,Analogue/Digital
HISENSE,32A4S,LCD (LED),32,0.274,22.07,0.37,0.0,89.0,31.0,80.5,325.0,6.0,6,32in & under,China,Analogue/Digital
HISENSE,40A4S,LCD (LED),40,0.426,28.17,0.25,0.0,121.0,42.0,66.1,284.0,7.0,7,33-43in,China,Analogue/Digital
LG,43NU85CB6LA,LCD (LED),43,0.498,62.0,0.4,0.0,229.0,80.0,124.5,460.0,4.5,4,33-43in,"Indonesia,South Korea",Analogue/Digital
LG,43NU85CBPSA,LCD (LED),43,0.498,62.0,0.4,0.0,229.0,80.0,124.5,460.0,4.5,4,33-43in,"Indonesia,South Korea",Analogue/Digital
LG,50NU85CB6LA,LCD (LED),49,0.675,76.0,0.4,0.0,280.0,98.0,112.6,415.0,5.0,5,44-50in,"Indonesia,South Korea",Analogue/Digital
LG,50NU85CBPSA,LCD (LED),49,0.675,76.0,0.4,0.0,280.0,98.0,112.6,415.0,5.0,5,44-50in,"Indonesia,South Korea",Analogue/Digital
LG,55NU85CB6LA,LCD (LED),55,0.823,80.0,0.4,0.0,295.0,103.0,97.2,358.0,5.5,6,51-55in,"Indonesia,South Korea",Analogue/Digital
LG,55NU85CBPSA,LCD (LED),55,0.823,80.0,0.4,0.0,295.0,103.0,97.2,358.0,5.5,6,51-55in,"Indonesia,South Korea",Analogue/Digital
LG,65NU85CB6LA,LCD (LED),65,1.148,100.0,0.4,0.0,368.0,129.0,87.1,321.0,6.0,6,56-65in,"Indonesia,South Korea",Analogue/Digital
LG,65NU85CBPSA,LCD (LED),65,1.148,100.0,0.4,0.0,368.0,129.0,87.1,321.0,6.0,6,56-65in,"Indonesia,South Korea",Analogue/Digital
LG,75NU85CB6LA,LCD (LED),75,1.531,130.0,0.4,0.0,477.0,167.0,84.9,312.0,6.0,6,66-75in,"Indonesia,South Korea",Analogue/Digital
LG,75NU85CBPSA,LCD (LED),75,1.531,130.0,0.4,0.0,477.0,167.0,84.9,312.0,6.0,6,66-75in,"Indonesia,South Korea",Analogue/Digital
LG,85NU85CB6LA,LCD (LED),85,1.971,155.0,0.4,0.0,568.0,199.0,78.6,288.0,6.0,6,76-85in,"Indonesia,South Korea",Analogue/Digital
LG,85NU85CBPSA,LCD (LED),85,1.971,155.0,0.4,0.0,568.0,199.0,78.6,288.0,6.0,6,76-85in,"Indonesia,South Korea",Analogue/Digital
AIWA,AWB657QW,LCD (LED),65,1.148,106.434,,,391.0,137.0,92.7,341.0,5.5,6,56-65in,China,Digital
XIAOMI,L75MC-SAU,LCD (LED),75,1.532,90.8,,,393.0,138.0,59.3,257.0,6.0,6,66-75in,China,Analogue/Digital
XIAOMI,L65MC-SAU,LCD (LED),65,1.148,78.8,,,355.0,124.0,68.6,309.0,6.0,6,56-65in,China,Analogue/Digital
BAUHN,ATV50UHDW-0326,LCD,49,0.675,61.7,,,227.0,79.0,91.4,336.0,6.0,6,44-50in,China,Analogue/Digital
BAUHN,ATV70UHDW-0326,LCD,70,1.338,108.3,,,397.0,139.0,80.9,297.0,6.0,6,66-75in,China,Analogue/Digital
AIWA,AWS500QWS,LCD,50,0.694,83.118,,,306.0,107.0,119.8,441.0,4.5,4,44-50in,China,Digital
HISENSE,40Q6SAU,LCD (LED),40,0.426,30.63,0.24,0.0,119.0,42.0,71.9,279.0,7.0,7,33-43in,China,Analogue/Digital
HISENSE,40Q6SNZ,LCD (LED),40,0.426,30.63,0.24,0.0,119.0,42.0,71.9,279.0,7.0,7,33-43in,China,Analogue/Digital
HISENSE,43Q6SAU,LCD (LED),42,0.498,49.62,0.27,0.0,188.0,66.0,99.6,378.0,5.5,6,33-43in,China,Analogue/Digital
HISENSE,43Q6SNZ,LCD (LED),42,0.498,49.62,0.27,0.0,188.0,66.0,99.6,378.0,5.5,6,33-43in,China,Analogue/Digital
HISENSE,50Q6SAU,LCD (LED),50,0.675,50.32,0.32,0.0,199.0,70.0,74.5,295.0,6.0,6,44-50in,China,Analogue/Digital
HISENSE,55Q6SAU,LCD (LED),55,0.823,52.49,0.33,0.0,205.0,72.0,63.8,249.0,7.0,7,51-55in,China,Analogue/Digital
HISENSE,55Q6SNZ,LCD (LED),55,0.823,52.49,0.33,0.0,205.0,72.0,63.8,249.0,7.0,7,51-55in,China,Analogue/Digital
HISENSE,65Q6SAU,LCD (LED),65,1.148,69.23,0.32,0.0,288.0,101.0,60.3,251.0,7.0,7,56-65in,China,Analogue/Digital
HISENSE,65Q6SNZ,LCD (LED),65,1.148,69.23,0.32,0.0,288.0,101.0,60.3,251.0,7.0,7,56-65in,China,Analogue/Digital
HISENSE,75Q6SAU,LCD (LED),75,1.532,102.05,0.32,0.0,391.0,137.0,66.6,255.0,7.0,7,66-75in,China,Analogue/Digital
HISENSE,75Q6SNZ,LCD (LED),75,1.532,102.05,0.32,0.0,391.0,137.0,66.6,255.0,7.0,7,66-75in,China,Analogue/Digital
HISENSE,85Q6SAU,LCD (LED),85,1.971,129.96,0.34,0.0,499.0,175.0,65.9,253.0,7.0,7,76-85in,China,Analogue/Digital
HISENSE,85Q6SNZ,LCD (LED),85,1.971,129.96,0.34,0.0,499.0,175.0,65.9,253.0,7.0,7,76-85in,China,Analogue/Digital
HISENSE,40Q6S,LCD (LED),40,0.426,30.63,0.24,0.0,119.0,42.0,71.9,279.0,7.0,7,33-43in,China,Analogue/Digital
HISENSE,43Q6S series,LCD (LED),42,0.498,49.62,0.27,0.0,188.0,66.0,99.6,378.0,5.5,6,33-43in,China,Analogue/Digital
HISENSE,50Q6SNZ,LCD (LED),50,0.675,50.32,0.32,0.0,199.0,70.0,74.5,295.0,6.0,6,44-50in,China,Analogue/Digital
HISENSE,50Q6S series,LCD (LED),50,0.675,50.32,0.32,0.0,199.0,70.0,74.5,295.0,6.0,6,44-50in,China,Analogue/Digital
HISENSE,65Q6S series,LCD (LED),65,1.148,69.23,0.32,0.0,288.0,101.0,60.3,251.0,7.0,7,56-65in,China,Analogue/Digital
HISENSE,55Q6S series,LCD (LED),55,0.823,52.49,0.33,0.0,205.0,72.0,63.8,249.0,7.0,7,51-55in,China,Analogue/Digital
HISENSE,75Q6S series,LCD (LED),75,1.532,102.05,0.32,0.0,391.0,137.0,66.6,255.0,7.0,7,66-75in,China,Analogue/Digital
HISENSE,85Q6S series,LCD (LED),85,1.971,129.96,0.34,0.0,499.0,175.0,65.9,253.0,7.0,7,76-85in,China,Analogue/Digital
HISENSE,55U7SAU,LCD (LED),55,0.823,87.25,0.38,0.0,339.0,119.0,106.0,412.0,5.0,5,51-55in,China,Analogue/Digital
HISENSE,55U7SNZ,LCD (LED),55,0.823,87.25,0.38,0.0,339.0,119.0,106.0,412.0,5.0,5,51-55in,China,Analogue/Digital
HISENSE,100U7SAU,LCD (LED),100,2.73,215.17,0.4,0.0,856.0,300.0,78.8,314.0,6.0,6,86in+,China,Analogue/Digital
HISENSE,100U7SNZ,LCD (LED),100,2.73,215.17,0.4,0.0,856.0,300.0,78.8,314.0,6.0,6,86in+,China,Analogue/Digital
HISENSE,85U7SAU,LCD (LED),85,1.971,174.17,0.43,0.0,688.0,241.0,88.4,349.0,5.5,6,76-85in,China,Analogue/Digital
HISENSE,85U7SNZ,LCD (LED),85,1.971,174.17,0.43,0.0,688.0,241.0,88.4,349.0,5.5,6,76-85in,China,Analogue/Digital
HISENSE,75U7SAU,LCD (LED),75,1.532,135.5,0.36,0.0,521.0,182.0,88.4,340.0,5.5,6,66-75in,China,Analogue/Digital
HISENSE,75U7SNZ,LCD (LED),75,1.532,135.5,0.36,0.0,521.0,182.0,88.4,340.0,5.5,6,66-75in,China,Analogue/Digital
HISENSE,65U7SAU,LCD (LED),65,1.148,117.57,0.34,0.0,465.0,163.0,102.4,405.0,5.0,5,56-65in,China,Analogue/Digital
HISENSE,65U7SNZ,LCD (LED),65,1.148,117.57,0.34,0.0,465.0,163.0,102.4,405.0,5.0,5,56-65in,China,Analogue/Digital
HISENSE,55U7S series,LCD (LED),55,0.823,87.25,0.38,0.0,339.0,119.0,106.0,412.0,5.0,5,51-55in,China,Analogue/Digital
HISENSE,65U7S series,LCD (LED),65,1.148,117.57,0.34,0.0,465.0,163.0,102.4,405.0,5.0,5,56-65in,China,Analogue/Digital
HISENSE,75U7S series,LCD (LED),75,1.532,135.5,0.36,0.0,521.0,182.0,88.4,340.0,5.5,6,66-75in,China,Analogue/Digital
HISENSE,85U7S series,LCD (LED),85,1.971,174.17,0.43,0.0,688.0,241.0,88.4,349.0,5.5,6,76-85in,China,Analogue/Digital
HISENSE,100U7S series,LCD (LED),100,2.73,215.17,0.4,0.0,856.0,300.0,78.8,314.0,6.0,6,86in+,China,Analogue/Digital
HISENSE,55S7SAU,LCD (LED),55,0.823,79.6,0.39,0.0,305.0,107.0,96.7,371.0,5.5,6,51-55in,China,Analogue/Digital
HISENSE,65S7SAU,LCD (LED),65,1.148,88.52,0.33,0.0,359.0,126.0,77.1,313.0,6.0,6,56-65in,China,Analogue/Digital
HISENSE,55S7SNZ,LCD (LED),55,0.823,79.6,0.39,0.0,305.0,107.0,96.7,371.0,5.5,6,51-55in,China,Analogue/Digital
HISENSE,55S7S,LCD (LED),55,0.823,79.6,0.39,0.0,305.0,107.0,96.7,371.0,5.5,6,51-55in,China,Analogue/Digital
HISENSE,65S7SNZ,LCD (LED),65,1.148,88.52,0.33,0.0,359.0,126.0,77.1,313.0,6.0,6,56-65in,China,Analogue/Digital
HISENSE,65S7S,LCD (LED),65,1.148,88.52,0.33,0.0,359.0,126.0,77.1,313.0,6.0,6,56-65in,China,Analogue/Digital
HISENSE,65UR9SAU,LCD (LED),65,1.148,138.43,0.33,0.0,520.0,182.0,120.6,453.0,4.5,4,56-65in,China,Analogue/Digital
HISENSE,65UR9SNZ,LCD (LED),65,1.148,138.43,0.33,0.0,520.0,182.0,120.6,453.0,4.5,4,56-65in,China,Analogue/Digital
HISENSE,75UR9SAU,LCD (LED),75,1.532,135.5,0.36,0.0,520.0,182.0,88.4,339.0,5.5,6,66-75in,China,Analogue/Digital
HISENSE,75UR9SNZ,LCD (LED),75,1.532,135.5,0.36,0.0,520.0,182.0,88.4,339.0,5.5,6,66-75in,China,Analogue/Digital
HISENSE,85UR9SAU,LCD (LED),85,1.971,182.87,0.43,0.0,698.0,244.0,92.8,354.0,5.5,6,76-85in,China,Analogue/Digital
HISENSE,85UR9SNZ,LCD (LED),85,1.971,182.87,0.43,0.0,698.0,244.0,92.8,354.0,5.5,6,76-85in,China,Analogue/Digital
HISENSE,75U85AU,LCD (LED),75,1.532,141.6,0.43,0.0,548.0,192.0,92.4,358.0,5.5,6,66-75in,China,Analogue/Digital
HISENSE,75U85NZ,LCD (LED),75,1.532,141.6,0.43,0.0,548.0,192.0,92.4,358.0,5.5,6,66-75in,China,Analogue/Digital
HISENSE,85U85AU,LCD (LED),85,1.971,187.48,0.41,0.0,777.0,272.0,95.1,394.0,5.0,5,76-85in,China,Analogue/Digital
HISENSE,85U85NZ,LCD (LED),85,1.971,187.48,0.41,0.0,777.0,272.0,95.1,394.0,5.0,5,76-85in,China,Analogue/Digital
HISENSE,75U85 Series,LCD (LED),75,1.532,141.6,0.43,0.0,548.0,192.0,92.4,358.0,5.5,6,66-75in,China,Analogue/Digital
HISENSE,85U85,LCD (LED),85,1.971,187.48,0.41,0.0,777.0,272.0,95.1,394.0,5.0,5,76-85in,China,Analogue/Digital
HISENSE,65UR9S Series,LCD (LED),65,1.148,138.43,0.33,0.0,520.0,182.0,120.6,453.0,4.5,4,56-65in,China,Analogue/Digital
HISENSE,75UR9S Series,LCD (LED),75,1.532,135.5,0.36,0.0,520.0,182.0,88.4,339.0,5.5,6,66-75in,China,Analogue/Digital
HISENSE,85UR9S,LCD (LED),85,1.971,182.87,0.43,0.0,698.0,244.0,92.8,354.0,5.5,6,76-85in,China,Analogue/Digital
HISENSE,32Q6SAU,LCD (LED),32,0.274,24.82,0.39,0.0,99.0,35.0,90.6,361.0,6.0,6,32in & under,China,Analogue/Digital
HISENSE,32Q6SNZ,LCD (LED),32,0.274,24.82,0.39,0.0,99.0,35.0,90.6,361.0,6.0,6,32in & under,China,Analogue/Digital
HISENSE,32Q6,LCD (LED),32,0.274,24.82,0.39,0.0,99.0,35.0,90.6,361.0,6.0,6,32in & under,China,Analogue/Digital
HISENSE,32Q6QNZ,LCD (LED),32,0.274,24.82,0.39,0.0,99.0,35.0,90.6,361.0,6.0,6,32in & under,China,Analogue/Digital
HISENSE,32Q6QAU,LCD (LED),32,0.274,24.82,0.39,0.0,99.0,35.0,90.6,361.0,6.0,6,32in & under,China,Analogue/Digital
HISENSE,75S7QAU,LCD (LED),75,1.532,123.02,0.39,0.0,489.0,171.0,80.3,319.0,6.0,6,66-75in,China,Analogue/Digital
HISENSE,75S7QNZ,LCD (LED),75,1.532,123.02,0.39,0.0,489.0,171.0,80.3,319.0,6.0,6,66-75in,China,Analogue/Digital
HISENSE,75S7SAU,LCD (LED),75,1.532,123.02,0.39,0.0,489.0,171.0,80.3,319.0,6.0,6,66-75in,China,Analogue/Digital
HISENSE,75S7SNZ,LCD (LED),75,1.532,123.02,0.39,0.0,489.0,171.0,80.3,319.0,6.0,6,66-75in,China,Analogue/Digital
HISENSE,75S7 Series,LCD (LED),75,1.532,123.02,0.39,0.0,489.0,171.0,80.3,319.0,6.0,6,66-75in,China,Analogue/Digital
TCL,98P8LS,LCD (LED),97,2.62,186.4,0.323,0.0,866.0,303.0,71.1,331.0,5.5,6,86in+,China,Analogue/Digital
BAUHN,ATV40FHDW-0426,LCD (LED),40,0.426,40.5,,,150.0,52.0,95.1,352.0,6.0,6,33-43in,China,Analogue/Digital
LG,OLED77W6PSA,OLED,77,1.62,165.0,0.4,0.0,605.0,212.0,101.9,373.0,5.0,5,76-85in,"Indonesia,South Korea",Analogue/Digital
LG,OLED77W66LA,OLED,77,1.62,165.0,0.4,0.0,605.0,212.0,101.9,373.0,5.0,5,76-85in,"Indonesia,South Korea",Analogue/Digital
LG,OLED83W6PSA,OLED,83,1.877,180.0,0.4,0.0,660.0,231.0,95.9,352.0,5.5,6,76-85in,"Indonesia,South Korea",Analogue/Digital
LG,OLED83W66LA,OLED,83,1.877,180.0,0.4,0.0,660.0,231.0,95.9,352.0,5.5,6,76-85in,"Indonesia,South Korea",Analogue/Digital
DGTEC,DG49FHDT-23899,LCD,50,0.676,52.6,0.395,0.0,195.0,68.0,77.8,288.0,6.0,6,44-50in,China,Analogue/Digital
TOSHIBA,55Z670SP,LCD (LED),55,0.823,63.69,0.35,0.0,245.0,86.0,77.4,298.0,6.0,6,51-55in,China,Analogue/Digital
TOSHIBA,65Z670SP,LCD (LED),65,1.148,95.12,0.32,0.0,369.0,129.0,82.9,321.0,6.0,6,56-65in,China,Analogue/Digital
TOSHIBA,75Z670SP,LCD (LED),75,1.532,117.42,0.43,0.0,450.0,158.0,76.6,294.0,6.0,6,66-75in,China,Analogue/Digital
TOSHIBA,85Z670SP,LCD (LED),85,1.971,155.83,0.36,0.0,599.0,210.0,79.1,304.0,6.0,6,76-85in,China,Analogue/Digital
SKYWORTH,32E5500H,LCD (LED),32,0.274,18.4,,,90.0,32.0,67.2,328.0,6.0,6,32in & under,China,Analogue/Digital
TOSHIBA,50C350RP,LCD (LED),50,0.675,54.86,0.3,0.0,228.0,80.0,81.3,338.0,6.0,6,44-50in,China,Analogue/Digital
TOSHIBA,50C350SP,LCD (LED),50,0.675,54.86,0.3,0.0,228.0,80.0,81.3,338.0,6.0,6,44-50in,China,Analogue/Digital
TOSHIBA,50C350,LCD (LED),50,0.675,54.86,0.3,0.0,228.0,80.0,81.3,338.0,6.0,6,44-50in,China,Analogue/Digital
TOSHIBA,65C350RP,LCD (LED),65,1.148,81.08,0.32,0.0,321.0,112.0,70.6,280.0,6.0,6,56-65in,China,Analogue/Digital
TOSHIBA,65C350SP,LCD (LED),65,1.148,81.08,0.32,0.0,321.0,112.0,70.6,280.0,6.0,6,56-65in,China,Analogue/Digital
TOSHIBA,65C350,LCD (LED),65,1.148,81.08,0.32,0.0,321.0,112.0,70.6,280.0,6.0,6,56-65in,China,Analogue/Digital
TOSHIBA,85C350RP,LCD (LED),85,1.971,155.84,0.33,0.0,624.0,218.0,79.1,317.0,6.0,6,76-85in,China,Analogue/Digital
TOSHIBA,85C350SP,LCD (LED),85,1.971,155.84,0.33,0.0,624.0,218.0,79.1,317.0,6.0,6,76-85in,China,Analogue/Digital
TOSHIBA,85C350,LCD (LED),85,1.971,155.84,0.33,0.0,624.0,218.0,79.1,317.0,6.0,6,76-85in,China,Analogue/Digital
TOSHIBA,75Z770RP,LCD (LED),75,1.532,137.3,0.33,0.0,548.0,192.0,89.6,358.0,5.5,6,66-75in,China,Analogue/Digital
TOSHIBA,75Z770SP,LCD (LED),75,1.532,137.3,0.33,0.0,548.0,192.0,89.6,358.0,5.5,6,66-75in,China,Analogue/Digital
TOSHIBA,75Z770,LCD (LED),75,1.532,137.3,0.33,0.0,548.0,192.0,89.6,358.0,5.5,6,66-75in,China,Analogue/Digital
TOSHIBA,43C350SP,LCD (LED),43,0.498,50.56,0.23,0.0,194.0,68.0,101.5,390.0,5.5,6,33-43in,China,Analogue/Digital
TOSHIBA,43C350RP,LCD (LED),43,0.498,50.56,0.23,0.0,194.0,68.0,101.5,390.0,5.5,6,33-43in,China,Analogue/Digital
TOSHIBA,43C350,LCD (LED),43,0.498,50.56,0.23,0.0,194.0,68.0,101.5,390.0,5.5,6,33-43in,China,Analogue/Digital
TOSHIBA,55C350RP,LCD (LED),55,0.823,63.29,0.31,0.0,259.0,91.0,76.9,315.0,6.0,6,51-55in,China,Analogue/Digital
TOSHIBA,55C350SP,LCD (LED),55,0.823,63.29,0.31,0.0,259.0,91.0,76.9,315.0,6.0,6,51-55in,China,Analogue/Digital
TOSHIBA,55C350,LCD (LED),55,0.823,63.29,0.31,0.0,259.0,91.0,76.9,315.0,6.0,6,51-55in,China,Analogue/Digital
TOSHIBA,75C350RP,LCD (LED),75,1.532,87.19,0.29,0.0,345.0,121.0,56.9,225.0,7.0,7,66-75in,China,Analogue/Digital
TOSHIBA,75C350SP,LCD (LED),75,1.532,87.19,0.29,0.0,345.0,121.0,56.9,225.0,7.0,7,66-75in,China,Analogue/Digital
TOSHIBA,75C350,LCD (LED),75,1.532,87.19,0.29,0.0,345.0,121.0,56.9,225.0,7.0,7,66-75in,China,Analogue/Digital
TOSHIBA,65Z770RP,LCD (LED),65,1.148,128.56,0.36,0.0,520.0,182.0,112.0,453.0,4.5,4,56-65in,China,Analogue/Digital
TOSHIBA,65Z770SP,LCD (LED),65,1.148,128.56,0.36,0.0,520.0,182.0,112.0,453.0,4.5,4,56-65in,China,Analogue/Digital
TOSHIBA,65Z770,LCD (LED),65,1.148,128.56,0.36,0.0,520.0,182.0,112.0,453.0,4.5,4,56-65in,China,Analogue/Digital
TOSHIBA,85Z770RP,LCD (LED),85,1.971,167.13,0.35,0.0,666.0,233.0,84.8,338.0,5.5,6,76-85in,China,Analogue/Digital
TOSHIBA,85Z770SP,LCD (LED),85,1.971,167.13,0.35,0.0,666.0,233.0,84.8,338.0,5.5,6,76-85in,China,Analogue/Digital
TOSHIBA,85Z770,LCD (LED),85,1.971,167.13,0.35,0.0,666.0,233.0,84.8,338.0,5.5,6,76-85in,China,Analogue/Digital
XIAOMI,L85MC-SAU,LCD (LED),85,1.971,135.0,,,595.0,208.0,68.5,302.0,6.0,6,76-85in,China,Analogue/Digital
XIAOMI,L98MC-SAU,LCD (LED),98,2.622,189.8,,,808.0,283.0,72.4,308.0,6.0,6,86in+,China,Analogue/Digital
SONY,K-115XR90M2,LCD (LED),114,3.613,351.3,0.5,12.2,1288.0,451.0,97.2,356.0,5.0,5,86in+,Malaysia,Analogue/Digital
LG,43UJ660H5LD,LCD (LED),43,0.498,40.0,0.4,0.0,149.0,52.0,80.3,299.0,6.0,6,33-43in,"Indonesia,South Korea",Analogue/Digital
LG,55UJ660H5LD,LCD (LED),55,0.823,46.0,0.4,0.0,170.0,60.0,55.9,207.0,8.0,8,51-55in,"Indonesia,South Korea",Analogue/Digital
LG,65UJ660H5LD,LCD (LED),65,1.148,50.0,0.4,0.0,185.0,65.0,43.6,161.0,9.0,9,56-65in,"Indonesia,South Korea",Analogue/Digital
LG,43NU830B6LA,LCD (LED),43,0.498,62.0,0.4,0.0,229.0,80.0,124.5,460.0,4.5,4,33-43in,"Indonesia,South Korea",Analogue/Digital
LG,50NU830B6LA,LCD (LED),49,0.675,76.0,0.4,0.0,280.0,98.0,112.6,415.0,5.0,5,44-50in,"Indonesia,South Korea",Analogue/Digital
LG,55NU830B6LA,LCD (LED),55,0.823,80.0,0.4,0.0,295.0,103.0,97.2,358.0,5.5,6,51-55in,"Indonesia,South Korea",Analogue/Digital
LG,65NU830B6LA,LCD (LED),65,1.148,100.0,0.4,0.0,368.0,129.0,87.1,321.0,6.0,6,56-65in,"Indonesia,South Korea",Analogue/Digital
LG,75NU830B6LA,LCD (LED),75,1.531,130.0,0.4,0.0,477.0,167.0,84.9,312.0,6.0,6,66-75in,"Indonesia,South Korea",Analogue/Digital
LG,32LK660H0LD,LCD (LED),32,0.274,24.0,0.4,0.0,90.0,32.0,87.6,328.0,6.0,6,32in & under,"Indonesia,South Korea",Analogue/Digital
AIWA,AWB505DW,LCD,50,0.675,49.08,,,200.0,70.0,72.7,296.0,6.0,6,44-50in,China,Digital
SAMSUNG,QA85QN990HW,LCD (LED),85,1.971,329.0,0.5,0.0,1204.0,421.0,166.9,611.0,3.0,3,76-85in,Vietnam,Digital
SAMSUNG,QA85QN990HS,LCD (LED),85,1.971,329.0,0.5,0.0,1204.0,421.0,166.9,611.0,3.0,3,76-85in,Vietnam,Digital
SAMSUNG,QA85QN990H*,LCD (LED),85,1.971,329.0,0.5,0.0,1204.0,421.0,166.9,611.0,3.0,3,76-85in,Vietnam,Digital
SAMSUNG,UA100M90HW,LCD (LED),100,2.73,181.0,0.5,0.0,664.0,232.0,66.3,243.0,7.0,7,86in+,Vietnam,Digital
SAMSUNG,UA100M90HS,LCD (LED),100,2.73,181.0,0.5,0.0,664.0,232.0,66.3,243.0,7.0,7,86in+,Vietnam,Digital
SAMSUNG,UA100M90H*,LCD (LED),100,2.73,181.0,0.5,0.0,664.0,232.0,66.3,243.0,7.0,7,86in+,Vietnam,Digital
HISENSE,55U6SAU,LCD (LED),55,0.823,81.93,0.33,0.0,311.0,109.0,99.6,378.0,5.0,5,51-55in,China,Analogue/Digital
HISENSE,55U6SNZ,LCD (LED),55,0.823,81.93,0.33,0.0,311.0,109.0,99.6,378.0,5.0,5,51-55in,China,Analogue/Digital
HISENSE,65U6SAU,LCD (LED),65,1.148,110.0,0.37,0.0,416.0,146.0,95.8,362.0,5.5,6,56-65in,China,Analogue/Digital
HISENSE,65U6SNZ,LCD (LED),65,1.148,110.0,0.37,0.0,416.0,146.0,95.8,362.0,5.5,6,56-65in,China,Analogue/Digital
HISENSE,75U6SAU,LCD (LED),75,1.532,142.6,0.33,0.0,546.0,191.0,93.1,356.0,5.5,6,66-75in,China,Analogue/Digital
HISENSE,75U6SNZ,LCD (LED),75,1.532,142.6,0.33,0.0,546.0,191.0,93.1,356.0,5.5,6,66-75in,China,Analogue/Digital
HISENSE,85U6SAU,LCD (LED),85,1.971,161.54,0.33,0.0,623.0,218.0,82.0,316.0,6.0,6,76-85in,China,Analogue/Digital
HISENSE,85U6SNZ,LCD (LED),85,1.971,161.54,0.33,0.0,623.0,218.0,82.0,316.0,6.0,6,76-85in,China,Analogue/Digital
AIWA,AWB323DWC,LCD,32,0.274,37.0,0.44,0.0,138.0,48.0,135.0,504.0,4.5,4,32in & under,China,Analogue/Digital
TECO,LED58BQUSRC,LCD (LED),58,0.916,85.2,0.4,0.0,335.0,117.0,93.0,366.0,5.5,6,56-65in,China,Analogue/Digital
AIWA,AWB557QW,LCD (LED),55,0.823,86.96,0.45,0.0,320.0,112.0,105.7,389.0,5.0,5,51-55in,China,Digital
KOGAN,KAQL32Q9VA,LCD (LED),31,0.273,36.3,0.42,0.0,152.0,53.0,133.0,557.0,4.0,4,32in & under,China,Analogue/Digital
KOGAN,KAQL32Q9VB,LCD (LED),31,0.273,36.3,0.42,0.0,152.0,53.0,133.0,557.0,4.0,4,32in & under,China,Analogue/Digital
KOGAN,KAQL32Q9VC,LCD (LED),31,0.273,36.3,0.42,0.0,152.0,53.0,133.0,557.0,4.0,4,32in & under,China,Analogue/Digital
KOGAN,*********32*********,LCD (LED),31,0.273,36.3,0.42,0.0,152.0,53.0,133.0,557.0,4.0,4,32in & under,China,Analogue/Digital
SYLVOX,RT40G3KOFA,LCD,40,0.427,24.48,0.36,0.0,92.0,32.0,57.3,215.0,8.0,8,33-43in,China,
SYLVOX,RT40G3KOCA,LCD,40,0.427,24.48,0.36,0.0,92.0,32.0,57.3,215.0,8.0,8,33-43in,China,
SYLVOX,RQ40G3KOCA,LCD,40,0.427,24.48,0.36,0.0,92.0,32.0,57.3,215.0,8.0,8,33-43in,China,
SYLVOX,R*40G3KO**,LCD,40,0.427,24.48,0.36,0.0,92.0,32.0,57.3,215.0,8.0,8,33-43in,China,
LG,50UJ660H5LD,LCD (LED),49,0.675,38.0,0.4,0.0,141.0,49.0,56.3,209.0,8.0,8,44-50in,"Indonesia,South Korea",Analogue/Digital
HISENSE,55U6S series,LCD (LED),55,0.823,81.93,0.33,0.0,311.0,109.0,99.6,378.0,5.0,5,51-55in,China,Analogue/Digital
HISENSE,65U6S series,LCD (LED),65,1.148,110.0,0.37,0.0,416.0,146.0,95.8,362.0,5.5,6,56-65in,China,Analogue/Digital
HISENSE,75U6S series,LCD (LED),75,1.532,142.6,0.33,0.0,546.0,191.0,93.1,356.0,5.5,6,66-75in,China,Analogue/Digital
HISENSE,85U6S series,LCD (LED),85,1.971,161.54,0.33,0.0,623.0,218.0,82.0,316.0,6.0,6,76-85in,China,Analogue/Digital
LG,115QNED90BS,LCD (LED),114,3.613,513.9,0.46,0.6,2065.0,723.0,142.2,572.0,3.0,3,86in+,China,Analogue/Digital
LG,115QNED93B6,LCD (LED),114,3.613,513.9,0.46,0.6,2065.0,723.0,142.2,572.0,3.0,3,86in+,China,Analogue/Digital
LG,115QNED92BU,LCD (LED),114,3.613,513.9,0.46,0.6,2065.0,723.0,142.2,572.0,3.0,3,86in+,China,Analogue/Digital
LG,115QNED90BK,LCD (LED),114,3.613,513.9,0.46,0.6,2065.0,723.0,142.2,572.0,3.0,3,86in+,China,Analogue/Digital
LG,115QNED93B1,LCD (LED),114,3.613,513.9,0.46,0.6,2065.0,723.0,142.2,572.0,3.0,3,86in+,China,Analogue/Digital
LG,115QNED93B2,LCD (LED),114,3.613,513.9,0.46,0.6,2065.0,723.0,142.2,572.0,3.0,3,86in+,China,Analogue/Digital
LG,115QNED93B3,LCD (LED),114,3.613,513.9,0.46,0.6,2065.0,723.0,142.2,572.0,3.0,3,86in+,China,Analogue/Digital
LG,115QNED93B4,LCD (LED),114,3.613,513.9,0.46,0.6,2065.0,723.0,142.2,572.0,3.0,3,86in+,China,Analogue/Digital
LG,115QNED93B5,LCD (LED),114,3.613,513.9,0.46,0.6,2065.0,723.0,142.2,572.0,3.0,3,86in+,China,Analogue/Digital
LG,115QNED93B7,LCD (LED),114,3.613,513.9,0.46,0.6,2065.0,723.0,142.2,572.0,3.0,3,86in+,China,Analogue/Digital
LG,115QNED9###,LCD (LED),114,3.613,513.9,0.46,0.6,2065.0,723.0,142.2,572.0,3.0,3,86in+,China,Analogue/Digital
KOGAN,KAQL55Q9VA,LCD (LED),55,0.823,80.58,0.45,0.0,335.0,117.0,97.9,407.0,5.0,5,51-55in,China,Analogue/Digital
KOGAN,KAQL55Q9VB,LCD (LED),55,0.823,80.58,0.45,0.0,335.0,117.0,97.9,407.0,5.0,5,51-55in,China,Analogue/Digital
KOGAN,KAQL55Q9VC,LCD (LED),55,0.823,80.58,0.45,0.0,335.0,117.0,97.9,407.0,5.0,5,51-55in,China,Analogue/Digital
KOGAN,*********55*********,LCD (LED),55,0.823,80.58,0.45,0.0,335.0,117.0,97.9,407.0,5.0,5,51-55in,China,Analogue/Digital
KOGAN,KAQL65Q9VA,LCD (LED),65,1.148,102.66,0.45,0.0,506.0,177.0,89.4,441.0,4.5,4,56-65in,China,Analogue/Digital
KOGAN,KAQL65Q9VB,LCD (LED),65,1.148,102.66,0.45,0.0,506.0,177.0,89.4,441.0,4.5,4,56-65in,China,Analogue/Digital
KOGAN,KAQL65Q9VC,LCD (LED),65,1.148,102.66,0.45,0.0,506.0,177.0,89.4,441.0,4.5,4,56-65in,China,Analogue/Digital
KOGAN,*********65*********,LCD (LED),65,1.148,102.66,0.45,0.0,506.0,177.0,89.4,441.0,4.5,4,56-65in,China,Analogue/Digital
KOGAN,KAQL50Q9VA,LCD (LED),49,0.675,65.04,0.45,0.0,247.0,86.0,96.4,366.0,5.5,6,44-50in,China,Analogue/Digital
KOGAN,KAQL50Q9VB,LCD (LED),49,0.675,65.04,0.45,0.0,247.0,86.0,96.4,366.0,5.5,6,44-50in,China,Analogue/Digital
KOGAN,KAQL50Q9VC,LCD (LED),49,0.675,65.04,0.45,0.0,247.0,86.0,96.4,366.0,5.5,6,44-50in,China,Analogue/Digital
KOGAN,*********50*********,LCD (LED),49,0.675,65.04,0.45,0.0,247.0,86.0,96.4,366.0,5.5,6,44-50in,China,Analogue/Digital
KOGAN,KAQL43Q9VA,LCD (LED),42,0.498,62.52,0.39,0.0,269.0,94.0,125.5,540.0,4.0,4,33-43in,China,Analogue/Digital
KOGAN,KAQL43Q9VB,LCD (LED),42,0.498,62.52,0.39,0.0,269.0,94.0,125.5,540.0,4.0,4,33-43in,China,Analogue/Digital
KOGAN,KAQL43Q9VC,LCD (LED),42,0.498,62.52,0.39,0.0,269.0,94.0,125.5,540.0,4.0,4,33-43in,China,Analogue/Digital
KOGAN,*********43*********,LCD (LED),42,0.498,62.52,0.39,0.0,269.0,94.0,125.5,540.0,4.0,4,33-43in,China,Analogue/Digital
KOGAN,KAQL40Q9VA,LCD (LED),39,0.426,45.18,0.45,0.0,210.0,74.0,106.1,493.0,4.5,4,33-43in,China,Analogue/Digital
KOGAN,KAQL40Q9VB,LCD (LED),39,0.426,45.18,0.45,0.0,210.0,74.0,106.1,493.0,4.5,4,33-43in,China,Analogue/Digital
KOGAN,KAQL40Q9VC,LCD (LED),39,0.426,45.18,0.45,0.0,210.0,74.0,106.1,493.0,4.5,4,33-43in,China,Analogue/Digital
KOGAN,*********40*********,LCD (LED),39,0.426,45.18,0.45,0.0,210.0,74.0,106.1,493.0,4.5,4,33-43in,China,Analogue/Digital
KOGAN,KAQL75Q9VA,LCD (LED),75,1.531,130.8,0.43,0.0,542.0,190.0,85.4,354.0,5.5,6,66-75in,China,Analogue/Digital
KOGAN,KAQL75Q9VB,LCD (LED),75,1.531,130.8,0.43,0.0,542.0,190.0,85.4,354.0,5.5,6,66-75in,China,Analogue/Digital
KOGAN,*********75*********,LCD (LED),75,1.531,130.8,0.43,0.0,542.0,190.0,85.4,354.0,5.5,6,66-75in,China,Analogue/Digital
KOGAN,KAQL85Q9VA,LCD (LED),85,1.971,216.3,0.45,0.0,863.0,302.0,109.7,438.0,4.5,4,76-85in,China,Analogue/Digital
TECO,LED65BQUSRC,LCD (LED),65,1.148,136.6,0.3,0.0,520.0,182.0,119.0,453.0,4.5,4,56-65in,China,Analogue/Digital
SAMSUNG,MRA100R85HW,LCD (LED),100,2.73,300.0,0.5,0.0,1098.0,384.0,109.9,402.0,4.5,4,86in+,Vietnam,Digital
SAMSUNG,MRA100R85HS,LCD (LED),100,2.73,300.0,0.5,0.0,1098.0,384.0,109.9,402.0,4.5,4,86in+,Vietnam,Digital
SAMSUNG,MRA100R85H*,LCD (LED),100,2.73,300.0,0.5,0.0,1098.0,384.0,109.9,402.0,4.5,4,86in+,Vietnam,Digital
HISENSE,50U6QAU PRO,LCD (LED),50,0.675,71.19,0.3,0.0,285.0,100.0,105.5,422.0,5.0,5,44-50in,China,Analogue/Digital
HISENSE,50U6QNZ PRO,LCD (LED),50,0.675,71.19,0.3,0.0,285.0,100.0,105.5,422.0,5.0,5,44-50in,China,Analogue/Digital
HISENSE,50U6SAU,LCD (LED),50,0.675,71.19,0.3,0.0,285.0,100.0,105.5,422.0,5.0,5,44-50in,China,Analogue/Digital
HISENSE,50U6SNZ,LCD (LED),50,0.675,71.19,0.3,0.0,285.0,100.0,105.5,422.0,5.0,5,44-50in,China,Analogue/Digital
HISENSE,50U6 Series,LCD (LED),50,0.675,71.19,0.3,0.0,285.0,100.0,105.5,422.0,5.0,5,44-50in,China,Analogue/Digital
DGTEC,DG70UHDT-23857,LCD,70,1.332,110.35,,,405.0,142.0,82.8,304.0,6.0,6,66-75in,China,Analogue/Digital
LG,55QNED90BSA,LCD (LED),55,0.823,102.6,0.39,0.4,422.0,148.0,124.7,513.0,4.0,4,51-55in,China,Analogue/Digital
LG,65QNED90BSA,LCD (LED),65,1.148,126.7,0.38,0.39,514.0,180.0,110.4,448.0,4.5,4,56-65in,China,Analogue/Digital
LG,75QNED90BSA,LCD (LED),75,1.532,157.2,0.38,0.39,641.0,224.0,102.6,418.0,4.5,4,66-75in,China,Analogue/Digital
LG,85QNED90BSA,LCD (LED),85,1.971,199.5,0.38,0.39,824.0,288.0,101.2,418.0,4.5,4,76-85in,China,Analogue/Digital
KOGAN,KAQL75Q9VAC,LCD (LED),75,1.531,130.8,0.43,0.0,542.0,190.0,85.4,354.0,5.5,6,66-75in,China,Analogue/Digital
KOGAN,KAL75U96VA,LCD (LED),75,1.531,130.8,0.43,0.0,542.0,190.0,85.4,354.0,5.5,6,66-75in,China,Analogue/Digital
KOGAN,KAL75U96VB,LCD (LED),75,1.531,130.8,0.43,0.0,542.0,190.0,85.4,354.0,5.5,6,66-75in,China,Analogue/Digital
KOGAN,KAL75U96VC,LCD (LED),75,1.531,130.8,0.43,0.0,542.0,190.0,85.4,354.0,5.5,6,66-75in,China,Analogue/Digital
KOGAN,KAL40F98VB,LCD (LED),39,0.426,45.18,0.45,0.0,210.0,74.0,106.1,493.0,4.5,4,33-43in,China,Analogue/Digital
HISENSE,55UR8SAU,LCD (LED),55,0.823,74.52,0.36,0.0,288.0,101.0,90.5,350.0,5.5,6,51-55in,China,Analogue/Digital
HISENSE,55UR8SNZ,LCD (LED),55,0.823,74.52,0.36,0.0,288.0,101.0,90.5,350.0,5.5,6,51-55in,China,Analogue/Digital
HISENSE,65UR8SAU,LCD (LED),65,1.148,110.35,0.36,0.0,416.0,146.0,96.1,362.0,5.5,6,56-65in,China,Analogue/Digital
HISENSE,65UR8SNZ,LCD (LED),65,1.148,110.35,0.36,0.0,416.0,146.0,96.1,362.0,5.5,6,56-65in,China,Analogue/Digital
HISENSE,75UR8SAU,LCD (LED),75,1.532,135.5,0.36,0.0,527.0,184.0,88.4,344.0,5.5,6,66-75in,China,Analogue/Digital
HISENSE,75UR8SNZ,LCD (LED),75,1.532,135.5,0.36,0.0,527.0,184.0,88.4,344.0,5.5,6,66-75in,China,Analogue/Digital
HISENSE,85UR8SAU,LCD (LED),85,1.971,176.98,0.36,0.0,677.0,237.0,89.8,343.0,5.5,6,76-85in,China,Analogue/Digital
HISENSE,85UR8SNZ,LCD (LED),85,1.971,176.98,0.36,0.0,677.0,237.0,89.8,343.0,5.5,6,76-85in,China,Analogue/Digital
HISENSE,100UR8SAU,LCD (LED),100,2.73,224.57,0.36,0.0,855.0,299.0,82.3,313.0,6.0,6,86in+,China,Analogue/Digital
HISENSE,100UR8SNZ,LCD (LED),100,2.73,224.57,0.36,0.0,855.0,299.0,82.3,313.0,6.0,6,86in+,China,Analogue/Digital
HISENSE,55UR8S series,LCD (LED),55,0.823,74.52,0.36,0.0,288.0,101.0,90.5,350.0,5.5,6,51-55in,China,Analogue/Digital
HISENSE,65UR8S series,LCD (LED),65,1.148,110.35,0.36,0.0,416.0,146.0,96.1,362.0,5.5,6,56-65in,China,Analogue/Digital
HISENSE,75UR8S series,LCD (LED),75,1.532,135.5,0.36,0.0,527.0,184.0,88.4,344.0,5.5,6,66-75in,China,Analogue/Digital
HISENSE,85UR8S series,LCD (LED),85,1.971,176.98,0.36,0.0,677.0,237.0,89.8,343.0,5.5,6,76-85in,China,Analogue/Digital
HISENSE,100UR8S series,LCD (LED),100,2.73,224.57,0.36,0.0,855.0,299.0,82.3,313.0,6.0,6,86in+,China,Analogue/Digital
AIWA,AWB243DWC,LCD,24,0.153,18.35,0.0271,0.0,76.0,27.0,119.9,497.0,5.5,6,32in & under,China,Digital
COOCAA,55Q66CK,LCD (LED),55,0.821,45.6,,,180.0,63.0,55.5,219.0,7.0,7,51-55in,China,Analogue/Digital
LG,75UK762H0LB,LCD (LED),75,1.531,150.0,0.4,0.0,550.0,192.0,98.0,359.0,5.0,5,66-75in,"Indonesia,South Korea",Analogue/Digital
SAMSUNG,UA50M60HAW,LCD (LED),49,0.675,60.0,0.5,0.0,222.0,78.0,88.9,329.0,6.0,6,44-50in,Vietnam,Digital
SAMSUNG,UA50M60HAS,LCD (LED),49,0.675,60.0,0.5,0.0,222.0,78.0,88.9,329.0,6.0,6,44-50in,Vietnam,Digital
SAMSUNG,UA50M60HA*,LCD (LED),49,0.675,60.0,0.5,0.0,222.0,78.0,88.9,329.0,6.0,6,44-50in,Vietnam,Digital
COOCAA,50Q66CK,LCD (LED),49,0.675,45.3,,,175.0,61.0,67.1,259.0,7.0,7,44-50in,China,Analogue/Digital
SONY,K-48A60,OLED,48,0.623,71.4,0.5,13.9,267.0,93.0,114.6,429.0,4.5,4,44-50in,China,Analogue/Digital
CHIQ,55M810N,LCD (LED),55,0.823,94.4,0.35,0.0,378.0,132.0,114.7,459.0,4.5,4,51-55in,China,
CHIQ,65M810N,LCD (LED),65,1.148,129.3,0.36,0.0,517.0,181.0,112.6,450.0,4.5,4,56-65in,China,
CHIQ,75M810N,LCD (LED),75,1.532,171.6,0.4,0.0,681.0,238.0,112.0,445.0,4.5,4,66-75in,China,
DREAME,65S100,LCD (LED),65,1.148,118.12,,,485.0,170.0,102.9,422.0,4.5,4,56-65in,China,Analogue/Digital
DREAME,55S100,LCD (LED),55,0.823,84.71,,,340.0,119.0,102.9,413.0,5.0,5,51-55in,China,Analogue/Digital
KOGAN,KALED19PRIZF,LCD (LED),19,0.094,14.76,,,56.0,20.0,157.0,596.0,5.5,6,32in & under,China,Digital
COOCAA,32Q56CH,LCD (LED),32,0.274,20.8,,,90.0,32.0,75.9,328.0,6.0,6,32in & under,China,Analogue/Digital
COOCAA,40Q56CH,LCD (LED),39,0.426,34.1,,,140.0,49.0,80.0,329.0,6.0,6,33-43in,China,Analogue/Digital
DREAME,75S100,LCD (LED),75,1.532,172.374,,,655.0,229.0,112.5,428.0,4.5,4,66-75in,China,Analogue/Digital
DREAME,86S100,LCD (LED),86,2.02,209.292,,,817.0,286.0,103.6,404.0,4.5,4,86in+,China,Analogue/Digital
HISENSE,75Q6Q series,LCD (LED),75,1.532,117.04,0.26,0.0,479.0,168.0,76.4,313.0,6.0,6,66-75in,China,Analogue/Digital
BAUHN,ATV75QLEDW-0826,LCD (LED),75,1.532,132.1,0.38,0.0,485.0,170.0,86.2,317.0,6.0,6,66-75in,China,Digital
LPT,24DN4,LCD,24,0.154,24.4,,,90.0,32.0,158.4,584.0,4.5,4,32in & under,China,Digital
LPT,32DN4,LCD,32,0.274,35.0,,,130.0,46.0,127.7,474.0,5.0,5,32in & under,China,Digital
SYLVOX,OT50A2K3GD,LCD (LED),56,0.838,71.0,,,262.0,92.0,84.7,313.0,6.0,6,56-65in,China,
SONY,K-55A60,OLED,55,0.823,78.4,0.5,14.1,292.0,102.0,95.3,355.0,5.5,6,51-55in,China,Analogue/Digital
SONY,K-65A60,OLED,65,1.148,98.8,0.5,11.3,366.0,128.0,86.1,319.0,6.0,6,56-65in,China,Analogue/Digital
SONY,K-77A60,OLED,77,1.621,119.1,0.5,10.1,440.0,154.0,73.5,271.0,6.0,6,76-85in,China,Analogue/Digital
VDT,LEW22BA16,LCD (LED),22,0.128,27.8,0.45,0.48,110.0,38.0,217.2,859.0,3.0,3,32in & under,China,Analogue/Digital
TCL,43G60K-IU,LCD (LED),42,0.498,42.7,0.347,0.0,175.0,61.0,85.7,351.0,5.5,6,33-43in,China,Analogue/Digital
TCL,50G60K-IU,LCD (LED),49,0.675,50.0,0.367,0.0,205.0,72.0,74.1,304.0,6.0,6,44-50in,China,Analogue/Digital
TCL,55G60K-IU,LCD (LED),55,0.822,64.3,0.379,0.0,261.0,91.0,78.2,318.0,6.0,6,51-55in,China,Analogue/Digital
VDT,LEW24BA16,LCD (LED),24,0.156,26.9,0.45,0.81,115.0,40.0,172.4,737.0,3.5,4,32in & under,China,Analogue/Digital
VDT,LEW32EA16,LCD (LED),32,0.274,38.4,0.46,0.64,155.0,54.0,140.1,566.0,4.0,4,32in & under,China,Analogue/Digital
SKYWORTH,32Q5600H,LCD (LED),32,0.274,22.4,,,90.0,32.0,81.8,328.0,6.0,6,32in & under,China,Analogue/Digital
CHIQ,32S510M,LCD (LED),32,0.274,21.9,0.45,0.0,112.0,39.0,79.9,409.0,5.5,6,32in & under,China,
CHIQ,L24D6CH,LCD (LED),24,0.153,20.0,0.23,0.0,82.0,29.0,130.7,536.0,5.0,5,32in & under,China,
AOA,LTD19FTD,LCD (LED),19,0.094,17.1,0.35,0.0,67.0,23.0,181.9,713.0,4.5,4,32in & under,China,Digital
SKYWORTH,40Q5600H,LCD (LED),40,0.426,32.8,,,140.0,49.0,77.0,329.0,6.0,6,33-43in,China,Analogue/Digital
HISENSE,100Q7SAU,LCD (LED),100,2.73,238.44,0.35,0.0,899.0,315.0,87.3,329.0,5.5,6,86in+,China,Analogue/Digital
HISENSE,100Q7SNZ,LCD (LED),100,2.73,238.44,0.35,0.0,899.0,315.0,87.3,329.0,5.5,6,86in+,China,Analogue/Digital
HISENSE,100Q7S series,LCD (LED),100,2.73,238.44,0.35,0.0,899.0,315.0,87.3,329.0,5.5,6,86in+,China,Analogue/Digital
HISENSE,100U6SAU,LCD (LED),100,2.73,248.33,0.35,0.0,956.0,335.0,91.0,350.0,5.5,6,86in+,China,Analogue/Digital
HISENSE,100U6SNZ,LCD (LED),100,2.73,248.33,0.35,0.0,956.0,335.0,91.0,350.0,5.5,6,86in+,China,Analogue/Digital
HISENSE,100U6S series,LCD (LED),100,2.73,248.33,0.35,0.0,956.0,335.0,91.0,350.0,5.5,6,86in+,China,Analogue/Digital
LG,43UK762H5LB,LCD (LED),43,0.498,65.0,0.4,0.0,240.0,84.0,130.5,482.0,4.5,4,33-43in,"Indonesia,South Korea",Analogue/Digital
LG,50UK762H5LB,LCD (LED),49,0.675,68.0,0.4,0.0,251.0,88.0,100.7,372.0,5.5,6,44-50in,"Indonesia,South Korea",Analogue/Digital
LG,55UK762H5LB,LCD (LED),55,0.823,95.0,0.4,0.0,349.0,122.0,115.4,424.0,4.5,4,51-55in,"Indonesia,South Korea",Analogue/Digital
LG,65UK762H5LB,LCD (LED),65,1.148,106.0,0.4,0.0,389.0,136.0,92.3,339.0,5.5,6,56-65in,"Indonesia,South Korea",Analogue/Digital
FFALCON,FF40S55A,LCD (LED),39,0.426,30.3,0.337,0.0,140.0,49.0,71.1,329.0,6.0,6,33-43in,China,Analogue/Digital
FFALCON,FF32S55A,LCD (LED),31,0.273,25.4,0.416,0.0,130.0,46.0,93.0,476.0,5.0,5,32in & under,China,Analogue/Digital
TENET,T-185J201-MB2,LCD (LED),19,0.094,13.7,0.2,0.0,51.0,18.0,145.7,543.0,5.5,6,32in & under,China,Digital
MONSTER,MT50QLDZEN,LCD (LED),49,0.675,56.59,0.432,0.0,220.0,77.0,83.8,326.0,6.0,6,44-50in,China,
MONSTER,MT55QLDZEN,LCD,55,0.827,68.1,0.41,0.0,252.0,88.0,82.3,305.0,6.0,6,51-55in,China,Analogue/Digital
DGTEC,DG50UHDW-23791,LCD,49,0.675,61.7,,,227.0,79.0,91.4,336.0,6.0,6,44-50in,China,Analogue/Digital
FPD,****32**********,LCD (LED),32,0.274,31.68,0.3,0.0,130.0,46.0,115.6,474.0,5.0,5,32in & under,China,Analogue/Digital
FPD,OG32-P1,LCD (LED),32,0.274,31.68,0.3,0.0,130.0,46.0,115.6,474.0,5.0,5,32in & under,China,Analogue/Digital
FPD,OG32-P2,LCD (LED),32,0.274,31.68,0.3,0.0,130.0,46.0,115.6,474.0,5.0,5,32in & under,China,Analogue/Digital
FPD,CG32-P3,LCD (LED),32,0.274,31.68,0.3,0.0,130.0,46.0,115.6,474.0,5.0,5,32in & under,China,Analogue/Digital
LG,43UK767H5LB,LCD (LED),43,0.498,62.0,0.4,0.0,229.0,80.0,124.5,460.0,4.5,4,33-43in,"Indonesia,South Korea",Analogue/Digital
LG,50UK767H5LB,LCD (LED),49,0.675,54.0,0.4,0.0,200.0,70.0,80.0,296.0,6.0,6,44-50in,"Indonesia,South Korea",Analogue/Digital
LG,55UK767H5LB,LCD (LED),55,0.823,55.0,0.4,0.0,203.0,71.0,66.8,247.0,7.0,7,51-55in,"Indonesia,South Korea",Analogue/Digital
LG,65UK767H5LB,LCD (LED),65,1.148,69.0,0.4,0.0,254.0,89.0,60.1,221.0,7.0,7,56-65in,"Indonesia,South Korea",Analogue/Digital
LG,75UK767H5LB,LCD (LED),75,1.531,147.0,0.4,0.0,539.0,189.0,96.0,352.0,5.5,6,66-75in,"Indonesia,South Korea",Analogue/Digital
CHIQ,85M810M,LCD (LED),85,1.971,227.8,0.41,0.0,871.0,305.0,115.6,442.0,4.5,4,76-85in,China,
CHIQ,100M810M,LCD (LED),100,2.73,219.1,0.38,0.38,955.0,334.0,80.3,350.0,5.5,6,86in+,China,
SKYWORTH,75X66H,LCD (LED),75,1.532,105.7,,,410.0,144.0,69.0,268.0,6.0,6,66-75in,China,Digital
SKYWORTH,75X6600H,LCD (LED),75,1.532,105.7,,,410.0,144.0,69.0,268.0,6.0,6,66-75in,China,Digital
SKYWORTH,75V75,LCD (LED),75,1.532,105.7,,,410.0,144.0,69.0,268.0,6.0,6,66-75in,China,Digital
SKYWORTH,75X series,LCD (LED),75,1.532,105.7,,,410.0,144.0,69.0,268.0,6.0,6,66-75in,China,Digital
SKYWORTH,65X66H,LCD (LED),65,1.148,79.1,,,310.0,108.0,68.9,270.0,6.0,6,56-65in,China,Analogue/Digital
SKYWORTH,65X6600H,LCD (LED),65,1.148,79.1,,,310.0,108.0,68.9,270.0,6.0,6,56-65in,China,Analogue/Digital
SKYWORTH,65V75,LCD (LED),65,1.148,79.1,,,310.0,108.0,68.9,270.0,6.0,6,56-65in,China,Analogue/Digital
SKYWORTH,65X66CH,LCD (LED),65,1.148,79.1,,,310.0,108.0,68.9,270.0,6.0,6,56-65in,China,Analogue/Digital
SKYWORTH,65X series,LCD (LED),65,1.148,79.1,,,310.0,108.0,68.9,270.0,6.0,6,56-65in,China,Analogue/Digital
DGTEC,DG40FHDW-24166,LCD (LED),40,0.426,40.5,,,150.0,52.0,95.1,352.0,6.0,6,33-43in,China,Analogue/Digital
SKYWORTH,55X66H,LCD (LED),55,0.818,63.2,0.456,0.0,270.0,94.0,77.3,330.0,6.0,6,51-55in,China,
SKYWORTH,55X6600H,LCD (LED),55,0.818,63.2,0.456,0.0,270.0,94.0,77.3,330.0,6.0,6,51-55in,China,
SKYWORTH,55V75,LCD (LED),55,0.818,63.2,0.456,0.0,270.0,94.0,77.3,330.0,6.0,6,51-55in,China,
MONSTER,MT65QLDZEN,LCD,65,1.148,95.8,0.42,0.0,352.0,123.0,83.4,307.0,6.0,6,56-65in,China,Analogue/Digital
MONSTER,MT75QLDZEN,LCD,75,1.532,130.5,0.42,0.0,485.0,170.0,85.2,317.0,6.0,6,66-75in,China,
MONSTER,MT85QLDZEN,LCD (LED),85,1.971,163.7,0.41,0.0,615.0,215.0,83.1,312.0,6.0,6,76-85in,China,
PHILIPS,43PUT7231/75,LCD (LED),43,0.498,53.3,,,216.0,76.0,107.0,434.0,5.0,5,33-43in,China,Analogue/Digital
SAMSUNG,BE43HX-H,LCD (LED),43,0.498,67.0,0.5,0.0,248.0,87.0,134.5,498.0,4.0,4,33-43in,Vietnam,Digital
SAMSUNG,BE50HX-H,LCD (LED),49,0.675,71.0,0.5,0.0,262.0,92.0,105.2,388.0,5.0,5,44-50in,Vietnam,Digital
SAMSUNG,BE55HX-H,LCD (LED),55,0.823,79.0,0.5,0.0,291.0,102.0,96.0,354.0,5.5,6,51-55in,Vietnam,Digital
SAMSUNG,BE65HX-H,LCD (LED),65,1.148,112.0,0.5,0.0,412.0,144.0,97.6,359.0,5.5,6,56-65in,Vietnam,Digital
PHILIPS,50PUT7231/75,LCD (LED),50,0.676,62.9,,,254.0,89.0,93.0,376.0,5.5,6,44-50in,China,Analogue/Digital
PHILIPS,55PUT7231/75,LCD (LED),55,0.823,75.2,,,304.0,106.0,91.4,369.0,5.5,6,51-55in,China,Analogue/Digital
PHILIPS,65PUT7231/75,LCD (LED),65,1.148,90.8,,,366.0,128.0,79.1,319.0,6.0,6,56-65in,China,Analogue/Digital
SAMSUNG,BE75HX-H,LCD (LED),75,1.532,133.0,0.5,0.0,489.0,171.0,86.8,319.0,6.0,6,66-75in,Vietnam,Digital
PHILIPS,75PUT7231/75,LCD (LED),75,1.532,94.5,,,381.0,133.0,61.7,249.0,7.0,7,66-75in,China,Analogue/Digital
PHILIPS,85PUT7231/75,LCD (LED),85,1.971,146.7,,,591.0,207.0,74.4,300.0,6.0,6,76-85in,China,Analogue/Digital
SAMSUNG,BE85HX-H,LCD (LED),85,1.971,142.0,0.5,0.0,521.0,182.0,72.0,264.0,6.0,6,76-85in,Vietnam,Digital
BLAUPUNKT,BP750USTQ,LCD (LED),75,1.532,133.6,,,490.0,172.0,87.2,320.0,6.0,6,66-75in,China,Analogue/Digital
BLAUPUNKT,BP500USTQ,LCD (LED),50,0.675,85.81,,,317.0,111.0,127.1,470.0,4.5,4,44-50in,China,Analogue/Digital
BLAUPUNKT,BP320HSTQ,LCD (LED),32,0.274,31.6,,,131.0,46.0,115.3,478.0,5.0,5,32in & under,China,Analogue/Digital
BLAUPUNKT,BP240HSTQ,LCD (LED),24,0.153,17.0,,,94.0,33.0,111.1,614.0,4.5,4,32in & under,China,Analogue/Digital
SONY,K-83A60,OLED,83,1.878,131.0,0.5,10.8,484.0,169.0,69.8,258.0,6.0,6,76-85in,China,Analogue/Digital
BLAUPUNKT,BP850UTSQ,LCD (LED),85,1.971,161.0,,,624.0,218.0,81.7,317.0,6.0,6,76-85in,China,Analogue/Digital
TELEFUNKEN,TL320TQ3,LCD (LED),32,0.274,32.52,,,131.0,46.0,118.7,478.0,5.0,5,32in & under,China,Analogue/Digital
TELEFUNKEN,TL320TQ4,LCD (LED),32,0.274,32.52,,,131.0,46.0,118.7,478.0,5.0,5,32in & under,China,Analogue/Digital
TELEFUNKEN,TL320TQ*,LCD (LED),32,0.274,32.52,,,131.0,46.0,118.7,478.0,5.0,5,32in & under,China,Analogue/Digital
BLAUPUNKT,BP550USTQ,LCD (LED),55,0.823,99.84,,,379.0,133.0,121.3,461.0,4.5,4,51-55in,China,Analogue/Digital
HISENSE,116U7SAU,LCD (LED),116,3.681,355.2,0.45,0.0,1399.0,490.0,96.5,380.0,5.0,5,86in+,China,Analogue/Digital
HISENSE,116U7SNZ,LCD (LED),116,3.681,355.2,0.45,0.0,1399.0,490.0,96.5,380.0,5.0,5,86in+,China,Analogue/Digital
HISENSE,116U7S series,LCD (LED),116,3.681,355.2,0.45,0.0,1399.0,490.0,96.5,380.0,5.0,5,86in+,China,Analogue/Digital
BLAUPUNKT,COBP550UTS,LCD,55,0.823,82.2,,,302.0,106.0,99.9,367.0,5.5,6,51-55in,China,Analogue/Digital
BLAUPUNKT,BP550UTS,LCD,55,0.823,82.2,,,302.0,106.0,99.9,367.0,5.5,6,51-55in,China,Analogue/Digital
FPD,CG40-P1,LCD (LED),40,0.426,50.94,0.43,0.0,211.0,74.0,119.6,495.0,4.5,4,33-43in,China,Analogue/Digital
FPD,CG40-P2,LCD (LED),40,0.426,50.94,0.43,0.0,211.0,74.0,119.6,495.0,4.5,4,33-43in,China,Analogue/Digital
FPD,CG40-P3,LCD (LED),40,0.426,50.94,0.43,0.0,211.0,74.0,119.6,495.0,4.5,4,33-43in,China,Analogue/Digital
FPD,OG40-P3,LCD (LED),40,0.426,50.94,0.43,0.0,211.0,74.0,119.6,495.0,4.5,4,33-43in,China,Analogue/Digital
FPD,AU40-P3,LCD (LED),40,0.426,50.94,0.43,0.0,211.0,74.0,119.6,495.0,4.5,4,33-43in,China,Analogue/Digital
FPD,****40*****,LCD (LED),40,0.426,50.94,0.43,0.0,211.0,74.0,119.6,495.0,4.5,4,33-43in,China,Analogue/Digital
FPD,AU24-P1,LCD (LED),24,0.153,26.06,0.45,0.0,106.0,37.0,170.3,693.0,4.0,4,32in & under,China,Analogue/Digital
FPD,CG24-P1,LCD (LED),24,0.153,26.06,0.45,0.0,106.0,37.0,170.3,693.0,4.0,4,32in & under,China,Analogue/Digital
FPD,CG24-P2,LCD (LED),24,0.153,26.06,0.45,0.0,106.0,37.0,170.3,693.0,4.0,4,32in & under,China,Analogue/Digital
FPD,CG24-P3,LCD (LED),24,0.153,26.06,0.45,0.0,106.0,37.0,170.3,693.0,4.0,4,32in & under,China,Analogue/Digital
FPD,OG24-P1,LCD (LED),24,0.153,26.06,0.45,0.0,106.0,37.0,170.3,693.0,4.0,4,32in & under,China,Analogue/Digital
FPD,****24*****,LCD (LED),24,0.153,26.06,0.45,0.0,106.0,37.0,170.3,693.0,4.0,4,32in & under,China,Analogue/Digital
FPD,AU43-C3,LCD (LED),43,0.498,75.42,0.37,0.0,301.0,105.0,151.4,604.0,3.5,4,33-43in,China,Analogue/Digital
FPD,CG43-C1,LCD (LED),43,0.498,75.42,0.37,0.0,301.0,105.0,151.4,604.0,3.5,4,33-43in,China,Analogue/Digital
FPD,CG43-C2,LCD (LED),43,0.498,75.42,0.37,0.0,301.0,105.0,151.4,604.0,3.5,4,33-43in,China,Analogue/Digital
FPD,CG43-C3,LCD (LED),43,0.498,75.42,0.37,0.0,301.0,105.0,151.4,604.0,3.5,4,33-43in,China,Analogue/Digital
FPD,OG43-C3,LCD (LED),43,0.498,75.42,0.37,0.0,301.0,105.0,151.4,604.0,3.5,4,33-43in,China,Analogue/Digital
FPD,****43*****,LCD (LED),43,0.498,75.42,0.37,0.0,301.0,105.0,151.4,604.0,3.5,4,33-43in,China,Analogue/Digital
AIWA,AWB405DWC,LCD,40,0.426,43.2,,,160.0,56.0,101.4,376.0,5.5,6,33-43in,China,Analogue/Digital
AIWA,AWB405DH,LCD (LED),40,0.426,43.1,,,167.0,58.0,101.2,392.0,5.5,6,33-43in,China,Analogue/Digital
DGTEC,DG24HDTB-23859,LCD,24,0.153,17.9,0.4237,0.0,68.0,24.0,117.0,444.0,6.0,6,32in & under,China,Analogue/Digital
BLAUPUNKT,BP400FSTQ,LCD (LED),40,0.426,42.9,,,167.0,58.0,100.7,392.0,5.5,6,33-43in,China,Analogue/Digital
KOGAN,KAQL85Q9VB,LCD (LED),85,1.971,216.3,0.45,0.0,863.0,302.0,109.7,438.0,4.5,4,76-85in,China,Analogue/Digital
KOGAN,KAQL85Q9VC,LCD (LED),85,1.971,216.3,0.45,0.0,863.0,302.0,109.7,438.0,4.5,4,76-85in,China,Analogue/Digital
KOGAN,*********85*********,LCD (LED),85,1.971,216.3,0.45,0.0,863.0,302.0,109.7,438.0,4.5,4,76-85in,China,Analogue/Digital
KOGAN,KAQL43MQ9VA,LCD (LED),42,0.498,44.82,0.39,0.0,300.0,105.0,90.0,602.0,3.5,4,33-43in,China,Analogue/Digital
KOGAN,KAQL43MQ9VB,LCD (LED),42,0.498,44.82,0.39,0.0,300.0,105.0,90.0,602.0,3.5,4,33-43in,China,Analogue/Digital
KOGAN,KAQL43MQ9VC,LCD (LED),42,0.498,44.82,0.39,0.0,300.0,105.0,90.0,602.0,3.5,4,33-43in,China,Analogue/Digital
SAMSUNG,HG43HL03HAW,LCD (LED),43,0.498,69.0,0.5,0.0,255.0,89.0,138.6,512.0,4.0,4,33-43in,Vietnam,Digital
SAMSUNG,HG75HL03HAW,LCD (LED),75,1.532,175.0,0.5,0.0,642.0,225.0,114.2,419.0,4.5,4,66-75in,Vietnam,Digital
SAMSUNG,HG65HL03HAW,LCD (LED),65,1.148,147.0,0.5,0.0,540.0,189.0,128.0,470.0,4.0,4,56-65in,Vietnam,Digital
SAMSUNG,HG55HL03HAW,LCD (LED),55,0.823,110.0,0.5,0.0,405.0,142.0,133.7,492.0,4.0,4,51-55in,Vietnam,Digital
BAUHN,ATV50QLEDW-0826,LCD,50,0.677,56.2,0.42,0.0,227.0,79.0,83.0,335.0,6.0,6,44-50in,China,Analogue/Digital
AOA,LTW24FHD,LCD (LED),24,0.156,21.36,0.3,0.0,80.0,28.0,136.9,513.0,5.0,5,32in & under,China,Digital
COOCAA,65X66CH-A,LCD (LED),65,1.148,79.1,,,310.0,108.0,68.9,270.0,6.0,6,56-65in,China,Analogue/Digital
SAMSUNG,UA43M60HAW,LCD (LED),43,0.498,47.0,0.5,0.0,175.0,61.0,94.4,351.0,5.5,6,33-43in,Vietnam,Digital
SAMSUNG,UA43M60HAS,LCD (LED),43,0.498,47.0,0.5,0.0,175.0,61.0,94.4,351.0,5.5,6,33-43in,Vietnam,Digital
SAMSUNG,UA43M60HA*,LCD (LED),43,0.498,47.0,0.5,0.0,175.0,61.0,94.4,351.0,5.5,6,33-43in,Vietnam,Digital
PHILIPS,32PQT6831/79,LCD (LED),32,0.274,31.9,,,130.0,46.0,116.4,474.0,5.0,5,32in & under,China,Analogue/Digital
PHILIPS,40PQT6831/79,LCD (LED),39,0.426,46.1,,,187.0,65.0,108.2,439.0,5.0,5,33-43in,China,Analogue/Digital
PHILIPS,43PQT7931/79,LCD (LED),42,0.498,51.3,,,208.0,73.0,103.0,418.0,5.0,5,33-43in,China,Analogue/Digital
PHILIPS,50PQT7931/79,LCD (LED),49,0.675,61.8,,,250.0,88.0,91.6,370.0,5.5,6,44-50in,China,Analogue/Digital
PHILIPS,55PQT7931/79,LCD (LED),55,0.821,66.4,,,269.0,94.0,80.9,328.0,6.0,6,51-55in,China,Analogue/Digital
PHILIPS,65PQT7931/79,LCD (LED),65,1.148,89.3,,,361.0,126.0,77.8,314.0,6.0,6,56-65in,China,Analogue/Digital
PHILIPS,75PQT7931/79,LCD (LED),75,1.531,96.0,,,388.0,136.0,62.7,253.0,7.0,7,66-75in,China,Analogue/Digital
PHILIPS,85PQT7931/79,LCD (LED),85,1.971,138.8,,,559.0,196.0,70.4,284.0,6.0,6,76-85in,China,Analogue/Digital
EKO,K40FSTQ,LCD (LED),40,0.426,43.2,,,167.0,58.0,101.4,392.0,5.5,6,33-43in,China,Analogue/Digital
COOCAA,75X66CH-A,LCD (LED),75,1.532,105.7,,,410.0,144.0,69.0,268.0,6.0,6,66-75in,China,Digital
EKO,K32HSTQ12V,LCD (LED),32,0.274,32.52,,,131.0,46.0,118.7,478.0,5.0,5,32in & under,China,Analogue/Digital
AIWA,AWB323DH,LCD,32,0.274,27.16,0.48,0.0,110.0,38.0,99.1,401.0,5.5,6,32in & under,China,Analogue/Digital
AIWA,AWB405DHH,LCD,40,0.426,40.11,0.36,0.0,168.0,59.0,94.2,394.0,5.5,6,33-43in,China,Analogue/Digital
AIWA,AWB505DH,LCD,50,0.675,46.45,0.32,0.0,225.0,79.0,68.8,333.0,6.0,6,44-50in,China,Analogue/Digital
AIWA,AWB557DH,LCD,55,0.823,79.85,0.41,0.0,340.0,119.0,97.0,413.0,5.0,5,51-55in,China,Analogue/Digital
AIWA,AWB657DH,LCD,65,1.148,92.61,0.5,0.0,385.0,135.0,80.7,335.0,5.5,6,56-65in,China,Analogue/Digital
AIWA,AWB757DH,LCD,75,1.532,121.7,0.49,0.0,525.0,184.0,79.4,343.0,5.5,6,66-75in,China,Analogue/Digital
JVC,LT-32NQ3175A,LCD,32,0.274,26.95,0.45,0.0,110.0,38.0,98.4,401.0,5.5,6,32in & under,China,Analogue/Digital
JVC,LT-40NQ5175A,LCD,40,0.426,42.09,0.36,0.0,168.0,59.0,98.8,394.0,5.5,6,33-43in,China,Analogue/Digital
JVC,LT-50NQ5175A,LCD,50,0.675,46.05,0.4,0.0,225.0,79.0,68.2,333.0,6.0,6,44-50in,China,Analogue/Digital
JVC,LT-65N7175A,LCD,65,1.148,92.61,0.5,0.0,385.0,135.0,80.7,335.0,5.5,6,56-65in,China,Analogue/Digital
JVC,LT-55N7175A,LCD,55,0.823,79.85,0.41,0.0,340.0,119.0,97.0,413.0,5.0,5,51-55in,China,Analogue/Digital
EKO,K55USTWQ,LCD,55,0.823,92.1,0.4,0.0,339.0,119.0,111.9,412.0,5.0,5,51-55in,China,Analogue/Digital
EKO,K50USTQ,LCD (LED),50,0.675,76.8,,,284.0,99.0,113.8,421.0,5.0,5,44-50in,China,Analogue/Digital
EKO,K50UST,LCD (LED),50,0.675,76.8,,,284.0,99.0,113.8,421.0,5.0,5,44-50in,China,Analogue/Digital
EKO,K50***,LCD (LED),50,0.675,76.8,,,284.0,99.0,113.8,421.0,5.0,5,44-50in,China,Analogue/Digital
EKO,K32HSTQ,LCD (LED),32,0.274,31.0,,,131.0,46.0,113.1,478.0,5.0,5,32in & under,China,Analogue/Digital
EKO,K32HST,LCD (LED),32,0.274,31.0,,,131.0,46.0,113.1,478.0,5.0,5,32in & under,China,Analogue/Digital
LG,65UJ760H5SD,LCD (LED),65,1.148,54.0,0.4,0.0,200.0,70.0,47.0,174.0,8.0,8,56-65in,"Indonesia,South Korea",Analogue/Digital
TOSHIBA,98Z670SP,LCD (LED),98,2.622,235.66,0.33,0.0,888.0,311.0,89.9,339.0,5.5,6,86in+,China,Analogue/Digital
PHILIPS,32HFL5114/12,LCD (LED),32,0.274,27.8,,,114.0,40.0,101.5,416.0,5.5,6,32in & under,China,Analogue/Digital
KOGAN,KAQL65MQ9VA,LCD (LED),65,1.148,128.52,0.4,0.0,515.0,180.0,112.0,449.0,4.5,4,56-65in,China,Analogue/Digital
KOGAN,KAQL65MQ9VB,LCD (LED),65,1.148,128.52,0.4,0.0,515.0,180.0,112.0,449.0,4.5,4,56-65in,China,Analogue/Digital
KOGAN,KAQL65MQ9VC,LCD (LED),65,1.148,128.52,0.4,0.0,515.0,180.0,112.0,449.0,4.5,4,56-65in,China,Analogue/Digital
KOGAN,KAQL50MQ9VA,LCD (LED),49,0.675,105.0,0.45,0.0,440.0,154.0,155.6,652.0,3.0,3,44-50in,China,Analogue/Digital
KOGAN,KAQL50MQ9VB,LCD (LED),49,0.675,105.0,0.45,0.0,440.0,154.0,155.6,652.0,3.0,3,44-50in,China,Analogue/Digital
KOGAN,KAQL50MQ9VC,LCD (LED),49,0.675,105.0,0.45,0.0,440.0,154.0,155.6,652.0,3.0,3,44-50in,China,Analogue/Digital
KOGAN,KAQL55MQ9VA,LCD (LED),55,0.823,104.88,0.45,0.0,460.0,161.0,127.4,559.0,3.5,4,51-55in,China,Analogue/Digital
KOGAN,KAQL55MQ9VB,LCD (LED),55,0.823,104.88,0.45,0.0,460.0,161.0,127.4,559.0,3.5,4,51-55in,China,Analogue/Digital
KOGAN,KAQL55MQ9VC,LCD (LED),55,0.823,104.88,0.45,0.0,460.0,161.0,127.4,559.0,3.5,4,51-55in,China,Analogue/Digital
KOGAN,KAL43F9QA,LCD,43,0.498,57.66,,,217.0,76.0,115.8,436.0,5.0,5,33-43in,"China,Vietnam,Hungary",Analogue/Digital
KOGAN,KAL43F9QB,LCD,43,0.498,57.66,,,217.0,76.0,115.8,436.0,5.0,5,33-43in,"China,Vietnam,Hungary",Analogue/Digital
KOGAN,KAL43F9QC,LCD,43,0.498,57.66,,,217.0,76.0,115.8,436.0,5.0,5,33-43in,"China,Vietnam,Hungary",Analogue/Digital
KOGAN,KAL43F9QD,LCD,43,0.498,57.66,,,217.0,76.0,115.8,436.0,5.0,5,33-43in,"China,Vietnam,Hungary",Analogue/Digital
KOGAN,KAL43F9Q*,LCD,43,0.498,57.66,,,217.0,76.0,115.8,436.0,5.0,5,33-43in,"China,Vietnam,Hungary",Analogue/Digital
KOGAN,KAQL55XQ98GSVB,LCD (LED),55,0.823,123.84,0.45,0.0,475.0,166.0,150.5,577.0,3.5,4,51-55in,China,Analogue/Digital
KOGAN,KAQL55XQ98GSVC,LCD (LED),55,0.823,123.84,0.45,0.0,475.0,166.0,150.5,577.0,3.5,4,51-55in,China,Analogue/Digital
KOGAN,KAL50F9QA,LCD,50,0.675,55.47,,,227.0,79.0,82.2,336.0,6.0,6,44-50in,"China,Vietnam,Hungary",Analogue/Digital
KOGAN,KAL50F9QB,LCD,50,0.675,55.47,,,227.0,79.0,82.2,336.0,6.0,6,44-50in,"China,Vietnam,Hungary",Analogue/Digital
KOGAN,KAL50F9QC,LCD,50,0.675,55.47,,,227.0,79.0,82.2,336.0,6.0,6,44-50in,"China,Vietnam,Hungary",Analogue/Digital
KOGAN,KAL50F9QD,LCD,50,0.675,55.47,,,227.0,79.0,82.2,336.0,6.0,6,44-50in,"China,Vietnam,Hungary",Analogue/Digital
KOGAN,KAL50F9Q*,LCD,50,0.675,55.47,,,227.0,79.0,82.2,336.0,6.0,6,44-50in,"China,Vietnam,Hungary",Analogue/Digital
KOGAN,KAL65U9QA,LCD,65,1.148,104.15,,,465.0,163.0,90.7,405.0,5.0,5,56-65in,"China,Vietnam,Hungary",Analogue/Digital
KOGAN,KAL65U9QB,LCD,65,1.148,104.15,,,465.0,163.0,90.7,405.0,5.0,5,56-65in,"China,Vietnam,Hungary",Analogue/Digital
KOGAN,KAL65U9QC,LCD,65,1.148,104.15,,,465.0,163.0,90.7,405.0,5.0,5,56-65in,"China,Vietnam,Hungary",Analogue/Digital
KOGAN,KAL65U9QD,LCD,65,1.148,104.15,,,465.0,163.0,90.7,405.0,5.0,5,56-65in,"China,Vietnam,Hungary",Analogue/Digital
KOGAN,KAL65U9Q*,LCD,65,1.148,104.15,,,465.0,163.0,90.7,405.0,5.0,5,56-65in,"China,Vietnam,Hungary",Analogue/Digital
KOGAN,KAL50U9QA,LCD,50,0.675,84.99,,,356.0,125.0,125.9,527.0,4.0,4,44-50in,"China,Vietnam,Hungary",Analogue/Digital
KOGAN,KAL50U9QB,LCD,50,0.675,84.99,,,356.0,125.0,125.9,527.0,4.0,4,44-50in,"China,Vietnam,Hungary",Analogue/Digital
KOGAN,KAL50U9QC,LCD,50,0.675,84.99,,,356.0,125.0,125.9,527.0,4.0,4,44-50in,"China,Vietnam,Hungary",Analogue/Digital
KOGAN,KAL50U9QD,LCD,50,0.675,84.99,,,356.0,125.0,125.9,527.0,4.0,4,44-50in,"China,Vietnam,Hungary",Analogue/Digital
KOGAN,KAL50U9Q*,LCD,50,0.675,84.99,,,356.0,125.0,125.9,527.0,4.0,4,44-50in,"China,Vietnam,Hungary",Analogue/Digital
TCL,65G60K-IU,LCD (LED),64,1.147,77.1,0.344,0.0,320.0,112.0,67.2,279.0,6.0,6,56-65in,China,Analogue/Digital
BAUHN,ATV58UHDW-0926,LCD,57,0.917,80.7,0.412,0.0,297.0,104.0,88.0,324.0,6.0,6,56-65in,China,Analogue/Digital
BLAUPUNKT,BP650USTQ,LCD (LED),65,1.148,104.98,,,416.0,146.0,91.4,362.0,5.5,6,56-65in,China,Analogue/Digital
EKO,K65USTWQ,LCD (LED),65,1.148,104.98,,,416.0,146.0,91.4,362.0,5.5,6,56-65in,China,Analogue/Digital
PHILIPS,55MLED601/79,LCD (LED),55,0.821,103.0,0.39,0.47,380.0,133.0,125.5,463.0,4.5,4,51-55in,China,Analogue/Digital
PHILIPS,65MLED601/79,LCD (LED),65,1.148,125.0,0.38,0.48,463.0,162.0,108.9,403.0,5.0,5,56-65in,China,Analogue/Digital
PHILIPS,75MLED601/79,LCD (LED),75,1.532,148.2,0.26,0.4,548.0,192.0,96.7,358.0,5.5,6,66-75in,China,Analogue/Digital
HISENSE,58Q6SAU,LCD (LED),58,0.916,70.86,0.29,0.0,277.0,97.0,77.4,302.0,6.0,6,56-65in,China,Analogue/Digital
HISENSE,58Q6SNZ,LCD (LED),58,0.916,70.86,0.29,0.0,277.0,97.0,77.4,302.0,6.0,6,56-65in,China,Analogue/Digital
HISENSE,58Q6S,LCD (LED),58,0.916,70.86,0.29,0.0,277.0,97.0,77.4,302.0,6.0,6,56-65in,China,Analogue/Digital
CHIQ,32S49M,LCD (LED),32,0.274,25.47,,,112.0,39.0,93.0,409.0,5.5,6,32in & under,China,Analogue/Digital
BAUHN,ATV50UHDW-1026,LCD,50,0.677,58.5,0.418,0.0,216.0,76.0,86.4,319.0,6.0,6,44-50in,China,Analogue/Digital
DGTEC,DG75QUHDW-25251,LCD (LED),75,1.532,132.1,0.38,0.0,485.0,170.0,86.2,317.0,6.0,6,66-75in,China,Digital
SONIQ,G55UZ26A-AU,LCD,55,0.825,87.44,0.86,0.0,324.0,113.0,106.0,393.0,5.0,5,51-55in,China,
SYLVOX,OQHTA3KOHK,LCD,110,3.339,637.8,0.47124,1.06628,2500.0,875.0,191.0,749.0,2.0,2,86in+,China,Analogue/Digital
SYLVOX,OQHTA4K8RK,LCD,110,3.339,637.8,0.47124,1.06628,2500.0,875.0,191.0,749.0,2.0,2,86in+,China,Analogue/Digital
SYLVOX,OTHTA3KOHK,LCD,110,3.339,637.8,0.47124,1.06628,2500.0,875.0,191.0,749.0,2.0,2,86in+,China,Analogue/Digital
SYLVOX,OTHTA4K8RK,LCD,110,3.339,637.8,0.47124,1.06628,2500.0,875.0,191.0,749.0,2.0,2,86in+,China,Analogue/Digital
SYLVOX,OQHTA3KHHK,LCD,110,3.339,637.8,0.47124,1.06628,2500.0,875.0,191.0,749.0,2.0,2,86in+,China,Analogue/Digital
SYLVOX,OTHTA3KHHK,LCD,110,3.339,637.8,0.47124,1.06628,2500.0,875.0,191.0,749.0,2.0,2,86in+,China,Analogue/Digital
SONIQ,G65UZ26A-AU,LCD,64,1.147,139.34,0.5,0.0,512.0,179.0,121.5,446.0,4.5,4,56-65in,China,
SONIQ,G75UZ26A-AU,LCD,74,1.522,186.4,0.54,0.0,684.0,239.0,122.5,449.0,4.0,4,66-75in,China,
SONY,KD-32W830K,LCD (LED),32,0.274,34.7,0.5,10.1,132.0,46.0,126.6,482.0,4.5,4,32in & under,Vietnam,Analogue/Digital
EKO,K55FT9000,LCD,55,0.823,58.79,,,238.0,83.0,71.4,289.0,6.0,6,51-55in,China,Digital
